condition_id,trial_id,n_anchors,gauge,dof,sigma_r_mm,sigma_deploy_mm,sigma_v_mm,rmse_anchor_abs_mm,rmse_anchor_abs_h_mm,rmse_anchor_abs_v_mm,rmse_anchor_shape_mm,rmse_anchor_shape_h_mm,rmse_anchor_shape_v_mm,converged,rigidity_ok,iterations,rigidity_min_singular,rigidity_cond,rms_residual_mm,tag_positionable,tag_total,rmse_tag_mm,rmse_tag_h_mm,rmse_tag_v_mm,rmse_tag_trueanchor_mm,delta_rmse_tag_mm,delta_rmse_tag_h_mm,delta_rmse_tag_v_mm,coverage,coverage_100mm,pdop_true,pdop_est,vdop_true,vdop_est,pdop_overconfidence,compute_time_s,r_max_mm,known_z_max_mm
0,0,8,known,3,30.0,100.0,150.0,1509.351019746454,34.8642508865797,1508.948304223766,922.8582469413955,20.713421209783082,922.6257627714131,1.0,1.0,25.0,855.9022470004849,294.9751552660998,19.374075625239758,882.0,882.0,1638.9525692299144,37.65194560653819,1638.5200197670395,1653.2522348957496,-14.299665665835164,3.142573379731523,-14.37200798804156,0.07369614512471655,0.02947845804988662,11.843390010968129,8.90926142508789,11.821797261134137,8.88021333261835,6.132018099033936,0.33376629399936064,150000.0,2900.0
0,1,8,known,3,30.0,100.0,150.0,1433.7288798978925,37.79771552615477,1433.2305584776896,884.8090791700263,21.05764914507921,884.5584672559482,1.0,1.0,34.0,712.778291568709,354.1700828232168,28.28020179557963,882.0,882.0,1680.493546876332,37.360864619048684,1680.0781907065848,1736.3121483816951,-55.818601505363176,3.6551105876375303,-55.906774309826915,0.07709750566893424,0.034013605442176874,11.800740520159561,9.409237180775264,11.779246095873484,9.377385115077317,5.953346747066375,0.3315878799985512,150000.0,2900.0
0,2,8,known,3,30.0,100.0,150.0,627.6535561526639,14.904559367129387,627.476565826292,214.93515763492667,12.844993033794017,214.55099193784343,1.0,1.0,76.0,751.7588210863213,335.2191149139994,24.033721773251628,882.0,882.0,2369.686186847702,41.923138715221725,2369.315317676621,1729.7566945592275,639.9294922884746,6.502326105685391,639.921323120567,0.09410430839002268,0.05215419501133787,12.014422776973172,10.223336397333075,11.993218299460231,10.197838669236148,7.726395424315275,0.3663805950018286,150000.0,2900.0
0,3,8,known,3,30.0,100.0,150.0,640.6204365996476,21.9769029374778,640.2433596113276,611.6483722470552,12.460152029621954,611.521443519253,1.0,1.0,32.0,1186.037024304968,212.86486052658177,21.940804534631628,882.0,882.0,1235.0349293843262,37.69094483010471,1234.4596670111025,1681.1652218558972,-446.130292471571,3.8143759675610482,-446.36420278010496,0.12585034013605442,0.05442176870748299,11.256407074795339,11.974557606430931,11.23386320915516,11.952507594178755,3.4379417037810542,0.30263777400250547,150000.0,2900.0
0,4,8,known,3,30.0,100.0,150.0,1043.4052298231531,17.640498574396158,1043.256098200415,586.7869439255742,17.1546439598388,586.53613337298,1.0,1.0,37.0,851.8483538189927,296.50368472436656,24.073248658201106,882.0,882.0,1875.8781988909982,34.39054413180629,1875.5629308420587,1772.6440707808372,103.23412811016101,-1.1133315445007028,103.2744451585288,0.08956916099773243,0.045351473922902494,11.96216384006965,9.070397414031264,11.94074728670384,9.041751611039725,6.89377437857775,0.3299384660022042,150000.0,2900.0
0,5,8,known,3,30.0,100.0,150.0,2631.232159145484,84.58366912516159,2629.872293142526,877.2247411595722,19.486368024472217,877.0082827224,1.0,1.0,32.0,814.3910881762919,310.04904092996054,25.593513764813864,882.0,882.0,3335.628945323986,78.0028528286808,3334.7167819522233,1837.430615687499,1498.198329636487,43.368525223200365,1497.612612119424,0.03968253968253968,0.02040816326530612,11.401083615360488,6.3016396953199525,11.378732734742577,6.256673584461188,17.64423814858463,0.3256695630007016,150000.0,2900.0
0,6,8,known,3,30.0,100.0,150.0,874.950499927242,30.87761587864364,874.4054838349206,641.8663281868539,20.285612262269606,641.5456937703027,1.0,1.0,24.0,1393.4180548646261,180.9363783193937,18.80234239388036,882.0,882.0,1498.4160368372225,37.10520701478851,1497.9565491239584,1736.597041042895,-238.18100420567248,2.85761576974442,-238.30275911684998,0.09750566893424037,0.03854875283446712,11.370178627214164,12.25962829321817,11.347590376927194,12.234855543270907,4.074120359386214,0.28830998400007957,150000.0,2900.0
0,7,8,known,3,30.0,100.0,150.0,877.353569456324,12.418613557548396,877.2656746248887,626.3493353009866,9.731417812898917,626.2737335537381,1.0,1.0,34.0,1407.8896904855965,179.3752051797648,19.735794147383007,882.0,882.0,1281.012221839838,36.11419226424428,1280.5030564665353,1865.3495253822628,-584.3373035424247,0.3862070212645605,-584.5042794209967,0.1145124716553288,0.048752834467120185,11.539272964747887,12.193530004193796,11.517285728617555,12.170016425508397,3.5018905419493005,0.4038156569986313,150000.0,2900.0
0,8,8,known,3,30.0,100.0,150.0,1804.3396619469002,30.38839408372862,1804.0837456115128,688.6276659014446,13.198660169811111,688.5011674751129,1.0,1.0,50.0,523.7275114088451,482.16296202192933,27.612285599102968,882.0,882.0,2227.5855427765905,45.65551444430838,2227.1176269762004,1849.838518061161,377.74702471542946,10.812903644326319,377.60727680906666,0.05895691609977324,0.032879818594104306,11.380604802568822,7.239299511060713,11.356576791095623,7.200592342096565,10.256911088212002,0.3096270360001654,150000.0,2900.0
0,9,8,known,3,30.0,100.0,150.0,1431.9790535692587,41.87755797019253,1431.3665777848673,947.3571136084483,23.032510836342187,947.0770845866266,1.0,1.0,32.0,1538.7675309942952,164.07185572348786,19.999315299886927,882.0,882.0,1689.5386052430279,44.4624510876507,1688.9534597051022,1766.5275618933522,-76.98895665032433,9.29110423541728,-77.22393888470856,0.0963718820861678,0.045351473922902494,11.90546012156626,12.540079884167131,11.88349744872389,12.515897674301726,4.4910362635892715,0.2725417780020507,150000.0,2900.0
0,10,8,known,3,30.0,100.0,150.0,672.5686405646599,18.743459471072732,672.3074140585175,489.48527557889247,11.658158737833448,489.3464236544371,1.0,1.0,23.0,1286.0310815873256,196.32914568148973,19.925689976332087,882.0,882.0,1471.6082335820508,35.85160516391903,1471.171456885177,2124.118222326782,-652.5099887447311,-1.4858440955365992,-652.6185838918029,0.12585034013605442,0.060090702947845805,11.564398785204634,13.097943525142195,11.542201967665255,13.077625598707911,3.7451381349986255,0.2855805209983373,150000.0,2900.0
0,11,8,known,3,30.0,100.0,150.0,562.1437544240603,18.675097936702755,561.8334640754613,543.3518040517457,14.83342833878439,543.1492910517372,1.0,1.0,49.0,1182.2967515943722,213.62227613341562,21.383777756765895,882.0,882.0,1383.606763574795,36.22837402084561,1383.1323801884348,1840.4129543879237,-456.80619081312875,-1.1590757518943633,-456.9007774688878,0.09977324263038549,0.05102040816326531,12.771417825822676,12.609901642766122,12.751239225322887,12.588327422049964,3.657461157038508,0.3518244160004542,150000.0,2900.0
0,12,8,known,3,30.0,100.0,150.0,568.6988375799787,15.968161929463378,568.474613038624,412.35585603578414,12.212336964551216,412.1749759906205,1.0,1.0,61.0,952.2078428523822,265.1348556216734,17.696860027654356,882.0,882.0,2171.4191085331995,44.883715802977655,2170.955180780762,1977.7253923392786,193.69371619392086,7.33295559253709,193.5863057573963,0.08049886621315193,0.04421768707482993,11.834980770102472,12.31953104284312,11.813341422082239,12.297472400787937,5.875275341195336,0.43849106400011806,150000.0,2900.0
0,13,8,known,3,30.0,100.0,150.0,902.2009829509954,10.16168763000937,902.1437544772186,586.9861231251803,9.407474796573531,586.9107327008777,1.0,1.0,114.0,700.776440548998,360.71325375721875,27.51970228656957,882.0,882.0,1978.5771976228425,35.39265686407723,1978.2606215544913,1759.4616578017703,219.11553982107216,0.6085599046916315,219.1428336070005,0.07596371882086168,0.031746031746031744,11.138158481123892,8.763231705410101,11.115366881755628,8.733219765160435,7.5260560796741265,0.37703381800019997,150000.0,2900.0
0,14,8,known,3,30.0,100.0,150.0,1279.421410872556,48.04507124839657,1278.51899388623,619.6036521427405,24.327675933985358,619.1258756765648,1.0,1.0,39.0,702.8992296079524,359.4356159421228,26.247764647439176,882.0,882.0,2021.1023923544908,42.3326945337477,2020.6590071940784,1754.4516771217563,266.65071523273446,6.593669792846988,266.5713784064196,0.07936507936507936,0.03854875283446712,11.73146981347174,8.283208777946546,11.709828962643012,8.250688260232252,8.13333112217547,0.2927237010007957,150000.0,2900.0
0,15,8,known,3,30.0,100.0,150.0,592.7271084514653,18.0065841067033,592.4535323736734,469.09026887284585,10.952274806889479,468.96239511047486,1.0,1.0,46.0,1154.0792314891933,218.5654768886951,24.76503386978603,882.0,882.0,1488.6666493921534,34.07875424584495,1488.276530595545,1725.252985078467,-236.58633568631353,0.04604952195212775,-236.64075366226461,0.10884353741496598,0.05895691609977324,11.685423276069367,11.225964889765944,11.6636740082942,11.20068330057427,4.420307931983896,0.29930303299988736,150000.0,2900.0
0,16,8,known,3,30.0,100.0,150.0,1496.4474629312424,44.23539332371212,1495.7935149247198,951.1480082027346,21.09399665562764,950.9140743585203,1.0,1.0,146.0,1006.1580307510604,250.368750787988,20.15442525478169,882.0,882.0,1969.533393418729,45.74074570449226,1969.0021767316287,1877.8433182787282,91.69007514000077,10.256833153697173,91.49414214052399,0.06575963718820861,0.035147392290249435,11.65346484078285,10.559529213199529,11.631631940384606,10.530015015113115,6.217238646576499,0.3925429709997843,150000.0,2900.0
0,17,8,known,3,30.0,100.0,150.0,888.7634203866884,18.920238478611207,888.5620079619417,872.9124654456151,15.102654827729362,872.7818067234768,1.0,1.0,33.0,1251.60409662718,201.950618986075,31.76310158249445,882.0,882.0,1174.2870156442618,34.67969243973758,1173.77481402652,1763.4034767617306,-589.1164611174688,0.15953525900467014,-589.2907493044574,0.12018140589569161,0.05215419501133787,11.676432333042431,12.120368156626878,11.652817637826644,12.098966107081143,3.229514154656581,0.3653359419986373,150000.0,2900.0
0,18,8,known,3,30.0,100.0,150.0,1237.6046869954355,24.33581633748319,1237.3653984641148,490.0883318888592,10.358842370079225,489.9788438681373,1.0,1.0,51.0,1728.115659567384,146.0659881896186,26.929930365176197,882.0,882.0,1308.134723934915,43.973552112153484,1307.3954194041357,1771.0136708747127,-462.87894693979774,8.53699397826896,-463.26368747464153,0.12131519274376418,0.048752834467120185,11.477413899776826,13.845246235247167,11.455276771020387,13.82405195284502,3.149419667728435,0.3520475980003539,150000.0,2900.0
0,19,8,known,3,30.0,100.0,150.0,1075.3805569933984,42.20746738668799,1074.551940138881,579.2766348402432,27.074725162945573,578.6435681221967,1.0,1.0,31.0,1601.3527502882473,157.55919971532188,19.510582276344284,882.0,882.0,1479.2456728402367,42.250150177242666,1478.6421762639413,1772.7282717075095,-293.4825988672728,7.566664442594551,-293.7467712101702,0.10884353741496598,0.05328798185941043,11.542698625120135,13.649984892061196,11.520813946873073,13.62866553891007,3.612325543550755,0.24989113599804114,150000.0,2900.0
0,20,8,known,3,30.0,100.0,150.0,686.9381614600048,16.182840571156113,686.7475178994825,570.0151748038085,12.474370167326608,569.8786621690136,1.0,1.0,25.0,1087.2766281264649,232.37132653572013,21.105105339600474,882.0,882.0,2068.7579030421875,41.29447945978517,2068.3457223988576,1762.6186250011822,306.13927804100535,4.634132246822105,306.10838419969105,0.09183673469387756,0.049886621315192746,11.531540395135913,13.116950532264966,11.509576235691707,13.096714316089074,5.257212535676577,0.3341310930009058,150000.0,2900.0
0,21,8,known,3,30.0,100.0,150.0,1209.8638927724203,21.451028801443588,1209.6737131961636,534.0668771827982,14.80064601687814,533.8617519370245,1.0,1.0,28.0,1659.2331543864825,152.10233243738134,22.836894848307555,882.0,882.0,1209.5850362855415,40.530759083787515,1208.905793506668,1948.080755282623,-738.4957189970814,5.14637457331564,-738.8535793203064,0.15192743764172337,0.07936507936507936,11.145541751283695,12.78141014317423,11.12290632495705,12.760191176623874,3.154542476758735,0.3381620149993978,150000.0,2900.0
0,22,8,known,3,30.0,100.0,150.0,165.6852342051615,24.54046815702524,163.857750064662,139.7113939403442,17.23745616417264,138.64394578106277,1.0,1.0,55.0,1116.9287128854976,225.96054891065054,25.484816537302,882.0,882.0,1742.484767571522,38.30555161596528,1742.0636756256008,1816.6191748718868,-74.13440730036473,3.2811994498925614,-74.21783374114989,0.07709750566893424,0.034013605442176874,11.896418541666819,12.773680809568187,11.874992195072789,12.753594167361632,4.547070374751354,0.40882253800009494,150000.0,2900.0
0,23,8,known,3,30.0,100.0,150.0,263.69760673401555,16.01544613879189,263.2108152835346,244.32986701029805,10.622264812412007,244.09885580134318,1.0,1.0,51.0,1076.9765729206695,234.35342401848982,27.604418792910867,882.0,882.0,1694.9461516326417,33.93502148611085,1694.6064059984662,1900.5696671966596,-205.6235155640179,-1.359592034439821,-205.635512843568,0.09750566893424037,0.05215419501133787,12.378456877592033,11.670322099823393,12.356618499326025,11.64788879251788,4.8411864360861445,0.3506338160004816,150000.0,2900.0
0,24,8,known,3,30.0,100.0,150.0,1204.675993083842,34.27810793029894,1204.1882160315556,782.8935810783842,16.077934254012803,782.7284710063,1.0,1.0,30.0,942.0232578191077,268.38628311262653,27.51535708605345,882.0,882.0,1686.2341127555608,38.00507348488431,1685.8057709623436,1859.7133270756558,-173.47921432009502,2.4543176094974726,-173.56772639086284,0.08049886621315193,0.032879818594104306,11.508122872790903,9.267312855941814,11.485915025693252,9.234212423539176,6.065167393424146,0.35159396800008835,150000.0,2900.0
0,25,8,known,3,30.0,100.0,150.0,671.8528401707518,13.90973258076074,671.7088343806694,508.2232905446537,15.282962822983816,507.9934488744779,1.0,1.0,40.0,1380.6388077557842,182.90031463948063,22.593825205837973,882.0,882.0,1250.8879693413019,35.98788668580494,1250.3701787289617,1633.090247455254,-382.20227811395216,1.4988183313680565,-382.3558425304245,0.12131519274376418,0.05442176870748299,11.856448301028323,13.162948576916166,11.835060049342157,13.141381551093499,3.167699501450056,0.36851780700089876,150000.0,2900.0
0,26,8,known,3,30.0,100.0,150.0,1850.775978466118,47.71956877220152,1850.1606863252207,706.2071380508704,20.64697045414908,705.9052517477588,1.0,1.0,30.0,479.9657822098633,525.0454669578793,23.48538250393137,882.0,882.0,2507.1331680977323,53.02600046654019,2506.5723540026315,1679.2246416918174,827.9085264059149,18.294735966829464,827.7069226677484,0.05442176870748299,0.02947845804988662,11.550156512170185,8.137799543236788,11.525810271539495,8.104524958034503,10.269496705987619,0.36372370699973544,150000.0,2900.0
0,27,8,known,3,30.0,100.0,150.0,1741.8583651596412,44.497340698807506,1741.289910080269,696.3723898321675,17.316040376122878,696.1570656585026,1.0,1.0,44.0,356.444135406548,707.8568324967462,22.313944790472224,882.0,882.0,2964.757482973937,63.14483937750953,2964.0849620262143,1808.0800088911533,1156.6774740827836,28.332453451158315,1156.3401193180546,0.04421768707482993,0.022675736961451247,11.44956131371025,7.987039093753223,11.42569071851386,7.950498932511838,12.373202168217405,0.34283803700236604,150000.0,2900.0
0,28,8,known,3,30.0,100.0,150.0,449.6339234344905,20.196739617876645,449.18009396221134,169.47263229543012,10.997054961384503,169.11545724539303,1.0,1.0,71.0,1293.7171717097617,194.93002559153356,24.940843860741793,882.0,882.0,1362.0751935688616,37.662419211648995,1361.5543966785822,1571.7765161046052,-209.70132253574366,4.331328539154455,-209.8686701536801,0.14285714285714285,0.06575963718820861,11.164793272147701,13.87717812109857,11.14208239858999,13.858305883365258,3.2717391141118504,0.30953557699831435,150000.0,2900.0
0,29,8,known,3,30.0,100.0,150.0,944.6223315194356,13.305026151365572,944.5286260798696,728.293139840577,13.0247646026486,728.1766633488689,1.0,1.0,26.0,1330.5059578509558,189.86787241297006,20.636231448332442,882.0,882.0,1181.4868260086146,34.90493926354517,1180.9711110975231,1858.7210822167517,-677.2342562081371,-0.3154412685539185,-677.4162506417313,0.11678004535147392,0.05668934240362812,11.477909621183027,11.838147136742442,11.455742877949007,11.813563962575575,3.3267785697690124,0.28867057299794396,150000.0,2900.0
0,30,8,known,3,30.0,100.0,150.0,1967.786103550537,56.98509564735445,1966.9608151157122,694.8718036990387,14.56867969186623,694.7190634695374,1.0,1.0,40.0,590.672002594444,427.4437722793116,21.370710525555022,882.0,882.0,3016.588794045632,61.746197478735844,3015.956790051641,1818.0559347712774,1198.5328592743545,27.03914596650838,1198.2321677470436,0.035147392290249435,0.02040816326530612,11.38260131372228,7.185995273540647,11.360190636905974,7.148272892292789,13.992906476262837,0.34012835300018196,150000.0,2900.0
0,31,8,known,3,30.0,100.0,150.0,688.0537893334504,30.334708448682566,687.3847703284191,587.3872746887805,22.880796669850977,586.9414618256797,1.0,1.0,30.0,1243.2605709950583,202.65771687951778,24.904435547677686,882.0,882.0,1737.8519176315722,39.247489057852455,1737.4086802529757,1959.1735328099098,-221.32161517833765,1.4429028426099748,-221.40007634475728,0.09523809523809523,0.03968253968253968,11.706480359610612,12.943955158940048,11.684672883714963,12.922261469889392,4.475324314946821,0.3591798130000825,150000.0,2900.0
0,32,8,known,3,30.0,100.0,150.0,1240.92106447701,24.804742853455565,1240.6731289887475,482.49840885145136,18.631202779758084,482.13856185453767,1.0,1.0,72.0,1726.8344471734513,146.20984344433768,26.297131495603146,882.0,882.0,1187.7371198212916,40.036878256152875,1187.0621357708615,1914.1057291497823,-726.3686093284907,4.9979338571994845,-726.7228612283905,0.12811791383219956,0.05442176870748299,11.747221060078449,12.908396883792975,11.725633513044428,12.886405324467457,3.067091729809208,0.3430006569979014,150000.0,2900.0
0,33,8,known,3,30.0,100.0,150.0,907.2110028879301,24.4824938560575,906.8805937142507,534.0380328527979,16.105086790665926,533.7951355274336,1.0,1.0,24.0,1534.6814147599541,164.49271560859958,18.076733661952858,882.0,882.0,1235.3986754545735,37.51385556985974,1234.8289751844984,1939.7297314842697,-704.3310560296961,1.5198578320019465,-704.5667717766223,0.12698412698412698,0.061224489795918366,11.65133842657173,12.452326724658786,11.627704305649864,12.43141559454067,3.3070089437132224,0.2881827150013123,150000.0,2900.0
0,34,8,known,3,30.0,100.0,150.0,1184.6856981763074,26.320955663396763,1184.3932669330952,722.4037103893083,19.281346624568503,722.1463497495386,1.0,1.0,23.0,781.600184597344,322.77695753272695,21.11012315506828,882.0,882.0,1960.2258483687237,40.8789195514378,1959.7995536659332,1803.2403046541287,156.985543714595,5.294078595385713,156.91039583530073,0.07482993197278912,0.035147392290249435,11.256464915618103,9.161654241129938,11.233952060253124,9.13065556199888,7.131993840037352,0.39315313899714965,150000.0,2900.0
0,35,8,known,3,30.0,100.0,150.0,1160.2409749173678,31.077533446146518,1159.824687955946,577.1049472983656,17.315690781932588,576.8451153030542,1.0,1.0,26.0,1664.381917694372,151.53898593514953,18.22898363068662,882.0,882.0,1244.5333109132964,40.45581086993398,1243.87559238843,1830.9432312844385,-586.4099203711421,5.518919779173828,-586.7342868122732,0.14285714285714285,0.06802721088435375,11.544631513037778,12.705078133579539,11.520833951151502,12.680379491793008,3.265186035138693,0.3639956010010792,150000.0,2900.0
0,36,8,known,3,30.0,100.0,150.0,1242.1006141369394,24.257015764343823,1241.8637335978415,807.1297606502369,15.81198368969628,806.9748643539683,1.0,1.0,34.0,1508.7358896360502,167.24898263214337,19.401125132451053,882.0,882.0,1425.140898698128,39.6592328230238,1424.5889675250182,1744.4373790850466,-319.2964803869186,6.619211473206896,-319.5354909177588,0.09523809523809523,0.04421768707482993,11.034279974660556,12.625277491224274,11.011344801755122,12.60227156353399,3.762665545869471,0.3344473260003724,150000.0,2900.0
0,37,8,known,3,30.0,100.0,150.0,1144.4385000340094,33.34994424788237,1143.952473479015,251.22840853026432,14.946644464717812,250.783394729186,1.0,1.0,36.0,1703.5941120709817,148.17679915612442,28.481508004212237,882.0,882.0,1419.2365586842707,45.18971165941556,1418.5169366158832,1999.1597180869837,-579.923159402713,8.786985840371557,-580.311325135129,0.1111111111111111,0.048752834467120185,11.779225337897639,14.595922432930534,11.757498388611037,14.574281375039858,3.241171327599151,0.34507083000062266,150000.0,2900.0
0,38,8,known,3,30.0,100.0,150.0,1733.4460931834371,39.72055752684573,1732.99095072152,770.0790239259467,22.099933161354606,769.7618437185636,1.0,1.0,47.0,510.5539967873879,494.594700767678,20.376842460738644,882.0,882.0,3042.3455937626027,57.540359584967455,3041.801410168908,1651.3413716867133,1391.0042220758894,23.46470943228718,1390.811653716486,0.027210884353741496,0.017006802721088437,11.686031749936033,8.059858863624495,11.664420355673588,8.02633427858758,12.582294740888589,0.3455117750017962,150000.0,2900.0
0,39,8,known,3,30.0,100.0,150.0,634.9216836207074,13.155695085210901,634.7853747673922,405.87728273672707,13.472501939078152,405.6536211267571,1.0,1.0,35.0,795.6216794637128,317.6294366176699,23.62923065093104,882.0,882.0,1541.5626005820004,33.466426423792,1541.1992894546638,1756.4456902245784,-214.88308964257794,-0.7159369220704122,-214.91375609353963,0.09977324263038549,0.05102040816326531,11.373815653508952,9.955011266942526,11.351471858448251,9.929447867351696,5.161764124771501,0.33980659500230104,150000.0,2900.0
1,0,8,known,3,80.0,100.0,150.0,1836.3004740421154,48.691149584924375,1835.654815840766,720.5595857925942,28.211915927494736,720.0070864076929,1.0,1.0,39.0,2127.7559485257907,118.64607449090482,56.756649740390635,882.0,882.0,2571.180785489828,110.6155006101498,2568.800273025689,4462.458352841427,-1891.277567351599,19.68427286793724,-1892.7315337269551,0.061224489795918366,0.024943310657596373,11.670011052370015,11.285048688470571,11.64817526621973,11.257433794139946,2.8479947854774084,0.3503404579969356,150000.0,2900.0
1,1,8,known,3,80.0,100.0,150.0,2538.721817462841,115.91414025354241,2536.074206041912,754.0075697036564,37.575061104914376,753.0707336986189,1.0,1.0,37.0,2520.759583278128,100.09575642985945,66.20739087065513,882.0,882.0,2214.016931532425,122.40920691594889,2210.6304438269335,4467.823962059665,-2253.80703052724,31.761644465675914,-2256.273850578348,0.06462585034013606,0.015873015873015872,11.5650048876904,8.977938413948419,11.543158696829908,8.935002936224643,3.0825798048645776,0.490631613000005,150000.0,2900.0
1,2,8,known,3,80.0,100.0,150.0,1707.2510350432392,63.12418228453171,1706.0836539475783,1279.379508703166,37.27088022892691,1278.836505882013,1.0,1.0,43.0,1262.5529178610511,199.67748516604073,57.795195686599136,882.0,882.0,2179.532337620789,94.09598989849687,2177.500207903495,4570.391173387327,-2390.8588357665385,-0.31721578954687857,-2391.915687412722,0.06802721088435375,0.024943310657596373,11.792509914455895,8.578562268749312,11.77094288344489,8.547534475031448,3.17584151828181,0.30502101499951095,150000.0,2900.0
1,3,8,known,3,80.0,100.0,150.0,770.6975823654498,56.92621218578496,768.592330061996,686.6333167381279,29.322592118891702,686.0069221562063,1.0,1.0,36.0,1061.9031402635328,237.6075436185414,83.39833323518026,882.0,882.0,2834.0693604299345,96.32169545669146,2832.432041675861,4760.679972957401,-1926.6106125274669,5.325754278891324,-1927.378200718982,0.05782312925170068,0.01927437641723356,11.742321764282762,11.998331738182923,11.72072388129949,11.975165964914073,2.9525660548821615,0.32965657300155726,150000.0,2900.0
1,4,8,known,3,80.0,100.0,150.0,1895.278796675421,79.3933424978221,1893.6151705915474,703.4063464380397,48.54539366816268,701.7291735156197,1.0,1.0,33.0,2090.6112239308236,120.57495946471873,49.03693335321931,882.0,882.0,3008.360937117043,120.31434481907844,3005.9540892040395,4728.288621287426,-1719.9276841703836,27.970534456769855,-1721.432705514996,0.04195011337868481,0.012471655328798186,11.992715023101965,11.603610479887895,11.97150151215041,11.573659468840473,3.240759570406257,0.3597549309997703,150000.0,2900.0
1,5,8,known,3,80.0,100.0,150.0,1236.3872823177321,53.08098532815948,1235.2473116237165,881.4257636991442,42.07502809702066,880.4209612016598,1.0,1.0,41.0,1365.7284945146737,184.63035900219117,67.10456032301688,882.0,882.0,2464.7902268566518,94.80298190996716,2462.966353206849,4190.075859340404,-1725.2856324837526,2.569941421581632,-1726.0942542885232,0.05555555555555555,0.012471655328798186,11.951368050355153,9.501190094811385,11.930144964699883,9.472139350272005,3.242738807271467,0.3551939079989097,150000.0,2900.0
1,6,8,known,3,80.0,100.0,150.0,984.8043309835558,40.41289147445022,983.974780432224,842.8629369159602,36.114541360323805,842.0888731772503,1.0,1.0,42.0,1112.423647080801,226.99588814408418,67.62049374985934,882.0,882.0,2234.3053093391104,88.69709171536299,2232.5440737558074,4993.031772198004,-2758.7264628588932,-9.292130139884065,-2759.526077051264,0.06349206349206349,0.018140589569160998,12.241652285601466,10.56612774823405,12.21962449198574,10.53884040877795,2.6432404597234505,0.37954763500238187,150000.0,2900.0
1,7,8,known,3,80.0,100.0,150.0,671.1937510472945,57.67649592385663,668.7110536419171,412.9944277585421,41.423156588474725,410.9118146973293,1.0,1.0,85.0,783.5023409837075,321.9852685119972,83.73420726786075,882.0,882.0,4063.619488172295,96.26690976835577,4062.479049390571,5163.462736342534,-1099.8432481702393,1.087574918515287,-1100.1063807805822,0.036281179138321996,0.01020408163265306,11.553708282835775,10.027852709461694,11.529946707242672,10.00225420539555,5.0654158047441475,0.43412121100118384,150000.0,2900.0
1,8,8,known,3,80.0,100.0,150.0,1521.0065240508359,53.47277111322659,1520.0662843950845,1139.1404743264977,50.791414134612154,1138.0075801588514,1.0,1.0,87.0,880.5291469455423,286.41858111113066,64.76102851709501,882.0,882.0,2829.501748875945,86.74195207628821,2828.1718442559363,5065.905261439892,-2236.4035125639466,-8.747280036391984,-2236.8333802660386,0.04081632653061224,0.015873015873015872,11.631909103485707,7.647150752273133,11.610090873094567,7.613114097852879,4.625091489197576,0.38337793800019426,150000.0,2900.0
1,9,8,known,3,80.0,100.0,150.0,2113.802960624076,70.99438175481916,2112.6104122867428,918.0532048681209,46.76168955241174,916.8615115484083,1.0,1.0,38.0,2289.99135364322,110.19630468207392,81.37330544258714,882.0,882.0,2011.4649165039507,106.81638763226233,2008.626737265896,4708.423370419398,-2696.9584539154475,11.734297385810578,-2698.8364894864844,0.07369614512471655,0.021541950113378686,11.832334168408924,9.777890519345819,11.810706194480016,9.747738452369138,2.5714453855412542,0.37962939299904974,150000.0,2900.0
1,10,8,known,3,80.0,100.0,150.0,1356.7522217987325,61.13761697377992,1355.3740380967035,1037.4801774163711,38.99086789183901,1036.7472357102988,1.0,1.0,32.0,1528.3096632585818,165.41771002158956,40.604684010629214,882.0,882.0,2026.4368622744087,88.79728897126469,2024.4904045847943,4479.061831411325,-2452.6249691369167,2.634681554977007,-2453.7426057317753,0.07142857142857142,0.01473922902494331,11.517884743720728,9.945713271494736,11.495974494203647,9.917265817413927,2.5468722138842845,0.3324238940003852,150000.0,2900.0
1,11,8,known,3,80.0,100.0,150.0,2124.925758060011,76.52077561950978,2123.5475149300287,1030.8761514597231,50.47096022508274,1029.6398991018016,1.0,1.0,48.0,958.8461340839158,262.7695087529672,48.46138361856858,882.0,882.0,2864.8793652709455,114.64652511977229,2862.584488156326,4772.227469372897,-1907.3481041019513,21.212693472391578,-1908.7282388131534,0.06462585034013606,0.017006802721088437,11.548186931266198,7.261132788373356,11.52620336243951,7.220843958586029,4.931874007761979,0.43181935800021165,150000.0,2900.0
1,12,8,known,3,80.0,100.0,150.0,1167.8081957092459,51.0899873563414,1166.6901024512092,714.4908128208276,29.614761310326763,713.8768013585393,1.0,1.0,31.0,1620.6685357934534,155.90083143345765,69.8557816112607,882.0,882.0,2373.4753092241126,100.46850920134506,2371.3479546779627,4869.638378272447,-2496.1630690483344,6.248228726083198,-2497.378826924293,0.05668934240362812,0.023809523809523808,11.272687993614568,11.90803694959677,11.248484425000893,11.883800601244449,2.491463663648276,0.4546783879995928,150000.0,2900.0
1,13,8,known,3,80.0,100.0,150.0,2161.830167136687,80.31529237444107,2160.337734094612,667.1605574526347,41.794768970435356,665.8501383248473,1.0,1.0,32.0,2227.027308794734,113.36629917702275,55.282968010311926,882.0,882.0,2819.1203345556723,128.8874208612098,2816.1724900028817,4673.0532093887805,-1853.9328748331081,36.02136056256323,-1855.9578798202233,0.05328798185941043,0.011337868480725623,11.246639553047057,10.54267626872327,11.222570492476763,10.509946545166118,3.3425103155722136,0.343790169001295,150000.0,2900.0
1,14,8,known,3,80.0,100.0,150.0,1060.1288260354806,61.25689990630898,1058.3575577304841,410.8296958520344,42.435601304433426,408.63218024992386,1.0,1.0,90.0,1621.1928878885578,155.63523107039376,69.78719170777569,882.0,882.0,3342.853125513313,112.24804525549436,3340.9680326352195,4598.537736053494,-1255.684610540181,20.598181433723312,-1256.6563117810842,0.035147392290249435,0.013605442176870748,11.320001942744803,13.253995211973848,11.297744335251434,13.232622475307995,3.152684409540653,0.46397807099856436,150000.0,2900.0
1,15,8,known,3,80.0,100.0,150.0,1462.9509538492653,55.46568178130885,1461.8991249443338,1282.5291296559262,41.47012167105861,1281.8584935259332,1.0,1.0,45.0,1388.1886290505286,182.29674630557452,41.29275999401972,882.0,882.0,1954.4977654808345,91.86443105619972,1952.3376863586627,4965.971047601586,-3011.4732821207517,-2.9043740732837335,-3012.7290120041635,0.06462585034013606,0.017006802721088437,11.490544484999493,10.550031154069533,11.467285726809635,10.526153651735346,2.3157488079157393,0.41782037500161096,150000.0,2900.0
1,16,8,known,3,80.0,100.0,150.0,1444.4322614540017,59.83250685164351,1443.1925128176663,612.6237157033228,50.10277081424982,610.5714777148376,1.0,1.0,29.0,1818.538244470263,138.71242551134506,48.93264651243036,882.0,882.0,2529.085397098271,108.22543530215881,2526.7687272422418,5081.278570192934,-2552.193173094663,13.615998794786847,-2553.6289897111965,0.05215419501133787,0.018140589569160998,11.138877637429232,12.357760528306335,11.111677660573685,12.334010415042425,2.5581955072939997,0.34862485000121524,150000.0,2900.0
1,17,8,known,3,80.0,100.0,150.0,2313.520222357904,104.62513970538917,2311.1532617722683,1524.3579633181255,57.21187312454723,1523.283953143656,1.0,1.0,43.0,2173.920136406559,116.12106655758166,37.90852208128211,882.0,882.0,2348.6850179574944,111.54221282504568,2346.0348779027327,4477.187618495729,-2128.5026005382347,20.82313070004666,-2130.2335478454206,0.06349206349206349,0.026077097505668934,11.772699142672973,10.066484148799827,11.74749890081037,10.036842695386348,2.916466393876848,0.2945112090019393,150000.0,2900.0
1,18,8,known,3,80.0,100.0,150.0,1185.1921910466278,83.33849834041193,1182.2585268934506,612.0800482301498,53.58368626160939,609.7300829121358,1.0,1.0,401.0,702.9709233869628,359.2110803784395,78.0449513542158,882.0,882.0,4375.530706394087,99.51127506148144,4374.398983715726,4895.1379816782355,-519.6072752841483,7.648246146625013,-519.8769631008672,0.02947845804988662,0.007936507936507936,11.197580834034568,8.207392619728783,11.17326477559939,8.173904743452434,6.664008457260022,0.6915106330015988,150000.0,2900.0
1,19,8,known,3,80.0,100.0,150.0,882.155497745183,37.225647918012456,881.3697143305616,483.73577445051683,31.236025535561016,482.72622695683634,1.0,1.0,48.0,1503.5240823274892,167.89491876092316,48.903021668200026,882.0,882.0,2828.0285681499695,100.89143592685416,2826.228317109038,5040.077854281929,-2212.0492861319594,6.766621025647822,-2212.970557359298,0.05328798185941043,0.013605442176870748,11.635224292336705,13.094318954099784,11.61333992368246,13.071918338306027,2.699671302172348,0.3877017490012804,150000.0,2900.0
1,20,8,known,3,80.0,100.0,150.0,2366.5932319470294,113.585475253345,2363.8658729523886,1372.2859201147,68.22497525735405,1370.588924257081,1.0,1.0,37.0,2327.3698126571358,108.62192780604104,56.746298363166254,882.0,882.0,2408.7958726690663,106.25405826300396,2406.451252631179,5174.59483448959,-2765.7989618205233,14.426949601829037,-2767.3287468702756,0.046485260770975055,0.007936507936507936,11.178861306628429,9.250345403707804,11.156246130805123,9.219616754128765,3.2550080125974965,0.31607624200114515,150000.0,2900.0
1,21,8,known,3,80.0,100.0,150.0,1674.3196072224305,99.20313066183662,1671.3781397386904,486.05599253080453,49.44217511917946,483.5347962604035,1.0,1.0,41.0,2032.5139743516615,124.18793094833342,66.57499345052544,882.0,882.0,2818.520164155469,128.13888220328153,2815.605857114711,4378.751733302364,-1560.2315691468953,34.22501083419746,-1562.1386450990635,0.06689342403628118,0.022675736961451247,11.810271298424201,12.459148628590928,11.788898028030914,12.435367702989645,2.8277615993034257,0.31643246800013003,150000.0,2900.0
1,22,8,known,3,80.0,100.0,150.0,1425.5965617390743,137.53331669493113,1418.946843134429,688.2094129159009,59.15441286634856,685.6624180050169,1.0,1.0,28.0,1820.5172522316618,138.86787902468086,53.26044638412195,882.0,882.0,2900.6222970380118,111.93940487849154,2898.4615366965836,4654.53410538705,-1753.911808349038,21.61703746326927,-1755.1961224093948,0.04081632653061224,0.011337868480725623,11.511888532371653,12.733181527896097,11.489429975812065,12.710115930285852,2.8475034800643435,0.2999804800019774,150000.0,2900.0
1,23,8,known,3,80.0,100.0,150.0,4051.687706669362,174.8386973604588,4047.913623372037,1599.4075861710705,47.60687302866459,1598.698912347789,1.0,1.0,28.0,1555.8353841641554,162.41248260395346,43.73062723220499,882.0,882.0,4104.103969252397,159.54957151116878,4101.001502641017,4992.288916720246,-888.1849474678484,60.305413345356,-890.3008549684428,0.02834467120181406,0.007936507936507936,11.81925729929837,5.422403482823853,11.79763300906293,5.366612444962575,9.460988983604468,0.35242219099745853,150000.0,2900.0
1,24,8,known,3,80.0,100.0,150.0,1799.1820061929752,60.28238469142031,1798.171828692824,729.164585417064,33.144899271575255,728.4108787481939,1.0,1.0,64.0,665.4809000740239,379.3789128156436,74.56962798357803,882.0,882.0,3622.9292631596954,113.42102029023985,3621.153423705653,4946.109901955346,-1323.1806387956503,16.00786378018195,-1323.99711385733,0.045351473922902494,0.018140589569160998,12.134226160183712,7.946030223111423,12.11323165842924,7.91181783001918,5.699275552435961,0.530118599999696,150000.0,2900.0
1,25,8,known,3,80.0,100.0,150.0,3354.5728111411067,128.13354028938713,3352.1247800611563,915.1397572856391,54.66257308848207,913.5057626901786,1.0,1.0,38.0,2961.1446512636876,85.24795196527533,73.68291206872803,882.0,882.0,2531.547894619312,134.62627367271517,2527.9656859199,5554.753028823613,-3023.205134204301,34.565532446963374,-3025.8860459226476,0.05328798185941043,0.015873015873015872,11.44647636359047,8.497499078193776,11.424094392982525,8.459522847168422,3.723960237188717,0.29169870000259834,150000.0,2900.0
1,26,8,known,3,80.0,100.0,150.0,1324.1793606986716,34.4467564602881,1323.7312417064531,964.511855827789,24.46390265079004,964.201554395894,1.0,1.0,29.0,1624.8167685990916,155.5059483024126,56.72334707689598,882.0,882.0,2335.036248176174,92.0248178697612,2333.222173988731,4324.852236493692,-1989.8159883175176,3.7178937993821393,-1990.7284217819606,0.05668934240362812,0.02040816326530612,11.084994258416778,11.654357061706182,11.059425063695137,11.626103386210758,2.5044670373201265,0.3161098620003031,150000.0,2900.0
1,27,8,known,3,80.0,100.0,150.0,2695.7788059969753,97.61742874309523,2694.0108033317283,1324.0248414511111,54.99093817890647,1322.882374777835,1.0,1.0,31.0,2355.169958869942,107.16384781964156,65.46500703807827,882.0,882.0,2404.9476454755754,117.41842252324047,2402.0795348053457,4646.27795400685,-2241.330308531275,26.181254927457445,-2243.3025383011477,0.06575963718820861,0.01927437641723356,11.221696046915216,9.61941643576272,11.197831601586605,9.583943202083677,3.1251215465297717,0.3804376410007535,150000.0,2900.0
1,28,8,known,3,80.0,100.0,150.0,995.4963804373817,62.61811604216932,993.5250449823889,676.5867965416311,46.53409330286309,674.9846453179116,1.0,1.0,52.0,1528.4985113031391,165.3382411424712,73.24925099179723,882.0,882.0,2813.5990345216505,97.63358368872208,2811.9045521491767,4363.8887898687135,-1550.289755347063,3.9675315317469426,-1550.978902747957,0.05555555555555555,0.01927437641723356,12.333053602142613,12.603994034954479,12.311146754858711,12.578678894629459,2.79038436816014,0.3428858900006162,150000.0,2900.0
1,29,8,known,3,80.0,100.0,150.0,4624.01105203181,228.93451345755756,4618.34030771448,1604.1097704619617,48.850645822548785,1603.3657630416858,1.0,1.0,28.0,1872.7742020451547,134.62262357102338,55.083870179683316,882.0,882.0,3994.9316768038602,163.30708065567134,3991.5924015032674,4932.044075840296,-937.1123990364354,67.73809579823576,-939.5256598662504,0.01927437641723356,0.006802721088435374,11.418749202690167,4.890652762608299,11.396454950158656,4.820017560721293,10.210630029152975,0.27718504199947347,150000.0,2900.0
1,30,8,known,3,80.0,100.0,150.0,1006.6896862189699,64.11248038426835,1004.6460641433006,879.7681277604319,46.9604308907118,878.5139023109734,1.0,1.0,37.0,1247.231522513763,202.16804662881725,63.626688556544295,882.0,882.0,2297.229485014067,97.96853129482685,2295.1395325108083,4828.75202229734,-2531.522537283273,0.5225247227589023,-2532.6291413843906,0.07256235827664399,0.02040816326530612,11.471458762745982,10.016953473322461,11.449449577731423,9.990996515272048,2.8666768433288348,0.30335240800195606,150000.0,2900.0
1,31,8,known,3,80.0,100.0,150.0,1290.2840686992834,43.41993953266749,1289.553289627907,681.7908011812461,31.85080768402107,681.046417379345,1.0,1.0,43.0,640.7255124409423,393.8688696208763,65.20151792084485,882.0,882.0,3054.822266715289,100.10017850739901,3053.1817888036608,5026.740773914328,-1971.9185071990391,4.778340615285913,-1972.6551121864309,0.05328798185941043,0.017006802721088437,11.953186140127348,9.159395899051878,11.93160678565108,9.130608714904202,4.168973451392554,0.27420366300066235,150000.0,2900.0
1,32,8,known,3,80.0,100.0,150.0,1613.5545577829523,97.15056968656107,1610.627231159251,1083.5082104495702,63.79669430645617,1081.6284130454405,1.0,1.0,19.0,1927.6620357776399,130.77339173049546,40.9944475632244,882.0,882.0,1822.5735494293835,100.80813655163188,1819.7835208300492,4647.912336575228,-2825.338787145845,2.5139961593049094,-2827.0893363129926,0.0873015873015873,0.026077097505668934,11.986049628291159,10.074800338899589,11.964652506753355,10.047894970744588,2.2613023188066133,0.36833508299969253,150000.0,2900.0
1,33,8,known,3,80.0,100.0,150.0,1803.8743359516839,54.17617573080922,1803.0606095992205,521.96179893775,38.356218754472884,520.5505931542017,1.0,1.0,71.0,2069.074799615374,122.03830602265661,35.98226590599192,882.0,882.0,3075.2807619316914,126.1268168998944,3072.693247098686,4332.498655558862,-1257.2178936271707,34.06714577694888,-1258.8272269810668,0.046485260770975055,0.018140589569160998,11.867764396625097,12.300981505099674,11.846431072330567,12.275628137910074,3.1250359581639464,0.43480119000014383,150000.0,2900.0
1,34,8,known,3,80.0,100.0,150.0,1580.5745331663838,67.58827708890979,1579.12877235971,1129.087057927896,40.74561780728664,1128.3516202894266,1.0,1.0,73.0,1485.59910418804,169.9892672330884,58.87669928118719,882.0,882.0,2740.4095757716827,108.73866298547622,2738.2513665025836,5138.80859012026,-2398.3990143485776,13.589470166742274,-2399.6762660161667,0.05895691609977324,0.022675736961451247,11.999999955304341,11.927842941724926,11.978696494625659,11.89534800752594,2.871862067978595,0.5818830179996439,150000.0,2900.0
1,35,8,known,3,80.0,100.0,150.0,2826.4451547142207,110.208768592095,2824.2957068856845,920.8188301807885,44.72303142708055,919.7321177796762,1.0,1.0,39.0,2695.276395548566,93.70775015297082,43.27676659318506,882.0,882.0,2435.9042474633666,137.83910888453275,2432.0012094717363,4322.278801147245,-1886.3745536838783,44.846469155014375,-1889.2771203518591,0.05782312925170068,0.018140589569160998,12.221090151867447,8.86734268225221,12.198124903846011,8.826999891045045,3.433813734777014,0.3494421579998743,150000.0,2900.0
1,36,8,known,3,80.0,100.0,150.0,3916.720049697401,153.34800798754338,3913.716946350089,1207.4890007430806,54.738271432501854,1206.2476563940363,1.0,1.0,84.0,1462.5209182102276,172.7756523562841,49.352937100823524,882.0,882.0,4058.179224009027,154.74352101580325,4055.2278674424865,4521.505724211503,-463.3265002024755,64.13486803594995,-465.36989016463804,0.03854875283446712,0.007936507936507936,11.41773602119665,5.145024403720794,11.39542653557301,5.089033625098679,9.859475158840405,0.4359997579995252,150000.0,2900.0
1,37,8,known,3,80.0,100.0,150.0,1663.897909603041,81.82681035070594,1661.884661066826,1307.0831867139746,47.5733790846738,1306.2171452682837,1.0,1.0,42.0,975.0167392429364,259.0077538072358,74.10679454986656,882.0,882.0,2467.361798833641,104.30542171742077,2465.156105674432,4834.943906517614,-2367.582107683973,8.963348675230193,-2368.847666384483,0.060090702947845805,0.01473922902494331,11.723497374041045,8.078027278325163,11.701494297852422,8.044635405497587,3.8180141540466623,0.3082851399994979,150000.0,2900.0
1,38,8,known,3,80.0,100.0,150.0,897.370483978273,64.44729970930034,895.0532559996525,537.3623381307483,36.657296421281465,536.1105530209483,1.0,1.0,63.0,1436.1513196962208,175.53411745929088,62.60164343861475,882.0,882.0,2878.69523298048,100.29885961190377,2876.947407087083,4746.8730985014945,-1868.1778655210146,8.785416046862451,-1869.0434802750124,0.047619047619047616,0.013605442176870748,11.31973437053566,12.59928055053096,11.297360628838543,12.575327409762608,2.856011521287981,0.3552836929993646,150000.0,2900.0
1,39,8,known,3,80.0,100.0,150.0,1478.202517318056,64.8874144260923,1476.77767644779,1190.5572494269827,43.92139408678269,1189.74681142864,1.0,1.0,41.0,1684.591555792295,149.77266545744155,61.45161610134699,882.0,882.0,1976.730273131601,95.5737797302341,1974.4184524418856,4224.870932412266,-2248.1406592806643,4.362520213379668,-2249.467779652847,0.07596371882086168,0.031746031746031744,11.622058346244266,9.5686578648792,11.600274850185247,9.538880875837709,2.582298245278201,0.3500153839995619,150000.0,2900.0
2,0,8,known,3,130.0,100.0,150.0,1326.1627317047887,75.54929246241161,1324.0090239009462,814.5529652800213,56.26803876456428,812.6071874282587,1.0,1.0,95.0,1023.3011641204537,246.7973742739989,92.17723769106851,882.0,882.0,3912.6898027928805,151.98222097724366,3909.736934550228,7284.724231168766,-3372.0344283758855,3.2936555321692538,-3373.469696782104,0.021541950113378686,0.003401360544217687,11.458763271292344,8.93268572937788,11.436717246129973,8.900680347462234,3.3693801371128838,0.43450006199782365,150000.0,2900.0
2,1,8,known,3,130.0,100.0,150.0,4660.421741645765,255.42517077538403,4653.416894298093,2089.777364635496,86.8111185109268,2087.973482457515,1.0,1.0,39.0,1937.5547495633,130.24878351293924,91.14324519052954,882.0,882.0,4180.705405279028,219.64897513277614,4174.93137829263,7688.4317149489225,-3507.7263096698944,63.841754529879864,-3511.921446201958,0.02834467120181406,0.0022675736961451248,11.677327140457926,5.255478766445002,11.65561033910113,5.192826290353938,6.119189854524696,0.3873202830000082,150000.0,2900.0
2,2,8,known,3,130.0,100.0,150.0,1250.2555852055063,87.34771896494385,1247.2006271363018,973.7983534279061,53.936103420009424,972.3035173682996,1.0,1.0,32.0,1597.3715669254243,157.93486054137085,116.5489860831683,882.0,882.0,2914.9394068938473,152.2274299800735,2910.9617921615386,7155.883341928283,-4240.9439350344355,7.550930208539228,-4243.458877165962,0.047619047619047616,0.006802721088435374,11.00157188646841,11.59248531572291,10.978561645943309,11.569875074270263,1.9342367241861873,0.3452570640001795,150000.0,2900.0
2,3,8,known,3,130.0,100.0,150.0,1715.9383963800008,83.98925856529031,1713.881671708062,1625.6523648079171,72.56264343905072,1624.032103741398,1.0,1.0,29.0,1661.6764411586591,151.82509308988443,103.32426187563318,882.0,882.0,2202.3878623468045,149.32718216358867,2197.3196601495215,7434.694293164902,-5232.306430818097,-4.143425093475997,-5235.790456452203,0.05555555555555555,0.012471655328798186,12.158058311287729,8.980055564748529,12.13704202121822,8.95153426967127,1.8865635042927302,0.2935353259999829,150000.0,2900.0
2,4,8,known,3,130.0,100.0,150.0,2750.0485079776563,164.30567272854054,2745.1357784523807,1457.4410155306246,88.77713686649756,1454.734660933301,1.0,1.0,32.0,1281.995862566564,196.7776823434866,87.26174017393097,882.0,882.0,3655.2340503049695,188.86348013999472,3650.3515650383983,7774.981501818306,-4119.747451513336,32.75797641552802,-4123.062641429939,0.032879818594104306,0.006802721088435374,11.842543815792455,6.596029508690105,11.82107525388104,6.549897685055663,4.262743968216368,0.33485976100200787,150000.0,2900.0
2,5,8,known,3,130.0,100.0,150.0,3229.6843683238585,231.4561856367502,3221.380007562903,1121.7338171206904,105.34475832147105,1116.7762705064722,1.0,1.0,56.0,2903.277464802815,86.96132066217822,85.87627845805609,882.0,882.0,3242.5426619689565,247.29304564955984,3233.098987699277,7587.836352533437,-4345.29369056448,94.53690989299474,-4353.199587746898,0.026077097505668934,0.003401360544217687,11.863110919056853,8.093483300372627,11.837474440065659,8.045357147759132,3.081817177549658,0.4620583500000066,150000.0,2900.0
2,6,8,known,3,130.0,100.0,150.0,470.8090056434014,58.183384656857065,467.1999716874997,344.30400087901864,49.77749147044699,340.6867276020726,1.0,1.0,147.0,985.33383931917,256.17747146705966,123.748608109127,882.0,882.0,6065.730601778277,139.41740464621944,6064.1281748187985,7781.915342032172,-1716.1847402538951,-11.490421224035032,-1716.3238183912872,0.011337868480725623,0.0011337868480725624,11.619177737159154,10.691156718118831,11.59736133357284,10.667684519255161,4.364304761191004,0.42271192300177063,150000.0,2900.0
2,7,8,known,3,130.0,100.0,150.0,2059.5796299937588,107.68578110552993,2056.7625105570455,824.1441142949245,56.55111808808756,822.201612848061,1.0,1.0,126.0,693.5905432709452,363.93826797602753,99.8834456776619,882.0,882.0,4827.340082460355,176.74962549907957,4824.103216310185,8088.858282020752,-3261.518199560397,23.81676053229421,-3263.3092156997436,0.032879818594104306,0.003401360544217687,11.864919705921354,6.962237751476864,11.843394232677984,6.924080737026526,5.333541682315879,0.41210859500279184,150000.0,2900.0
2,8,8,known,3,130.0,100.0,150.0,1374.4510981204248,163.9923446025019,1364.6326729329824,1283.5714962604272,89.2949492582962,1280.461712840017,1.0,1.0,35.0,1510.0995516497583,167.12033636538425,84.17391863020859,882.0,882.0,2643.4859859186276,162.7471598138943,2638.4714362146674,8474.199958844312,-5830.713972925685,1.116129836864701,-5834.186963167756,0.04195011337868481,0.0045351473922902496,11.928155908542724,9.345393467421776,11.90681294606393,9.314556665490421,2.1758856547748295,0.36577574399780133,150000.0,2900.0
2,9,8,known,3,130.0,100.0,150.0,1456.656472706195,96.19615177670615,1453.4766526711762,1279.0796575632535,75.84865219154739,1276.8287874076366,1.0,1.0,29.0,1615.113553372758,156.25084347760807,102.11346471843689,882.0,882.0,2934.1751279493824,161.03857022094667,2929.7525937146925,6960.364021880171,-4026.1888939307887,11.954254311767471,-4029.014623532468,0.027210884353741496,0.007936507936507936,11.897534865416407,10.215521473809787,11.875878461208021,10.18364241428166,2.2094396223598216,0.3664651050021348,150000.0,2900.0
2,10,8,known,3,130.0,100.0,150.0,2137.867236820259,56.28777005051382,2137.1261098054624,1450.985714127347,56.24289038384679,1449.8952651425957,1.0,1.0,37.0,1376.4993559034729,183.39305889325954,104.09684588534002,882.0,882.0,3318.652572149989,149.82477658051414,3315.2688323815214,8042.428827225167,-4723.776255075178,-5.8145044694416015,-4725.653866859942,0.03741496598639456,0.01020408163265306,11.209608205027745,7.443805340957065,11.187031634591072,7.406776537561019,3.429441735718988,0.34937397000248893,150000.0,2900.0
2,11,8,known,3,130.0,100.0,150.0,1237.8262064040255,116.75427008151158,1232.307655449042,428.90630748750397,63.986965309673515,424.10645936253314,1.0,1.0,182.0,403.9530928128725,626.1156076826484,56.45695343216313,882.0,882.0,10568.73634430391,264.83382090737814,10565.417689931335,7528.92767332485,3039.8086709790605,110.79947387062296,3038.065876040231,0.009070294784580499,0.0011337868480725624,11.683053966734347,9.329420803699103,11.661216985621465,9.298742989777386,8.714149955271212,0.47091341800114606,150000.0,2900.0
2,12,8,known,3,130.0,100.0,150.0,1896.1116634220439,79.02306165174447,1894.4642503600573,1479.1770278639167,45.902489592574284,1478.464622914439,1.0,1.0,57.0,1896.4533567629753,133.06105044067345,117.0510025439767,882.0,882.0,2706.9982722261393,151.09640464946418,2702.7781119317415,7660.262747940577,-4953.264475714438,1.2831506645747197,-4956.019532373569,0.045351473922902494,0.009070294784580499,11.448383216202727,9.369143003564554,11.426300457998158,9.341999875801179,2.222515295645129,0.40554284500103677,150000.0,2900.0
2,13,8,known,3,130.0,100.0,150.0,1432.3162315542438,72.11267290512315,1430.4997551835613,1269.8771781560595,44.74810665946074,1269.088513285023,1.0,1.0,33.0,1649.7611928704155,153.1674209099125,93.26542899203842,882.0,882.0,2726.033017432644,153.8265587089266,2721.6894389273543,6879.474955780501,-4153.441938347856,3.371875991154411,-4156.140091939154,0.034013605442176874,0.0022675736961451248,11.88027952260005,10.199046890046024,11.858700732531837,10.166477291917314,2.05602395748837,0.4222692740004277,150000.0,2900.0
2,14,8,known,3,130.0,100.0,150.0,1254.0577231036061,54.97898437003236,1252.851980145077,1018.2246316940557,38.61549659729881,1017.4921346187593,1.0,1.0,28.0,981.2594896126246,257.06246147763727,70.09251189893125,882.0,882.0,3828.878225613145,148.42074076013517,3826.000490105389,8179.373518429227,-4350.495292816082,-15.19717446418241,-4351.736380924332,0.030612244897959183,0.005668934240362812,12.28904619544356,9.839577717733096,12.266986969854406,9.813040988208634,2.993310309924456,0.30657931300083874,150000.0,2900.0
2,15,8,known,3,130.0,100.0,150.0,1581.5414683715128,116.21991736504857,1577.2654649697945,804.4122885216048,80.15642549683137,800.4086939658616,1.0,1.0,105.0,576.6123032277834,437.2825422893347,83.4878717987594,882.0,882.0,4864.095119991786,167.21008055202563,4861.220230074924,7615.741732894101,-2751.6466129023147,15.039633857892511,-2753.001089094735,0.026077097505668934,0.003401360544217687,11.424181371974592,7.916679567646426,11.401945237344673,7.882488281926658,4.726238568571076,0.34587965399987297,150000.0,2900.0
2,16,8,known,3,130.0,100.0,150.0,3763.889087471947,157.69047000013393,3760.584366619308,1890.0406424614152,82.85475332440853,1888.2236943772077,1.0,1.0,102.0,3102.188398016927,81.29231102221722,122.63941382783486,882.0,882.0,3403.960700688594,200.81045952605317,3398.0323146164046,8323.328145574871,-4919.367444886277,46.76911560632334,-4923.870273330791,0.01927437641723356,0.003401360544217687,11.542089110627744,7.212568020387084,11.51999246643643,7.147475916546366,3.6303731220568363,0.3439746740004921,150000.0,2900.0
2,17,8,known,3,130.0,100.0,150.0,933.3304420512017,100.11718308390961,927.9451835700396,651.8609045452947,66.0805467272368,648.502891449868,1.0,1.0,24.0,1495.2127144027984,168.8616113885791,90.28071769828499,882.0,882.0,4253.5876328057575,164.99545405292176,4250.386364802612,7161.352929079966,-2907.7652962742086,8.304056636007147,-2909.2521442855214,0.027210884353741496,0.007936507936507936,11.530781830804353,12.782975404096366,11.508640534023616,12.760381100649056,2.559647017489476,0.293327240000508,150000.0,2900.0
2,18,8,known,3,130.0,100.0,150.0,1951.2123108073201,125.98113678939588,1947.1410413781775,1295.6715206532956,105.63995553778255,1291.3577696463512,1.0,1.0,31.0,2108.9748805473155,119.57491246530049,82.2975143760829,882.0,882.0,3452.141368581183,156.88509244825698,3448.5746470733484,6891.3263346531885,-3439.1849660720054,7.104850390617798,-3441.123788255566,0.02834467120181406,0.006802721088435374,11.415988400439234,9.595730508397128,11.392253158328288,9.567180001868234,2.7673696735472806,0.3269333419993927,150000.0,2900.0
2,19,8,known,3,130.0,100.0,150.0,3445.85052923474,153.46192286575078,3442.431598166866,1351.324530845077,61.8707947607707,1349.9074014240157,1.0,1.0,41.0,3059.545968164281,82.5954556447011,102.91148734500435,882.0,882.0,3076.012331882979,191.4294297453936,3070.0499408516985,7844.769661728083,-4768.757329845103,42.211231565281736,-4773.300425853924,0.02947845804988662,0.009070294784580499,11.765679629782825,7.273489884256511,11.744035072269458,7.224424263511539,3.2531334612003016,0.3446819780001533,150000.0,2900.0
2,20,8,known,3,130.0,100.0,150.0,1076.3830496783644,112.47624918009859,1070.4903376515235,1008.8291404691461,88.99741476678018,1004.8958626765988,1.0,1.0,50.0,1380.7690604427114,182.90942074920937,108.9046973493645,882.0,882.0,3640.9529414995573,154.23615975884564,3637.6846385080057,7715.427022333754,-4074.474080834197,1.9945499839548404,-4076.240213939745,0.04308390022675737,0.01020408163265306,11.716502819488916,11.025694463116967,11.694844621566606,11.001740452326956,2.540187415216083,0.3354671330016572,150000.0,2900.0
2,21,8,known,3,130.0,100.0,150.0,1514.0231310430495,82.58985466354518,1511.7688173924125,1175.7467039449864,62.836481849963896,1174.0663901101243,1.0,1.0,42.0,1675.3198906995258,150.58746720372847,88.78397574559226,882.0,882.0,3225.6944703925537,154.76579528827878,3221.9795723948787,8055.837663791705,-4830.143193399152,2.452691417988518,-4832.418057704743,0.04421768707482993,0.009070294784580499,11.110906703385227,10.654591212739502,11.088143988543267,10.629107976152529,2.328858413447766,0.3790164009988075,150000.0,2900.0
2,22,8,known,3,130.0,100.0,150.0,2641.0863298887757,129.1961537865833,2637.92444087622,1432.1422290541927,81.75692187545425,1429.806689719195,1.0,1.0,64.0,1189.2375713882816,212.13653482451426,112.77701066845282,882.0,882.0,4221.319820337814,180.10007508389623,4217.476139651729,7883.506178079733,-3662.186357741919,34.595316276305766,-3664.6871436725687,0.022675736961451247,0.003401360544217687,11.542426996980819,7.090959949367084,11.520299889509321,7.051643017433994,4.579308183594213,0.3350161019989173,150000.0,2900.0
2,23,8,known,3,130.0,100.0,150.0,2353.0359366097114,89.98851513771973,2351.314565539892,1588.7158266235633,54.55782687187714,1587.7787696310875,1.0,1.0,25.0,2260.0541552375184,111.63963574191624,91.17973024999962,882.0,882.0,2157.1866147769974,164.34145005694583,2150.917473722835,7493.094560035484,-5335.9079452584865,18.962555491096623,-5340.766653537749,0.03968253968253968,0.007936507936507936,10.987414067915488,8.34286392758133,10.964524108523875,8.31220184815772,1.9889744498569282,0.3506996120013355,150000.0,2900.0
2,24,8,known,3,130.0,100.0,150.0,3588.5735970154014,200.88784950777253,3582.9463480655413,1634.9132357426026,90.29157544573019,1632.418059141063,1.0,1.0,42.0,1426.5697999562838,176.6525395210654,85.78706015763315,882.0,882.0,5360.216947633179,251.03564570981058,5354.335330391346,8017.317264063481,-2657.100316430302,93.95393966255725,-2661.442950616409,0.007936507936507936,0.0011337868480725624,11.695947885667657,5.499611302434565,11.67425531637883,5.438654500356057,7.497336773685079,0.3539749129995471,150000.0,2900.0
2,25,8,known,3,130.0,100.0,150.0,2942.140133982636,145.92468060229166,2938.5191092763857,1278.0754008497631,71.80746542407425,1276.056588935872,1.0,1.0,45.0,2527.453731052613,99.93757116708545,115.80939481142885,882.0,882.0,4045.2104020877205,208.78332222136507,4039.8188971191403,8117.602020678971,-4072.3916185912503,56.36720350993309,-4076.3521146873663,0.024943310657596373,0.003401360544217687,11.264078513907656,9.434455714627896,11.239928789401233,9.39800660881782,3.2982298114703426,0.4168362009986595,150000.0,2900.0
2,26,8,known,3,130.0,100.0,150.0,1094.7873439661278,82.71065796197658,1091.6584976850158,508.385045983905,66.04348441340879,504.07699128862555,1.0,1.0,61.0,1625.664867632742,155.20477772534923,112.37527022779621,882.0,882.0,4401.819532705809,176.92035254007672,4398.262655568388,7647.501312257004,-3245.681779551195,15.151276633476016,-3247.5274989580184,0.026077097505668934,0.003401360544217687,11.401633020908832,12.828590989407342,11.379277386113554,12.807300823668596,2.639428623107691,0.29922440300288144,150000.0,2900.0
2,27,8,known,3,130.0,100.0,150.0,1464.4918092483651,86.152693207108,1461.9555303800155,1010.4278849553862,75.76843326935375,1007.5830760861968,1.0,1.0,94.0,1200.1867706866872,210.372639198421,72.66302540715355,882.0,882.0,3537.729312912109,152.1531418059858,3534.4558439562024,8212.720469388642,-4674.9911564765325,-4.320530243790699,-4676.773875048768,0.034013605442176874,0.009070294784580499,11.708412972946965,8.737356240761116,11.686696206801765,8.707558188419561,3.114592292810721,0.46959594800136983,150000.0,2900.0
2,28,8,known,3,130.0,100.0,150.0,2205.84228373014,146.61204117513572,2200.964581740074,1356.8357153090774,84.26382947884154,1354.2166611660987,1.0,1.0,48.0,2114.954557055972,119.19202566098312,93.00674824084449,882.0,882.0,3436.0802239438603,158.4727488973205,3432.4238801807414,7913.945200918503,-4477.864976974643,9.279097276009168,-4480.114896814725,0.035147392290249435,0.01020408163265306,11.480399124114237,9.717383746316642,11.458140554089786,9.687272066084523,2.7200105530512233,0.40393058999688947,150000.0,2900.0
2,29,8,known,3,130.0,100.0,150.0,2460.128293178762,73.49778499259776,2459.030153231113,819.0031973804204,62.57718047929063,816.6090458736139,1.0,1.0,157.0,797.1266612299646,316.4140542963416,112.56368471592346,882.0,882.0,6274.981291750365,229.24464632045866,6270.792382462561,7354.839951255453,-1079.8586595050883,80.8142799596645,-1082.5496560207112,0.0045351473922902496,0.0022675736961451248,11.461202560246935,6.442387880381608,11.439125163191735,6.394707322719432,7.492421716271922,0.3783249539992539,150000.0,2900.0
2,30,8,known,3,130.0,100.0,150.0,1694.9296428773616,76.34923624910616,1693.209168540189,1292.8186085652414,58.97956649053542,1291.4725569632349,1.0,1.0,78.0,1624.8823905979937,155.52633885648757,113.26679953648724,882.0,882.0,4049.156430533493,180.2412643332581,4045.142875790951,7418.918451338249,-3369.7620208047556,29.62584689978536,-3372.246556053548,0.034013605442176874,0.0045351473922902496,11.28747863421508,11.349992296169415,11.265130282922868,11.3249637481975,2.744262405223137,0.30926427699887427,150000.0,2900.0
2,31,8,known,3,130.0,100.0,150.0,3324.653137379353,221.77447211619406,3317.2480412842147,1048.085743323252,98.3602282170193,1043.4601050651384,1.0,1.0,37.0,2967.6355587537305,85.0009588031762,107.58339683059424,882.0,882.0,3193.817620152069,200.13428612089706,3187.5409422174807,8837.931588730507,-5644.113968578438,40.88086222466785,-5648.95571166396,0.03854875283446712,0.007936507936507936,11.712484322966564,7.438839733186056,11.69052263102086,7.384825355753078,3.3026424453966836,0.36472457500349265,150000.0,2900.0
2,32,8,known,3,130.0,100.0,150.0,1707.076656375013,69.67524559650127,1705.654147502231,426.39113909058733,45.81082849921911,423.923072605377,1.0,1.0,132.0,0.08751931391978947,2881238.7456493294,97.62433458126779,882.0,882.0,115633015.33162487,3236220.232461104,115587720.42605045,7160.025615934757,115625855.30600893,3236074.8201626935,115580561.87716927,0.0,0.0,11.126521887710883,7.8675866523351665,11.103936178566643,7.832483036825174,113056.87151932222,0.5357846049992077,150000.0,2900.0
2,33,8,known,3,130.0,100.0,150.0,2311.1177483472034,141.15293115751874,2306.803220205635,1593.8687600639332,102.62152374382573,1590.5616766325772,1.0,1.0,215.0,955.6346764929473,263.71551319479624,82.78150073326346,882.0,882.0,2891.1236230598015,161.2221443809966,2886.624884527885,7743.8658273485335,-4852.742204288732,5.323069206699188,-4855.671508037836,0.03741496598639456,0.0045351473922902496,11.595394971936996,7.816777975247492,11.573330104033548,7.782854229063188,2.8450868830480327,0.5467514629999641,150000.0,2900.0
2,34,8,known,3,130.0,100.0,150.0,1813.8532943179564,91.63224840183825,1811.5372765584832,1470.3735523322528,67.56067412069895,1468.8205944602373,1.0,1.0,43.0,1063.9048542701762,237.61241215533124,99.92182160381516,882.0,882.0,4149.049675306829,153.67779812311173,4146.202641276441,8563.94187968108,-4414.892204374251,-6.08608553774954,-4416.248878004302,0.022675736961451247,0.0045351473922902496,11.84667082510206,7.354409396272633,11.824636358642083,7.316486273182859,4.339677737998245,0.35996620200239704,150000.0,2900.0
2,35,8,known,3,130.0,100.0,150.0,1900.3850324398868,110.8551406822868,1897.1490213754585,1087.706992916764,83.2744892399509,1084.5145743058754,1.0,1.0,33.0,624.6982811450926,404.36754838090167,103.58294184542649,882.0,882.0,4226.132408068356,204.89110086070292,4221.162726940734,7304.327296898569,-3078.194888830213,56.5954693188788,-3081.6590335764404,0.015873015873015872,0.0045351473922902496,11.178757521091732,8.429009527021883,11.155355160577507,8.396816145864577,3.856765225745444,0.3000237249980273,150000.0,2900.0
2,36,8,known,3,130.0,100.0,150.0,1776.8916935530613,115.08467820856698,1773.1609085075997,698.1360734588085,76.87323405029407,693.8908292744123,1.0,1.0,32.0,2029.0419477338173,124.18163342292209,110.11710635107457,882.0,882.0,4242.119156215802,182.237221385579,4238.202983656484,7920.209767800373,-3678.090611584571,24.948137369031997,-3680.444811896092,0.02947845804988662,0.0022675736961451248,11.917191772083388,11.751080574816122,11.89546965056319,11.724510459618958,2.7769093752091174,0.3607175990000542,150000.0,2900.0
2,37,8,known,3,130.0,100.0,150.0,3434.2234100198407,156.43207866692273,3430.6587464643358,1690.2515242239106,65.10435789651986,1688.997228453657,1.0,1.0,36.0,1279.2499496106914,197.13832636747253,89.167673800176,882.0,882.0,4449.472826336347,186.093742383478,4445.579551796511,7535.767852048757,-3086.2950257124103,34.64937914775953,-3088.6663776124606,0.01927437641723356,0.0022675736961451248,11.534570502309043,5.156552266297657,11.512440379237841,5.100215563021621,6.637519078870018,0.42424482699789223,150000.0,2900.0
2,38,8,known,3,130.0,100.0,150.0,3448.4679323881955,149.2765440734801,3445.235491820435,1960.9879918550912,75.84022108453564,1959.520901921108,1.0,1.0,40.0,1623.6101060683889,155.18739612282167,91.4552864437219,882.0,882.0,2923.1683210535775,171.78100954384962,2918.1165703191655,8607.545132588986,-5684.376811535409,16.81031055365787,-5688.033398860482,0.035147392290249435,0.009070294784580499,11.176004718823958,5.984835789228858,11.15321377729035,5.938143732368201,3.757147389477146,0.36635966199901304,150000.0,2900.0
2,39,8,known,3,130.0,100.0,150.0,4273.382478796835,145.96842992369085,4270.888786605594,1383.6638971054158,55.01498523626386,1382.5697564869558,1.0,1.0,65.0,1628.208182802936,155.05776649815698,111.97444492586828,882.0,882.0,5912.5705279569365,286.8822679526848,5905.606557534907,7846.3040201753265,-1933.73349221839,137.98159326595209,-1939.2844784258432,0.01020408163265306,0.0011337868480725624,11.378481496596269,4.860162931224252,11.355890171235043,4.797339529762356,9.357980873710826,0.3775997800003097,150000.0,2900.0
3,0,8,known,3,180.0,100.0,150.0,2805.272011464325,93.92233780781963,2803.6992800166377,2043.9343183345845,65.21579409911311,2042.8936335173903,1.0,1.0,40.0,2484.3106945597374,101.75112232315597,126.89097246025945,882.0,882.0,2620.9783430083376,205.6511971198461,2612.897828014311,10737.37568503731,-8116.397342028973,-4.952950191302818,-8122.412251101512,0.034013605442176874,0.012471655328798186,11.413431334391131,7.279447019385359,11.391167324735955,7.242007365636464,2.000288037774636,0.3482621969997126,150000.0,2900.0
3,1,8,known,3,180.0,100.0,150.0,1261.8131480831764,156.90373728672344,1252.0198232859714,1072.2397294518091,91.2234191319167,1068.352154121838,1.0,1.0,34.0,1078.8763763077282,234.05861800927417,155.16155770758522,882.0,882.0,6239.123973962633,226.43660388973302,6235.013586744953,11037.653147643558,-4798.529173680925,22.187306576790377,-4800.749605360653,0.01473922902494331,0.0011337868480725624,11.519340857461096,10.59673479200343,11.497327889658713,10.57051598006753,3.270988708852528,0.3313291410013335,150000.0,2900.0
3,2,8,known,3,180.0,100.0,150.0,1570.853865137972,120.49070064458725,1566.2259915724428,1017.4059433494673,68.7863760047953,1015.0779714085743,1.0,1.0,38.0,1817.0104212079189,138.80088809322743,155.6642689128735,882.0,882.0,4338.62118859407,226.98744408340193,4332.6793694371045,10628.332406677086,-6289.711218083015,15.506359754004592,-6293.548818296924,0.015873015873015872,0.0022675736961451248,12.12908098862739,10.222789871628489,12.107927552467721,10.190934468322862,2.3578153664920394,0.29627301000073203,150000.0,2900.0
3,3,8,known,3,180.0,100.0,150.0,4354.823952749488,286.75175823240545,4345.372836545939,2463.1903814618427,93.05952616507078,2461.4318556312037,1.0,1.0,31.0,2121.4065962588625,118.99288787328686,130.64710536457198,882.0,882.0,4619.033120489879,266.955548348119,4611.31236237458,11762.488999161942,-7143.455878672063,45.56237160538106,-7149.092924718952,0.015873015873015872,0.003401360544217687,11.892374673622268,5.363059187870577,11.870903315881968,5.295666795080109,4.784824148849563,0.2982974970000214,150000.0,2900.0
3,4,8,known,3,180.0,100.0,150.0,2533.3358535321854,153.3027978980918,2528.693100980873,1581.8637624228495,101.72879399996599,1578.589311802752,1.0,1.0,39.0,1337.2314854639592,188.89801429060577,167.92407605203624,882.0,882.0,5419.20948068718,237.44879637420325,5414.0049376289135,10446.32771977206,-5027.11823908488,26.865323360641156,-5030.200031145478,0.005668934240362812,0.0011337868480725624,11.574513314204316,6.667208484566211,11.552442869877723,6.625411428456609,4.515640902312332,0.320723986998928,150000.0,2900.0
3,5,8,known,3,180.0,100.0,150.0,2683.5268352465923,113.55978273289331,2681.122983235616,1687.8693732381719,78.86116738354372,1686.0260785036285,1.0,1.0,75.0,2222.6704930093083,113.83801321611944,121.73356980929937,882.0,882.0,3736.207755225602,246.41575992366816,3728.072915524745,10550.178996335102,-6813.971241109501,35.76206648053093,-6820.0028272896325,0.030612244897959183,0.0022675736961451248,11.426452322535008,9.53075028187136,11.404200271477603,9.498965055227462,2.1778673386013607,0.387175849002233,150000.0,2900.0
3,6,8,known,3,180.0,100.0,150.0,2006.3085326357802,134.4354407311866,2001.7994505950264,1462.4488472642943,83.1148149587959,1460.0851202580718,1.0,1.0,35.0,1694.3226606538356,148.98338180855075,158.82172520759133,882.0,882.0,3573.9682046458397,213.93066914267698,3567.5597257256363,11256.048993570477,-7682.080788924637,11.167688400015805,-7686.6628648978185,0.02947845804988662,0.007936507936507936,11.097789540313405,8.404930664782166,11.075031982581697,8.372267593099963,2.3623489242922515,0.37952225000117323,150000.0,2900.0
3,7,8,known,3,180.0,100.0,150.0,1668.6016687852914,153.49925901746158,1661.5262581596926,1006.1234459765857,117.30118809393069,999.2621376873798,1.0,1.0,46.0,647.9781348042122,389.392370357153,119.39125588168035,882.0,882.0,7152.137536913462,246.50491221081523,7147.888266836752,10876.375983755976,-3724.2384468425134,38.34598400545835,-3726.4955961980713,0.017006802721088437,0.0,11.512534517001196,8.9985717793081,11.489333537353376,8.968371989106846,4.415600431022195,0.3582466799998656,150000.0,2900.0
3,8,8,known,3,180.0,100.0,150.0,3166.9713437468845,170.55587295287629,3162.375402496552,1376.2756569561761,96.80827106431381,1372.866651420921,1.0,1.0,95.0,2654.9621750360798,95.14750303907324,110.71771377208053,882.0,882.0,4068.947055556634,267.08291150837016,4060.172023363445,9549.34518630563,-5480.398130748997,68.10139044007215,-5487.099829972035,0.026077097505668934,0.006802721088435374,11.209540860020962,8.443668689774036,11.186875573454607,8.40069168222556,2.6771847937539133,0.3682833400016534,150000.0,2900.0
3,9,8,known,3,180.0,100.0,150.0,1751.9024284711847,110.96485379763777,1748.3846602235171,427.3927446307965,86.15203590027136,418.61961835690835,1.0,1.0,924.0,2.9495541318400025,85373.47609663963,156.74688670995636,882.0,882.0,3504208.0205471744,97803.73441055072,3502842.8855434693,11088.977667896957,3493119.0428792774,97585.58897825418,3491756.0537918154,0.0,0.0,11.572862264871716,7.886763031785934,11.550780286823489,7.849962229195893,2468.4173035137787,1.1528910960005305,150000.0,2900.0
3,10,8,known,3,180.0,100.0,150.0,1459.9357294536226,75.2076183972211,1457.997307360442,1158.1285111865725,73.49595169180904,1155.7940965016833,1.0,1.0,38.0,811.2397135255661,311.7079836972417,102.00448978629201,882.0,882.0,5725.0897939681445,203.81034843684134,5721.46087034319,11559.069288515298,-5833.979494547154,-8.905570110518056,-5835.650998748243,0.013605442176870748,0.003401360544217687,11.165501415265059,7.766827192690707,11.141383044007087,7.731424851068612,4.095115498496804,0.32223476500075776,150000.0,2900.0
3,11,8,known,3,180.0,100.0,150.0,5897.6934404177355,409.92802735759136,5883.429861019259,2937.2861193565163,133.50308528755212,2934.2506152650235,1.0,1.0,28.0,2731.0977745497403,92.23177727099876,138.51060002916142,882.0,882.0,5105.029049885476,304.51382325813563,5095.938866550433,9887.259857980325,-4782.23080809485,102.61773132170129,-4789.2594353193845,0.013605442176870748,0.0011337868480725624,11.517836529574026,4.435795068054968,11.495875242172044,4.3577970867619715,6.3937292107139125,0.31920359500145423,150000.0,2900.0
3,12,8,known,3,180.0,100.0,150.0,2004.0203117737829,111.9256437278767,2000.892316012531,1480.4534881778236,119.44991865672942,1475.62673044059,1.0,1.0,48.0,2099.915033345596,120.09577045708322,173.0821635800658,882.0,882.0,3034.379219950071,207.40211873335474,3027.282876047383,10358.303244390107,-7323.924024440035,0.6350619777046234,-7328.956474555866,0.01927437641723356,0.003401360544217687,11.745174825995065,8.893863440727067,11.722083311019947,8.857843287289434,1.8954262616469684,0.3832945039976039,150000.0,2900.0
3,13,8,known,3,180.0,100.0,150.0,1659.9212521975924,114.6575337220139,1655.9565856199274,1136.5495568233437,75.84508816058018,1134.0160570808741,1.0,1.0,53.0,1143.3924016593062,220.5018135567401,112.93806628819138,882.0,882.0,5342.722204321265,247.3521791024444,5336.9932969829315,11014.367138812875,-5671.64493449161,31.74802057488239,-5675.263434286395,0.012471655328798186,0.0022675736961451248,11.822719250153817,11.268729839753938,11.799972773875517,11.241240922685737,2.633996062208831,0.3668104290009069,150000.0,2900.0
3,14,8,known,3,180.0,100.0,150.0,1257.834560274895,66.45764638365955,1256.0776895793838,1214.235231084492,52.218538637012806,1213.1118747376204,1.0,1.0,35.0,1290.0271968391173,195.46635383925084,118.24883704378311,882.0,882.0,3946.691860366195,208.37373947459136,3941.187260887023,11787.15407683547,-7840.462216469275,-11.019434471885518,-7843.924866975178,0.02040816326530612,0.0045351473922902496,11.468064102117633,9.983287628420625,11.445954743433282,9.955670169886968,2.1962770889725483,0.341549536002276,150000.0,2900.0
3,15,8,known,3,180.0,100.0,150.0,1165.7517742892812,223.7275995017723,1144.0817979846465,534.8632485640667,126.39482121719506,519.71438678757,1.0,1.0,121.0,535.9870491653212,469.6420027830645,130.888255522124,882.0,882.0,11278.472292585657,331.54620734696937,11273.598110941166,10976.954211108816,301.51808147684096,116.85290036054326,298.74364554096246,0.005668934240362812,0.0,11.367439664703,8.922899650197511,11.344978946907162,8.892752943770365,7.022176855016709,0.38580137800090597,150000.0,2900.0
3,16,8,known,3,180.0,100.0,150.0,2915.144577626307,222.8420502998405,2906.6147541568394,1400.1065562195533,108.51353365921626,1395.8951184747968,1.0,1.0,62.0,2703.2434982542254,93.57218418967972,92.73003385035128,882.0,882.0,3549.8060597057297,252.912865772781,3540.7849615375007,9501.927990579255,-5952.121930873525,45.271309770172934,-5958.874007203131,0.024943310657596373,0.003401360544217687,12.068637213020704,8.146656129776321,12.04737581674987,8.10534490550377,2.4207655830791053,0.38788603699867963,150000.0,2900.0
3,17,8,known,3,180.0,100.0,150.0,1884.566481295243,112.12498667455273,1881.2280057942908,1223.1157081914926,96.92774914651184,1219.2690626232452,1.0,1.0,54.0,2023.8686554514377,124.56960698947927,143.77831766201777,882.0,882.0,5023.591866120581,231.75968059153595,5018.2429881189455,10627.841699805878,-5604.249833685298,21.36335149229899,-5607.515929757663,0.022675736961451247,0.005668934240362812,11.841747649507244,9.595448803772177,11.82032637160602,9.563542950193058,2.9085501128095568,0.353238154999417,150000.0,2900.0
3,18,8,known,3,180.0,100.0,150.0,2720.8290102155815,91.32867180249609,2719.295786878929,1110.129541168153,87.40039911963666,1106.6836803748135,1.0,1.0,57.0,2583.2707094426214,97.44813937054194,151.37400808971927,882.0,882.0,4547.71603679817,259.1375300261323,4540.3269586983715,10030.508622283087,-5482.792585484917,48.8806617725445,-5487.977747035671,0.01927437641723356,0.0011337868480725624,11.905259065445705,8.620902064160228,11.883983954247215,8.581830754053634,2.9306781245500977,0.42497029100195505,150000.0,2900.0
3,19,8,known,3,180.0,100.0,150.0,1539.7743286109344,97.30956791853217,1536.6964017140024,1446.689467054461,76.35827129835081,1444.6729140157115,1.0,1.0,36.0,1588.2642080432815,158.96153695310207,116.42467843237367,882.0,882.0,3265.849977163504,197.40897334197408,3259.8781833962644,11064.429019601454,-7798.57904243795,-12.930775386789946,-7802.551329143173,0.035147392290249435,0.003401360544217687,11.841412871291354,9.559441621311528,11.819961474117937,9.531256882679354,1.8979781145159016,0.39083287799803657,150000.0,2900.0
3,20,8,known,3,180.0,100.0,150.0,3127.5514475609916,176.164849343753,3122.5861081796525,1804.320446291685,110.02515936632425,1800.9627251036154,1.0,1.0,42.0,2695.0586547806065,93.69694136849554,113.83643032102565,882.0,882.0,3282.6636978399215,261.1621655098834,3272.2584366798196,9782.557985535757,-6499.894287695835,47.000038026318066,-6507.955023338378,0.01927437641723356,0.005668934240362812,11.994778811626013,7.946244966152776,11.973711216488153,7.907402110064636,2.2950488716665736,0.3408941310008231,150000.0,2900.0
3,21,8,known,3,180.0,100.0,150.0,1701.7206260175053,139.62900166471942,1695.9825561919924,1333.401298552928,130.13067861485706,1327.0361824252836,1.0,1.0,115.0,886.7396673565855,284.17987314396885,149.9918522945129,882.0,882.0,4069.2279264109616,214.6618378069183,4063.5620104130576,11829.121377802468,-7759.8934513915065,-0.8539195008747527,-7763.595954590006,0.02040816326530612,0.005668934240362812,11.647875830349744,8.29912906067312,11.62497861388266,8.267633252466178,2.723999307411741,0.4697932609997224,150000.0,2900.0
3,22,8,known,3,180.0,100.0,150.0,1535.5138423884353,116.94838633269447,1531.053831548935,1453.471697516815,118.15885574021348,1448.6609197091552,1.0,1.0,40.0,1107.473848199585,227.9445862545542,139.51283867725533,882.0,882.0,4052.6052376935177,198.59372643023764,4047.7363728883684,10865.543955696887,-6812.938718003369,-5.49503780964136,-6815.890702333432,0.026077097505668934,0.0045351473922902496,11.391608439191295,8.16402833295282,11.367473808215408,8.132583636579373,2.7577652384994336,0.42720832800114295,150000.0,2900.0
3,23,8,known,3,180.0,100.0,150.0,1846.628112475218,128.27091646136876,1842.167733344048,1793.0110384608877,104.25210192776426,1789.9776767563985,1.0,1.0,51.0,1474.8003933255509,171.0688060367173,169.32874258029256,882.0,882.0,3426.6193403831153,209.41454330858724,3420.2142700331615,11450.088106259234,-8023.4687658761195,-12.944267123396003,-8027.71454702901,0.021541950113378686,0.0045351473922902496,12.121564966563257,8.727603878648369,12.100125750697913,8.698309358268,2.181214268879917,0.3157853269985935,150000.0,2900.0
3,24,8,known,3,180.0,100.0,150.0,860.0778919698546,126.89852854396842,850.6648833169761,697.4980071791721,71.49902294114189,693.8237238213886,1.0,1.0,129.0,806.088449182524,313.3195178843145,119.25086557088962,882.0,882.0,6917.983203622472,226.83733270669046,6914.263260109001,11180.447488799064,-4262.464285176592,17.484467117153855,-4264.2240001361315,0.013605442176870748,0.0022675736961451248,11.076547260472413,8.914718795833759,11.05375386900548,8.885807567068277,4.311211705083327,0.46344942299765535,150000.0,2900.0
3,25,8,known,3,180.0,100.0,150.0,1678.892237021392,158.451120713194,1671.3983324975009,1247.8826263868798,114.32639149072374,1242.634510001604,1.0,1.0,50.0,1674.5076239826494,150.63889286764848,108.13897861438734,882.0,882.0,5975.368178726716,223.83353732316547,5971.1743751886215,10087.117680175334,-4111.749501448618,14.339157354621733,-4113.767627543343,0.01927437641723356,0.0011337868480725624,11.467997234183617,10.533396788654038,11.445722011501559,10.507182902267783,3.1515465094386665,0.421148498000548,150000.0,2900.0
3,26,8,known,3,180.0,100.0,150.0,1403.1986899398369,125.18321560056991,1397.6035653863994,670.9158506232402,109.7935790299773,661.8711722240923,1.0,1.0,100.0,1854.714861996787,135.9701367445191,115.63578150263606,882.0,882.0,5540.279337821545,247.08554847845002,5534.766830935649,11728.767154863235,-6188.4878170416905,24.71077742992179,-6191.892046775418,0.009070294784580499,0.003401360544217687,11.92951498349932,12.207358828441896,11.906801190784709,12.181413008697529,2.521375023633405,0.42768863099990995,150000.0,2900.0
3,27,8,known,3,180.0,100.0,150.0,4261.79527729135,161.39968694452858,4258.737973460808,1124.3643445068335,94.56893203036321,1120.3802462971748,1.0,1.0,48.0,3474.612652338162,72.75735142572073,125.06851498492126,882.0,882.0,4408.6668602830205,320.9702781811541,4396.967314579681,10835.999968774078,-6427.333108491058,103.04937734974402,-6436.8411480179775,0.009070294784580499,0.0,11.710825566607586,6.66564647445556,11.689294500541921,6.613385179123107,3.6744513472325306,0.2949550730008923,150000.0,2900.0
3,28,8,known,3,180.0,100.0,150.0,1209.1612754995556,161.58894500178505,1198.315485596728,573.5595286686636,142.24722029904422,555.6404064175091,1.0,1.0,112.0,1689.1387842354534,149.27768063103494,143.78383822004923,882.0,882.0,6754.722821134668,237.8560957288283,6750.533672835216,9971.030435317878,-3216.30761418321,32.93578566990277,-3218.3908232456342,0.011337868480725623,0.0011337868480725624,11.308524218825863,13.489486670875618,11.286193883075846,13.466750513804463,2.781887762728093,0.48551442499956465,150000.0,2900.0
3,29,8,known,3,180.0,100.0,150.0,3012.1306341091968,211.80911208465713,3004.6743345955115,2021.7073793046318,122.929803608431,2017.9665485135267,1.0,1.0,144.0,2173.434080728845,115.90437846716668,132.10212225135658,882.0,882.0,3674.861256722766,253.7627616446381,3666.0891583490597,10403.824236750528,-6728.962980027762,40.29119905894052,-6735.544782583727,0.01473922902494331,0.0022675736961451248,11.1890506746515,7.3872383793461776,11.166421700827676,7.338644068433574,2.7636709176412126,0.6462502739996125,150000.0,2900.0
3,30,8,known,3,180.0,100.0,150.0,5964.620940194594,435.9012064302703,5948.671540641699,1970.3251651252115,148.44922392193075,1964.7249385709613,1.0,1.0,93.0,2628.277297415517,95.94257632310334,159.30196835985953,882.0,882.0,6719.805934690416,450.3577365184676,6704.697585205353,9484.762698162185,-2764.9567634717696,242.5596110260299,-2777.7885539614563,0.01020408163265306,0.0011337868480725624,11.361147413563184,3.7498909357766426,11.338704792871233,3.6696181298282218,9.955557596768509,0.3493007700017188,150000.0,2900.0
3,31,8,known,3,180.0,100.0,150.0,4531.81063182647,257.6346199450786,4524.481407337329,1821.760864221566,113.66887354387777,1818.211218092269,1.0,1.0,67.0,1915.9343481086619,131.817982433596,113.70658186480283,882.0,882.0,4244.82492249301,284.44146946924246,4235.284131326252,10584.95387754188,-6340.128955048871,67.32111005883382,-6347.442707216752,0.013605442176870748,0.0022675736961451248,11.842562917361084,4.801521569289996,11.81691799636168,4.736211326562964,4.911434914995885,0.3926490810008545,150000.0,2900.0
3,32,8,known,3,180.0,100.0,150.0,1545.7221378732754,89.72186211360697,1543.1159758651959,1042.3657692548102,81.68712168697566,1039.1600507451533,1.0,1.0,89.0,755.1255588796279,333.8828626321802,149.6067030001649,882.0,882.0,6032.240701050514,213.59931771067752,6028.457780136137,11018.348183066435,-4986.107482015921,4.64494647443712,-4987.9088964966195,0.012471655328798186,0.0022675736961451248,11.728009598642638,7.728997968627345,11.70615409412752,7.692182915461592,4.3359370095838266,0.6048826510013896,150000.0,2900.0
3,33,8,known,3,180.0,100.0,150.0,2751.0183785390327,118.54092563618968,2748.4632375218052,1278.7535554811625,77.86824667123165,1276.380504323089,1.0,1.0,35.0,2504.6373597409447,100.83558131146276,119.15579694848219,882.0,882.0,4432.494200540423,253.64159930866458,4425.231155196824,10028.08853156181,-5595.594331021388,47.32131024418828,-5600.734710252841,0.021541950113378686,0.0045351473922902496,11.218083720227384,9.101354446638965,11.195417066965632,9.071849961234136,2.7056377075693243,0.283731663999788,150000.0,2900.0
3,34,8,known,3,180.0,100.0,150.0,1430.72909014126,142.64563182005398,1423.6003487984592,707.2968800242853,133.28461175915265,694.6251426203203,1.0,1.0,139.0,798.1937703764528,316.3469529825959,159.18506912929035,882.0,882.0,6563.539100141747,219.03461908257626,6559.883333926975,10605.219204895788,-4041.6801047540403,10.909979762661578,-4043.2934786324768,0.01020408163265306,0.003401360544217687,11.691355118646202,8.237501874146815,11.668807184737894,8.203108347707838,4.426597610416362,0.4369706010002119,150000.0,2900.0
3,35,8,known,3,180.0,100.0,150.0,2125.21399013202,110.93068060891007,2122.316867942322,1400.6332394943158,63.646993545321,1399.1863820767353,1.0,1.0,44.0,892.8507908771924,282.89915369324837,147.5213891357304,882.0,882.0,4401.921229608828,216.94626658145054,4396.571940625704,10962.60836281796,-6560.687133209132,2.6656429016248353,-6563.942004023135,0.02040816326530612,0.0022675736961451248,12.140510953603517,7.011543260396788,12.118970754879424,6.973616650334318,3.487836704994862,0.3490209949995915,150000.0,2900.0
3,36,8,known,3,180.0,100.0,150.0,933.0493473671304,52.815527374152516,931.5533289567582,687.1111562651878,43.48295145433978,685.7338944495181,1.0,1.0,152.0,1198.1302064272913,210.9401166018719,149.07907304560132,882.0,882.0,8350.739310474286,255.7542396899353,8346.821958109635,11391.415289013557,-3040.6759785392715,38.286275580260025,-3042.517354219144,0.009070294784580499,0.0011337868480725624,11.410696806012323,13.221488588661392,11.388400878892133,13.194411945698167,3.5089086874141935,0.5056486629982828,150000.0,2900.0
3,37,8,known,3,180.0,100.0,150.0,3953.2795039076445,235.9440947203632,3946.232281579844,1130.9410067374538,132.8801491301079,1123.1074867026246,1.0,1.0,92.0,3302.360908292493,76.30735248995681,163.45364660907762,882.0,882.0,4096.427644579051,315.5727260944483,4084.2543140476437,10403.191800322196,-6306.764155743145,114.75393796378452,-6316.999045457868,0.01927437641723356,0.0022675736961451248,11.05649363398075,7.7452132003721355,11.033605879851036,7.694667963424584,2.9383221313622525,0.40855282499978784,150000.0,2900.0
3,38,8,known,3,180.0,100.0,150.0,904.9601914278201,160.86805662262339,890.5472567065361,566.1243392224436,141.38606982913615,548.1849566691145,1.0,1.0,129.0,736.0716955595508,343.48315942538994,136.41544305941642,882.0,882.0,7632.062002179711,221.24325475759755,7628.8545553929425,10581.4405674464,-2949.3785652666884,10.960748114067655,-2950.4963580516114,0.01020408163265306,0.0011337868480725624,11.514465818806368,9.357373952809095,11.490464795339072,9.328904935601763,4.5312226133514,0.43869610899855616,150000.0,2900.0
3,39,8,known,3,180.0,100.0,150.0,2369.166124131175,127.86672281333117,2365.7130478838117,1940.9862741689385,98.4193216515625,1938.489451515758,1.0,1.0,33.0,1239.5232358255278,203.2354612489117,123.82677769743117,882.0,882.0,3835.6122858893805,211.1571219659308,3829.7955921313373,11099.457229926593,-7263.844944037212,-6.109205150660586,-7267.534994188554,0.013605442176870748,0.0011337868480725624,11.576472639959878,6.861716454353228,11.55440525408158,6.820236653057388,3.1054849447051995,0.3019181859999662,150000.0,2900.0
4,0,8,known,3,230.0,100.0,150.0,2864.3206968761783,186.43327883602674,2858.2469604804414,1622.3192443602493,121.47955153463091,1617.764645793867,1.0,1.0,33.0,2529.926091032037,99.72887416785612,111.16522821578606,882.0,882.0,3976.59294340599,314.5774363722424,3964.1307337260946,14167.543259279202,-10190.950315873211,29.015620205984874,-10200.534333005819,0.012471655328798186,0.0011337868480725624,11.866249972406727,7.7761015404557,11.84487031739523,7.731983080750798,2.2234193376459648,0.3643135260026611,150000.0,2900.0
4,1,8,known,3,230.0,100.0,150.0,3086.2059805754766,246.31988681981642,3076.3604905629822,1163.9830286100323,150.95659599486055,1154.152761560543,1.0,1.0,89.0,2763.134626841392,91.53014482238733,183.73354960603143,882.0,882.0,4776.440262442219,328.97181431656765,4765.098018515921,14547.065324660123,-9770.625062217903,63.31808597277228,-9779.541463318821,0.018140589569160998,0.0011337868480725624,11.61880115986436,8.355783181559275,11.596789243130177,8.322110779304037,2.4853602737882885,0.39596598900243407,150000.0,2900.0
4,2,8,known,3,230.0,100.0,150.0,3483.869253023903,265.5353616100553,3473.735157420604,2656.3988598124356,155.57510690717965,2651.839227502985,1.0,1.0,38.0,2756.577390789082,91.42375272023024,160.1696942691931,882.0,882.0,3156.4957846409147,299.55947758988486,3142.2491559139517,12952.070294152632,-9795.574509511718,34.033854666056186,-9807.09913070812,0.015873015873015872,0.0022675736961451248,11.297337916533934,6.598980015998211,11.274953625702642,6.542322466630676,2.0796993902934386,0.37655314699804876,150000.0,2900.0
4,3,8,known,3,230.0,100.0,150.0,2035.413475590753,194.283451597125,2026.1199266213084,1501.1204761392742,115.1314021795849,1496.6988488392592,1.0,1.0,38.0,1224.5698176791634,205.78799879664842,168.05087677637732,882.0,882.0,4846.9209438271455,272.88838031439917,4839.232849078417,13270.518920057026,-8423.597976229881,8.072533436990739,-8428.643581414677,0.015873015873015872,0.0045351473922902496,11.585082852368089,7.24398002200372,11.563330185927253,7.202070334375515,2.909114776266119,0.3822970089968294,150000.0,2900.0
4,4,8,known,3,230.0,100.0,150.0,2398.0977818758643,161.61313989610028,2392.645850194062,1501.7043050186949,139.6964338945006,1495.1925381263916,1.0,1.0,67.0,960.5563676889495,262.9184217346497,147.69572208723307,882.0,882.0,4883.27387601748,291.0037535982439,4874.595425631394,13611.296637122392,-8728.022761104912,29.742876380780444,-8734.19360564449,0.009070294784580499,0.0022675736961451248,11.48470604871809,6.824517086275046,11.46267431553862,6.782084002060728,3.1110810156225606,0.5296138229969074,150000.0,2900.0
4,5,8,known,3,230.0,100.0,150.0,2696.3011153930406,306.81153177596497,2678.788231428353,759.3253640112235,187.37164555741256,735.8443278791273,1.0,1.0,113.0,2579.649651885989,97.98954041122424,166.1689992303106,882.0,882.0,6787.032196810408,364.62866738161244,6777.230405959696,15255.626378865725,-8468.594182055316,78.66553996751611,-8475.715581661949,0.007936507936507936,0.0022675736961451248,11.736111315070891,9.183958787306608,11.714262267821535,9.149384397928955,3.213084501107634,0.42495539100127644,150000.0,2900.0
4,6,8,known,3,230.0,100.0,150.0,2398.396824980373,157.13247783426468,2393.2439730386036,2032.9000805296123,140.36593356349897,2028.0483579323625,1.0,1.0,36.0,1818.381765490339,138.6912862275117,197.74822224900115,882.0,882.0,3700.1457899363827,271.5275580434818,3690.16959664551,13230.274108416637,-9530.128318480254,8.68257904470181,-9537.49329219675,0.01473922902494331,0.0045351473922902496,11.300118324482966,7.606744199653702,11.277697999819596,7.5720619455233695,2.1149114481541442,0.384803657001612,150000.0,2900.0
4,7,8,known,3,230.0,100.0,150.0,4286.426599284064,226.938275225639,4280.414934359467,1371.6732472232814,87.42215540512117,1368.8845327098938,1.0,1.0,72.0,3438.3487991941047,73.41845426763784,220.54377198896984,882.0,882.0,4945.513228956623,381.87554922959845,4930.747627154076,12043.16629390834,-7097.653064951717,118.00309122066221,-7109.527523714956,0.01473922902494331,0.003401360544217687,11.4897633606581,6.725429411809603,11.467656377949448,6.668350821942873,3.1971536854567337,0.4270871379994787,150000.0,2900.0
4,8,8,known,3,230.0,100.0,150.0,3241.838720923455,169.95333266265698,3237.3807556720108,1770.9540818106884,126.32008731158126,1766.4432046979414,1.0,1.0,50.0,2882.2352701883215,87.33862555933753,194.19062427847433,882.0,882.0,3345.1659491947544,286.1251828402365,3332.9067804840697,13638.86620687402,-10293.700257679266,21.936611089115843,-10303.400483858655,0.01473922902494331,0.0011337868480725624,11.748385165406455,6.9805187832685895,11.726647116919185,6.935757544137379,2.0835413857732483,0.3618362529996375,150000.0,2900.0
4,9,8,known,3,230.0,100.0,150.0,3773.949636963671,235.1886507903802,3766.614150782852,1660.483169865666,111.52598800775066,1656.7336271730667,1.0,1.0,39.0,1540.1539518760574,164.0635533314342,157.3713864119683,882.0,882.0,5028.896211014849,326.601132170409,5018.279466273726,14550.86075417415,-9521.964543159302,54.18498078148821,-9530.031024220621,0.013605442176870748,0.0,11.997796381424525,5.587665348169493,11.97289887206905,5.533609906384788,3.9130414533522515,0.4413722359968233,150000.0,2900.0
4,10,8,known,3,230.0,100.0,150.0,3873.8835542021666,167.73613582985794,3870.250428622788,1883.356009993491,77.32891022872272,1881.7678124629088,1.0,1.0,39.0,3220.3760476871757,78.40281320265275,141.31202872097379,882.0,882.0,4022.9545177073305,320.85313084611744,4010.1391896002892,14249.284682028032,-10226.330164320701,49.68244875691698,-10236.56500507765,0.013605442176870748,0.0011337868480725624,11.468411528097374,6.2397781732425885,11.446302020223587,6.189260796234443,2.8031616049642394,0.32905629699962446,150000.0,2900.0
4,11,8,known,3,230.0,100.0,150.0,1281.2509011279026,120.31836245662255,1275.5890260177136,1247.9043273953055,68.01551081380101,1246.0493973437278,1.0,1.0,65.0,1283.0555936755427,196.82984792685411,204.51018926222955,882.0,882.0,5140.344059434988,261.4545327974987,5133.690541574181,13720.267060893388,-8579.923001458399,-6.537381487586572,-8583.95898580892,0.015873015873015872,0.005668934240362812,11.543335733527524,8.826906374005132,11.521056764693789,8.79697174598832,2.531954124194773,0.35855376000108663,150000.0,2900.0
4,12,8,known,3,230.0,100.0,150.0,7225.592258163368,585.2372590566359,7201.852597203186,1649.3596350286502,179.80283081419415,1639.5298556882228,1.0,1.0,46.0,5274.823121231051,47.77714706589245,188.5880735490063,882.0,882.0,4359.1046905359235,439.6787549725906,4336.874023473363,14139.74902186477,-9780.644331328847,172.09068013271423,-9800.342782656804,0.007936507936507936,0.0011337868480725624,11.695852555180291,4.26538490798913,11.674118489161057,4.168061848302476,4.44335728149365,0.3239872810008819,150000.0,2900.0
4,13,8,known,3,230.0,100.0,150.0,3850.605123646974,315.7889925115795,3837.6343143224117,1906.5011170726852,187.49589321594036,1897.2590227553417,1.0,1.0,39.0,1483.361465780465,169.73175068168266,198.89592554614174,882.0,882.0,4701.794003244319,330.9112543314419,4690.134815834299,14644.647717361144,-9942.853714116824,36.612522589742014,-9951.55549034641,0.011337868480725623,0.0011337868480725624,12.169693355641261,5.646775116033574,12.14881965995016,5.598291731959105,3.620222552294722,0.33272907699938514,150000.0,2900.0
4,14,8,known,3,230.0,100.0,150.0,1752.6790891661904,184.40563611811686,1742.9511040096045,458.8197569534723,154.20849252091244,432.1288120517666,1.0,1.0,68.0,0.0745141119859178,3388258.485529451,174.79289489156113,882.0,882.0,225553474.92466375,6312669.942148929,225465119.80524263,13404.60761828882,225540070.31704545,6312419.427520259,225451717.53872457,0.0,0.0,11.142466372996264,7.866167746614428,11.119746996337401,7.83038386833868,124669.00196772725,0.37232365000090795,150000.0,2900.0
4,15,8,known,3,230.0,100.0,150.0,3456.990655086544,216.2281530896919,3450.2216994226783,1978.9094154587729,108.73064125533517,1975.9200698013028,1.0,1.0,27.0,1550.1065684677208,162.68127221679865,224.05318254688166,882.0,882.0,4531.440972044557,293.0127582942382,4521.957629898905,12680.65320601434,-8149.212233969783,36.26209868750669,-8156.096038941327,0.007936507936507936,0.0011337868480725624,11.836801315398791,5.1740400081466165,11.815342380219853,5.1142970278778215,3.807840147880173,0.35365428299701307,150000.0,2900.0
4,16,8,known,3,230.0,100.0,150.0,3700.971583475932,304.4992053665559,3688.423904003915,2578.7647529969936,148.48479833770858,2574.486340216676,1.0,1.0,28.0,2008.6337944406528,125.65021767807947,181.22024252402315,882.0,882.0,2857.5050094769017,281.66979015014863,2843.5887551652677,13740.674449879434,-10883.169440402533,18.917904811996436,-10894.573268348679,0.02834467120181406,0.0022675736961451248,11.253407737364471,5.565731471672122,11.230932522455454,5.513750626210482,2.2322195900119617,0.2996938020005473,150000.0,2900.0
4,17,8,known,3,230.0,100.0,150.0,2417.0195933710224,261.10108125144154,2402.8753484333624,1741.5197972369317,211.99632809035677,1728.5684137587293,1.0,1.0,63.0,2018.0056237387876,124.91548057137514,183.36192191653151,882.0,882.0,4959.1233738429955,264.35418182103285,4952.0724453050625,14363.90982388191,-9404.786450038915,4.595144181833177,-9409.488426375146,0.009070294784580499,0.0011337868480725624,11.483831985115565,8.224943065492912,11.461770578125753,8.193813036635252,2.6214656808616175,0.45333209299860755,150000.0,2900.0
4,18,8,known,3,230.0,100.0,150.0,3474.544341006801,267.75563530241715,3464.2120745396323,2457.761925015084,149.78701057367203,2453.1933334976384,1.0,1.0,39.0,2854.1762403183125,88.29089765871082,195.82568054154814,882.0,882.0,3741.009150783007,287.8086004437652,3729.9216715304883,12674.741351611541,-8933.732200828534,23.4336245009672,-8942.062159044217,0.022675736961451247,0.003401360544217687,11.362047310150427,6.428160504515226,11.338762942303344,6.377535617203735,2.5303128579151823,0.37536003600325785,150000.0,2900.0
4,19,8,known,3,230.0,100.0,150.0,5719.49925400053,312.92226410574904,5710.932618508079,2530.178787504284,131.40129794957167,2526.764412372831,1.0,1.0,36.0,2613.6317671881393,96.7114135666298,174.07438581174205,882.0,882.0,6134.552773608653,373.97953234584344,6123.142742217922,14000.55864270088,-7866.005869092227,97.39468326978357,-7874.683629364485,0.003401360544217687,0.0,11.291844226859089,4.375068363565453,11.269111140668972,4.30792899095543,6.09635469996883,0.3166629750012362,150000.0,2900.0
4,20,8,known,3,230.0,100.0,150.0,2087.0475899984804,115.90950191701735,2083.8264395778774,1631.280595496372,108.80682965008877,1627.6478289435015,1.0,1.0,54.0,1051.997183868315,239.65121104108823,193.76439448139695,882.0,882.0,4834.500767282588,287.5690181169208,4825.94050198251,13382.559039160595,-8548.058271878006,17.217388239130855,-8553.88746525389,0.006802721088435374,0.0,12.008989649736215,7.641808456622378,11.986862621723592,7.60696363932168,2.750601336413638,0.3484507550019771,150000.0,2900.0
4,21,8,known,3,230.0,100.0,150.0,2651.2660076879265,127.31867947245534,2648.207204389201,2181.5676908056757,136.6839574976715,2177.281581543826,1.0,1.0,39.0,1422.2168966924708,177.1733922245804,202.9497568949046,882.0,882.0,3467.8370543920255,246.33888039405232,3459.0766097067817,13367.012398629622,-9899.175344237596,-19.00528674199265,-9905.301899527567,0.013605442176870748,0.0045351473922902496,11.474217888869852,6.024904389303906,11.452075611189432,5.981666095829356,2.502538038141733,0.3724526830010291,150000.0,2900.0
4,22,8,known,3,230.0,100.0,150.0,1785.9445844514228,180.55863949555393,1776.793920643269,445.9926953566063,124.31828513609753,428.3158277396139,1.0,1.0,157.0,0.04420089510446209,5705085.3630199665,166.8965346349238,882.0,882.0,353410560.1842387,9891225.626967104,353272115.6634554,13784.822585702366,353396775.361653,9890963.074168457,353258333.34145415,0.0,0.0,11.599753755699076,7.869851980268077,11.577961852165204,7.834548139796862,195247.33842867136,0.41765432199827046,150000.0,2900.0
4,23,8,known,3,230.0,100.0,150.0,4072.4100201186097,165.07805642742744,4069.062865974007,1613.6204444684622,114.65846708074994,1609.5416660444955,1.0,1.0,53.0,3398.134738771549,74.31196854655923,205.6111594782973,882.0,882.0,3709.680998921308,344.7332992695358,3693.6285771761804,14810.329680990055,-11100.648682068746,59.69665064399561,-11113.957970555199,0.01020408163265306,0.0011337868480725624,11.775404357787103,6.276138395109353,11.753771988968083,6.221222320149048,2.5698999617289293,0.3776928589977615,150000.0,2900.0
4,24,8,known,3,230.0,100.0,150.0,2335.817621871548,166.10410439874443,2329.9041587901306,1932.908335679468,101.04384007580218,1930.2654678882661,1.0,1.0,60.0,1999.4542690189262,126.12063594234002,160.82757748168154,882.0,882.0,3475.4807903149995,269.97817232081917,3464.9788614533977,14141.069512210934,-10665.588721895934,-2.833867374501608,-10673.458836544882,0.011337868480725623,0.003401360544217687,11.885783225758388,7.3569661962081865,11.864290222091759,7.317458876528775,2.053942568423923,0.40125187800003914,150000.0,2900.0
4,25,8,known,3,230.0,100.0,150.0,3252.1694912298713,175.2396699232212,3247.4447582324724,1166.0140154282703,125.25123213590818,1159.2673604581455,1.0,1.0,32.0,2909.0500509710014,86.89777424192204,182.4859678144506,882.0,882.0,5080.144697479274,339.69598640376097,5068.77468271652,13532.73257059165,-8452.587873112376,77.47505821738525,-8461.417149329809,0.012471655328798186,0.0011337868480725624,11.336468910410904,7.64780425889959,11.31015915425554,7.606071382282652,2.888095052316667,0.3230505360006646,150000.0,2900.0
4,26,8,known,3,230.0,100.0,150.0,1907.709194350619,101.29060950314526,1905.0182630716088,1749.6675211597826,85.43820651825924,1747.5802549434925,1.0,1.0,28.0,1800.2676063786992,140.222604892256,131.26366779966006,882.0,882.0,3503.3170301299156,259.8907575945633,3493.663837250976,13981.909656875005,-10478.592626745089,-12.671614322207802,-10485.58891124848,0.02040816326530612,0.0045351473922902496,11.7502209226746,8.193141021394108,11.728376076149075,8.162397750944953,1.859093250647615,0.28693462499722955,150000.0,2900.0
4,27,8,known,3,230.0,100.0,150.0,2641.2003324277166,279.1734873215342,2626.404645136201,1163.291694583313,202.17662743900178,1145.5881362880411,1.0,1.0,140.0,2584.7115342348343,97.80629896822113,146.36368840953298,882.0,882.0,6368.8973338347,385.04094547108963,6357.247574165841,12806.075743935273,-6437.178410100573,112.63184784682483,-6445.930517344831,0.005668934240362812,0.0022675736961451248,11.87298904709483,8.963857021530629,11.851687516744185,8.931291201939192,3.0891677440506493,0.43149321700184373,150000.0,2900.0
4,28,8,known,3,230.0,100.0,150.0,1708.1953802109354,100.99107526623692,1705.207394920205,419.3183430722471,86.8172967208762,410.23240952773835,1.0,1.0,84.0,0.1288047779766028,1962595.5378926424,237.20671104720046,882.0,882.0,117759216.9709445,3295616.9925200134,117713092.26355661,13503.729765297847,117745713.2411792,3295361.340867232,117699590.95399766,0.0,0.0,11.202644917670977,7.871109683646836,11.180079370024838,7.834598609962903,65047.574751699794,0.34429436799837276,150000.0,2900.0
4,29,8,known,3,230.0,100.0,150.0,1912.8143947465337,143.8337504483708,1907.3989517092389,1820.0285484348285,111.71890655186272,1816.596488776923,1.0,1.0,36.0,1384.623839108686,182.4919742470287,158.25474780098483,882.0,882.0,3737.8890415123055,267.0655031572627,3728.3361575481817,13234.49625895369,-9496.607217441384,1.4437153979334312,-9503.494263603941,0.01473922902494331,0.0011337868480725624,11.196714545619681,8.116515962156164,11.174166154832186,8.081035742504056,2.002298961846534,0.36295616399729624,150000.0,2900.0
4,30,8,known,3,230.0,100.0,150.0,2680.222692009281,217.3582716970678,2671.394590936791,1789.7680356455196,142.80067753626662,1784.0621031549338,1.0,1.0,45.0,2407.0863639027857,104.75737653103387,153.24779378597987,882.0,882.0,4384.928617469184,296.3991396955802,4374.899602309513,12313.547145144037,-7928.618527674853,35.24196248361284,-7935.877798995229,0.01473922902494331,0.0011337868480725624,11.151680204688386,8.274986855985226,11.1290831052311,8.241496604070244,2.3039199172485976,0.38263427300262265,150000.0,2900.0
4,31,8,known,3,230.0,100.0,150.0,2396.3327226862375,166.4996428168033,2390.5414421755404,2199.1892550184994,130.3185132531132,2195.3246831601746,1.0,1.0,30.0,1423.7118590276837,177.04100662875587,188.0195294303514,882.0,882.0,3106.5170044850133,265.9296684958772,3095.1137799066796,13801.849119583167,-10695.332115098154,-5.530747027042025,-10704.06548418518,0.013605442176870748,0.0011337868480725624,11.533930858707748,6.933314147053942,11.509965556362637,6.890585865074374,1.9480720742205377,0.35746630699941306,150000.0,2900.0
4,32,8,known,3,230.0,100.0,150.0,2264.4688184973475,168.52402200050074,2258.1892489239135,1953.4690908017992,116.54508741155246,1949.9894182580174,1.0,1.0,86.0,1702.5742845107588,148.26648248022354,216.91436270607034,882.0,882.0,3994.176362195682,285.92548375368193,3983.929144709147,13322.82393010246,-9328.647567906779,30.335219283777406,-9336.442887978941,0.023809523809523808,0.005668934240362812,10.85426592104228,7.815363417526222,10.830877914048648,7.780950910064755,2.2220315621555957,0.4245770149973396,150000.0,2900.0
4,33,8,known,3,230.0,100.0,150.0,1801.8579759852532,232.04091319988478,1786.854549263324,466.3400104029504,153.62754685507363,440.30850792361036,1.0,1.0,172.0,0.04888847516664864,5156384.572298023,151.9257614283662,882.0,882.0,324342808.37323517,9078416.398166372,324215730.18460816,13377.019452471632,324329431.3537827,9078158.91205473,324202355.643482,0.0,0.0,11.247841760336836,7.876004953576323,11.225394430492496,7.8409363562538665,179048.4048288412,0.4631777480026358,150000.0,2900.0
4,34,8,known,3,230.0,100.0,150.0,4255.6262474077075,269.6388943645427,4247.075420129866,1469.138658036146,115.54002140755802,1464.5883039234573,1.0,1.0,44.0,3406.473386194923,74.08731809819889,101.56804455010139,882.0,882.0,4862.785134436856,380.9096744483368,4847.843549828289,14805.491781120245,-9942.70664668339,111.50096186987741,-9955.196875246755,0.012471655328798186,0.0011337868480725624,11.209717070557934,6.661171380398873,11.186818635599284,6.6108707867798095,3.1739979134875402,0.3303760449998663,150000.0,2900.0
4,35,8,known,3,230.0,100.0,150.0,2489.5881037574313,152.83244829984767,2484.8925870381595,2009.104982074783,106.77893000398824,2006.2654582843513,1.0,1.0,70.0,1332.2771063285352,189.4103475459316,119.59598144853022,882.0,882.0,4135.960095935734,289.8507730912026,4125.79112953033,14144.624008252043,-10008.66391231631,12.430848990200047,-10016.112084695535,0.017006802721088437,0.0011337868480725624,12.018770179566452,6.660190338692053,11.99738035184243,6.613897883765128,2.6999881813065456,0.3777409389986133,150000.0,2900.0
4,36,8,known,3,230.0,100.0,150.0,3069.941689715219,216.4061601076167,3062.3047451419675,1064.4092174587452,131.25469982386863,1056.2855608145387,1.0,1.0,99.0,2824.2014857007343,89.25134557556036,172.2729236998126,882.0,882.0,6127.373912358808,364.1825013360928,6116.5416836293925,11864.031413129145,-5736.657500770337,119.26188666606052,-5744.96139415231,0.006802721088435374,0.0,11.86757283801427,9.228160966006069,11.844527890031735,9.193693596661056,2.886897642859446,0.45397036999929696,150000.0,2900.0
4,37,8,known,3,230.0,100.0,150.0,2804.4682694053413,198.64668987921976,2797.4241306425843,1458.2837465685714,161.6255328934389,1449.2993730154517,1.0,1.0,49.0,1085.3644641889039,232.0269859260177,264.15211800027663,882.0,882.0,6619.713017421809,328.061060392921,6611.578962220569,13978.454712174385,-7358.741694752576,60.13739926176129,-7364.3078809145145,0.011337868480725623,0.0,11.745128119347342,6.807266858869549,11.722559763451159,6.762000595337636,4.228034766671657,0.32517102700148826,150000.0,2900.0
4,38,8,known,3,230.0,100.0,150.0,1459.8468437574961,75.37696184933974,1457.8995578746453,1179.3545400675807,64.52553345448844,1177.5880377748529,1.0,1.0,49.0,1624.950686684222,155.3240243027652,215.32859325622707,882.0,882.0,4571.016723449253,276.56231961531626,4562.642564284622,13279.107955180743,-8708.09123173149,3.574193831694572,-8713.659088228611,0.02040816326530612,0.0045351473922902496,11.32569374047917,10.352611782460318,11.303363281502364,10.322988996240419,1.9197074295588137,0.33370879299764056,150000.0,2900.0
4,39,8,known,3,230.0,100.0,150.0,2637.1142483670455,202.39206335544074,2629.3362302359155,970.1549592471086,159.01114536584072,957.0350571432599,1.0,1.0,83.0,2556.924474510063,98.6783038005524,159.6085013119418,882.0,882.0,4683.047624324249,335.3452796931869,4671.025432929743,12897.128276701598,-8214.08065237735,71.68536977400521,-8223.407522326466,0.012471655328798186,0.0022675736961451248,11.63141578602811,9.109208352664673,11.609633133353874,9.064704363191755,2.235219114462412,0.4028480529996159,150000.0,2900.0
5,0,8,known,3,280.0,100.0,150.0,2069.468844025063,149.48700644565338,2064.0627246511544,900.583751543253,125.96196427425726,891.7312807678614,1.0,1.0,88.0,503.7219057221227,501.0183078292471,211.30719704475518,882.0,882.0,9287.735593935404,385.9502408207456,9279.713081473214,15930.979268624365,-6643.243674688962,51.30531783438056,-6647.751036610958,0.006802721088435374,0.0011337868480725624,12.247385883972989,7.991558466197552,12.22646481270942,7.957299755803183,4.150690307073208,0.38210539399733534,150000.0,2900.0
5,1,8,known,3,280.0,100.0,150.0,2667.753822071986,186.24131435204288,2661.2449394988266,1942.7458786712396,148.46366417900884,1937.0648129354447,1.0,1.0,29.0,2446.4763044781553,103.09333664460198,204.9289779935304,882.0,882.0,3975.976736212258,332.855100109659,3962.0194963215495,16232.184971652046,-12256.208235439788,10.33519868054384,-12266.961059064815,0.012471655328798186,0.0022675736961451248,11.692630749998715,7.469810814006929,11.67095956864506,7.429327319110975,1.9009741034427496,0.3361567300016759,150000.0,2900.0
5,2,8,known,3,280.0,100.0,150.0,3932.7746093020232,327.68563253437026,3919.0991635580276,2832.8760853789636,219.0423216069424,2824.395046104047,1.0,1.0,31.0,2094.5655373912937,120.68048815499593,234.75474180831873,882.0,882.0,3182.49926459529,344.86190385697614,3163.7591305941264,14555.147484487645,-11372.648219892355,23.855976729268377,-11387.84811705848,0.018140589569160998,0.005668934240362812,11.464580459574556,5.855060290927938,11.4407050841995,5.800047189594986,1.9412385590182688,0.36227823499939404,150000.0,2900.0
5,3,8,known,3,280.0,100.0,150.0,2528.376422488873,144.69849554617053,2524.232493092565,1725.5347189161507,104.39744466878648,1722.3737224341487,1.0,1.0,31.0,1037.2002752729695,243.55323891920617,214.75834603373949,882.0,882.0,4494.405248291382,345.70450487535044,4481.089926700647,15970.294645910106,-11475.889397618725,12.809441828389652,-11485.734803162955,0.01473922902494331,0.0011337868480725624,12.027556935295731,7.656040332603701,12.006143738454025,7.621032335261617,2.0965729826383392,0.34232051899743965,150000.0,2900.0
5,4,8,known,3,280.0,100.0,150.0,1985.12585843634,236.258733669523,1971.0166119537118,1203.9135354879966,160.1824148434447,1193.2097028209796,1.0,1.0,72.0,1216.0536172221316,207.50326462816926,165.98432324452023,882.0,882.0,7965.107512520614,406.17742359443537,7954.744344513815,16520.36295584062,-8555.255443320006,72.04372323643025,-8562.239243992779,0.003401360544217687,0.0011337868480725624,11.729660059684804,9.823827779692888,11.70802712466638,9.79191081540936,2.895695362608014,0.4053254829996149,150000.0,2900.0
5,5,8,known,3,280.0,100.0,150.0,6886.454163245398,680.4352999533136,6852.755558536823,2321.5237264802972,242.22777817555487,2308.8521208797893,1.0,1.0,30.0,5045.371075878365,49.9277887153441,254.94838850474477,882.0,882.0,5100.017952340885,540.7168696109283,5071.27285610994,16787.053853194262,-11687.035900853378,213.86206052375468,-11712.598658049745,0.003401360544217687,0.0011337868480725624,11.485942065741423,4.86045792154316,11.463562600050789,4.776801688386062,3.747455512176505,0.3706667740007106,150000.0,2900.0
5,6,8,known,3,280.0,100.0,150.0,3034.178779999716,255.40165564703935,3023.4104688734074,1201.9687985824605,136.2989752817263,1194.2158858861806,1.0,1.0,41.0,2811.9741658465878,89.71031462200992,214.25202999753256,882.0,882.0,6123.604266205645,428.41038531751923,6108.599982880208,16225.06814160288,-10101.463875397236,100.26832376268277,-10113.14958327619,0.012471655328798186,0.003401360544217687,11.871431723094663,8.456321416120524,11.850038179475453,8.417377192237986,2.586232731735729,0.3395631390012568,150000.0,2900.0
5,7,8,known,3,280.0,100.0,150.0,3421.3449942936813,321.8440916554186,3406.173505657768,2488.2407559936823,211.80461767183047,2479.209725642609,1.0,1.0,27.0,2414.8101987667224,104.4953232870177,218.4647085243791,882.0,882.0,4091.8741981734834,345.142840537234,4077.2921005618146,17098.951503855656,-13007.077305682173,6.779597028474825,-13018.311218615017,0.011337868480725623,0.0011337868480725624,11.458436958838913,6.032554389729813,11.436142451201285,5.974582443875699,2.4224955927339233,0.38595001400244655,150000.0,2900.0
5,8,8,known,3,280.0,100.0,150.0,4852.038221120354,349.4699765401399,4839.436499708391,1692.2997534341027,163.30527394526845,1684.4019244155434,1.0,1.0,80.0,3750.7296130908376,67.15885536203315,257.4814665246994,882.0,882.0,5755.74025354609,497.3454357020554,5734.21253389488,16861.853383562047,-11106.113130015958,172.69475255496616,-11124.515219487788,0.013605442176870748,0.003401360544217687,11.257723252265864,6.823152899918772,11.235294033860162,6.758518892330494,3.0127150150014597,0.4035232319984061,150000.0,2900.0
5,9,8,known,3,280.0,100.0,150.0,2479.734342055953,162.20280777597918,2474.4237018589315,1693.3713803621072,126.17924358394039,1688.6638002628154,1.0,1.0,40.0,1020.7473836114993,246.99930564762727,264.85546976397177,882.0,882.0,4920.169650927501,346.470991862266,4907.955505677087,17222.400392809515,-12302.230741882015,30.32353188976157,-12311.542921216715,0.012471655328798186,0.0011337868480725624,10.911701379482789,7.432622081288665,10.888453138325014,7.39050255840259,2.3641770394643267,0.3388054640017799,150000.0,2900.0
5,10,8,known,3,280.0,100.0,150.0,922.0768110491239,278.5109052737972,879.0092838634253,808.2862088719435,167.8942210053529,790.6567687723825,1.0,1.0,153.0,1359.7958154474331,185.39903526834382,185.46524001823903,882.0,882.0,9681.160682475278,345.53262402693076,9674.992473673468,18001.124536214877,-8319.963853739599,1.828489484576835,-8322.850509201333,0.006802721088435374,0.0011337868480725624,12.147530467144183,11.099111133809792,12.125770146120466,11.071400142292013,3.115166020877115,0.4709349900003872,150000.0,2900.0
5,11,8,known,3,280.0,100.0,150.0,1638.4870164369656,89.73388985298,1636.027974102021,1110.8974380701334,74.43452153448473,1108.4009292285523,1.0,1.0,45.0,1884.9439301718442,134.0279630113521,188.27818979500236,882.0,882.0,5568.9012163280595,317.6799243683995,5559.832751340046,15015.914418950857,-9447.013202622798,5.617581960174164,-9452.838660893918,0.005668934240362812,0.0,11.335011120951009,10.080513419395729,11.312759644557168,10.044214165042112,1.973007930051403,0.32229703399934806,150000.0,2900.0
5,12,8,known,3,280.0,100.0,150.0,2053.323158777715,209.5303829696621,2042.604468071457,1864.9470994753162,165.02007031790393,1857.6318419519162,1.0,1.0,61.0,1231.7233783273869,204.86441900702212,232.64513793150545,882.0,882.0,4693.598954451651,324.36548416820193,4682.3774066076685,17875.583641688747,-13181.984687237096,-14.237202390766015,-13189.999009293642,0.009070294784580499,0.0011337868480725624,12.285535324965963,7.310285196088701,12.264381993414615,7.271816953504139,2.2930505389481524,0.34746392799934256,150000.0,2900.0
5,13,8,known,3,280.0,100.0,150.0,3277.7013801168214,269.75924343185767,3266.5817436278535,2051.40479766396,196.92998925503494,2041.9305138056789,1.0,1.0,40.0,2274.9716120315493,111.0871097794341,243.9360602298659,882.0,882.0,4599.507088951156,371.743530477131,4584.459860099152,14892.653199212897,-10293.14611026174,45.576761776501144,-10304.62119116192,0.012471655328798186,0.0,12.09132683126622,7.536914734394301,12.070246779047949,7.488712981539525,2.1795139803035792,0.3114571160003834,150000.0,2900.0
5,14,8,known,3,280.0,100.0,150.0,1943.7029895750916,250.5687038091067,1927.4845359573114,1633.4848415095953,229.42291506301112,1617.2933727328564,1.0,1.0,28.0,1854.7979625458345,135.92895738767794,196.46145699360824,882.0,882.0,5083.119584724311,348.1145700121771,5071.185360322878,17498.370495873336,-12415.250911149025,19.274299252285914,-12424.094977161774,0.007936507936507936,0.0011337868480725624,11.369220538934016,9.136323736675745,11.346831993362116,9.10147630759558,1.9870134903382788,0.29249357899971073,150000.0,2900.0
5,15,8,known,3,280.0,100.0,150.0,1831.3310882806004,226.36760636237378,1817.2867857585875,1180.6189653864112,167.15338468091159,1168.7261815411664,1.0,1.0,114.0,1953.1513152707516,128.6356814147965,253.49539723721526,882.0,882.0,8261.487813511347,347.7671935790759,8254.1649409172,16882.144316621776,-8620.65650311043,10.822873277882422,-8624.616568784904,0.005668934240362812,0.0011337868480725624,11.648609243553832,10.354935435787624,11.626840949285834,10.328217590448034,2.849396193984007,0.412517012002354,150000.0,2900.0
5,16,8,known,3,280.0,100.0,150.0,1423.7601553301404,153.45742110021612,1415.465930291145,542.7795342269537,91.43975326185385,535.0218633841426,1.0,1.0,74.0,1834.8712338618147,137.44571414099224,177.04987066270468,882.0,882.0,8281.554380767513,369.8929206190819,8273.28968360745,16184.414330377002,-7902.8599496094885,48.21158711291508,-7907.927462731885,0.006802721088435374,0.0022675736961451248,11.40874003229887,12.428620489772877,11.386397942526726,12.405917624436658,2.3797476120258496,0.4024959470007161,150000.0,2900.0
5,17,8,known,3,280.0,100.0,150.0,7069.779924509956,570.1650622804452,7046.751023184993,2683.9218369490018,129.6365366884245,2680.789211259836,1.0,1.0,45.0,3245.1820705310342,77.77994229859554,187.19003211958446,882.0,882.0,7608.86934191187,571.9306984276146,7587.343931738068,17203.512219889846,-9594.642877977976,244.49573273255191,-9613.051966122523,0.003401360544217687,0.0,11.748065669186744,3.5666568834190544,11.726467698971446,3.475985398674565,7.6190489447701015,0.3931074060019455,150000.0,2900.0
5,18,8,known,3,280.0,100.0,150.0,3200.5044504356833,291.2706971070364,3187.2229476874377,2672.376958889658,240.29768348208617,2661.551358459476,1.0,1.0,32.0,1903.6847283065251,132.363959073207,151.26656148779657,882.0,882.0,3927.6188203969887,327.0998852990199,3913.974356504396,17307.042757737083,-13379.423937340094,-17.00906544377449,-13389.647173341846,0.009070294784580499,0.0,12.436333988042277,6.5838845944210345,12.415106517609079,6.53589394966128,2.130537051747927,0.3894875830010278,150000.0,2900.0
5,19,8,known,3,280.0,100.0,150.0,4870.476004617848,397.72714537408785,4854.209475227744,2582.809176897527,160.9132448105787,2577.7917239200324,1.0,1.0,43.0,2234.4894563384487,113.04758648400116,159.31011870183383,882.0,882.0,5638.132381611341,412.0058593299169,5623.058591589828,15758.15978276856,-10120.027401157218,85.54697369883979,-10131.719234049508,0.0011337868480725624,0.0,11.173705554612082,5.229970933682487,11.149394924513373,5.167981680372815,3.850152769970602,0.37811728499946184,150000.0,2900.0
5,20,8,known,3,280.0,100.0,150.0,2297.3730600359168,135.90531548430667,2293.3496729024782,1446.1502775066429,125.70781548562974,1440.6762891983649,1.0,1.0,54.0,1166.950680299104,216.2123959432097,203.2376870094966,882.0,882.0,6990.9410269191885,321.19238073984116,6983.558684253793,16819.78228748432,-9828.84126056513,-19.042188313556096,-9832.782078123506,0.011337868480725623,0.0022675736961451248,12.106753090428429,6.9374162593950555,12.085279148882197,6.889886969108245,3.5989834819121223,0.47502503999930923,150000.0,2900.0
5,21,8,known,3,280.0,100.0,150.0,1393.27664225827,198.87873360866834,1379.0094456459285,1363.5533015385768,134.38037953492284,1356.915443103513,1.0,1.0,96.0,1295.7770669021418,194.58910751938666,167.7398248520299,882.0,882.0,5353.808662588153,313.7955239934624,5344.604715479492,14238.589647968374,-8884.780985380221,0.22078012457063778,-8890.531604318774,0.005668934240362812,0.0,11.867421176350277,9.236651673724452,11.845913622718058,9.209204084432285,2.0700948675938484,0.4196954300023208,150000.0,2900.0
5,22,8,known,3,280.0,100.0,150.0,7384.196627904188,710.7837546632974,7349.907910556318,2734.516933436122,202.873531647099,2726.9809660879423,1.0,1.0,52.0,3519.2409704593483,71.66554943842516,253.2729324623217,882.0,882.0,7979.618540028975,637.1627094285012,7954.139533984042,15255.664645190483,-7276.046105161508,316.62893218268084,-7298.157403335246,0.0011337868480725624,0.0,11.451132337480686,3.5011526658809866,11.428950625398832,3.4077382012806057,8.139787196565901,0.3473284790015896,150000.0,2900.0
5,23,8,known,3,280.0,100.0,150.0,1994.3655201952477,110.72864123786067,1991.2892798770545,1425.353683296649,74.0642379786924,1423.428119414521,1.0,1.0,70.0,969.9935328245622,260.6602733482193,212.20342993008188,882.0,882.0,5545.551192338117,358.53118944203663,5533.949169719576,17548.96055769537,-12003.409365357253,27.025002299489586,-12011.879972940911,0.01020408163265306,0.0,11.58899484815936,8.264089731929811,11.566862782736376,8.226437224860003,2.3965785240827953,0.6982177890022285,150000.0,2900.0
5,24,8,known,3,280.0,100.0,150.0,3397.0789181476202,253.35531356961835,3387.6180807772657,2460.465959482852,152.44258839490138,2455.738991631101,1.0,1.0,34.0,2078.0917195164043,121.41273121982464,167.99838074652195,882.0,882.0,3891.4325575207167,331.3235009806093,3877.302166124041,15480.697527022543,-11589.264969501826,12.601129521502287,-11600.114025640443,0.007936507936507936,0.0,11.645456850884747,6.210643864822895,11.62372086200555,6.163454062466676,2.237766924365927,0.3675309149984969,150000.0,2900.0
5,25,8,known,3,280.0,100.0,150.0,2256.887333807325,221.21545551960332,2246.0196258579736,1489.3471473603508,157.82205869160765,1480.9615535660462,1.0,1.0,153.0,2210.292328801341,114.13475594635747,270.87949410761894,882.0,882.0,5911.691448093421,362.9674525556126,5900.538145444548,16102.65156296332,-10190.960114869898,39.00565776422968,-10198.854268982792,0.01020408163265306,0.0,11.197754309332934,8.990661273312396,11.17513805805235,8.96107693487061,2.3483460338854627,0.5620258969975112,150000.0,2900.0
5,26,8,known,3,280.0,100.0,150.0,2355.231927337782,216.92475470524326,2345.220902675762,756.2311774288673,137.62343345169444,743.6029749001937,1.0,1.0,88.0,2387.3978640768187,105.8073598278911,192.38178182620797,882.0,882.0,6477.394671624975,393.5896095381941,6465.42565893841,16561.325400121514,-10083.93072849654,65.74173262483754,-10092.654386112506,0.009070294784580499,0.0011337868480725624,11.652665550100767,9.928493509132204,11.630932083909926,9.882438206170107,2.3300163692893023,0.3977799310014234,150000.0,2900.0
5,27,8,known,3,280.0,100.0,150.0,2011.5636601288927,152.53103629066703,2005.772330480018,1051.050909317135,123.53014301085244,1043.7664095687762,1.0,1.0,347.0,866.6160110601454,291.67941959062097,215.03000470071208,882.0,882.0,8263.358524183852,369.90024425633254,8255.075281819121,18798.098168170593,-10534.73964398674,15.777864001444243,-10539.687075816084,0.006802721088435374,0.0,12.529255839222245,7.937182655935932,12.50890436622196,7.9003710003688425,3.718195234823919,0.7018207559995062,150000.0,2900.0
5,28,8,known,3,280.0,100.0,150.0,2960.258624785067,285.79002701914504,2946.430923349599,2113.6435691485594,153.60365253107858,2108.054803683285,1.0,1.0,41.0,2193.1633528059724,115.10504234457524,188.28240878657473,882.0,882.0,4069.201606951231,352.59188060378926,4053.896974979355,16062.86653076255,-11993.66492381132,24.927827355067393,-12005.62722262066,0.013605442176870748,0.0011337868480725624,11.816071437618506,6.791899416014132,11.793068769458966,6.749765805265415,2.139734703329482,0.37414287199862883,150000.0,2900.0
5,29,8,known,3,280.0,100.0,150.0,2776.125109801102,268.70122026630054,2763.09071141278,1557.2258749782393,208.03299107870112,1543.2675400994451,1.0,1.0,66.0,1082.7913060601227,233.22631245847296,268.5350788959102,882.0,882.0,6818.969845184846,387.9468901133852,6807.925305112536,17851.324285271887,-11032.354440087041,55.80952366235101,-11040.30887947124,0.0045351473922902496,0.0022675736961451248,11.677950730723847,7.144525181110037,11.656090737302872,7.104129348616603,3.4086889073038793,0.34661874399898807,150000.0,2900.0
5,30,8,known,3,280.0,100.0,150.0,1919.2557333923248,164.5607213524032,1912.187840968373,1377.352486343836,146.59365390481798,1369.5291790511008,1.0,1.0,66.0,884.7866517023194,284.827321161763,179.6212498713208,882.0,882.0,6366.094706741567,363.60080022093445,6355.702657714699,16646.885078604308,-10280.79037186274,30.056381661999296,-10287.840563039315,0.01020408163265306,0.0011337868480725624,11.751051348728137,8.153126950259285,11.725548742216883,8.115631300366484,2.788629769018128,0.3960350630004541,150000.0,2900.0
5,31,8,known,3,280.0,100.0,150.0,2687.7704553770636,245.8850679278564,2676.4996831996714,1885.4330186862821,188.97786610093027,1875.938440908018,1.0,1.0,39.0,1321.2728005040012,190.62540513537587,192.31336123752592,882.0,882.0,5740.996734713696,393.2472841764502,5727.512556204583,18254.833997455513,-12513.837262741818,43.00415848191926,-12523.961193264564,0.01020408163265306,0.0011337868480725624,11.866777359813604,6.8579516440234,11.845212509028265,6.816145847680515,2.9897498307243344,0.3331455370025651,150000.0,2900.0
5,32,8,known,3,280.0,100.0,150.0,7744.453114441628,607.2615128413065,7720.607974557854,2682.439431008161,118.54215679010727,2679.8188479990463,1.0,1.0,54.0,3679.3878096503468,68.63764233359609,197.00081090416,882.0,882.0,6350.5934978607875,521.4244606604564,6329.151152160664,16299.543781735523,-9948.950283874736,192.24237408757108,-9967.068245190141,0.0022675736961451248,0.0011337868480725624,11.628818105216336,3.3044995235943446,11.606995427862,3.1997007548686724,6.86357825197035,0.3171349900003406,150000.0,2900.0
5,33,8,known,3,280.0,100.0,150.0,2067.939160230205,223.71636426446256,2055.80236374363,1717.9122645783868,204.40218023543048,1705.7087375938027,1.0,1.0,37.0,1728.1810935931203,146.02275327358223,180.86287951912814,882.0,882.0,4687.161532254107,330.04916273756754,4675.526791669458,16145.677063653213,-11458.515531399105,-3.276292669167276,-11466.709174408948,0.007936507936507936,0.003401360544217687,11.7006755634423,8.722516947425913,11.678996324536882,8.693321283655006,1.9191550691263848,0.3113328050021664,150000.0,2900.0
5,34,8,known,3,280.0,100.0,150.0,3500.5976433860105,290.95681507455015,3488.485056961168,2080.099800121802,148.3364647430025,2074.803959822303,1.0,1.0,31.0,2842.7931642052827,88.60384685381035,238.56538105646064,882.0,882.0,4719.303965497967,367.19818405360513,4704.996855726108,16983.96378320844,-12264.659817710475,40.088337442872785,-12275.81657996025,0.007936507936507936,0.0022675736961451248,11.69996916182446,8.361733547279755,11.676358629233302,8.320068006722188,2.0156893213990017,0.3072994660033146,150000.0,2900.0
5,35,8,known,3,280.0,100.0,150.0,3430.281157689565,203.2673797124279,3424.25337747441,1903.587381611107,137.41552971352667,1898.6210500314646,1.0,1.0,162.0,2793.257732297546,90.23899896410254,204.08126865321273,882.0,882.0,4629.74508344164,360.60644639726235,4615.680072152833,17313.762248681654,-12684.017165240013,44.271256799634216,-12695.192096854025,0.01020408163265306,0.0,11.0998836257532,6.9670149107424555,11.077103034486957,6.9289297726452475,2.373298188861255,0.5501236950003658,150000.0,2900.0
5,36,8,known,3,280.0,100.0,150.0,1326.3103413567458,182.4940757672948,1313.6951830237058,1123.0671315660218,154.3134843994124,1112.4149992410405,1.0,1.0,41.0,957.106862114202,263.36457161253475,234.57043402097102,882.0,882.0,8449.227101681905,326.98007466420125,8442.897763598028,17015.219306583545,-8565.99220490164,14.861029307330455,-8569.45862088496,0.0022675736961451248,0.0,11.339665631342314,8.64266559708246,11.317238079844369,8.610644384526875,3.49149353732047,0.3664077239991457,150000.0,2900.0
5,37,8,known,3,280.0,100.0,150.0,5148.742991593652,347.7180480417298,5136.988081799567,2608.5946170561597,153.5514229981788,2604.071396223538,1.0,1.0,20.0,4045.343462608703,62.529757585059436,226.190795905883,882.0,882.0,3959.37572240038,403.1387425937734,3938.798708407608,16563.268511196533,-12603.892788796153,76.8741592916736,-12621.256098134465,0.005668934240362812,0.0,11.645879708419422,5.19459677317841,11.623737702919362,5.124134482352876,2.7221800261792315,0.34356464899974526,150000.0,2900.0
5,38,8,known,3,280.0,100.0,150.0,5363.16699265018,369.41615122132976,5350.42913216026,2282.4661965760138,167.33868348131026,2276.3237255546314,1.0,1.0,54.0,2483.261237775734,101.78209020647077,176.69414126375895,882.0,882.0,5159.833105784662,400.95749792250837,5144.230823399267,15494.973740192076,-10335.140634407413,84.0281801731096,-10347.501391456273,0.006802721088435374,0.0011337868480725624,11.13940867462465,4.201605705925019,11.116589914157826,4.123909661710988,4.385936393749564,0.3872092809979222,150000.0,2900.0
5,39,8,known,3,280.0,100.0,150.0,5857.434431865408,471.61367727785824,5838.417479335209,2812.589323707146,207.68741241176696,2804.910808306946,1.0,1.0,36.0,4251.533889527627,59.27473612827074,216.1625500670614,882.0,882.0,5084.40096313619,487.25827178069926,5060.999163260304,16913.18544909352,-11828.784485957329,159.44707814560837,-11849.009170763551,0.006802721088435374,0.0,11.576190588261706,5.444210440068311,11.554096581652004,5.366924162767235,3.3353918016651263,0.33264305800184957,150000.0,2900.0
6,0,8,known,3,30.0,300.0,150.0,1555.312492650056,27.953995285931878,1555.0612605106219,514.8011145857815,13.776161302642382,514.6167554195321,1.0,1.0,100.0,395.66748677805487,638.1194279940506,19.508080213742122,882.0,882.0,2769.9791939266393,56.58726750517631,2769.401129475969,1663.6802428898447,1106.2989510367945,22.216558370774457,1106.0759643517197,0.04081632653061224,0.017006802721088437,11.418969833816032,8.226448390641853,11.393579743006365,8.193334063470099,11.223876381767536,0.3683325749989308,150000.0,2900.0
6,1,8,known,3,30.0,300.0,150.0,825.9056661384369,31.649561011314603,825.2990213536947,734.2932063561823,20.397715599403046,734.0098406010432,1.0,1.0,27.0,1216.7232549091852,207.20434076226036,18.954084028725504,882.0,882.0,1540.1704544403508,38.529191593864944,1539.6884522935543,1740.8161954196914,-200.64574097934064,4.067211108020949,-200.78659726518117,0.10657596371882086,0.05102040816326531,11.513040114898633,12.741321700663502,11.490243939004085,12.717955815081183,4.029331991934418,0.3353130819996295,150000.0,2900.0
6,2,8,known,3,30.0,300.0,150.0,882.2073559858511,18.291355784931067,882.0177125540594,412.89295446823866,14.565670513129946,412.63595710021923,1.0,1.0,151.0,635.7009303117704,396.0981868951612,26.12339418511136,882.0,882.0,3305.1002515856803,62.08259929693632,3304.5171241644766,1832.200345327107,1472.8999062585733,25.77819659318108,1472.6764936070326,0.045351473922902494,0.022675736961451247,11.662247971118493,10.600239203422262,11.640607479927908,10.574361047569706,10.39316248171279,0.44275412000206416,150000.0,2900.0
6,3,8,known,3,30.0,300.0,150.0,714.8375857109507,15.76498070482968,714.6637246484792,569.2722835345269,13.362266644378124,569.115438756268,1.0,1.0,32.0,977.4782137380297,257.849601917339,24.68375710854132,882.0,882.0,1270.1644183960038,35.09021591326534,1269.6796156930372,1727.8994706630542,-457.7350522670504,-0.10387658467936944,-457.861398746536,0.11678004535147392,0.05555555555555555,11.832473646659036,10.72149006048817,11.810950869673249,10.697532795513805,3.948967327084916,0.34969378000096185,150000.0,2900.0
6,4,8,known,3,30.0,300.0,150.0,1889.0695567188347,47.83691781529481,1888.463772333435,439.25024005583026,24.605307209042,438.5605457017915,1.0,1.0,215.0,1.5102779744038044,167191.53155635868,22.46407917508208,882.0,882.0,2063650.5710225734,57721.54970490344,2062843.1598115882,1697.2595486464072,2061953.311473927,57686.76825473156,2061146.2566834765,0.0,0.0,12.351784900011737,7.886864091208178,12.329698327911391,7.850266009070112,8721.888899302881,0.5252420600008918,150000.0,2900.0
6,5,8,known,3,30.0,300.0,150.0,516.06703964408,10.9888489808852,515.9500311125872,478.4603353496704,9.428990968216421,478.3674180295313,1.0,1.0,23.0,1028.3530771887313,245.73999217387632,26.568211800870003,882.0,882.0,1508.9159604096465,33.831793085511954,1508.5366370610907,1429.484840071748,79.43112033789839,-0.2814000162219088,79.45889318171908,0.11904761904761904,0.049886621315192746,11.926352140680642,10.615689910311076,11.905122996559491,10.590741784664115,4.738005641203555,0.3054984680020425,150000.0,2900.0
6,6,8,known,3,30.0,300.0,150.0,1065.9643804246348,18.79437819070731,1065.798682529914,410.644383504878,13.202571851583643,410.43209158228007,1.0,1.0,27.0,1614.733720485151,156.0515489410599,27.38577274832025,882.0,882.0,1404.3379057274462,42.80481362650407,1403.6853997222277,1760.7015954160258,-356.3636896885796,8.725586345689727,-356.68635487067127,0.12244897959183673,0.06235827664399093,11.603606765761025,14.02086026464902,11.581707445862488,13.999110701820332,3.3386869735999056,0.34505666499899235,150000.0,2900.0
6,7,8,known,3,30.0,300.0,150.0,1505.798345889757,26.174422939012572,1505.5708412652452,531.0214409314025,16.756696119000658,530.7569913473005,1.0,1.0,26.0,1859.7766091141882,135.90629521897867,22.097200190253353,882.0,882.0,1299.024832134058,42.04534986032987,1298.344215936606,1846.6602016925808,-547.6353695585228,5.830881230343181,-547.9608544071684,0.12585034013605442,0.05895691609977324,11.330857597453784,13.181194171703371,11.30840724303393,13.157796300515063,3.2850458899056094,0.5100813169992762,150000.0,2900.0
6,8,8,known,3,30.0,300.0,150.0,1809.0757152780297,31.202954775061443,1808.806600834379,628.8455377133826,14.484260125935755,628.6787069009396,1.0,1.0,49.0,396.7704752113063,637.8107302534795,19.773277736441262,882.0,882.0,2233.069510821998,59.855968859561756,2232.2671666166393,1740.3679619832244,492.70154883877353,24.827049431480866,492.25175924193945,0.05442176870748299,0.017006802721088437,11.497055664034901,8.400644248026431,11.474694031808344,8.366270898092415,8.860707365178627,0.31875416899856646,150000.0,2900.0
6,9,8,known,3,30.0,300.0,150.0,1216.7475289238398,23.878120968499587,1216.5132076887962,702.2019723076357,23.72809573583546,701.8009599491045,1.0,1.0,34.0,939.0526535795437,269.01267839298697,26.23761208773097,882.0,882.0,1615.601700490643,37.304763384192725,1615.1709535702735,1465.0667713588593,150.53492913178366,2.866006847614031,150.5090073901706,0.09183673469387756,0.05215419501133787,11.893349738265043,9.247978403720484,11.871809755406296,9.21751351639891,5.8232607890487085,0.35693380500015337,150000.0,2900.0
6,10,8,known,3,30.0,300.0,150.0,1613.6274690639802,35.5986255870097,1613.2347463323938,804.6780146476292,14.965433581205705,804.5388387486191,1.0,1.0,30.0,1900.2407381563619,133.236330746569,26.386452790070255,882.0,882.0,1326.7528304907273,42.326264436252224,1326.0775092557858,1882.0046978728055,-555.2518673820782,5.6766004023280985,-555.5703018240429,0.12018140589569161,0.05895691609977324,11.52774474999791,12.520043779158136,11.504144686447091,12.493253994115111,3.5323434270502734,0.34931553099886514,150000.0,2900.0
6,11,8,known,3,30.0,300.0,150.0,2000.5179877481805,44.52250998991259,2000.022491225593,710.1411459468673,22.78130718421875,709.7756400509305,1.0,1.0,73.0,535.4721171679568,473.92827459328953,14.879928530533528,882.0,882.0,2244.4905400545276,49.84858689335339,2243.936920409975,1720.1306280457088,524.3599120088188,14.763429573288562,524.1641420241931,0.06235827664399093,0.022675736961451247,11.488465118839944,6.909981018055244,11.466353202437475,6.867975259172284,10.827287533737302,0.3861767990019871,150000.0,2900.0
6,12,8,known,3,30.0,300.0,150.0,3834.5997127117007,134.32301776828578,3832.2463756426564,1051.4848209582779,21.2877104591524,1051.2693099720304,1.0,1.0,38.0,1382.7303635781377,182.87500258966975,14.247583557845113,882.0,882.0,4031.822732044612,118.96294964399625,4030.0672896669703,1829.7472660900078,2202.0754659546046,82.79341857128446,2200.6775491289304,0.026077097505668934,0.01020408163265306,11.242189871907893,5.118126052502586,11.219721702059516,5.056338898915675,26.258456647905284,0.32867957100097556,150000.0,2900.0
6,13,8,known,3,30.0,300.0,150.0,1176.8208502195828,31.2231874299043,1176.406573459303,874.6665296349802,18.01389326713807,874.4810104931153,1.0,1.0,29.0,1012.4544161587665,250.1188099248502,16.760685533491998,882.0,882.0,2223.034939334777,43.1466387956274,2222.6161857288394,1704.0162839293348,519.0186554054421,7.579322556852908,518.9711341080767,0.06689342403628118,0.032879818594104306,11.844986778864747,10.91585801193309,11.823703031541008,10.891318082736943,6.788395796600326,0.41857184499895084,150000.0,2900.0
6,14,8,known,3,30.0,300.0,150.0,2417.972880071265,63.41170411003005,2417.141246295299,762.2291045554294,19.886446650215223,761.969643142691,1.0,1.0,46.0,533.4525037551721,475.3854310184129,19.040171193676304,882.0,882.0,2926.9237406971533,66.57339090164743,2926.1665310573962,1882.338212352877,1044.5855283442763,30.489849875856585,1044.1742027651512,0.05555555555555555,0.024943310657596373,11.924254618553618,6.634616368400912,11.900494218009992,6.587693703138813,14.70531516405073,0.38550717800171697,150000.0,2900.0
6,15,8,known,3,30.0,300.0,150.0,1808.4621333913844,47.026100240170514,1807.8506115845744,852.0043895580292,15.18040730867896,851.86914198138,1.0,1.0,31.0,725.6569924782399,347.6127672602292,16.67199056745864,882.0,882.0,2465.702634645326,47.17884249003412,2465.2512324950176,1850.2195732427447,615.4830614025811,12.830574684918474,615.3505146970726,0.03854875283446712,0.015873015873015872,11.573845217897183,7.85991847640264,11.551915180556914,7.8261278407678105,10.456862633914742,0.35138285100038047,150000.0,2900.0
6,16,8,known,3,30.0,300.0,150.0,880.051341589073,29.180628603915874,879.5674247873256,739.3931169821227,23.11092050751885,739.0318442353038,1.0,1.0,26.0,1319.2832532842792,191.4576362193741,23.32351237686177,882.0,882.0,1477.7660985574603,37.72732447277827,1477.284431324538,2079.4795973286205,-601.7134987711602,0.13800531592764287,-601.8554001421496,0.10884353741496598,0.05102040816326531,11.55021104568183,12.76022323564072,11.528138381997916,12.735016634124488,3.8603454690612193,0.30341072399824043,150000.0,2900.0
6,17,8,known,3,30.0,300.0,150.0,764.4432691992662,16.46265743090862,764.2659829760672,746.1701212020592,14.081209965541287,746.037243909848,1.0,1.0,32.0,1073.3594280710938,234.56974922267236,20.683929891509592,882.0,882.0,1406.2577002161056,35.097460968926285,1405.8196497597496,1653.7639401841518,-247.5062399680462,0.48000755360363456,-247.58193538901537,0.09863945578231292,0.035147392290249435,11.746529599224132,11.957566439013181,11.723956861488954,11.934211298243223,3.920133491454692,0.3204715629981365,150000.0,2900.0
6,18,8,known,3,30.0,300.0,150.0,1513.0731244770423,50.699583012498564,1512.223473001619,836.4074498123292,22.51731323281388,836.1042953521643,1.0,1.0,32.0,1859.594740277755,136.07726022136126,19.000731540587335,882.0,882.0,1425.416424871116,41.95801235106698,1424.7987610508026,1755.2604125902217,-329.8439877191056,7.107100073956296,-330.1156328498937,0.1111111111111111,0.05668934240362812,11.98385391758114,12.599427471849701,11.962493020215206,12.572401563958476,3.771114277628503,0.32257300299897906,150000.0,2900.0
6,19,8,known,3,30.0,300.0,150.0,1364.9535363096584,29.433322028392844,1364.6361551119094,768.6864517480565,17.778435210423766,768.4808314736848,1.0,1.0,36.0,863.709055863868,291.9269794125174,19.02477601830247,882.0,882.0,1697.858646518064,35.978585177777866,1697.477400428282,1707.3940294560439,-9.535382937979875,1.5520353711664328,-9.569518812826345,0.09523809523809523,0.045351473922902494,11.873535693652752,8.798944653188343,11.852135300907538,8.768635166487265,6.432054121031573,0.3330015120009193,150000.0,2900.0
6,20,8,known,3,30.0,300.0,150.0,3917.009509776403,136.9191200227586,3914.615773514812,1017.3859446076463,19.480019559047033,1017.1994342916103,1.0,1.0,42.0,1397.0186169022209,180.85759365605946,24.536117414626705,882.0,882.0,3519.3186666183174,94.162850297583,3518.0587310094706,1826.5493975637714,1692.769269054546,59.69462831887232,1691.8345817292675,0.02947845804988662,0.01020408163265306,11.27982504441688,5.078091976583888,11.25633021658073,5.016834223825914,23.101318912999933,0.3782615269992675,150000.0,2900.0
6,21,8,known,3,30.0,300.0,150.0,1171.106331852491,36.398777716558634,1170.5405458529565,775.5760782957855,22.704522534628403,775.2436764535039,1.0,1.0,27.0,1440.9452116205723,175.34626351519879,25.636216170079443,882.0,882.0,1663.1362939297426,42.23392351135942,1662.599960270418,1944.1094019549078,-280.9731080251652,6.01540134794579,-281.1720390704943,0.0873015873015873,0.046485260770975055,11.752936440630627,13.420974086113585,11.731274532395691,13.397338453157051,4.130689479661928,0.4052702219996718,150000.0,2900.0
6,22,8,known,3,30.0,300.0,150.0,893.9740044808417,29.409834494524908,893.4901131643912,483.031737935389,22.58080636339262,482.50364458401896,1.0,1.0,104.0,666.2078168673937,380.734154134497,25.267037629366104,882.0,882.0,1849.7744486787933,42.53634327666274,1849.285313434783,1849.7281381084808,0.0463105703124711,5.514301307815607,-0.07229214579365362,0.09070294784580499,0.032879818594104306,11.848730073672199,9.623671766578314,11.827237024294426,9.594983943180377,6.40702943583621,0.5089916299984907,150000.0,2900.0
6,23,8,known,3,30.0,300.0,150.0,482.8915762465581,28.43380167182214,482.0537245290953,258.8225714024289,15.63004293907292,258.3501988098483,1.0,1.0,36.0,1290.9590198327376,195.5181818084836,22.4643306381496,882.0,882.0,1371.1388407297263,35.45623530489997,1370.6803332417305,1758.1681574658758,-387.02931673614944,2.000146244715218,-387.1694783268656,0.12811791383219956,0.06235827664399093,11.35891820614017,12.945961320764543,11.336259685674289,12.92387638735244,3.5304159260090437,0.3758308989999932,150000.0,2900.0
6,24,8,known,3,30.0,300.0,150.0,683.8508916516845,24.830352342218678,683.3999528938856,602.0139846913755,16.581173100313258,601.7855950939713,1.0,1.0,27.0,1216.078431384537,207.73407314703144,23.93100546538489,882.0,882.0,1237.306107257429,36.43748064403311,1236.7694664167807,1798.05250660192,-560.746399344491,1.7827722151400565,-560.9490509493714,0.09863945578231292,0.04308390022675737,12.05792657474013,11.966887313750568,12.036729913373053,11.945426635633005,3.4464715700289097,0.3657233650010312,150000.0,2900.0
6,25,8,known,3,30.0,300.0,150.0,636.2269204608126,27.57710696518882,635.6289778561702,362.0306963151388,20.984080020904976,361.42204340645924,1.0,1.0,27.0,1267.316538869226,198.9524781233354,18.378030726627955,882.0,882.0,1524.2840135392266,40.38875778664146,1523.748831722507,1870.0026068438804,-345.7185933046537,4.561304855810164,-345.91053383566805,0.09750566893424037,0.05215419501133787,11.10930905586834,12.122319509400306,11.084890102648657,12.099583463760545,4.191398113089974,0.3356264249996457,150000.0,2900.0
6,26,8,known,3,30.0,300.0,150.0,652.0906262993734,18.02230672213973,651.8415308707495,483.02329605833967,15.63380962210719,482.77022332758077,1.0,1.0,28.0,1190.664171107588,212.47951254649567,17.620005717174603,882.0,882.0,1563.3736548680774,34.68304686202805,1562.9888902343282,1696.855211794915,-133.48155692683758,-0.24382741547462672,-133.5068283717544,0.09750566893424037,0.04308390022675737,11.637256647988732,10.602562097842926,11.615586265650823,10.574707771181455,4.915081343675548,0.4129688120010542,150000.0,2900.0
6,27,8,known,3,30.0,300.0,150.0,1232.3537665148658,37.612749197652406,1231.7796422011413,604.1466219644018,15.193355118132347,603.9555470324386,1.0,1.0,54.0,1648.5179095055457,153.060229158565,19.794025064615493,882.0,882.0,1563.970709671535,42.96880491277875,1563.3803320097295,1661.3101898331695,-97.33948016163458,8.998544549314595,-97.58251172108658,0.1054421768707483,0.048752834467120185,11.629486866465243,13.526421131151226,11.607604423881686,13.503932860120909,3.8541131082331024,0.5927141880019917,150000.0,2900.0
6,28,8,known,3,30.0,300.0,150.0,757.0547715197273,22.977061051660176,756.7060074733217,567.7705323901546,16.17181577212639,567.5401746354456,1.0,1.0,19.0,1352.4395829872606,186.75314001883234,15.141864847952371,882.0,882.0,1532.9404188971553,38.44660394513992,1532.4582168965233,1913.7280287890303,-380.78760989187504,1.9089553928265346,-380.9209845193943,0.10997732426303855,0.05668934240362812,11.834564256084903,12.46597457420367,11.81302388635229,12.444445244822967,4.098998731232585,0.4216274729988072,150000.0,2900.0
6,29,8,known,3,30.0,300.0,150.0,1368.9539295256698,39.36134446256598,1368.3879368533878,811.9704956043312,15.473600295726515,811.823043172483,1.0,1.0,38.0,889.2010140563222,284.497001855699,23.714681004183184,882.0,882.0,1689.9239129428995,37.16075348858024,1689.5152884589122,1729.9611473958453,-40.03723445294577,3.171246493634925,-40.11192135058582,0.08049886621315193,0.04195011337868481,11.313398317794839,8.782390920008268,11.291067951644226,8.750816090169831,6.414061684473914,0.2902879680004844,150000.0,2900.0
6,30,8,known,3,30.0,300.0,150.0,1042.6980131977898,23.392146171810243,1042.435587566011,835.7348105257553,15.220388351152772,835.5962023028588,1.0,1.0,22.0,1419.7288097457565,177.47914833141368,26.481102261104237,882.0,882.0,1246.8319215323597,35.45150153710091,1246.3278186700484,1727.2267948909057,-480.39487335854596,1.0986959100745182,-480.55732103515606,0.12471655328798185,0.07029478458049887,11.34844738270081,10.915247952742332,11.326188265406632,10.888640005827344,3.807615203155959,0.3216304650013626,150000.0,2900.0
6,31,8,known,3,30.0,300.0,150.0,840.3500369463032,20.472881064914322,840.1006164362428,784.1656664485814,16.751582018863317,783.9867198726092,1.0,1.0,29.0,1065.841579564698,235.9800595204993,23.16068542298734,882.0,882.0,1313.0737452702813,33.68504878898976,1312.6416030303956,1806.0259886948415,-492.95224342456027,-1.2070183519010342,-493.04730026712855,0.1054421768707483,0.05895691609977324,11.683514687637754,10.316281169456555,11.661723636729898,10.290396528388996,4.242723140576091,0.4117317540003569,150000.0,2900.0
6,32,8,known,3,30.0,300.0,150.0,2069.6440354264937,48.452969959985936,2069.0767852060294,565.8691857140778,17.86669870408492,565.5870546769356,1.0,1.0,95.0,390.3988898967309,645.3604182300793,25.440175035838905,882.0,882.0,3468.7565047081034,78.48495779005721,3467.868480833071,2101.061953001707,1367.6945517063964,39.789733408227114,1367.1628827157651,0.036281179138321996,0.021541950113378686,11.709032762602469,7.284978134354228,11.687281373672306,7.24655952555792,15.871731485142334,0.48246900199956144,150000.0,2900.0
6,33,8,known,3,30.0,300.0,150.0,1205.347652663578,38.59645511960702,1204.7295453477504,320.05482216903636,19.118512132480703,319.4832885887675,1.0,1.0,33.0,1708.4065063046094,147.7598212808866,18.22089928261027,882.0,882.0,1300.922008347946,42.56266603126015,1300.2255539960615,1772.0780590794616,-471.1560507315155,8.232000141101146,-471.51992796526406,0.1383219954648526,0.07142857142857142,11.486516704012338,14.307625663626137,11.464349298813449,14.286184327634295,3.030836000635294,0.36130283500096994,150000.0,2900.0
6,34,8,known,3,30.0,300.0,150.0,698.8553405404858,25.389277948189736,698.3939945097094,652.3220024326513,16.982206933548945,652.1009120568764,1.0,1.0,65.0,1129.2251346440246,223.26847391615055,25.230330279359045,882.0,882.0,1589.2975173187283,36.69033687565168,1588.873946458757,1640.587896881949,-51.29037956322077,2.6234048879982055,-51.36021107500369,0.08163265306122448,0.032879818594104306,11.2385683421725,11.517990753735644,11.216018376476235,11.491464447437291,4.599464007508629,0.4034707930004515,150000.0,2900.0
6,35,8,known,3,30.0,300.0,150.0,1214.7966164344311,34.2296117576951,1214.3142727397467,603.7080929361102,19.905760797403275,603.379832413739,1.0,1.0,28.0,1584.4040494149885,158.66877092484927,17.09114361850763,882.0,882.0,1611.3473351698904,41.58105380847087,1610.810743235618,1814.3150923077724,-202.96775713788202,8.475155892335849,-203.202281441693,0.09410430839002268,0.04081632653061224,11.120335164783677,14.16007454031629,11.097585618896435,14.1364805051724,3.7931705575468393,0.3417055009995238,150000.0,2900.0
6,36,8,known,3,30.0,300.0,150.0,1755.0112389031733,36.62055226127066,1754.6291299954332,860.0943984932381,16.738096170322724,859.9315149801397,1.0,1.0,27.0,650.5228692447563,387.6440285000191,24.47649285402558,882.0,882.0,2198.9371298957303,43.24410712323584,2198.511871342337,1627.9602118492162,570.9769180465141,8.698198748557324,570.9182391421143,0.06689342403628118,0.036281179138321996,11.513354291081804,8.296072123477327,11.491212943679372,8.263986544906285,8.835253989948995,0.3397988090000581,150000.0,2900.0
6,37,8,known,3,30.0,300.0,150.0,3424.862954664054,106.09836921172257,3423.2191566244787,829.1033652196711,16.01579416642526,828.9486621955559,1.0,1.0,48.0,1024.7360857569845,245.6074464107648,16.534973912963252,882.0,882.0,3778.687518980771,100.50997789689806,3777.3505411126753,1774.9278853386363,2003.7596336421348,64.9516686639586,2002.778873132715,0.030612244897959183,0.011337868480725623,11.92198589218731,5.552313401155141,11.900504215948864,5.49886401673224,22.685364015382774,0.37456769200070994,150000.0,2900.0
6,38,8,known,3,30.0,300.0,150.0,756.7444383126932,24.086834261698787,756.3610046349845,396.7592602254288,18.160373955714125,396.3434260744312,1.0,1.0,33.0,1441.2885382954312,174.91951856423864,26.558945985275287,882.0,882.0,1434.100017532394,39.37388814800042,1433.5594013568193,1699.6052751216473,-265.50525758925323,5.1301137697227475,-265.70086568224133,0.10884353741496598,0.04195011337868481,11.185149416046151,13.094231168252186,11.160558037136077,13.071518226153422,3.6507171214182286,0.3353219509990595,150000.0,2900.0
6,39,8,known,3,30.0,300.0,150.0,1655.5946238651213,44.492066396796496,1654.9966811443567,707.1916540300203,17.424327451907438,706.976964506316,1.0,1.0,37.0,663.8348856884744,380.46459293659575,29.450203128894074,882.0,882.0,2298.3518504614008,48.059119946385906,2297.849331333394,1798.1233196183082,500.2285308430926,12.889279080494866,500.06999146750445,0.06689342403628118,0.035147392290249435,11.266508265367158,7.834165927703726,11.242362057684556,7.79892257000334,9.779181224359009,0.3955389330003527,150000.0,2900.0
7,0,8,known,3,80.0,300.0,150.0,830.1103325449792,34.98304552020492,829.372865919827,685.7460771028348,26.52162820063173,685.2330154768629,1.0,1.0,35.0,887.4922758507919,283.87355827708154,36.05614311912862,882.0,882.0,2977.582523211428,91.60536335067229,2976.173069554176,5294.040989970421,-2316.458466758993,-4.673212645571212,-2316.992376498983,0.03854875283446712,0.01020408163265306,11.458449875810409,10.549825239709765,11.436191336895797,10.521248879526233,3.5279998193758515,0.3351106330010225,150000.0,2900.0
7,1,8,known,3,80.0,300.0,150.0,1827.289984034507,90.55318042775667,1825.044878151561,930.4064552330494,53.690693453685164,928.856006803956,1.0,1.0,33.0,2048.880504146164,123.16532834140578,48.05168267608075,882.0,882.0,3146.785529629025,114.1617513785048,3144.7140194308313,5032.635461564945,-1885.8499319359203,17.389158144097735,-1886.9909355719656,0.03741496598639456,0.009070294784580499,11.938347110645765,11.689835605754622,11.91703170772313,11.660090719161108,3.3648735916353893,0.3913799250003649,150000.0,2900.0
7,2,8,known,3,80.0,300.0,150.0,2307.5289250957003,89.75538272498984,2305.78266786469,1257.7820917408742,38.893268911964114,1257.1806170703517,1.0,1.0,37.0,878.0610501922988,287.82260206713886,71.3611736377223,882.0,882.0,3140.8363708303395,120.29437958515157,3138.531881401067,4832.38697346407,-1691.5506026337307,25.41707812996772,-1692.9236093360478,0.046485260770975055,0.013605442176870748,11.771127868750366,7.78761276152087,11.749595970839033,7.751403950178371,5.041397901725141,0.3377680910016352,150000.0,2900.0
7,3,8,known,3,80.0,300.0,150.0,835.6563004596954,53.00766872314945,833.9734045846556,454.95476643979924,38.63658749989528,453.3112105525907,1.0,1.0,69.0,1527.8574255612177,165.15817407891834,60.64383100451646,882.0,882.0,3065.452500410795,100.12515037474951,3063.8168983373057,4441.846923067669,-1376.3944226568742,7.183847660186842,-1377.0575653483597,0.045351473922902494,0.022675736961451247,11.992229217832033,13.955119697716192,11.970979266003463,13.931234664807825,2.745813513975509,0.3713549459971546,150000.0,2900.0
7,4,8,known,3,80.0,300.0,150.0,1725.366315541356,64.38818847332978,1724.1644596702129,947.5148449824326,32.61320307495343,946.9534098609472,1.0,1.0,66.0,1878.1646593964717,134.76869415258224,62.73379831130912,882.0,882.0,2789.1224336052605,114.3929235105544,2786.775593529346,4448.4922114562905,-1659.36977785103,19.74785044567163,-1660.7096808174747,0.05215419501133787,0.01473922902494331,12.04819088728635,12.420900445226401,12.025394125844354,12.39452282628569,2.806884297463691,0.3707536980000441,150000.0,2900.0
7,5,8,known,3,80.0,300.0,150.0,1233.407331930413,43.11324741620588,1232.653598687372,826.0677947540627,39.21649077466893,825.1363938047821,1.0,1.0,49.0,867.2609570084458,290.94445394694725,54.06037664175363,882.0,882.0,3793.192373776324,115.51322621407334,3791.4331167837418,4539.121961796463,-745.9295880201394,23.311788844460423,-746.7523222447198,0.026077097505668934,0.006802721088435374,11.387400268665914,10.246296363041868,11.365012585597045,10.21926591414972,4.627516420784823,0.4173305359981896,150000.0,2900.0
7,6,8,known,3,80.0,300.0,150.0,1280.3160826230364,57.064837368212,1279.0437348892092,1040.0823771251698,50.29786307422389,1038.8654754955094,1.0,1.0,38.0,865.3449963373847,289.881825609803,70.86621281418564,882.0,882.0,3097.10721341406,102.83286636651246,3095.399569195591,4674.485870407902,-1577.3786569938425,12.561881523366068,-1578.2145892409585,0.04421768707482993,0.011337868480725623,11.048938268938791,8.47078812390242,11.026096327095873,8.438739898571745,4.570276059489092,0.3499718339990068,150000.0,2900.0
7,7,8,known,3,80.0,300.0,150.0,1099.0677140715243,42.23657650251504,1098.2558498454505,1006.2156112590748,40.30651294073662,1005.4079974597536,1.0,1.0,53.0,1479.8855280922533,171.0057487063072,51.45368751790027,882.0,882.0,2505.926683030794,92.30534573393169,2504.2260808231063,4656.106793754615,-2150.180110723821,-2.5741404287674925,-2150.9139125555444,0.06575963718820861,0.022675736961451247,12.036851582101498,10.828741868335886,12.015642941628371,10.801298290158595,2.892679862420497,0.3791446929972153,150000.0,2900.0
7,8,8,known,3,80.0,300.0,150.0,1759.2087977786182,55.252918721682555,1758.340896741706,893.5548160807597,23.471267518399205,893.2464995409722,1.0,1.0,73.0,1914.1544054857434,131.54435550018624,81.42487396436826,882.0,882.0,2785.1637426638954,120.28645452830652,2782.565047273211,4380.131777736052,-1594.9680350721565,27.456594014354167,-1596.5829300541313,0.049886621315192746,0.012471655328798186,11.51556246707062,12.650207952358352,11.49347473582199,12.622684781717147,2.752092844197734,0.4049275680008577,150000.0,2900.0
7,9,8,known,3,80.0,300.0,150.0,2100.2661666048575,105.62354710230612,2097.6085518710565,1063.0602871452804,61.89155196873798,1061.2570894464297,1.0,1.0,73.0,2144.1321622102514,116.98936755078776,61.18429900788308,882.0,882.0,2587.6709595122456,118.96810295788572,2584.9347351880333,5010.371299593282,-2422.7003400810363,25.064241976684343,-2424.556518889659,0.06689342403628118,0.026077097505668934,11.371827359052716,10.549452836948138,11.34777953544475,10.517782921676922,3.0661198731194523,0.4388954009991721,150000.0,2900.0
7,10,8,known,3,80.0,300.0,150.0,1599.9928699136058,72.33745512861759,1598.3568050844879,1082.7366239443095,40.328201702302216,1081.985320130444,1.0,1.0,39.0,847.2430910296187,298.32618443217535,48.29094073387686,882.0,882.0,3042.4352681655064,100.6739805068408,3040.7691643112644,4574.794596293611,-1532.3593281281046,7.79711299850176,-1533.0825479504115,0.032879818594104306,0.012471655328798186,11.771750747700104,8.886350705584013,11.75016697836045,8.856291640873046,4.279646630215846,0.39486109399877023,150000.0,2900.0
7,11,8,known,3,80.0,300.0,150.0,1928.0236604284275,68.30962097927802,1926.8131800601477,1224.4429264272285,35.97986679446428,1223.9141837821505,1.0,1.0,29.0,1957.374764248379,128.9873467796088,73.55538272549835,882.0,882.0,2322.6968087190044,100.20709405081985,2320.534206499731,4899.848843694413,-2577.1520349754082,8.452904211234497,-2578.4554709440126,0.05328798185941043,0.017006802721088437,11.209025531110015,10.753154288327558,11.186064559399817,10.72420289025153,2.7000179975566203,0.35817868799858843,150000.0,2900.0
7,12,8,known,3,80.0,300.0,150.0,1353.0633860852258,99.57870801160907,1349.3941631988614,709.6397463590506,56.65204158311366,707.3748057409191,1.0,1.0,36.0,1622.495192351962,155.27776357917796,50.604608362845916,882.0,882.0,3863.0455626963235,119.92874806507928,3861.183512196137,4719.649684219243,-856.6041215229193,28.217074842085466,-857.5750227095682,0.04195011337868481,0.009070294784580499,11.10753101807865,12.920238007832836,11.08209540917725,12.895731733674435,3.7373978331072246,0.38189534100092715,150000.0,2900.0
7,13,8,known,3,80.0,300.0,150.0,2198.4162346050225,112.17345081636894,2195.5525631391456,969.0166145707898,49.74914918098342,967.73871549608,1.0,1.0,33.0,802.7127810401624,312.4675208862166,72.38720237252228,882.0,882.0,3224.731309759005,115.3705586650001,3222.666854382152,4972.639945328686,-1747.9086355696809,20.947314790611998,-1749.0765296728528,0.03968253968253968,0.015873015873015872,11.660468634321656,7.153615080050027,11.638633165687615,7.1121198032617645,5.634793166940381,0.4318474479987344,150000.0,2900.0
7,14,8,known,3,80.0,300.0,150.0,1658.1324679787756,75.62668809959835,1656.4069202380406,1140.498328969712,49.970269875320184,1139.4030939537126,1.0,1.0,37.0,1760.66495670587,143.22713792519667,49.680497958423636,882.0,882.0,2687.2014055070886,105.65293087694174,2685.1236194924777,5151.41324809334,-2464.211842586252,9.872405303294258,-2465.3991251959114,0.05555555555555555,0.015873015873015872,11.530025691291879,11.524522812905506,11.505898542841404,11.496493600660195,2.914655826896668,0.56289652200212,150000.0,2900.0
7,15,8,known,3,80.0,300.0,150.0,3786.912257162055,219.62093542718048,3780.5384653731935,1485.5551679252546,57.74040297064327,1484.4326198296167,1.0,1.0,25.0,1502.3312106487947,167.92346200235008,55.605140339365136,882.0,882.0,5016.987136017183,197.48735830882612,5013.098709009239,4590.873313799127,426.11382221805616,104.20087547639842,423.1732830928522,0.015873015873015872,0.003401360544217687,11.564456081543199,5.563044237330134,11.542509422617213,5.504687398380907,11.2730254380131,0.3008068650015048,150000.0,2900.0
7,16,8,known,3,80.0,300.0,150.0,1740.1096798157657,45.47472615038128,1739.515377072038,407.26374852852183,39.346018092034086,405.35867047073805,1.0,1.0,64.0,2021.2891453583857,124.62449192015153,44.638037606337235,882.0,882.0,2429.6273656167805,115.89002265049974,2426.861891085688,4698.407018073973,-2268.7796524571922,21.914014618514315,-2270.60519420625,0.060090702947845805,0.017006802721088437,11.191609977509259,12.300724956106333,11.167319253975453,12.27562981811251,2.4689879806745285,0.3603785230006906,150000.0,2900.0
7,17,8,known,3,80.0,300.0,150.0,1597.8184142114246,48.67531879825055,1597.0768291265765,1138.0000685203197,33.54146038237519,1137.5056599365428,1.0,1.0,32.0,1817.962498865053,138.62059989939218,37.67705249422137,882.0,882.0,1942.808284359205,97.80346410908525,1940.3449466996894,4835.872843707884,-2893.0645593486797,3.025394788154074,-2894.5990320954293,0.07256235827664399,0.023809523809523808,11.471828537831463,10.241861848322792,11.449668564191434,10.215953721616316,2.3711610168288875,0.3795127869998396,150000.0,2900.0
7,18,8,known,3,80.0,300.0,150.0,1286.2065313845148,62.407017533252926,1284.6916383081152,653.6366140081537,47.15314613248261,651.9335886283608,1.0,1.0,43.0,1780.651065972831,141.8108804072853,88.48838422113391,882.0,882.0,2770.9249255518594,107.20857172775739,2768.850170231801,4865.191055067274,-2094.2661295154144,13.68600858883957,-2095.441919321471,0.05782312925170068,0.017006802721088437,11.856757303245999,12.244374333124533,11.833400674548209,12.218474473276592,2.828773494428085,0.4243246789992554,150000.0,2900.0
7,19,8,known,3,80.0,300.0,150.0,1669.8333820898479,39.238278838977514,1669.372301619796,887.792772710871,16.04174602386439,887.6478297512826,1.0,1.0,46.0,535.3596314283743,471.3922351512645,61.343376329581574,882.0,882.0,3909.1980335812796,103.82132157477528,3907.8191359046045,4429.692113098253,-520.4940795169732,13.573456730626418,-520.9535541006003,0.036281179138321996,0.01020408163265306,11.388655013998882,7.5148968730739005,11.366480216353366,7.4775116994201625,6.502414636566825,0.3455998669996916,150000.0,2900.0
7,20,8,known,3,80.0,300.0,150.0,2025.9815657844404,88.5748404795594,2024.0444171342665,954.1117320160265,46.351393801141306,952.9851758885411,1.0,1.0,68.0,2105.507444351196,120.150610538761,61.89055267198845,882.0,882.0,2691.902295032377,111.47702141170252,2689.593062100242,5075.404053865528,-2383.501758833151,18.321616902284234,-2384.956019404964,0.05668934240362812,0.022675736961451247,11.598408923033052,12.050461284070199,11.576364300949233,12.017178672652502,2.7923228741779256,0.7031325290008681,150000.0,2900.0
7,21,8,known,3,80.0,300.0,150.0,1988.2193073170597,86.2546526192416,1986.3474391178052,1244.0382653057118,49.155937259457986,1243.066731666884,1.0,1.0,17.0,1937.9326304752615,130.09508182708487,37.04080155519332,882.0,882.0,1947.3316316247858,112.44164593315818,1944.0826525089649,5042.54236392374,-3095.210732298954,17.019730439100115,-3097.556778272361,0.05895691609977324,0.02040816326530612,11.161613366558989,9.090442811890444,11.138956466342798,9.05574577209498,2.677718335510627,0.6660616399967694,150000.0,2900.0
7,22,8,known,3,80.0,300.0,150.0,2859.830365794878,106.79930769271351,2857.835479694173,1210.3401849366999,47.07841848666611,1209.4242373069094,1.0,1.0,39.0,1086.200796712221,232.43626534957068,62.41577693015644,882.0,882.0,2423.8285875026518,116.14428754335842,2421.044304854033,4638.819300179472,-2214.99071267682,22.62055719434754,-2216.8321285558923,0.05782312925170068,0.018140589569160998,11.398870081035739,6.021466415655734,11.376571613888299,5.9718829431109555,5.031641007746736,0.38331191100223805,150000.0,2900.0
7,23,8,known,3,80.0,300.0,150.0,1418.8200609205483,79.1071616073974,1416.6130107594697,1004.1611636624159,51.704195495141846,1002.8291573224511,1.0,1.0,31.0,1755.1956928283084,143.85771418659468,51.66044625209164,882.0,882.0,2218.7851633375512,98.10799336419521,2216.6150822109134,5249.338660806061,-3030.5534974685097,2.1713167426537154,-3031.8468381912894,0.05782312925170068,0.017006802721088437,11.475514257186862,10.440278455886641,11.453380416542668,10.411945555824131,2.6565205764297795,0.45112851500016404,150000.0,2900.0
7,24,8,known,3,80.0,300.0,150.0,1477.7749035985,83.41628668547472,1475.4187164399004,1291.0328913264375,67.39894593034401,1289.2723950252637,1.0,1.0,37.0,1612.428922896865,156.17039688324326,60.788957995758224,882.0,882.0,2073.225054767445,108.89383500008815,2070.3633160424883,4562.247195973215,-2489.02214120577,13.379605748872976,-2490.8839376345145,0.07142857142857142,0.018140589569160998,11.583682500830758,9.936180285846275,11.561900999090284,9.905065550842144,2.608176627139956,0.441836792997492,150000.0,2900.0
7,25,8,known,3,80.0,300.0,150.0,2052.56685844931,85.52630018771283,2050.7842305763593,1396.819926633786,61.26152489148885,1395.4758804827784,1.0,1.0,41.0,2141.7660449882897,117.77651419367308,51.74678297809527,882.0,882.0,1804.8910034186,108.83871061216291,1801.6064135358984,4472.833080312558,-2667.942076893958,14.655463392250923,-2670.234961142037,0.07709750566893424,0.02040816326530612,11.967010689003963,9.446803659823507,11.945641558499815,9.413294201870281,2.38822974999292,0.41316152999934275,150000.0,2900.0
7,26,8,known,3,80.0,300.0,150.0,1713.9438345386952,40.13718141414053,1713.4738033075776,417.4215752888221,42.32713188983543,415.2700150776387,1.0,1.0,303.0,71.71008785472284,3520.931268460682,59.255508149449895,882.0,882.0,22474.9605799789,612.0182907177619,22466.626063640095,4330.413004855261,18144.547575123637,518.9094590282915,18137.21414767726,0.005668934240362812,0.0,11.989678707904254,8.05638248412299,11.968376080521022,8.022201120600132,34.87135917434272,0.587516825999046,150000.0,2900.0
7,27,8,known,3,80.0,300.0,150.0,1560.7482178852158,61.17464450018537,1559.5488650575055,481.1156757531721,54.786446173498696,477.9861282203803,1.0,1.0,68.0,325.2970393258632,774.8074964668025,69.75744539321578,882.0,882.0,6781.52013634505,217.9564372088658,6778.016697466345,5006.146957788925,1775.373178556125,126.1926920825827,1772.7108348781558,0.01927437641723356,0.0045351473922902496,11.120919824448485,8.13994442841195,11.095851721491375,8.103873750356684,10.41395336907122,0.4171742209982767,150000.0,2900.0
7,28,8,known,3,80.0,300.0,150.0,3495.1503591878663,164.8575082813525,3491.2602359741577,1248.9700288947374,51.45174312892328,1247.9097928962317,1.0,1.0,127.0,1232.8586603102788,204.67220372281875,52.20295142200012,882.0,882.0,5211.191385804838,212.38438890918624,5206.861677712806,5151.57359845736,59.61778734747804,115.41914969168465,56.20072180565148,0.01927437641723356,0.0011337868480725624,11.784078884844247,5.695641941322311,11.762455391998465,5.64078701294554,11.436795534839657,0.4238227999994706,150000.0,2900.0
7,29,8,known,3,80.0,300.0,150.0,2242.5962907175294,92.20138505757117,2240.7001199922956,1266.8882975668598,54.327621287912265,1265.722903354859,1.0,1.0,36.0,2085.5104660797747,120.6493406215043,47.43591678255626,882.0,882.0,2477.1630396220116,113.92814064392891,2474.541796704752,4766.5691351391515,-2289.40609551714,18.235718002335403,-2291.0666933319803,0.06235827664399093,0.013605442176870748,11.311153916312463,11.129834971303584,11.28880449341203,11.097852484048767,2.782120137011198,0.37729563299944857,150000.0,2900.0
7,30,8,known,3,80.0,300.0,150.0,602.4741526110622,119.33762282854882,590.5367358107779,445.93729886573186,55.32271555283137,442.4923407964544,1.0,1.0,38.0,1282.408858192801,197.7177450881641,67.65520419384691,882.0,882.0,3747.5583186069816,110.24916195262563,3745.9362612902437,4913.925903476212,-1166.36758486923,19.562883027310562,-1167.1527653475991,0.03741496598639456,0.006802721088435374,11.451585598457182,12.011635436970039,11.429391694730732,11.988926843098785,3.8999251374552117,0.37404576300104964,150000.0,2900.0
7,31,8,known,3,80.0,300.0,150.0,1525.7941709925076,74.63991767496015,1523.9674323699273,1086.8218533415074,48.639733689503274,1085.732894043136,1.0,1.0,53.0,795.1706700987294,315.9745113387953,60.7237190263897,882.0,882.0,2611.088819768424,97.86620875548105,2609.2541137082626,4462.124590307611,-1851.0357705391866,10.555720821280929,-1852.0161917232017,0.046485260770975055,0.01020408163265306,11.432550503652598,9.035634021988262,11.410302553093235,9.002536242155593,3.6122102962203955,0.4104479569978139,150000.0,2900.0
7,32,8,known,3,80.0,300.0,150.0,1720.9980353726278,31.404899302270454,1720.7114720534232,1239.9050809874807,33.41453290187005,1239.454750626065,1.0,1.0,27.0,1057.0791823234242,239.2726335037285,67.11672039923891,882.0,882.0,2371.464420814717,86.12275577450549,2369.900075979552,5089.586071230945,-2718.121650416228,-8.479951067756048,-2718.8067051512057,0.061224489795918366,0.026077097505668934,12.405492269407393,7.681347081525875,12.38441942630961,7.644846465710183,3.859128476498346,0.3423245060002955,150000.0,2900.0
7,33,8,known,3,80.0,300.0,150.0,2063.1699213527227,74.13181664320182,2061.8376750209454,914.3639529313269,37.19432196708437,913.6071479764214,1.0,1.0,33.0,2267.745371335362,110.90698274784674,53.71091262781634,882.0,882.0,2272.7333526340117,115.18719013535033,2269.812504019607,4848.322561151319,-2575.5892085173073,15.635114196209841,-2577.487882911771,0.06349206349206349,0.018140589569160998,12.053992447929055,10.181994678716926,12.032614637248383,10.146211061020262,2.7901376699113634,0.3821312139989459,150000.0,2900.0
7,34,8,known,3,80.0,300.0,150.0,2481.0567434535715,108.38242136309529,2478.6883255011944,1081.5409510695038,38.50298092290911,1080.855378531456,1.0,1.0,76.0,2341.0144204412354,107.40526948738217,68.40539020707689,882.0,882.0,2398.9755291850233,123.69596684535982,2395.7844012796218,4782.492354337074,-2383.516825152051,29.584957289290884,-2385.7818941065357,0.06575963718820861,0.01473922902494331,11.889208849410071,9.885130285402116,11.867779520193087,9.84115864996763,3.033565896354086,0.38792992399976356,150000.0,2900.0
7,35,8,known,3,80.0,300.0,150.0,1813.9002225527506,63.77739421002953,1812.7786575764555,898.522305415577,32.15255492292429,897.9468506216009,1.0,1.0,47.0,724.2936623721013,347.9958344813402,48.23032003672105,882.0,882.0,2881.377137659036,114.42038152507259,2879.10440688,4018.837368180654,-1137.4602305216176,24.97044668332255,-1138.73736464884,0.06462585034013606,0.01020408163265306,11.461989658644251,7.912593236592822,11.439972631057433,7.877404670169778,4.551884969161771,0.36564854199968977,150000.0,2900.0
7,36,8,known,3,80.0,300.0,150.0,2686.4058321414977,98.03467727989303,2684.6164524964233,1490.9410883754408,45.60555733343869,1490.2434237890297,1.0,1.0,36.0,2387.0784374555146,105.34860341095055,57.848908367930946,882.0,882.0,2232.307191125595,113.71164517579518,2229.4091273928293,4306.421793076384,-2074.114601950789,23.368481799517056,-2076.064919993171,0.07029478458049887,0.01927437641723356,11.698553819017615,10.330128027782695,11.676870640399244,10.291408110627298,2.7012094926629233,0.3625762550000218,150000.0,2900.0
7,37,8,known,3,80.0,300.0,150.0,1307.6264465283648,61.92705450239703,1306.1592412799655,1013.8338931885322,38.745664740965,1013.0932516020412,1.0,1.0,31.0,1487.073070367782,169.37278928392226,53.18613544192855,882.0,882.0,2029.8951127028529,97.57584785614186,2027.5485499711426,4467.4882166218795,-2437.5931039190264,3.088379218308134,-2438.9403489208894,0.07029478458049887,0.02040816326530612,11.614947338103594,10.179013209436208,11.593013151534112,10.151899693225657,2.4927454544673933,0.34562133199870004,150000.0,2900.0
7,38,8,known,3,80.0,300.0,150.0,1022.6334188224058,37.498103650712075,1021.9456940146099,527.5415823763049,22.484825731192412,527.0621915371407,1.0,1.0,102.0,759.4786308421127,332.26451266807436,63.88132146797715,882.0,882.0,3552.628496145273,92.95321218599187,3551.4122447228974,4294.521859614671,-741.8933634693976,3.4235929780912926,-742.176283535573,0.031746031746031744,0.012471655328798186,11.262074458794029,9.134977448342458,11.23971348906709,9.106871673616654,4.86129894167103,0.4545677589994739,150000.0,2900.0
7,39,8,known,3,80.0,300.0,150.0,3041.1615229437675,111.87634054098574,3039.1030079714005,1391.3646281776664,43.380113068032536,1390.688208885867,1.0,1.0,37.0,2603.0240548053443,97.16261162285083,50.4402811542862,882.0,882.0,2332.2459679463586,113.46492168497068,2329.484270509048,4834.97166806488,-2502.725700118521,18.91407680965372,-2504.5628091875747,0.047619047619047616,0.015873015873015872,11.35879827040645,8.92851808580034,11.33637198466377,8.893163534787721,3.265163862488412,0.317828589999408,150000.0,2900.0
8,0,8,known,3,130.0,300.0,150.0,3552.2861224271956,145.77570497740132,3549.29375220299,1757.2223911922847,91.78068988901585,1754.823876367947,1.0,1.0,45.0,1312.6738580977621,191.4388058980063,94.86451895814163,882.0,882.0,4398.362923490572,185.11140424305796,4394.465857730117,7384.493888152635,-2986.130964662063,35.1822570352187,-2988.5058498535673,0.013605442176870748,0.0,12.471640676400412,5.330719501400691,12.450996273170563,5.275550279979271,6.346903254061188,0.3804573809975409,150000.0,2900.0
8,1,8,known,3,130.0,300.0,150.0,4390.8199340036435,224.31731380121764,4385.0862517826,1649.2916505752332,53.829899407900626,1648.4129611802111,1.0,1.0,27.0,1748.7807455211982,143.93107429890551,80.91760892581082,882.0,882.0,4774.6073024143,240.37296737456197,4768.552791867099,7771.141961023246,-2996.5346586089463,80.889338663805,-3000.952491646741,0.018140589569160998,0.003401360544217687,11.735498219508452,4.780387156215099,11.713667337030639,4.716869777961502,7.683007103798977,0.3276382879994344,150000.0,2900.0
8,2,8,known,3,130.0,300.0,150.0,1157.3384973715802,80.65944602675474,1154.5243398321943,995.8806163118674,64.92690764167185,993.7618923111282,1.0,1.0,43.0,1229.5002965491956,205.2162368978806,122.89368294395831,882.0,882.0,4694.79829526328,164.53980816655883,4691.914074739169,8306.513084916314,-3611.714789653034,14.539805423595396,-3613.244540787872,0.02947845804988662,0.0022675736961451248,11.517530366440973,10.847718927003577,11.49537510647994,10.823158187601063,3.329163788581159,0.3546863369992934,150000.0,2900.0
8,3,8,known,3,130.0,300.0,150.0,5768.931151133149,404.62903785641936,5754.723448458477,2085.197411352012,93.76423381320225,2083.088215310757,1.0,1.0,43.0,2569.6161762922407,97.93699435801548,75.07452630481049,882.0,882.0,5822.2068005733445,331.9975625732454,5812.733405815884,7926.684559974251,-2104.4777594009065,177.80505551175193,-2112.451310271198,0.015873015873015872,0.003401360544217687,11.331765721668448,3.8775307569802866,11.307623526431643,3.792864214354351,11.550187210670831,0.37892464700053097,150000.0,2900.0
8,4,8,known,3,130.0,300.0,150.0,2774.117106333667,123.05739549722671,2771.386403420952,1633.1992910675294,82.68135019952946,1631.1050605870435,1.0,1.0,63.0,1288.802144358353,195.95042956596973,115.88239452550128,882.0,882.0,3196.3451873903027,170.59438149536007,3191.789484592517,7513.694842893092,-4317.349655502789,21.84056293294077,-4320.432722822632,0.021541950113378686,0.003401360544217687,11.069331031567133,6.782507342404333,11.046474111895105,6.736848521837615,3.6251004873246693,0.5131729179993272,150000.0,2900.0
8,5,8,known,3,130.0,300.0,150.0,3470.3745956337793,136.29906135087626,3467.6969879006424,1106.57565699436,68.91285454343814,1104.4277718036496,1.0,1.0,65.0,2973.178158414626,85.01267332173684,125.04285959388588,882.0,882.0,3372.611892053174,220.14845926382597,3365.4190868749542,7640.878923465941,-4268.267031412766,69.92545133420987,-4273.98296897697,0.036281179138321996,0.01020408163265306,11.617301643895319,8.042947107937962,11.593586031610297,7.99966756139742,3.225579884120399,0.346472569002799,150000.0,2900.0
8,6,8,known,3,130.0,300.0,150.0,2633.0219221430434,122.21069378883489,2630.1842119535086,1303.4001475524549,47.05697566545098,1302.5504157924108,1.0,1.0,77.0,973.5239778378573,259.6697937184563,97.50218967072968,882.0,882.0,5073.966456350862,194.54459379962654,5070.235497607292,7623.080774984808,-2549.114318633946,42.167806765997284,-2551.322205166878,0.012471655328798186,0.0022675736961451248,11.349943757790326,7.05032677005309,11.327294639085856,7.0105357288242764,5.535986128825209,0.3911840470027528,150000.0,2900.0
8,7,8,known,3,130.0,300.0,150.0,3043.6036178488357,169.62080098674346,3038.8734370577426,1875.3135750889353,92.1429481131875,1873.0484996459259,1.0,1.0,44.0,2459.8422814201326,103.14497686652372,98.85562344390786,882.0,882.0,3354.150655792639,190.34907442544915,3348.7451159530738,7766.948117177762,-4412.797461385122,38.03560554174831,-4416.709388589967,0.030612244897959183,0.005668934240362812,11.538986074594806,7.796902777476321,11.515277183103269,7.755505333429701,3.3091548820189156,0.34150193900131853,150000.0,2900.0
8,8,8,known,3,130.0,300.0,150.0,1267.8957432292978,42.86794493893538,1267.1708468062566,1011.9138820571935,43.48390521629971,1010.9791564059071,1.0,1.0,29.0,899.4199860705212,281.0726298368522,55.24158664286292,882.0,882.0,4077.237820179761,167.53249397361992,4073.794435875132,7768.613829483923,-3691.376009304162,14.073203562172665,-3693.303547144993,0.02947845804988662,0.006802721088435374,11.775742767765765,10.526674291118187,11.75036198432354,10.499985468345418,2.97941847350585,0.36479758599671186,150000.0,2900.0
8,9,8,known,3,130.0,300.0,150.0,2959.7204549306543,146.72443188582432,2956.081377841737,1454.7869744777445,66.85408595504978,1453.2500377778163,1.0,1.0,18.0,2741.826246689355,92.24274650735278,113.91778589265189,882.0,882.0,2601.467498416302,188.73615696064323,2594.612072810134,6900.2628621085705,-4298.795363692268,41.140037012373256,-4304.0720735739405,0.032879818594104306,0.01020408163265306,11.45490829315608,7.526272118102849,11.43281584594095,7.4831877468479675,2.6588579492393407,0.3557750100007979,150000.0,2900.0
8,10,8,known,3,130.0,300.0,150.0,1184.2850545603615,102.1188685820378,1179.874072574935,715.9747332317661,58.793210575937145,713.5567090403341,1.0,1.0,126.0,1545.6180115037994,163.59613340807815,86.63836578819524,882.0,882.0,5135.548903011875,186.80617372710898,5132.150230525594,8460.493209166116,-3324.9443061542406,31.742062748468555,-3326.921850018014,0.01927437641723356,0.0045351473922902496,12.023809607541974,13.60597721213252,12.00220840746034,13.582999254760797,2.9034461630315285,0.4526357470022049,150000.0,2900.0
8,11,8,known,3,130.0,300.0,150.0,1295.279944034467,107.72551392674875,1290.792526731988,623.2067377400807,65.93660583372862,619.7088041780279,1.0,1.0,64.0,1654.3072927186467,152.6432593497048,93.72378485484795,882.0,882.0,5209.703040172089,179.74135323254154,5206.601464748041,7583.397390515927,-2373.694350343839,31.50812130493793,-2375.347024356596,0.01927437641723356,0.0045351473922902496,11.572495150942848,13.781182741873078,11.550583668632598,13.75998962510722,2.907924488134881,0.43240350400083116,150000.0,2900.0
8,12,8,known,3,130.0,300.0,150.0,2474.4934194161447,62.08225612598812,2473.714509843064,1293.117425403605,78.41855766418958,1290.737465829638,1.0,1.0,32.0,2366.7493602442073,106.49662413650798,104.03179269970651,882.0,882.0,3402.9220881200185,170.87647792508437,3398.6291305623545,8375.044572383747,-4972.122484263729,21.12280390279014,-4975.076466515398,0.021541950113378686,0.0045351473922902496,11.237740815745955,8.645533534965523,11.215056199591833,8.606766847738914,3.0277279764057683,0.3079862189988489,150000.0,2900.0
8,13,8,known,3,130.0,300.0,150.0,2396.4616975519384,71.99012150828555,2395.3801556827552,1348.3415355392583,35.69842423196098,1347.8688804804865,1.0,1.0,37.0,795.088770179437,318.38627325689333,76.30624698079329,882.0,882.0,3581.2887796274395,182.20062250925085,3576.650983286269,7646.043121412047,-4064.7543417846077,27.064410363168093,-4067.8181395615334,0.02834467120181406,0.006802721088435374,11.53691630362832,7.301196735133776,11.512977132268059,7.258758474410866,3.7731314779314222,0.3424226860006456,150000.0,2900.0
8,14,8,known,3,130.0,300.0,150.0,1554.149364618143,126.81749675165175,1548.9666136042513,1225.6297110721052,108.19154320020674,1220.8451083747889,1.0,1.0,33.0,865.4594552404899,291.46995085486327,86.35751698433847,882.0,882.0,3353.3791921349507,149.35663634888854,3350.051432653266,7237.236289536533,-3883.8570974015825,7.637924201469929,-3885.7971642434236,0.03741496598639456,0.01020408163265306,11.054769921523942,7.575102019466257,11.032072677942619,7.538535198859716,3.4052643104471048,0.3613924359997327,150000.0,2900.0
8,15,8,known,3,130.0,300.0,150.0,3046.2725312544458,132.6188191850371,3043.3843962722376,1737.554792653509,62.28022217160984,1736.4382601749576,1.0,1.0,23.0,2622.9750797016386,95.98739970977816,90.15597796986957,882.0,882.0,3032.5919984689253,185.28934822944757,3026.9261779254643,7925.132440768792,-4892.540442299866,27.216458580495726,-4896.629663064359,0.036281179138321996,0.0011337868480725624,11.686513287835265,9.369710270815371,11.66482267604179,9.331349907980458,2.489685388684196,0.4235551539968583,150000.0,2900.0
8,16,8,known,3,130.0,300.0,150.0,1652.6787468050643,55.422124264733924,1651.7492025980039,385.77520594174393,56.52571351280041,381.61152135550594,1.0,1.0,115.0,198.77087558537758,1273.4482011307482,123.46407858919024,882.0,882.0,14149.946301523096,365.3884575265317,14145.22787413103,8095.333526322536,6054.61277520056,204.5595028514346,6051.492089603603,0.006802721088435374,0.0011337868480725624,11.55572543218323,8.150891222418249,11.530851026098194,8.117386761511707,13.353845341669762,0.4582898330008902,150000.0,2900.0
8,17,8,known,3,130.0,300.0,150.0,2526.9924932242784,171.62028565145403,2521.1579756859282,1387.4434592080431,94.58998703199038,1384.215332544929,1.0,1.0,35.0,2408.7445849305727,105.04124016293753,93.2692599788302,882.0,882.0,3605.9079174067633,203.1032077829972,3600.183466964571,7990.076588164483,-4384.168670757719,46.319184050449735,-4388.354738153837,0.027210884353741496,0.005668934240362812,11.945450139170983,10.19665267872746,11.924070944941278,10.158964522939709,2.720280280673728,0.3923141470004339,150000.0,2900.0
8,18,8,known,3,130.0,300.0,150.0,3832.696029634275,188.34822647303994,3828.0652817263704,1452.2388187692895,60.97573399926871,1450.9581477781057,1.0,1.0,47.0,1562.3051361590683,161.30707587271266,110.01074667909388,882.0,882.0,5251.816215793519,251.4963499533276,5245.790993780816,7960.8296176566655,-2709.013401863146,97.48572001699975,-2713.5487355702435,0.009070294784580499,0.0011337868480725624,11.307594601627294,5.126206075020501,11.28503338534059,5.066438447287309,7.880796379254653,0.38301443100135657,150000.0,2900.0
8,19,8,known,3,130.0,300.0,150.0,923.2294779493983,49.257546921288764,921.9145096081392,658.688831065956,50.295224923339525,656.7658384241267,1.0,1.0,87.0,864.3550606258335,293.0168566302767,113.02054746557425,882.0,882.0,7060.351541992755,191.7591025407646,7057.746973582451,7067.049863807598,-6.698321814842529,38.3318886503458,-7.637224575553773,0.021541950113378686,0.009070294784580499,11.415433265518555,10.703724380620356,11.393278086778587,10.677317078485812,5.073971876106892,0.42347447100110003,150000.0,2900.0
8,20,8,known,3,130.0,300.0,150.0,1839.3764823189147,81.48988916812603,1837.5704725727585,794.8862870905544,65.72999935757653,792.1639833955215,1.0,1.0,49.0,2070.5323574394943,121.78136085732471,71.01402655946866,882.0,882.0,3777.423132549843,175.89485357597144,3773.325658197044,8033.019404566556,-4255.596272016713,20.509943870601006,-4258.190779187535,0.02947845804988662,0.005668934240362812,11.754991227557952,11.26536516801733,11.731583345569149,11.23775040425672,2.5793305930382138,0.38370680200023344,150000.0,2900.0
8,21,8,known,3,130.0,300.0,150.0,2557.410445121328,95.0383202529308,2555.6439310864826,1421.5371817626726,56.88975667008762,1420.3983647976297,1.0,1.0,22.0,2442.051662612621,103.4854450240617,95.65472169807397,882.0,882.0,2586.8449172258615,152.1169924107229,2582.368495470232,8078.876371714218,-5492.031454488357,-3.763537945711846,-5495.003892237176,0.05102040816326531,0.006802721088435374,11.672023195807801,8.51255613382402,11.650076112095485,8.476170836153532,2.337583064682193,0.36498509100056253,150000.0,2900.0
8,22,8,known,3,130.0,300.0,150.0,1332.4950354795362,66.3492985827766,1330.8421357002428,1272.4651514726281,36.85207161607036,1271.9314000880167,1.0,1.0,33.0,1328.441397951812,190.1761903031498,105.35166884424085,882.0,882.0,3041.7891134216597,141.25672752644812,3038.5074539087523,6554.789717496041,-3513.000604074381,-2.0559950021605573,-3514.7153947477213,0.04308390022675737,0.011337868480725623,11.794639312281625,8.664230730936477,11.772973686111431,8.633157591072788,2.7005718709688846,0.3707841819996247,150000.0,2900.0
8,23,8,known,3,130.0,300.0,150.0,949.3755261226223,140.49289181740932,938.9225936941701,519.1783778298677,71.4402215216467,514.2397133195675,1.0,1.0,308.0,701.8551825102741,358.71126876898717,136.1954536688539,882.0,882.0,9473.533358478382,216.3611108586947,9471.062356668903,7660.273418605817,1813.2599398725652,67.29463726390586,1812.2394683753719,0.01473922902494331,0.0022675736961451248,11.779504628247942,10.036607595008945,11.75789970560633,10.010270215069426,7.260753480388693,0.6140815170001588,150000.0,2900.0
8,24,8,known,3,130.0,300.0,150.0,3398.035764611422,213.16734099308468,3391.3429113423886,1459.594097306498,92.20460440375147,1456.678838941075,1.0,1.0,36.0,2960.995347357737,85.4633418242639,87.09648801929477,882.0,882.0,3346.210616665865,198.94893497637634,3340.291126886864,7576.297613075677,-4230.086996409812,42.88875579047658,-4234.399014786832,0.034013605442176874,0.009070294784580499,12.010883472975399,8.821814601274731,11.989534968954386,8.7900698375169,2.917776311343147,0.31981197300046915,150000.0,2900.0
8,25,8,known,3,130.0,300.0,150.0,2155.131476007502,81.85277155899968,2153.5765142354207,1220.8755407621195,44.76549683248301,1220.054562847309,1.0,1.0,35.0,1066.2190951091445,235.65052575638637,96.44511759430459,882.0,882.0,4240.476866776977,162.69406121883154,4237.354681887606,8043.284032633499,-3802.8071658565223,15.604414357569624,-3804.5843047873877,0.015873015873015872,0.003401360544217687,11.322392615795234,6.940744965058549,11.299995306641957,6.898176630761643,4.699647225992866,0.3759112810002989,150000.0,2900.0
8,26,8,known,3,130.0,300.0,150.0,2980.488094840167,157.46988387959436,2976.3253382577177,1476.4733087725062,83.9514075332149,1474.0846626604678,1.0,1.0,41.0,2581.264549211495,97.42250419307656,102.74435335340105,882.0,882.0,3171.2938016229737,197.19662528780927,3165.1568471700407,8171.833052430598,-5000.539250807625,38.89615449647562,-5005.14280447949,0.02947845804988662,0.0022675736961451248,11.647296588169517,8.708902006752552,11.623681827693396,8.672927671124391,2.801107152873862,0.3747936239997216,150000.0,2900.0
8,27,8,known,3,130.0,300.0,150.0,1199.4484590765858,58.91476463079691,1198.0006913561,1163.600204127208,50.1437299091344,1162.5192649567919,1.0,1.0,42.0,1324.5764990221421,190.67177322968573,117.167826508875,882.0,882.0,3019.0778565522423,147.02962723748342,3015.4955467780896,6572.019861038491,-3552.942004486249,-4.344762170605151,-3554.780767663771,0.04081632653061224,0.006802721088435374,11.87997530443458,8.796064742994187,11.858211595430411,8.765397544833647,2.640234752493111,0.37247945200215327,150000.0,2900.0
8,28,8,known,3,130.0,300.0,150.0,4289.751064362887,222.2099529345389,4283.9919387201635,1585.083349052318,62.95317352172246,1583.832731504958,1.0,1.0,54.0,1721.0002713201366,147.0581534258095,81.55550417850749,882.0,882.0,4932.475859637312,258.658062404144,4925.689201792799,7288.290645118478,-2355.814785481166,105.95614620089535,-2361.001587070784,0.017006802721088437,0.0045351473922902496,11.665086123351355,4.800852036354517,11.642950564002252,4.73624283871645,7.903205870518996,0.3654746749998594,150000.0,2900.0
8,29,8,known,3,130.0,300.0,150.0,483.5690322658797,49.44785250766333,481.0342179605727,448.24274268968475,40.48036488350175,446.4111293783674,1.0,1.0,69.0,1103.5880106672528,228.39940645325945,75.59107803955001,882.0,882.0,6229.455692957616,160.71744815702363,6227.382125129302,8035.209498785494,-1805.7538058278788,2.540748307423911,-1806.270333186114,0.01927437641723356,0.005668934240362812,11.402735311412567,12.781356066428094,11.380514117292009,12.761017204410237,3.7491240911199597,0.41191189700111863,150000.0,2900.0
8,30,8,known,3,130.0,300.0,150.0,1501.5774155573622,59.36949588798585,1500.403278412152,829.8811770837752,45.1215302645867,828.6536161657261,1.0,1.0,111.0,638.2001264400154,394.1604108850376,106.88742138407264,882.0,882.0,4912.213944547252,196.73384384039701,4908.272774784656,7615.852109238015,-2703.638164690763,48.20940971505203,-2706.1309341247206,0.021541950113378686,0.0045351473922902496,11.131983843233249,9.770225602032326,11.108752074957213,9.742113806285047,3.8674911564009267,0.45276116099921637,150000.0,2900.0
8,31,8,known,3,130.0,300.0,150.0,2099.874126140206,107.70853133309168,2097.1099680062466,1812.942820084601,86.15921117675855,1810.894325803056,1.0,1.0,30.0,1821.8224632936208,138.20855399111028,71.45047454299342,882.0,882.0,2180.442656857792,153.3887996153646,2175.040702147347,8409.620653837963,-6229.177996980171,-6.247617817403494,-6233.064658496471,0.05668934240362812,0.012471655328798186,11.824282247933326,8.791807553195678,11.8027888270821,8.760852804558034,1.9077573889667816,0.5129627679998521,150000.0,2900.0
8,32,8,known,3,130.0,300.0,150.0,1430.8619862228827,86.12342428038636,1428.2677548022689,1199.3820721242546,67.57762781712938,1197.4767718631037,1.0,1.0,42.0,1538.2799234919614,163.95184902304223,114.43745362025169,882.0,882.0,3190.0168524754713,151.02495502463566,3186.439860100504,7006.690248338656,-3816.6733958631844,2.538646650284761,-3818.6768450222144,0.03854875283446712,0.009070294784580499,11.308000266508481,10.304963453831984,11.285525814701643,10.27660951762581,2.381239999814203,0.3227375349997601,150000.0,2900.0
8,33,8,known,3,130.0,300.0,150.0,3770.5889750336946,223.80066768098823,3763.941349143367,1781.675861047474,104.9774686227704,1778.5805027945216,1.0,1.0,42.0,3174.9910421640634,79.12246991108324,108.74484481712139,882.0,882.0,3127.6226355954464,187.3901017835865,3122.0038918045166,7883.224561799162,-4755.601926203715,36.73178009068272,-4759.7809036500175,0.027210884353741496,0.0045351473922902496,11.79714820916869,7.95964242289466,11.775641168537412,7.919380251522003,3.0225774450904517,0.32817036300184554,150000.0,2900.0
8,34,8,known,3,130.0,300.0,150.0,2417.5031743311297,105.63823913256412,2415.19402126083,1644.4057140866903,75.4258885379813,1642.6749793733434,1.0,1.0,43.0,2249.4676397412904,111.96834989590826,97.81252876395106,882.0,882.0,2375.8019930092623,159.3633606898352,2370.4511024816406,7329.25034031585,-4953.4483473065875,6.503521468112297,-4957.205031683847,0.04195011337868481,0.006802721088435374,11.006244948504886,8.515946365156193,10.983174558168109,8.48156576931705,2.146021024862326,0.29590610599916545,150000.0,2900.0
8,35,8,known,3,130.0,300.0,150.0,3468.792421311563,204.5374687328026,3462.756890980497,1600.037228672178,79.03821004906223,1598.083882181778,1.0,1.0,39.0,1424.0803736830312,176.9614177512337,118.98542997395882,882.0,882.0,3944.564388857368,200.7602793088575,3939.452186293614,7395.740879362781,-3451.176490505413,50.34735128906195,-3454.7590025866625,0.021541950113378686,0.0045351473922902496,11.816560986424712,5.528527532515586,11.795076182676883,5.475215030425474,5.488405875298946,0.3338166829998954,150000.0,2900.0
8,36,8,known,3,130.0,300.0,150.0,2365.102914178124,106.16217075716693,2362.7190667013247,1444.054136575659,56.74163384672782,1442.9389232915148,1.0,1.0,37.0,1969.4033282149092,127.82718099247909,103.16536931988425,882.0,882.0,3243.8108342523715,175.8934348347696,3239.0384727562423,7405.420698808972,-4161.6098645566,28.796854709094504,-4164.921165333615,0.03854875283446712,0.006802721088435374,11.429985208664878,9.333996593250701,11.407667586795334,9.298897448989194,2.673280494954682,0.3752557240004535,150000.0,2900.0
8,37,8,known,3,130.0,300.0,150.0,2845.418804729148,185.89172123967913,2839.3401420542773,1494.4013780510597,106.13784763570207,1490.6274638621708,1.0,1.0,31.0,2720.4954060303166,92.99526686139288,103.86422819443527,882.0,882.0,3086.0972736758126,184.1483798837479,3080.59827903209,7101.903940871799,-4015.8066671959864,35.56129890391108,-4019.751111296268,0.030612244897959183,0.006802721088435374,11.953018758293616,7.801082787158862,11.931816696833238,7.763561012943462,3.0430660006047727,0.3164979339999263,150000.0,2900.0
8,38,8,known,3,130.0,300.0,150.0,1887.335093540687,97.60974739894857,1884.8092987151106,1303.1568391891778,64.52555737180779,1301.5583736319268,1.0,1.0,38.0,1343.910117506795,188.1787896529283,74.61372443583925,882.0,882.0,3389.124035793206,167.21738821681447,3384.996318324316,7792.567526906993,-4403.443491113787,12.79898320033854,-4406.041072010654,0.035147392290249435,0.006802721088435374,11.325686438927324,9.26077234726517,11.303092934249815,9.223447932358148,2.8151199395821283,0.32967475300029037,150000.0,2900.0
8,39,8,known,3,130.0,300.0,150.0,1758.8422638891318,112.02382420847287,1755.2711391840164,686.0195845486957,56.90611343099125,683.6552966506908,1.0,1.0,53.0,2060.0170872470003,123.18074057551588,111.64122766347695,882.0,882.0,3683.0041112646472,176.84325791502306,3678.7560051901096,7398.825228056212,-3715.8211167915647,29.01169497151176,-3718.5922078061344,0.027210884353741496,0.005668934240362812,11.75812907397241,11.689019015483172,11.736559947391086,11.66169945443562,2.4237107338396124,0.2631804220000049,150000.0,2900.0
9,0,8,known,3,180.0,300.0,150.0,2541.027933517435,131.0001151684941,2537.6488978465336,1806.766473091642,108.61770132553346,1803.4986230232525,1.0,1.0,65.0,1853.8400556734098,136.02241982051166,175.82517995072286,882.0,882.0,3451.203023654933,218.94299314341615,3444.2511923839634,9253.698645556804,-5802.495621901871,14.340461262891182,-5807.185259688109,0.022675736961451247,0.003401360544217687,10.94856029769976,7.208176766194397,10.925406631748071,7.167192531459753,2.659944498217264,0.31412289699801477,150000.0,2900.0
9,1,8,known,3,180.0,300.0,150.0,2709.562209712514,158.57841267784553,2704.917790864398,1249.0217029906723,131.3939465504207,1242.091319248156,1.0,1.0,80.0,2591.849544839893,97.10982640904341,120.12968182132103,882.0,882.0,4181.529230801619,261.8208435302469,4173.324400755529,10495.331015672426,-6313.801784870807,50.343959638684595,-6319.875809671942,0.011337868480725623,0.0022675736961451248,11.72002192670084,8.881259527138482,11.698390860312033,8.848496544067757,2.615700833638712,0.3819919220004522,150000.0,2900.0
9,2,8,known,3,180.0,300.0,150.0,1221.9649292928714,101.41193917809869,1217.7495255650358,775.0668685003931,71.41259446972033,771.7699735012426,1.0,1.0,82.0,1653.9554287029898,152.87008790158856,127.26317868833847,882.0,882.0,5599.935836723782,225.86846794493283,5595.378879987618,11600.779381534534,-6000.843544810752,7.085770549603808,-6003.337272688816,0.023809523809523808,0.0022675736961451248,11.939198864290702,12.062104773305762,11.917616253849086,12.039220134927955,2.5792144267653536,0.35710915100207785,150000.0,2900.0
9,3,8,known,3,180.0,300.0,150.0,3227.31274207774,175.75738577851854,3222.523370981449,1915.7643032407263,89.91941787886913,1913.6528848931175,1.0,1.0,31.0,1403.273244807855,179.5280575596002,106.13834073524855,882.0,882.0,4220.576830629297,231.2681118532312,4214.235855251184,10703.812025543133,-6483.2351949138365,20.39163095712641,-6487.498723216303,0.012471655328798186,0.005668934240362812,11.270698351149885,4.885174770054724,11.248212582991279,4.823703498597019,4.7997564391721825,0.33671072099969024,150000.0,2900.0
9,4,8,known,3,180.0,300.0,150.0,4611.1698284387385,208.43498961476377,4606.456560286662,1205.5558591856734,79.14730184753633,1202.9549593509983,1.0,1.0,32.0,3744.8949637272153,67.1143439326592,107.58873885654921,882.0,882.0,4093.193197830497,309.1641038441704,4081.5007180766343,11420.939187159203,-7327.745989328707,92.80834984821442,-7337.388987341384,0.012471655328798186,0.0011337868480725624,11.737427242344605,5.830555180308599,11.715668131449284,5.766089247072781,3.9001366948671694,0.4070227329975751,150000.0,2900.0
9,5,8,known,3,180.0,300.0,150.0,3888.8884898363635,248.35214331888145,3880.9502572553893,1786.6879308099894,132.49587344476623,1781.768392811532,1.0,1.0,71.0,1653.2206851083306,152.84588898453913,111.64379391202662,882.0,882.0,5135.602789329097,282.7070046190234,5127.8155933403195,11026.820113815425,-5891.217324486329,62.38427432118411,-5896.8032080948815,0.013605442176870748,0.003401360544217687,11.795210582845854,5.628165475622057,11.773679639928588,5.5729429011090765,5.069347504255895,0.4289610600026208,150000.0,2900.0
9,6,8,known,3,180.0,300.0,150.0,2966.6506864710045,168.29367224148015,2961.8733152216955,1902.559061127084,126.36024959060688,1898.3582560729078,1.0,1.0,39.0,2470.7943326866653,102.47063314911445,150.64534224530567,882.0,882.0,4152.33411072103,273.27858027821713,4143.331676877743,11072.608804774574,-6920.274694053544,57.087446400526346,-6927.16637592928,0.015873015873015872,0.0011337868480725624,11.5125244551237,7.570868082185536,11.488622466439297,7.524315236405032,3.047011595885541,0.3873665350001829,150000.0,2900.0
9,7,8,known,3,180.0,300.0,150.0,3167.313394166616,230.56239343517697,3158.91043234858,1325.019810739393,85.457585273398,1322.2611315360882,1.0,1.0,35.0,2838.165318420115,88.97886068132694,107.52797185617183,882.0,882.0,4131.231756898218,272.56300680882856,4122.230614184954,10491.565909398643,-6360.334152500425,61.614118931840295,-6367.214356735064,0.021541950113378686,0.006802721088435374,11.31723500963745,7.278224886718652,11.294656565305349,7.223663822909772,3.1534182984926833,0.3031088190000446,150000.0,2900.0
9,8,8,known,3,180.0,300.0,150.0,3438.2453709052324,203.21751719091122,3432.234530339968,945.2063738377705,101.26826884431811,939.7658361894318,1.0,1.0,38.0,3039.9494633181453,83.41198073714301,114.24042251160354,882.0,882.0,3908.757123295355,285.02395580888776,3898.3513943110916,11277.121548715619,-7368.364425420264,72.83231296022672,-7376.7736662463885,0.021541950113378686,0.0011337868480725624,12.046328830259549,7.936237282051701,12.025166851521234,7.874101316722444,2.736223298256393,0.3397256890020799,150000.0,2900.0
9,9,8,known,3,180.0,300.0,150.0,4318.60720748977,335.8258714507739,4305.530071506518,1613.5730839046162,125.65323105689434,1608.6731683677751,1.0,1.0,45.0,3618.648819382907,69.90674909931047,115.78286614877318,882.0,882.0,3504.012178188805,278.08122417324154,3492.960374475749,11049.433975109327,-7545.421796920522,62.84749934095487,-7554.377115344823,0.01927437641723356,0.003401360544217687,12.20146114607919,7.166551796290137,12.180217880053473,7.1173955036702905,2.716332048747399,0.3159865939996962,150000.0,2900.0
9,10,8,known,3,180.0,300.0,150.0,4731.0914526678225,392.2862006622299,4714.79987595195,2480.662276682127,143.82843284393704,2476.4891909433827,1.0,1.0,45.0,3747.4547969864025,67.25743046091411,113.07413077190328,882.0,882.0,3154.4365327391974,267.3448315127689,3143.087109856025,9512.237892657799,-6357.8013599186015,59.190249833348446,-6366.873005551439,0.017006802721088437,0.003401360544217687,12.102930156126586,6.18065121789215,12.081782607382056,6.1183464695249725,2.8354046824993406,0.3481514979976055,150000.0,2900.0
9,11,8,known,3,180.0,300.0,150.0,2025.9802143289194,156.52007960464826,2019.9250712669539,1211.0474993539162,144.02876329273693,1202.4523944987338,1.0,1.0,48.0,2105.426497760735,119.32646730761917,145.40737230869638,882.0,882.0,3677.9385053778888,224.84335381162757,3671.0593996267726,10574.27518722134,-6896.336681843451,26.439534799840118,-6901.354310576135,0.01927437641723356,0.003401360544217687,11.15416036537371,10.138746169883781,11.129769980142079,10.110161624921197,2.0153371387517485,0.41117222500179196,150000.0,2900.0
9,12,8,known,3,180.0,300.0,150.0,2690.0366887665023,76.83275902525644,2688.93921724728,1429.1987443209277,79.6339558427109,1426.9784454732867,1.0,1.0,40.0,1030.002816881286,243.6859173467335,157.10202597620193,882.0,882.0,4530.19779403531,219.55731551317828,4524.874212427018,10243.215822290782,-5713.018028255472,15.151581877694895,-5716.301925013698,0.022675736961451247,0.003401360544217687,11.832629317882265,6.679280484374901,11.81093346034481,6.636231660936465,3.7680354315549875,0.35228515100243385,150000.0,2900.0
9,13,8,known,3,180.0,300.0,150.0,2785.986362304872,114.02230706541849,2783.652083943001,1325.5837412901926,76.34288093755663,1323.383549732676,1.0,1.0,30.0,2515.314658710498,100.12400746501511,160.01701505827813,882.0,882.0,3699.315025349506,277.2480311445954,3688.9111111550333,11250.211114603582,-7550.896089254076,67.88625669869944,-7559.351766754198,0.027210884353741496,0.003401360544217687,11.322757641016256,8.814073048177834,11.30044186899254,8.784460505060785,2.331697278714899,0.3691301270009717,150000.0,2900.0
9,14,8,known,3,180.0,300.0,150.0,1426.3021175091073,156.58091244794684,1417.6812576414814,1288.9962722468556,92.99864072234226,1285.6370571394116,1.0,1.0,38.0,1359.9150699727447,185.94987642849054,146.85128102083874,882.0,882.0,3622.4431012673713,216.30784211747977,3615.9791121296666,9603.255432987282,-5980.812331719911,10.747137083931278,-5985.076022997196,0.02040816326530612,0.006802721088435374,11.56745260978952,9.725271807897116,11.54558241292658,9.697780089097712,2.0693183998814506,0.5216688120017352,150000.0,2900.0
9,15,8,known,3,180.0,300.0,150.0,1660.9213352902004,127.6448822561821,1656.0091986628543,1302.033898069096,59.46928923293401,1300.6750844692672,1.0,1.0,54.0,902.1300821024727,280.28072583591654,173.4721719856949,882.0,882.0,4330.246663843934,231.40019438408677,4324.059449148512,11351.030757133803,-7020.78409328987,5.6174980018833764,-7024.725570553464,0.01473922902494331,0.0045351473922902496,11.62683129162935,8.221714438528647,11.604789236958517,8.18711995773008,2.926023044233739,0.3575608640021528,150000.0,2900.0
9,16,8,known,3,180.0,300.0,150.0,3027.7380086394737,186.93715613511324,3021.9616060791113,835.6936039333574,85.00732030323344,831.3588606311878,1.0,1.0,106.0,2800.3343737436835,90.28064641765235,141.21142094956673,882.0,882.0,5216.9286410999375,298.0393139685112,5208.408299438324,10817.756444190787,-5600.82780309085,90.91655806572703,-5607.365119500264,0.01473922902494331,0.0022675736961451248,11.42578102050945,8.276269647624595,11.403637879171825,8.232026523292483,3.5019324078352327,0.45139596499939216,150000.0,2900.0
9,17,8,known,3,180.0,300.0,150.0,2270.5603199442216,154.82907066402336,2265.2752868873404,1630.5667759351527,105.90884523883823,1627.123636139471,1.0,1.0,35.0,2011.8866845644493,125.6607404775176,139.94897344594978,882.0,882.0,3906.235798451046,216.40605590500837,3900.2367276959126,10263.371729272081,-6357.135930821036,6.703532071087579,-6360.992443544688,0.022675736961451247,0.0011337868480725624,11.90643249490515,8.649560135182256,11.884927612916476,8.614298911886078,2.5089495479803876,0.3152502609991643,150000.0,2900.0
9,18,8,known,3,180.0,300.0,150.0,2700.05499085447,102.22047714516154,2698.1193316253357,1440.0212949270203,87.08384741799152,1437.3857288014835,1.0,1.0,27.0,959.8394754876917,262.09138627310705,151.16931065725313,882.0,882.0,5679.70271950753,229.7218135081656,5675.0551424968335,10210.810432936145,-4531.107713428615,19.40967895725629,-4533.589160417158,0.01020408163265306,0.0011337868480725624,11.50364304436125,6.102166982532933,11.479844135440835,6.053746041741382,5.170934208713906,0.3359650620004686,150000.0,2900.0
9,19,8,known,3,180.0,300.0,150.0,3963.645348229977,180.48073807919303,3959.5342086825726,1112.3522409390905,82.16667937110843,1109.313366332229,1.0,1.0,71.0,3315.2565906289938,75.8435886477179,132.0705915724782,882.0,882.0,4272.326790643899,305.65425370693634,4261.379082321174,10843.602417922775,-6571.2756272788765,100.293022611744,-6580.278547522324,0.013605442176870748,0.0045351473922902496,11.475246633798314,6.763259548039981,11.453108408623999,6.705881264513474,3.509424511704432,0.5043372309992264,150000.0,2900.0
9,20,8,known,3,180.0,300.0,150.0,2138.5184063138377,135.2985027741614,2134.234122417254,778.4777398377003,105.11308355406139,771.3487091378136,1.0,1.0,74.0,570.0692484319424,444.8716814882863,166.92086315452164,882.0,882.0,6973.9763156946065,288.8479861427152,6967.991998615571,9950.200702589718,-2976.224386895112,85.83102879709921,-2980.137380159469,0.012471655328798186,0.0011337868480725624,11.32339370999929,7.66675813397928,11.301094119771774,7.629353322514372,5.0535457344420704,0.3096391970029799,150000.0,2900.0
9,21,8,known,3,180.0,300.0,150.0,2174.242832974133,113.78937842253549,2171.2631977946835,1706.4290281121573,76.93394987594364,1704.693871444456,1.0,1.0,88.0,1755.578723839826,144.02283173592605,171.79378000447582,882.0,882.0,3317.60591565297,218.1292749187766,3310.427258073947,10976.737360864769,-7659.131445211799,6.478913886617136,-7664.2694217472945,0.017006802721088437,0.0022675736961451248,11.122717526830721,8.239920301093784,11.099674228289256,8.206205276375954,2.236810952334484,0.40951486799895065,150000.0,2900.0
9,22,8,known,3,180.0,300.0,150.0,2522.774699356955,108.28237282160023,2520.4497835608026,1576.2707335691284,81.70866957327162,1574.1515552268543,1.0,1.0,46.0,1198.185585384622,210.5801099034456,84.89726180007382,882.0,882.0,4097.934624955956,220.74921502247025,4091.9846009583016,11377.542793201057,-7279.608168245101,-0.9672972822404518,-7283.397669510359,0.02834467120181406,0.005668934240362812,11.681308899721202,6.580924673927564,11.65930385340193,6.533390926564918,3.4594383920201244,0.4004843120019359,150000.0,2900.0
9,23,8,known,3,180.0,300.0,150.0,2211.549497182068,128.12598492878132,2207.834892031623,1308.0659444670614,102.3313131156822,1304.0570606497731,1.0,1.0,39.0,2164.1782371965155,116.46484363845961,128.34686125325564,882.0,882.0,4581.887905075492,260.7446012938046,4574.462703703378,10245.652217913615,-5663.764312838123,51.63171438024119,-5669.055303844853,0.011337868480725623,0.0022675736961451248,11.039789815457247,9.122388375360035,11.01691925028228,9.088148915978763,2.7903802993884614,0.3614001599999028,150000.0,2900.0
9,24,8,known,3,180.0,300.0,150.0,3214.038634735241,197.70379433135392,3207.9522370630393,1288.8991109153433,102.43599241004992,1284.8220832385043,1.0,1.0,150.0,1218.3657779637053,206.8994259168729,138.4386005307861,882.0,882.0,5747.091728307783,259.7287533460167,5741.219757879771,10028.097908809388,-4281.006180501605,52.71372663566089,-4284.741166010934,0.017006802721088437,0.0022675736961451248,11.552932217064722,5.4118648024209515,11.531037391062284,5.356895461131259,5.899683112040205,0.48625520399946254,150000.0,2900.0
9,25,8,known,3,180.0,300.0,150.0,1043.5008385371268,163.22241597092997,1030.6563166023384,674.7209105501956,86.87706451168847,669.1043885639348,1.0,1.0,205.0,739.6634130239067,340.0315009169887,136.15334414355328,882.0,882.0,9706.469276988295,266.48199872370424,9702.81058093344,12091.856803188899,-2385.387526200604,47.10591198903293,-2387.056047007278,0.011337868480725623,0.003401360544217687,11.581910280164283,9.45747338561932,11.55993460067273,9.429714596800556,5.701821947349883,0.4767656160001934,150000.0,2900.0
9,26,8,known,3,180.0,300.0,150.0,4406.679082027679,246.8222109965533,4399.761280812754,2557.0951728705686,94.61341828202637,2555.34420855566,1.0,1.0,39.0,2080.89205609124,121.49517303150034,113.62466213053371,882.0,882.0,4036.886564767924,240.10356072277617,4029.7398696357577,13074.790761780729,-9037.904197012806,17.549371932404767,-9043.156637925164,0.01473922902494331,0.0011337868480725624,11.36037240146283,5.574419609163804,11.337691826566129,5.52111305360968,4.023225583014234,0.3804216099997575,150000.0,2900.0
9,27,8,known,3,180.0,300.0,150.0,2215.887200516196,143.3143872998148,2211.247853996558,686.9474112324409,92.2928539176588,680.7193069942163,1.0,1.0,31.0,2349.9917284647345,107.05477287155948,108.95514838307955,882.0,882.0,4646.319353140386,257.085752848663,4639.201488084898,9871.077600506143,-5224.758247365758,51.84670244569418,-5229.742220712098,0.011337868480725623,0.0022675736961451248,11.408937002828175,10.267407874681707,11.386610517331903,10.22747893926281,2.5140605701343657,0.3831847539986484,150000.0,2900.0
9,28,8,known,3,180.0,300.0,150.0,1948.8019512582339,100.77722823710423,1946.1944906655003,1710.8387315840807,77.56591824199384,1709.0794872724625,1.0,1.0,35.0,1820.3098028659447,138.4473359812605,108.4011782422797,882.0,882.0,2986.302793831584,211.19567575793027,2978.8253998828927,11324.317457636664,-8338.01466380508,0.9131069281755231,-8343.539508676664,0.018140589569160998,0.003401360544217687,11.546767738332324,8.37947901335885,11.524487302697148,8.344595674559557,1.979904842579459,0.3564316569973016,150000.0,2900.0
9,29,8,known,3,180.0,300.0,150.0,4874.7546732456085,295.1869714665686,4865.809056694096,1950.3335720958255,112.34729400483131,1947.095048520707,1.0,1.0,60.0,3773.6167321950384,66.69913588989633,140.6226191501828,882.0,882.0,3875.186343691365,293.7608745435227,3864.035940169226,9641.435488894816,-5766.249145203452,98.17686904529688,-5775.4155578836435,0.031746031746031744,0.005668934240362812,12.347180886148777,6.754546605839699,12.326728741099942,6.692871046712215,3.1873069025676237,0.40761441299764556,150000.0,2900.0
9,30,8,known,3,180.0,300.0,150.0,2286.363389361121,147.8833582157207,2281.575784534389,1509.8756270524248,117.6984539150269,1505.281197355818,1.0,1.0,34.0,934.0400967079486,270.88073303667255,145.9486733907526,882.0,882.0,4684.419277111064,275.7016243385966,4676.299025736786,10657.649674477067,-5973.230397366003,65.77483243701073,-5979.282953954564,0.01473922902494331,0.0022675736961451248,11.588892052228168,7.425589518385671,11.565885252320925,7.384035922021553,3.5047118447726513,0.3852394120003737,150000.0,2900.0
9,31,8,known,3,180.0,300.0,150.0,1025.8176964021213,105.95126959676743,1020.3314533633608,275.83241696277105,98.01240618084368,257.83151568837604,1.0,1.0,88.0,1579.6362083622678,159.5518666749263,125.41937343143606,882.0,882.0,7286.858772629805,225.5921315993806,7283.365908864692,11192.821409723549,-3905.962637093744,19.74300840532908,-3907.562437275591,0.01927437641723356,0.0,11.226744226939326,14.346416484605484,11.202417863218152,14.326014323526008,2.8217881991835596,0.4450864089994866,150000.0,2900.0
9,32,8,known,3,180.0,300.0,150.0,2305.2548090003106,86.26072227737711,2303.6403413317894,1282.933261423412,62.60988303570301,1281.4046026968877,1.0,1.0,25.0,2355.054385310579,107.0039606518951,103.07471747014709,882.0,882.0,3632.4545635254085,248.50553041735907,3623.9441438063795,9540.12888368087,-5907.674320155462,44.74505838415945,-5914.0085079569335,0.022675736961451247,0.0011337868480725624,11.607124060449948,8.823221189075019,11.58400915521976,8.790981115691288,2.2871809170650876,0.6957809480009018,150000.0,2900.0
9,33,8,known,3,180.0,300.0,150.0,3628.1290522254603,107.18919875907638,3626.545311349605,942.4578647343628,58.63792826408926,940.6319259777174,1.0,1.0,78.0,3099.111725488777,81.44226097126395,183.7744355234442,882.0,882.0,4869.501770071548,321.90559063619264,4858.850098474649,10066.705884087778,-5197.20411401623,119.31427465779453,-5205.817015514648,0.017006802721088437,0.0045351473922902496,11.560228583201532,7.914691771264753,11.536042524204166,7.868685016444161,3.418046892202047,0.515708094000729,150000.0,2900.0
9,34,8,known,3,180.0,300.0,150.0,3032.0674603204984,111.448455352113,3030.01853554298,1636.9394168574277,58.13050861335693,1635.906934525888,1.0,1.0,53.0,2809.241212072268,89.5347665524454,124.37105463969277,882.0,882.0,2673.8050712024715,244.12946800033046,2662.6367310697733,9724.34064779283,-7050.535576590358,43.946668603844984,-7059.643242328528,0.026077097505668934,0.003401360544217687,11.496896764064712,7.4529341648007605,11.47398205435706,7.410126764392222,1.9931039627248086,0.3680737909999152,150000.0,2900.0
9,35,8,known,3,180.0,300.0,150.0,2996.115871669247,252.33809270750095,2985.4707842209937,1388.8102787834925,131.25117280702892,1382.594344011092,1.0,1.0,136.0,1224.7755345400649,205.11699278515817,80.1755284957124,882.0,882.0,6320.458775073954,285.8136195431888,6313.9931661582405,11220.338623403339,-4899.879848329385,69.27396652557428,-4904.255779310376,0.006802721088435374,0.003401360544217687,11.958887416435246,6.4144213502250516,11.937588085463988,6.364535429945039,5.474174199717952,0.5373893400028464,150000.0,2900.0
9,36,8,known,3,180.0,300.0,150.0,1900.070223727717,127.81803972147193,1895.7661785722564,1273.6442437730414,95.93479866664674,1270.026052528448,1.0,1.0,79.0,1320.3326839877245,190.66565748696434,153.0055439088687,882.0,882.0,4397.158729212121,231.30839530623547,4391.070634383738,9756.674524568554,-5359.515795356433,23.1854112065908,-5363.383866092158,0.02834467120181406,0.0045351473922902496,11.79837266423749,8.134937395317205,11.772829091126079,8.099301947088767,3.0029314817832673,0.4303554719990643,150000.0,2900.0
9,37,8,known,3,180.0,300.0,150.0,5770.105973300019,339.15975867045415,5760.1296514237565,1794.1717699226087,74.68274562245203,1792.6167542153341,1.0,1.0,130.0,2426.2995558843168,103.99576219925329,162.93665660514904,882.0,882.0,6262.513300637433,400.55178079325316,6249.690481260981,10323.508827019872,-4060.9955263824395,189.37615751880344,-4071.6582366969524,0.006802721088435374,0.0022675736961451248,11.947508156361632,4.241638340309224,11.926410637218911,4.165092994577687,8.202429761270137,0.5009851659997366,150000.0,2900.0
9,38,8,known,3,180.0,300.0,150.0,1485.9836321448706,96.47800682447836,1482.8483904977063,1266.5228035817918,47.062133207625685,1265.648121560898,1.0,1.0,49.0,1681.0371192446523,149.8639866592516,132.8634741676269,882.0,882.0,3240.4267608953073,210.64630047382116,3233.5729045164803,9981.999227947363,-6741.572467052056,-1.0939607041462693,-6746.180331337502,0.01927437641723356,0.0011337868480725624,11.675818304284661,9.079767063245875,11.653974979749146,9.046875285556956,1.98269082989308,0.4251182719999633,150000.0,2900.0
9,39,8,known,3,180.0,300.0,150.0,1757.6413706947612,68.94294884288777,1756.2887170914144,1485.9376473841019,66.87251428296061,1484.4321334257336,1.0,1.0,39.0,1280.1271163421422,198.04444557418262,138.31979888721565,882.0,882.0,3618.927438248207,223.67349335600437,3612.0085785717138,10527.29147524655,-6908.364036998342,3.7586320133158893,-6912.9856379853345,0.02947845804988662,0.009070294784580499,11.455710082139731,9.372435053266543,11.433559451707263,9.344467225878407,2.1451364901915304,0.36928547999923467,150000.0,2900.0
10,0,8,known,3,230.0,300.0,150.0,4119.880467516273,188.3597255784806,4115.572339347482,1222.660156941851,102.63699579615411,1218.344576245576,1.0,1.0,150.0,1532.6969882716824,164.31979196040825,144.21634374751739,882.0,882.0,8740.754143191563,485.2899048570927,8727.272007905121,13362.693917279657,-4621.939774088094,221.95032466553556,-4632.826831265467,0.0022675736961451248,0.0,11.434306108172112,5.030929996427037,11.412154129830611,4.96545881810485,7.553927188498245,0.49190364300011424,150000.0,2900.0
10,1,8,known,3,230.0,300.0,150.0,4679.089731725475,385.0814876126374,4663.217018908385,1550.9315180582432,172.93218450641928,1541.2602094611684,1.0,1.0,51.0,1812.4983308832648,139.26120514714415,177.23608303074934,882.0,882.0,6285.582593044443,504.8610323296954,6265.274445067694,13393.607238044131,-7108.0246449996885,238.9399631233157,-7125.692690727251,0.003401360544217687,0.0,11.574984302482214,4.971249083325837,11.55305398451976,4.911035955189761,5.49733467619273,0.40259653499742853,150000.0,2900.0
10,2,8,known,3,230.0,300.0,150.0,5997.501375730105,419.62610240925596,5982.803413623192,2218.304979667238,143.86761316828782,2213.634814665176,1.0,1.0,35.0,4393.349943334946,57.13082344172121,163.13718714868685,882.0,882.0,4759.340925055033,405.42974206811,4742.040991508855,12181.797297316554,-7422.456372261521,146.3731056032899,-7437.001460671549,0.009070294784580499,0.0022675736961451248,11.353700178617938,5.437891228589525,11.331465934938306,5.360483918367702,3.80529616368243,0.3982595189991116,150000.0,2900.0
10,3,8,known,3,230.0,300.0,150.0,2107.314803299167,128.2578675893034,2103.408091551721,1316.6501666599424,89.5446787269574,1313.6016945319996,1.0,1.0,34.0,1029.1414873607582,245.71648013142007,181.7135169541599,882.0,882.0,5475.49510988777,278.83927669142696,5468.390563610017,13942.434667784262,-8466.939557896492,5.127859517295633,-8471.357157404917,0.01473922902494331,0.0045351473922902496,11.867097923073004,7.989815610819582,11.845663073795317,7.954347445928168,2.9796057427827027,0.45877706999817747,150000.0,2900.0
10,4,8,known,3,230.0,300.0,150.0,2320.503350570423,192.23606272606776,2312.526993614591,1487.308415532544,131.93745289818656,1481.4448458976342,1.0,1.0,30.0,2261.525084566779,111.24821856818964,125.0447267800363,882.0,882.0,4422.439926427997,291.3250243908552,4412.834081747028,14808.651165998193,-10386.211239570195,8.178066015673949,-10393.109898836665,0.009070294784580499,0.0,11.671012684536379,8.904747426707383,11.649284313962776,8.874817415173268,2.1592975924788766,0.4668552049988648,150000.0,2900.0
10,5,8,known,3,230.0,300.0,150.0,1611.6469981869552,121.49783978445194,1607.060771001749,977.9041256260144,99.35155852973644,972.8441533637812,1.0,1.0,52.0,1654.9174558089887,153.39534168210795,138.88869388140364,882.0,882.0,7413.084676288529,313.8169402113687,7406.439316288238,13764.685045500773,-6351.600369212244,46.39879569250559,-6355.647805141226,0.011337868480725623,0.0011337868480725624,11.56548379240325,11.847592507410525,11.543439945626455,11.820883340226711,2.720451679969997,0.6332652950004558,150000.0,2900.0
10,6,8,known,3,230.0,300.0,150.0,2472.878123941635,135.22631776355593,2469.178012791546,1179.7181928062919,115.04955375683782,1174.0948064864676,1.0,1.0,85.0,2305.011993719322,109.58942541288697,214.04926252907958,882.0,882.0,6077.5220997243,352.9961786665747,6067.262032456159,13225.308075261917,-7147.785975537618,84.97254052831198,-7155.329884977698,0.009070294784580499,0.003401360544217687,11.312817076376074,9.440156401014637,11.290312486624241,9.400708950806827,2.799107134114432,0.6123126389975369,150000.0,2900.0
10,7,8,known,3,230.0,300.0,150.0,4069.9394326896704,315.3541934322625,4057.703626245638,1395.0768666138904,155.30102906898009,1386.4058042764198,1.0,1.0,53.0,3402.130634010429,73.91574415555887,197.6379429441388,882.0,882.0,5001.923523560525,383.59186475165376,4987.193220323881,12405.570916156275,-7403.647392595751,119.28042716815776,-7415.561684121543,0.011337868480725623,0.0011337868480725624,11.756450556823193,6.237446519061357,11.734748138276121,6.180670526524644,3.4866020116146195,0.4906786139981705,150000.0,2900.0
10,8,8,known,3,230.0,300.0,150.0,1405.7172295071719,155.88287578316752,1397.0474073455375,436.73412085879824,122.44529169184197,419.21813279581204,1.0,1.0,800.0,234.17359791485072,1079.5382626231449,155.08913394859496,882.0,882.0,38830.180261020956,850.8146422400166,38820.857970270714,13708.751233804242,25121.429027216713,571.4261235962001,25114.954043641894,0.0,0.0,11.826272167265405,8.408714457216956,11.802987588128872,8.375851611234502,20.07760776740277,1.421238473001722,150000.0,2900.0
10,9,8,known,3,230.0,300.0,150.0,4425.607172869935,235.10775751076687,4419.357780369912,2338.4692285892274,122.58322175270703,2335.2540946979243,1.0,1.0,44.0,2089.512698246234,120.80059697890347,229.54168538308727,882.0,882.0,5207.215912162331,311.22922341256276,5197.906686962607,13413.265550394332,-8206.049638232002,43.067076839199274,-8212.67800530717,0.007936507936507936,0.0,11.412168382747963,5.018858764117195,11.389867633022275,4.957953474741805,4.510999461706672,0.5147670409969578,150000.0,2900.0
10,10,8,known,3,230.0,300.0,150.0,3243.4612343130825,218.9066228804717,3236.065615674505,2121.853470138611,144.0581089761586,2116.957583414812,1.0,1.0,36.0,1892.4202134183413,133.24215360156842,122.34502244482712,882.0,882.0,4504.987812994125,292.43012409122537,4495.4866052241305,14005.909796716911,-9500.921983722787,17.4487331015996,-9507.723543466067,0.012471655328798186,0.0,11.391717264426457,6.349532395425614,11.369372637077468,6.303043038635153,3.0847788962960543,0.5909284830013348,150000.0,2900.0
10,11,8,known,3,230.0,300.0,150.0,2654.751609961606,167.49639548892762,2649.462411149091,1895.8308923071686,100.94899329498087,1893.1413240904453,1.0,1.0,36.0,2077.219128077116,121.28022796742508,164.43157258555215,882.0,882.0,3652.1632775727862,263.04214320909927,3642.678332895613,14832.10873472938,-11179.945457156593,-1.3086590632007074,-11187.074469230709,0.01473922902494331,0.003401360544217687,11.549655869134982,7.395413305641968,11.527490920298728,7.357574943691466,2.1471377076304186,0.4544788310013246,150000.0,2900.0
10,12,8,known,3,230.0,300.0,150.0,3623.9273158429446,212.87900397615022,3617.6693768473056,1592.6343904021894,106.67427566599018,1589.0578656559019,1.0,1.0,40.0,2949.107454198077,85.78169672885939,141.16070939933556,882.0,882.0,4539.650561577883,352.2059276117232,4525.96710171313,15031.790316429564,-10492.13975485168,64.54229868021264,-10503.070450761596,0.018140589569160998,0.0045351473922902496,11.595046250610864,7.501467699939312,11.573124624550793,7.45525273934931,2.631166583234748,0.4864171970002644,150000.0,2900.0
10,13,8,known,3,230.0,300.0,150.0,2186.886565612994,121.22021208531743,2183.5243325964075,1667.714265720027,89.84126274475435,1665.292592787981,1.0,1.0,91.0,1842.2796620945066,137.41500617622037,185.34922295618773,882.0,882.0,3897.1077661943496,275.6336391522767,3887.348072696859,14432.02697421807,-10534.91920802372,-0.41938396710492043,-10542.038515546752,0.01473922902494331,0.0022675736961451248,11.855028283586748,8.260789878702909,11.833557141702624,8.227912817550827,2.0511291363582234,0.5163369900001271,150000.0,2900.0
10,14,8,known,3,230.0,300.0,150.0,2988.4842006600306,223.34968252196154,2980.1262954633253,1733.1615867380722,100.83021033047233,1730.226099222048,1.0,1.0,59.0,1164.2673590048526,216.62999209973154,221.51367049475593,882.0,882.0,5117.151463968554,304.86663897908045,5108.061808321539,14719.868603638022,-9602.717139669468,25.560636430657837,-9609.156674303118,0.007936507936507936,0.0011337868480725624,11.685247618809846,6.482900976637701,11.663492915978884,6.434276429751123,3.431871735528068,0.4941232860001037,150000.0,2900.0
10,15,8,known,3,230.0,300.0,150.0,3033.7121926988457,181.80490801744318,3028.259672410939,989.711105721317,102.13008902416942,984.4275075921169,1.0,1.0,484.0,931.865830843516,271.1533403735703,152.68256771421315,882.0,882.0,8453.23728049704,405.9259232573925,8443.485338721957,13081.90602739575,-4628.668746898709,141.08918904115114,-4635.739669428291,0.005668934240362812,0.0011337868480725624,12.299681494537698,6.253002767620853,12.278326053014698,6.203550230606671,5.877688997307501,0.9856779539986746,150000.0,2900.0
10,16,8,known,3,230.0,300.0,150.0,3376.5820658460702,251.61741991908173,3367.193953633586,1616.085791338695,120.96793628682433,1611.5520603931238,1.0,1.0,31.0,2855.0427394334793,88.35841960381474,206.46907223556585,882.0,882.0,4777.679065585347,346.85896446823756,4765.071469820836,13404.558594013328,-8626.87952842798,75.77788147415862,-8636.745800489161,0.012471655328798186,0.0022675736961451248,11.703264152590705,7.353045079609622,11.681342961406546,7.3029582759069225,2.825022484094557,0.5548983970002155,150000.0,2900.0
10,17,8,known,3,230.0,300.0,150.0,3136.8648469127993,193.57971744011522,3130.8861302821388,2068.0306223454113,97.92560670495453,2065.710829353861,1.0,1.0,32.0,2645.325713470451,95.40940008878826,173.90321099542695,882.0,882.0,4605.0160228961295,305.9461949033466,4594.841618266537,15256.558575186773,-10651.542552290644,26.068850646106398,-10659.149604697917,0.007936507936507936,0.0,11.99665810478496,6.852762241069401,11.974417242745318,6.807649872507273,2.921713623042039,0.46467485899847816,150000.0,2900.0
10,18,8,known,3,230.0,300.0,150.0,3883.007010095586,310.6668891990842,3870.5593296585475,2631.335847138396,185.4207797626285,2624.7947490932997,1.0,1.0,42.0,3059.7692285424073,82.34640230775898,127.9072400604749,882.0,882.0,3523.064073303336,303.44151567302293,3509.9720385163682,13265.844228461683,-9742.780155158347,46.21395206250088,-9753.378106689372,0.017006802721088437,0.0022675736961451248,11.659893740254155,6.937341775244709,11.637906658970856,6.884889948709201,2.2080027740001653,0.4238652310014004,150000.0,2900.0
10,19,8,known,3,230.0,300.0,150.0,2909.559945295415,162.23261362643186,2905.0335031361337,1909.1200612370124,135.9721274780526,1904.271773872287,1.0,1.0,31.0,2455.2900049597974,102.85595992000762,144.82239788841687,882.0,882.0,3758.9529029929854,298.26698238437916,3747.100710434497,14463.596617078514,-10704.643714085529,24.39516227134834,-10713.902758471559,0.013605442176870748,0.0,11.538985635662378,7.182200682590266,11.515273186164674,7.138978186043687,2.275524482473753,0.3505598789997748,150000.0,2900.0
10,20,8,known,3,230.0,300.0,150.0,2246.798088355748,136.26720879419352,2242.6620114601496,1713.9118597164743,110.83205494918965,1710.3245652426685,1.0,1.0,45.0,1222.758350476294,206.58548381856116,195.25110361884896,882.0,882.0,4204.69734898115,269.31698128514773,4196.063412309276,14419.124707253432,-10214.427358272282,-3.6923734492905282,-10220.476505977422,0.011337868480725623,0.0022675736961451248,11.931736162097508,6.625932072238641,11.910417701210017,6.583113735268839,2.7590522544371097,0.39223920199947315,150000.0,2900.0
10,21,8,known,3,230.0,300.0,150.0,1656.456625123601,234.85807423863713,1639.7226094314822,1109.648842389353,154.83899638464862,1098.79271867565,1.0,1.0,130.0,1048.1938763114583,241.0695919303589,177.18206643851215,882.0,882.0,7201.2273855838075,345.27886666920784,7192.945041018583,13464.798067923975,-6263.570682340168,77.71405384680611,-6269.194316487287,0.01020408163265306,0.0,11.70222459645366,9.960985355489111,11.680441535827164,9.92684379622758,3.1432316350001903,0.6392304219989455,150000.0,2900.0
10,22,8,known,3,230.0,300.0,150.0,2331.7580014193113,211.2423985529541,2322.1696807590474,1931.0817898626403,129.88297827624714,1926.7089274442028,1.0,1.0,30.0,2147.755735749164,117.69655679693297,158.72377130867685,882.0,882.0,3202.681749492731,282.83661928464903,3190.168308306859,12159.805476190033,-8957.123726697302,27.119859222291495,-8966.948050328701,0.01927437641723356,0.0022675736961451248,11.142955908779694,7.806491421251587,11.117918215038209,7.770040902358548,1.7837338834136,0.34263122500124155,150000.0,2900.0
10,23,8,known,3,230.0,300.0,150.0,1410.6938354592698,188.36320796669628,1398.0616578989927,1369.7185324963184,132.72334172983042,1363.273036784611,1.0,1.0,31.0,1272.1996944537634,198.25854703169244,178.88866648286665,882.0,882.0,5163.08770769223,274.4201691129266,5155.789779277918,13183.652455419164,-8020.564747726934,1.820999345974883,-8025.044100182141,0.005668934240362812,0.0,12.301781219212126,9.206026943832793,12.280615158633795,9.176691378748396,2.438425127550501,0.5428259519976564,150000.0,2900.0
10,24,8,known,3,230.0,300.0,150.0,5029.90696418726,264.4500806653553,5022.950350462922,1628.3522026575704,134.28283596653358,1622.8059082541406,1.0,1.0,43.0,4006.0225291068427,62.943791180155316,160.81914324295877,882.0,882.0,3622.8052641102754,353.0360846420159,3605.562855450694,13274.5832672581,-9651.778003147825,87.97915327318862,-9666.373918905265,0.01020408163265306,0.0022675736961451248,11.60490995684464,5.364177773937881,11.583116516502837,5.296016120277999,2.9363917265737647,0.5309232489998976,150000.0,2900.0
10,25,8,known,3,230.0,300.0,150.0,4653.373658513581,377.0327306656862,4638.074247546588,2876.461894565167,191.55654666372268,2870.0765007775835,1.0,1.0,47.0,2498.702564135757,100.95624085913398,205.09796712109215,882.0,882.0,3861.9801902853533,299.69184674986514,3850.3345032799616,13606.157376424235,-9744.17718613888,42.172691647716874,-9753.385665731865,0.015873015873015872,0.003401360544217687,11.295442310689774,5.142475373798399,11.273039636087148,5.08685508139075,3.2652014833528376,0.4346103159987251,150000.0,2900.0
10,26,8,known,3,230.0,300.0,150.0,6888.303597626152,559.4294348987809,6865.549152139122,2568.2625963353416,148.98537699321176,2563.9376203756087,1.0,1.0,41.0,4951.560533433905,50.98944603959803,142.98198998737763,882.0,882.0,4621.746229326424,408.03402495546413,4603.699212890832,13831.432969482326,-9209.686740155903,143.90536802430233,-9225.211591719573,0.013605442176870748,0.003401360544217687,11.623152363106676,5.0307428946806265,11.601183435373958,4.9507404212144355,3.994350187207104,0.38610789199810824,150000.0,2900.0
10,27,8,known,3,230.0,300.0,150.0,1521.785481949773,197.70341372925358,1508.88846946118,1073.45928893584,172.4625410946267,1059.5147554054276,1.0,1.0,98.0,1067.277860111846,235.93596879054672,176.6883482467589,882.0,882.0,6698.329232834325,265.97636345361263,6693.046472685429,14633.636118050095,-7935.30688521577,-5.111371920326917,-7938.078483216975,0.009070294784580499,0.0022675736961451248,11.961153861610569,9.117346957449968,11.939609959740586,9.088159242452287,3.194259329326435,0.6124170999974012,150000.0,2900.0
10,28,8,known,3,230.0,300.0,150.0,3959.515800456537,139.20387871157357,3957.068062873903,2250.9419556930106,91.15031937915704,2249.095664300688,1.0,1.0,34.0,1728.4402783517078,146.58609851956862,165.85219135044065,882.0,882.0,4866.025169585132,275.0734192434773,4858.244082491299,14640.134135259113,-9774.108965673982,8.152815045866703,-9779.456586993438,0.005668934240362812,0.0,11.38423573619014,4.701447123977461,11.361997870235644,4.644001048889871,4.50002533564827,0.47911852300239843,150000.0,2900.0
10,29,8,known,3,230.0,300.0,150.0,4337.062114149557,247.3853599960975,4330.000954463061,2667.7021753236722,110.1560459147514,2665.4268967231274,1.0,1.0,38.0,2141.9734023742044,117.0131096164698,201.59472167146853,882.0,882.0,4478.921758439833,293.15671884339713,4469.317538106096,12943.65796679157,-8464.736208351736,32.2205728947348,-8471.710005679764,0.012471655328798186,0.0022675736961451248,11.160721383509875,4.484339862199738,11.138013310888816,4.411503626179373,4.342572922925017,0.4303797549982846,150000.0,2900.0
10,30,8,known,3,230.0,300.0,150.0,5136.958885306966,421.8318669818906,5119.609796198609,2427.8738495348757,156.16456518549433,2422.8462720188672,1.0,1.0,42.0,2388.2918530996253,105.45686587741767,222.82246764895078,882.0,882.0,6015.789902267291,428.56155840634796,6000.505240300806,13853.830295324993,-7838.040393057702,161.40891278445872,-7850.748974231604,0.005668934240362812,0.0011337868480725624,11.301880287936559,4.762579148052267,11.27940780525131,4.696546864164581,5.491899967987746,0.45636733300125343,150000.0,2900.0
10,31,8,known,3,230.0,300.0,150.0,4825.69665614602,213.3753588144709,4820.976993659032,2512.455117651318,123.83415124817878,2509.401486649145,1.0,1.0,32.0,2238.325936670969,113.40603986760385,95.51168334637305,882.0,882.0,5236.071814765866,327.1474617258661,5225.841806606074,11978.007149443956,-6741.93533467809,73.43393448977895,-6749.478010343616,0.005668934240362812,0.0022675736961451248,11.0981641990426,5.093676339523162,11.075441861041158,5.027624474607531,4.469371061677621,0.48189526599890087,150000.0,2900.0
10,32,8,known,3,230.0,300.0,150.0,2157.032874937159,120.77894196531021,2153.648827162266,1684.010021773106,88.06389845490433,1681.7058313573098,1.0,1.0,35.0,1294.9128270491544,194.65408618965648,175.3414354293032,882.0,882.0,4238.041082114585,290.17385526176196,4228.095475200802,12018.92402510819,-7780.882942993605,24.73233112130646,-7787.897014751279,0.01020408163265306,0.0011337868480725624,11.463563979244618,8.16463195424097,11.439730980025516,8.130490270101099,2.256839705412569,0.4517556259997946,150000.0,2900.0
10,33,8,known,3,230.0,300.0,150.0,3993.7943582037915,202.56250442851825,3988.654134845497,2289.6483841710447,117.2436054900406,2286.6446291692923,1.0,1.0,74.0,1962.8210739846247,128.1047507166672,180.6457468431998,882.0,882.0,3607.5536990574415,300.327545866326,3595.030883980962,13660.2064812763,-10052.652782218858,28.67294890449398,-10062.474191656116,0.017006802721088437,0.005668934240362812,11.526985022631315,5.533068283558524,11.503533827772507,5.480988186379142,2.834777248180067,0.5685223520013096,150000.0,2900.0
10,34,8,known,3,230.0,300.0,150.0,3826.171134430112,148.46936841390826,3823.2894732924665,1475.5376039526425,98.49187904912291,1472.2467763386944,1.0,1.0,33.0,3205.0920808147116,78.70180906443076,164.6350086787718,882.0,882.0,4074.2363369638574,329.5744970475131,4060.8844332648214,13666.259721256689,-9592.023384292832,74.53505640760176,-9602.995310518094,0.015873015873015872,0.0022675736961451248,11.384358464370422,6.972103455425996,11.36182087135862,6.923801810250101,2.540706853179549,0.4656972190023225,150000.0,2900.0
10,35,8,known,3,230.0,300.0,150.0,2361.676752889769,195.1205270812058,2353.6025716019926,1229.8514360324493,133.07951603865862,1222.630114598031,1.0,1.0,86.0,2279.3173955944944,110.70369489712712,235.44505107264268,882.0,882.0,4994.017009342115,315.0577423658026,4984.069071408794,14720.169947619936,-9726.15293827782,41.259959790009816,-9733.554312176944,0.01927437641723356,0.0022675736961451248,11.383529939048591,8.862219912856144,11.361140477960745,8.832772396874656,2.450076577362259,0.6007400789967505,150000.0,2900.0
10,36,8,known,3,230.0,300.0,150.0,4122.33750510708,284.4111057780484,4112.514660025247,2278.6427908155288,155.71232319296695,2273.316220973543,1.0,1.0,31.0,3228.3590033437654,78.02236717541696,179.79041665957257,882.0,882.0,4173.83464338679,335.5015217981213,4160.328635962173,14238.901869090188,-10065.067225703398,59.55458633632611,-10075.899085115812,0.013605442176870748,0.0011337868480725624,11.494453153431316,6.797732112076483,11.472223959392503,6.740949381886825,2.669582567533191,0.364166834999196,150000.0,2900.0
10,37,8,known,3,230.0,300.0,150.0,2797.0869513770326,200.8765017553494,2789.8645208336184,1896.6008853506085,158.55021811658838,1889.9621019078384,1.0,1.0,32.0,2520.6512343594773,100.1496569381283,186.46664832979826,882.0,882.0,3782.0996668677944,304.4542806520122,3769.825656593969,15287.773256310269,-11505.673589442475,7.978684912989536,-11515.072555611652,0.01020408163265306,0.003401360544217687,12.1525490853696,7.67872791030685,12.129499201884371,7.640668532073157,2.1414890314065382,0.5342774580021796,150000.0,2900.0
10,38,8,known,3,230.0,300.0,150.0,1299.8231519997953,133.1457052893378,1292.9858652118699,1132.5186872247414,117.60493727843001,1126.3958698614745,1.0,1.0,77.0,1252.2829858693399,201.66748150469923,216.83379443311958,882.0,882.0,5010.7394213686985,264.15964155287736,5003.771500841438,13178.262887207802,-8167.523465839104,1.2441324347007594,-8171.868451715845,0.01473922902494331,0.0022675736961451248,11.530446845717583,9.400763693602753,11.50844298877561,9.372401872502238,2.3174525263297037,0.6512493569971411,150000.0,2900.0
10,39,8,known,3,230.0,300.0,150.0,2384.841839455511,225.87144150010522,2374.121456693446,1681.8266851952726,159.2186438612147,1674.273102717091,1.0,1.0,31.0,1570.8874043481492,162.25826452737581,199.22533882934593,882.0,882.0,4612.417649342814,279.5192766616963,4603.940219631832,14564.972346235078,-9952.554696892264,5.890446655651033,-9958.461598405673,0.01020408163265306,0.0,12.105479486893062,7.547252222820251,12.084222294816847,7.5038974595317764,2.657124631281715,0.42192526800135965,150000.0,2900.0
11,0,8,known,3,280.0,300.0,150.0,4434.865501240734,184.1998614062889,4431.038526706029,1669.095690626081,197.7723781892562,1657.3371747752235,1.0,1.0,27.0,3613.1130609812244,69.98007300274729,133.05734265385175,882.0,882.0,5058.800401135438,420.03677309828095,5041.332225490923,16339.64244040776,-11280.842039272324,91.45057605096298,-11295.005986956949,0.009070294784580499,0.0011337868480725624,11.474690110168343,5.530562938349395,11.450801410017139,5.458821232019709,3.2667821505999513,0.6909775589992933,150000.0,2900.0
11,1,8,known,3,280.0,300.0,150.0,2766.5156841578323,163.15077588298448,2761.7007178584827,1636.4505250367572,109.10975493361788,1632.809046481371,1.0,1.0,96.0,2490.3050859125874,101.03550965550218,204.26290679367892,882.0,882.0,4691.678636269921,368.44312919384754,4677.189122387658,16743.51415076636,-12051.83551449644,44.06112208827386,-12063.182511192626,0.01020408163265306,0.0011337868480725624,11.274673998708746,7.639157845055587,11.250384406652628,7.604546605347443,2.193434861459327,0.6193038730016269,150000.0,2900.0
11,2,8,known,3,280.0,300.0,150.0,3152.1330422263113,89.1492123572964,3150.8721227353826,1928.5027803342325,89.31927923801707,1926.4332430980485,1.0,1.0,59.0,1298.3355121678028,194.9527946233033,162.14945296215637,882.0,882.0,5802.993401239627,347.94737765187193,5792.552549370254,16612.551623285613,-10809.558222045987,19.429831562162803,-10816.750496159399,0.0045351473922902496,0.0,11.935980213488712,6.736418035084541,11.914766972900377,6.690997423992993,3.0765573521505147,0.7168997910011967,150000.0,2900.0
11,3,8,known,3,280.0,300.0,150.0,2712.8677884585904,237.04632701276662,2702.4915682580695,1699.1151280120662,178.90437949474355,1689.6702167100716,1.0,1.0,76.0,2493.1250774143964,101.32475001527268,247.33676054545123,882.0,882.0,5670.77030997085,378.78459953775877,5658.105525314979,17835.622277617007,-12164.851967646158,29.717896753174443,-12174.100576758738,0.0045351473922902496,0.0,12.575394702118986,9.035069636879907,12.552757033339088,8.996832479115106,2.241571113560632,0.3883606859999418,150000.0,2900.0
11,4,8,known,3,280.0,300.0,150.0,1603.8111909530132,181.21304246000776,1593.5407649220995,1489.943139648398,102.82711952557847,1486.390642756943,1.0,1.0,37.0,1217.1359712012693,207.20718962029468,258.2252871344566,882.0,882.0,5824.736912608583,322.174261826078,5815.820135296636,16081.08621508252,-10256.349302473936,-3.134467144585983,-10261.97536308474,0.006802721088435374,0.0,11.7366989089363,8.08759875150612,11.714957095710002,8.055683261366436,2.5721641824615684,0.3761101919990324,150000.0,2900.0
11,5,8,known,3,280.0,300.0,150.0,1745.0004179015823,132.06347943238706,1739.9958896149465,459.91878809908746,96.0258787212055,449.782527742412,1.0,1.0,60.0,0.02588897127845213,9747153.909091914,252.47577223218866,882.0,882.0,296940702.7929759,8310882.877609616,296824376.0222214,15515.20143801059,296925187.5915379,8310568.582744465,296808864.0044803,0.0,0.0,10.831819765816288,7.8605095238353915,10.807441780907295,7.822672072524415,134915.23758849938,0.5581122300027346,150000.0,2900.0
11,6,8,known,3,280.0,300.0,150.0,2961.812432375257,120.54913863839543,2959.3581719261656,2481.1742908072342,79.7326863185247,2479.8928525432734,1.0,1.0,35.0,2397.199221541247,105.11452477332175,225.72557655113835,882.0,882.0,3506.679610514259,332.97383989716377,3490.835188424193,15393.73821480417,-11887.058604289912,3.6387140944402177,-11899.37970938782,0.011337868480725623,0.0022675736961451248,11.999019645784113,6.151501904318483,11.976148183953931,6.110299877199749,2.0359021173422107,0.5458633710004506,150000.0,2900.0
11,7,8,known,3,280.0,300.0,150.0,7044.793705085069,540.4672051049862,7024.031146529193,1519.8191412463286,177.33308984346908,1509.438040247196,1.0,1.0,36.0,5126.647461471546,49.06492171618549,164.9788410471727,882.0,882.0,4792.567304341812,560.9307950716164,4759.627927662673,16898.356186515866,-12105.788882174054,241.38415177271054,-12135.706687227776,0.006802721088435374,0.0022675736961451248,11.157439731962432,4.262507829560097,11.134712755507747,4.167849432660594,4.015549644864162,0.4857503140010522,150000.0,2900.0
11,8,8,known,3,280.0,300.0,150.0,1801.4333395712154,189.52288978865386,1791.4360583523096,1787.175406015454,176.80922619423552,1778.4078355088009,1.0,1.0,45.0,1558.6470190935336,161.26097980791153,306.3301427722393,882.0,882.0,4303.12713668113,317.49368971163165,4291.39847968408,16265.159831257488,-11962.032694576359,-4.359763856606946,-11970.576636850148,0.01020408163265306,0.003401360544217687,12.036022160971093,7.871897068647543,12.014507898837815,7.835071874623238,1.9523008327486944,0.5075907570026175,150000.0,2900.0
11,9,8,known,3,280.0,300.0,150.0,2711.798812736313,246.89229509519356,2700.536427338225,1631.7131722860295,121.83041015365647,1627.158636326996,1.0,1.0,31.0,1209.3516031360416,208.34599242461263,217.69878593291625,882.0,882.0,6353.974794313044,349.1813465134539,6344.372945690735,15969.103147186715,-9615.128352873671,31.360903381802416,-9621.567223664038,0.006802721088435374,0.0,11.37546511625877,6.117213511202216,11.353357454226806,6.0710732356527375,3.709657523150075,0.4286309009985416,150000.0,2900.0
11,10,8,known,3,280.0,300.0,150.0,1215.6885025940308,145.26362295341426,1206.9784650878262,1176.6467608669057,139.305465750794,1168.371339545153,1.0,1.0,131.0,1292.7835539353605,195.01588709085604,199.42335016010398,882.0,882.0,7192.485028792561,330.81255727077115,7184.873272463273,16640.5359927896,-9448.050963997037,-2.1042967713593157,-9452.332156803412,0.011337868480725623,0.0011337868480725624,11.754670828563562,10.728771514429951,11.733005463596694,10.702365671373975,2.3942579536578794,0.5478463170002215,150000.0,2900.0
11,11,8,known,3,280.0,300.0,150.0,4091.9239456882733,153.85950985763915,4089.030304182577,1191.7653148817749,125.28430310544616,1185.1617649716172,1.0,1.0,75.0,3420.3869024748883,73.68304525634376,234.1701604550781,882.0,882.0,4531.133641713557,435.0981181529807,4510.195306929413,16228.968627604814,-11697.834985891257,104.71730862154072,-11715.410112791436,0.007936507936507936,0.0022675736961451248,11.78641214521504,6.804616257550688,11.764611736177091,6.74981071105354,2.378182624335366,0.5802544660000422,150000.0,2900.0
11,12,8,known,3,280.0,300.0,150.0,3736.8394868550827,298.12429980681424,3724.9283553357177,2549.6374105158043,164.42237702165525,2544.330207940055,1.0,1.0,52.0,1922.4965141218674,130.66565468944802,294.8045024842882,882.0,882.0,4192.012636317033,350.20021981125853,4177.3591836333435,16577.286849383752,-12385.27421306672,25.11581158833917,-12396.739869234712,0.011337868480725623,0.003401360544217687,11.85800273593337,6.263026564661994,11.836482190452326,6.2145348483697616,2.3904534886704973,0.49298032200022135,150000.0,2900.0
11,13,8,known,3,280.0,300.0,150.0,3152.342711443927,231.49221936093326,3143.831408133871,1757.6747532156883,136.63531475678292,1752.3559366901309,1.0,1.0,51.0,2679.8022794707485,94.5290167071336,235.13028233195297,882.0,882.0,5301.99456328457,368.50124224798276,5289.173204155904,17321.09399823139,-12019.09943494682,45.79079796711994,-12028.914313370955,0.013605442176870748,0.0,11.473742218292113,9.089766743635689,11.451422567786256,9.049366680177517,2.0831882052563695,0.4668853670009412,150000.0,2900.0
11,14,8,known,3,280.0,300.0,150.0,2893.0101902843894,231.77434824771674,2883.7109100226508,2562.4864559301554,172.31456490039932,2556.686239558674,1.0,1.0,38.0,2346.2340980905974,107.03249228674542,260.29249531123793,882.0,882.0,3188.840137673102,329.2070423525134,3171.8014040763205,16285.722440769798,-13096.882303096696,2.207007122773007,-13110.637798781238,0.009070294784580499,0.0011337868480725624,11.308887862709064,6.3161705883339785,11.286456810343768,6.267295550086715,1.8031043680864147,0.5661469029982982,150000.0,2900.0
11,15,8,known,3,280.0,300.0,150.0,2064.4486991957488,235.12380230367623,2051.015657961021,1813.021132274262,207.80442923650693,1801.072720703619,1.0,1.0,58.0,1190.5765409559835,211.90555602897226,258.8406187134363,882.0,882.0,4968.94393711173,316.694788198583,4958.841423285007,16424.81844516309,-11455.874508051362,-2.0360819756651836,-11462.884173891667,0.01020408163265306,0.0,11.404061484883728,6.635649417649371,11.381900181151948,6.592443235288608,2.6743770247455405,0.565667252001731,150000.0,2900.0
11,16,8,known,3,280.0,300.0,150.0,1977.1973797234964,150.3734357023634,1971.4708489400819,979.5895814350079,130.51454302925143,970.8561696327008,1.0,1.0,97.0,629.0514631138694,401.11733761113226,276.24231140919755,882.0,882.0,9527.129993639886,360.50940643512223,9520.306659114744,17281.369014249158,-7754.239020609271,39.48821892882853,-7758.0804300733835,0.009070294784580499,0.0011337868480725624,11.435441358016128,6.84338444921681,11.413161086799882,6.801770483868369,4.972022909935102,0.44697281299886527,150000.0,2900.0
11,17,8,known,3,280.0,300.0,150.0,4100.593389449749,284.52024564516705,4090.710742085903,1076.9356808107584,179.33393544496016,1061.8991478483981,1.0,1.0,81.0,3411.707898488712,73.68274719922282,189.78871970601554,882.0,882.0,6060.465574865627,467.6740452599795,6042.393894105341,16564.92071007282,-10504.455135207194,149.08755696175444,-10519.462909419835,0.005668934240362812,0.0,11.085993670898027,6.335590758209908,11.063301210076474,6.2830917250948355,3.416338071108296,0.6419267490018683,150000.0,2900.0
11,18,8,known,3,280.0,300.0,150.0,6186.833922529892,445.24940359838007,6170.791436563214,2519.7652644093087,111.6079583882351,2517.29232536631,1.0,1.0,40.0,2857.3097946951934,88.06420632193426,191.08113356980775,882.0,882.0,5823.809024605753,421.69614356621594,5808.52166369213,16780.55652421379,-10956.747499608036,100.56464119094414,-10968.961813293212,0.003401360544217687,0.0011337868480725624,11.405589770178345,3.725236921126362,11.383536194803924,3.6357314240776573,5.5833543974249205,0.3871999710027012,150000.0,2900.0
11,19,8,known,3,280.0,300.0,150.0,7875.239697246674,758.017352527598,7838.673993881677,3013.1427637854526,228.15193029194265,3004.4926379767844,1.0,1.0,43.0,3794.2075185885496,66.31295889041294,190.47484544663294,882.0,882.0,8228.349511991853,690.8665986331029,8199.29503276896,16119.003370203645,-7890.653858211792,369.9921114278873,-7916.514261588471,0.0011337868480725624,0.0,11.414522828998425,3.400256022603781,11.392403682353056,3.3041740061220546,8.642573484900318,0.39150950600014767,150000.0,2900.0
11,20,8,known,3,280.0,300.0,150.0,1779.877583829339,175.80610346097887,1771.17374286207,1684.9383630644363,159.30576192984952,1677.3905214773965,1.0,1.0,36.0,1317.2242683960492,190.9300902690024,190.93268251471446,882.0,882.0,5466.209558999559,308.6178104500861,5457.490447996326,14883.123685134646,-9416.914126135087,-7.185193273121342,-9422.282369148943,0.009070294784580499,0.0011337868480725624,11.828333188967083,8.43920594994102,11.804493264192875,8.408982933759088,2.3132717831780645,0.412163730001339,150000.0,2900.0
11,21,8,known,3,280.0,300.0,150.0,4374.462387233065,324.2698598389512,4362.427103725268,2218.0776856150064,202.89447964457116,2208.778497168284,1.0,1.0,34.0,3473.9685787237067,72.67938248210871,216.69750618171798,882.0,882.0,5041.361405255418,414.54537920830063,5024.288700599909,16996.21523722245,-11954.85383196703,95.64835683138864,-11968.934568665745,0.012471655328798186,0.0011337868480725624,11.196988828781945,6.318694367083587,11.173782888681524,6.257257220650834,2.849459257820804,0.36192155300159357,150000.0,2900.0
11,22,8,known,3,280.0,300.0,150.0,2195.262243075977,144.1422380995166,2190.524898527892,1734.3740265280646,108.49827887992448,1730.9770037106982,1.0,1.0,52.0,2026.627062096347,124.81130384981222,184.74994610768098,882.0,882.0,4543.776520667584,327.7592039104213,4531.939868756207,18720.529488221062,-14176.752967553479,-23.69320266819568,-14185.29030895076,0.007936507936507936,0.0011337868480725624,11.607487811694902,8.399216720826562,11.58365694831514,8.366070013913022,1.9320579320045868,0.4648867300020356,150000.0,2900.0
11,23,8,known,3,280.0,300.0,150.0,2151.2159107806897,173.73794101401378,2144.1886630257613,1029.0412971140288,126.83716594153788,1021.1945576147778,1.0,1.0,175.0,2150.721300245101,117.2113188639434,267.76097595098975,882.0,882.0,7961.343529944448,405.74536414577153,7950.997516114726,16945.380831717164,-8984.037301772716,81.2700616160256,-8991.276454931067,0.007936507936507936,0.0,11.414769404936,11.860033192696985,11.392415013033606,11.83110263016097,2.3974106385562166,0.6332712650000758,150000.0,2900.0
11,24,8,known,3,280.0,300.0,150.0,7776.080256486424,654.4638044960327,7748.490258361467,3789.347873516667,173.5195306509135,3785.372937902945,1.0,1.0,42.0,3828.284049219237,65.81990470820456,201.14333195312162,882.0,882.0,6519.670180097396,463.68554251841243,6503.1603836066215,19201.34063052418,-12681.670450426784,131.93711574022325,-12695.314164928452,0.003401360544217687,0.0011337868480725624,11.775976528372091,3.775767997865284,11.754409856689955,3.683941671010613,6.16683450112802,0.41397521199905896,150000.0,2900.0
11,25,8,known,3,280.0,300.0,150.0,4642.455705812687,313.37573645989534,4631.866862101176,2428.2214385051097,199.79503443295218,2419.9878715877403,1.0,1.0,39.0,3489.9056904121167,71.88246084692788,191.7038326712488,882.0,882.0,4806.232908395822,390.9638277294519,4790.305006484879,16182.248216674143,-11376.015308278322,82.25288238379733,-11388.998281922728,0.012471655328798186,0.0011337868480725624,11.503256319045072,5.991296968536509,11.481247298392564,5.917439872450584,2.865008631708335,0.41801770700112684,150000.0,2900.0
11,26,8,known,3,280.0,300.0,150.0,2363.769022357803,181.53090598642046,2356.788179117952,1534.3562164948823,114.28190712661076,1530.0943254583995,1.0,1.0,38.0,1132.9731487874717,222.6562232414644,237.9915333991488,882.0,882.0,5327.542209611555,306.2025044409328,5318.735378026141,18201.37902726314,-12873.836817651587,-18.612769148065183,-12879.745150087681,0.012471655328798186,0.0011337868480725624,11.888242232551521,6.963238373532725,11.866722830948305,6.9244291063485885,2.7324838591221887,0.4509396799985552,150000.0,2900.0
11,27,8,known,3,280.0,300.0,150.0,5133.871254919269,315.192543287945,5124.1865425394135,2331.7623397766065,168.75789564705423,2325.64751883368,1.0,1.0,136.0,2296.0799784028436,109.79252339741146,192.91355039440427,882.0,882.0,6132.573503399428,425.50589350395495,6117.79392503459,16246.965602906077,-10114.39209950665,98.56904141402953,-10125.881878082104,0.0022675736961451248,0.0011337868480725624,11.42899427513166,4.863316555247641,11.40513308964329,4.796406650665768,4.5035209979892565,0.6239979790007055,150000.0,2900.0
11,28,8,known,3,280.0,300.0,150.0,2057.215858785289,108.88017317611119,2054.3325430725263,1678.5526443175272,106.8567166309827,1675.1479402895166,1.0,1.0,35.0,1087.0349174138914,232.60611383760133,254.8607448215827,882.0,882.0,4585.1491027534985,314.4764705043502,4574.3520682147255,17298.887781565398,-12713.7386788119,-27.249949719731035,-12721.160110755674,0.012471655328798186,0.0011337868480725624,11.861179803251026,6.791134442984591,11.839795207766935,6.750504284513886,2.4113103116004795,0.4548362370005634,150000.0,2900.0
11,29,8,known,3,280.0,300.0,150.0,2833.637592322218,194.88340511226542,2826.928096544641,1968.8596200817767,118.17862389618638,1965.3096489974707,1.0,1.0,42.0,1318.6104355563753,191.61120188199124,239.79277174234272,882.0,882.0,4649.356581816067,325.5019688684804,4637.948371116169,17333.39841125205,-12684.04182943598,11.037509309534755,-12692.597280618786,0.011337868480725623,0.0,11.458766232922102,6.975600906707564,11.436569714903584,6.93453163955439,2.380417853190336,0.5415833830011252,150000.0,2900.0
11,30,8,known,3,280.0,300.0,150.0,1788.8796493152881,220.91900343076153,1775.185960303187,463.1378544032652,151.1662776507755,437.77326172628307,1.0,1.0,219.0,0.09842393905295445,2566045.6801938377,225.37850101514834,882.0,882.0,204132548.1156315,5713014.536288721,204052587.98919648,15868.494809767082,204116679.6208217,5712682.5220795255,204036722.96810943,0.0,0.0,11.49425855913643,7.8814078481272185,11.470305506454828,7.846945730373791,92501.85103311455,0.8305185589997564,150000.0,2900.0
11,31,8,known,3,280.0,300.0,150.0,2894.793925987565,227.11908934695063,2885.8705433869886,1858.493569720849,104.62263495798392,1855.5464028011247,1.0,1.0,63.0,2401.796513382635,105.2084778450004,221.24446988086433,882.0,882.0,4453.798793064345,366.48570529165147,4438.694843861008,17755.790463142093,-13301.991670077748,21.0707859709089,-13313.735511009232,0.011337868480725623,0.0022675736961451248,11.681962159889657,7.982846565941555,11.659674476906417,7.945308061193464,1.9925754716128592,0.706474968999828,150000.0,2900.0
11,32,8,known,3,280.0,300.0,150.0,1792.992226652319,203.62427166893013,1781.3922310437247,1286.5642737268254,139.08394943278742,1279.024349041257,1.0,1.0,37.0,839.4867067260683,300.264032464172,290.27277531003017,882.0,882.0,6377.179882921326,381.99039474468304,6365.72907037829,17705.75980208912,-11328.579919167794,43.48065338896129,-11336.794515943584,0.005668934240362812,0.0022675736961451248,11.284398240465457,8.290004094130694,11.261962796842534,8.254669127491336,2.747362025445783,0.5233573839977907,150000.0,2900.0
11,33,8,known,3,280.0,300.0,150.0,4259.741166335662,347.0943879882685,4245.576555663759,1771.0450797611597,185.6018841228143,1761.2928817082845,1.0,1.0,16.0,3483.97885952875,72.13884068976712,104.17158502399276,882.0,882.0,4847.530143155823,421.3633834937624,4829.182269065333,15252.301824983799,-10404.771681827977,101.24828473940181,-10419.759900277222,0.006802721088435374,0.0,11.134583580103182,6.022603242364091,11.110746269377408,5.970363730443021,2.874605375354613,0.4071381339999789,150000.0,2900.0
11,34,8,known,3,280.0,300.0,150.0,3470.9689148216644,197.38893011476162,3465.3517596236074,1711.9238209686473,106.94923001693657,1708.5798286877546,1.0,1.0,32.0,2953.464072221556,85.4036708595012,157.69685455872454,882.0,882.0,4788.247690806357,376.7733956174545,4773.401068092572,15078.376033638115,-10290.128342831758,71.38901338087004,-10301.88215282498,0.017006802721088437,0.0022675736961451248,11.735295430587742,6.850330660350414,11.713547287935436,6.791118557434727,2.4963590019095436,0.41708813999866834,150000.0,2900.0
11,35,8,known,3,280.0,300.0,150.0,1434.1080594685793,161.7614065754125,1424.9558496934135,1287.7835357674599,99.29319065586667,1283.94988114144,1.0,1.0,81.0,1424.0557631441084,176.56043108185258,236.70214873454734,882.0,882.0,6508.888471736464,345.89583102476837,6499.691162784854,16065.536205069002,-9556.647733332538,17.676994737527252,-9562.491937649818,0.006802721088435374,0.003401360544217687,11.540132283617021,9.61919561301895,11.51806959167999,9.590537395485107,2.416629330704085,0.5117789679970883,150000.0,2900.0
11,36,8,known,3,280.0,300.0,150.0,2507.08560182644,187.35851913577915,2500.07499891357,1872.3922405788742,149.9556651725331,1866.377775548841,1.0,1.0,37.0,2294.891959178812,110.15579637173435,226.32007726205464,882.0,882.0,4103.59528027885,366.01717992211786,4087.239367632964,15586.867505124523,-11483.272224845674,45.78206543405162,-11496.338145048634,0.009070294784580499,0.0011337868480725624,11.687058472726584,7.6067571762427715,11.665415806594929,7.561614431366475,1.9266682358863272,0.5063185920007527,150000.0,2900.0
11,37,8,known,3,280.0,300.0,150.0,2570.156145186112,117.80769511071503,2567.454762524675,1864.658669824871,96.6678857361826,1862.1512491793876,1.0,1.0,478.0,1135.311129394862,222.6664528598438,215.68551141544503,882.0,882.0,4709.1882740372785,314.1163873559626,4698.700362390077,17245.399796648624,-12536.211522611346,-10.330635723896307,-12543.647165584847,0.007936507936507936,0.0011337868480725624,11.718859382149764,7.388795651628595,11.695377380583384,7.351362352450705,2.2762206918560666,0.8019631600000139,150000.0,2900.0
11,38,8,known,3,280.0,300.0,150.0,5909.409931493639,370.00128355043364,5897.81525555071,1823.203311858231,151.0280682223053,1816.937213824369,1.0,1.0,33.0,4496.745641627701,56.1118730550501,249.5683387582336,882.0,882.0,4816.760670788877,463.9466033432316,4794.365120524801,14718.48295563958,-9901.722284850703,138.97502333789345,-9920.529849798353,0.009070294784580499,0.0011337868480725624,11.47463547857144,5.426793689045525,11.452608644516522,5.353826834520625,3.169959587023566,0.45569803699982003,150000.0,2900.0
11,39,8,known,3,280.0,300.0,150.0,1609.4603268566802,149.94619261609256,1602.4601970237982,1351.247062662668,145.00859072231316,1343.4437587674508,1.0,1.0,52.0,1769.1293996474647,141.98029170325194,228.18321209298574,882.0,882.0,5832.130984233732,327.3704049755595,5822.935723087217,17408.90103452882,-11576.770050295087,-9.34555900665191,-11582.708694446368,0.01020408163265306,0.0,12.317430120489863,9.485347008235715,12.296489388430789,9.45125271752675,2.1959174726366086,0.6060445309994975,150000.0,2900.0
12,0,8,known,3,30.0,1000.0,150.0,3382.5881456489824,115.1160733801214,3380.6287658858023,1035.3585152301173,22.359447043066833,1035.1170514427058,1.0,1.0,40.0,1159.6082219547395,220.09968052356646,18.033359245754916,882.0,882.0,3305.2853664370296,86.56078819604846,3304.1517192056494,1797.2571560376484,1508.0282103993811,51.7402200100075,1507.2319065930394,0.04081632653061224,0.017006802721088437,11.579033521844151,5.62049543765707,11.557046716310948,5.568641215441188,19.602574204234525,0.6157103719997394,150000.0,2900.0
12,1,8,known,3,30.0,1000.0,150.0,605.1795179292932,12.749106250427898,605.0452125345237,541.6882089028483,12.069605370488627,541.5537279814224,1.0,1.0,41.0,975.4381076017727,259.46345125285745,21.65758493385803,882.0,882.0,1403.008612297793,35.90566522043092,1402.5490898313888,1870.1707264283414,-467.1621141305484,1.3609941087888444,-467.30256516354666,0.1235827664399093,0.048752834467120185,12.039194766462053,10.51361689935953,12.017931607305552,10.487182928031988,4.448226922374233,0.4257707959986874,150000.0,2900.0
12,2,8,known,3,30.0,1000.0,150.0,1276.2685060549102,30.337958749200222,1275.9078759089796,724.2247989828356,17.92544182133439,724.0029267877572,1.0,1.0,33.0,648.0914852469956,392.27947337238027,20.784075295113915,882.0,882.0,2176.9553055835854,40.04886243645383,2176.586890323028,1693.4335433614635,483.5217622221219,4.29009873785116,483.530932417174,0.06575963718820861,0.030612244897959183,11.940044252303247,8.512701212113281,11.918668661771418,8.480228333425721,8.524342044277136,0.4322974080023414,150000.0,2900.0
12,3,8,known,3,30.0,1000.0,150.0,1036.9940968745955,32.77720317188419,1036.47595818957,711.8964099828755,15.708264893171238,711.7230844651256,1.0,1.0,28.0,1020.4281358208058,247.0473169827457,17.511833891373595,882.0,882.0,1515.2604514596635,35.62165579186433,1514.8416859184952,1749.0466147687323,-233.7861633090688,1.7074436424537964,-233.8760977299262,0.09750566893424037,0.03854875283446712,11.273256200236379,9.745157231059771,11.250932560665678,9.715794784923443,5.182951954263069,0.46576171899869223,150000.0,2900.0
12,4,8,known,3,30.0,1000.0,150.0,483.47318829050124,21.111108807030377,483.0120545915187,309.5796535585518,16.36382984480192,309.14686957859254,1.0,1.0,33.0,917.3332947125809,274.3956028997773,19.500350380100908,882.0,882.0,1675.1340664378026,35.086506038205755,1674.7665740736763,1868.1002980147912,-192.96623157698855,-1.024329726788885,-192.98467568719707,0.08390022675736962,0.04081632653061224,12.054091444554416,10.0014921843789,12.032941179258167,9.974720834263096,5.582947142807869,0.534279619998415,150000.0,2900.0
12,5,8,known,3,30.0,1000.0,150.0,1630.4375622343923,32.378699876336256,1630.1160278149364,672.6782519800993,17.99213674632156,672.437590934879,1.0,1.0,35.0,490.7844826512196,511.96374442661414,25.77280218266807,882.0,882.0,1995.186920633436,47.92438996243925,1994.611265663929,1883.7332066675397,111.45371396589644,11.195011152477157,111.23617115030379,0.07482993197278912,0.027210884353741496,11.615392401006957,8.361399121655406,11.593483658278913,8.326548828847766,7.953959585009521,0.4207537570000568,150000.0,2900.0
12,6,8,known,3,30.0,1000.0,150.0,1107.7238654263685,19.406583103625792,1107.5538571859056,561.5378899279723,15.914083474255413,561.312340655302,1.0,1.0,34.0,1593.8428665297715,156.1841079239247,20.25573162293838,882.0,882.0,1523.8928443061538,43.991061686535936,1523.257754754326,1765.7602324850418,-241.86738817888795,7.300630864069177,-242.12124447266456,0.12244897959183673,0.05668934240362812,12.07262605374068,13.971879172547883,12.051636006743887,13.947418081120116,3.6356189111156856,0.4773914120014524,150000.0,2900.0
12,7,8,known,3,30.0,1000.0,150.0,348.15587644326746,13.917518322620227,347.87758908230813,308.12255871702774,13.75577426419224,307.81535027467487,1.0,1.0,27.0,1110.6561660028876,223.65336092262427,20.919298340633553,882.0,882.0,1283.4750618951475,32.77047301191047,1283.0566357746366,1617.1175118794351,-333.6424499842876,-0.6617447488159982,-333.715251055022,0.11678004535147392,0.060090702947845805,11.163519651263105,11.013513767821541,11.140407982186119,10.99011797879453,3.8845461099045693,0.4394528370030457,150000.0,2900.0
12,8,8,known,3,30.0,1000.0,150.0,415.5185249193114,19.301554597597615,415.06998752166646,264.12225973974864,18.598133579685005,263.46665352067504,1.0,1.0,40.0,1251.5261038198648,202.21746926749054,19.5902859043087,882.0,882.0,1261.7964924144546,35.88280144337292,1261.2861740421943,1632.09061773006,-370.29412531560547,1.1581904254646105,-370.4349987910027,0.1292517006802721,0.05895691609977324,11.137039375434728,12.00231146520606,11.114400933512115,11.980210537024476,3.5043152481428894,0.45020614199893316,150000.0,2900.0
12,9,8,known,3,30.0,1000.0,150.0,662.3559719981299,20.8086779617741,662.0290269792335,619.779513192085,17.19045747932996,619.5410665519029,1.0,1.0,33.0,1097.3310949796373,228.3510284398659,26.371641419498005,882.0,882.0,1434.701800972949,38.589148934920544,1434.182741250048,1668.772441728626,-234.070640755677,4.890741156074078,-234.24942086685746,0.10997732426303855,0.05215419501133787,11.496052143827388,12.497980880657675,11.473807022592178,12.476375729231478,3.8264895603879645,0.4436842629984312,150000.0,2900.0
12,10,8,known,3,30.0,1000.0,150.0,1310.1051170429962,20.230998479514618,1309.9489014472147,343.83390691801327,17.472070655961705,343.38969450683595,1.0,1.0,40.0,510.2288401773678,496.9740746555202,16.19887561130587,882.0,882.0,2000.495477393588,52.10369310285604,1999.8168316716515,1661.447670173089,339.0478072204992,16.715253401526518,338.74608692322545,0.08276643990929705,0.03741496598639456,12.012330833486466,8.656485979897422,11.991107429101783,8.625908643042333,7.703262355491789,0.5376119620013924,150000.0,2900.0
12,11,8,known,3,30.0,1000.0,150.0,777.7140638328833,29.866130240877563,777.1403858685335,555.5934051265028,14.154725786064406,555.4130675074035,1.0,1.0,27.0,855.7505978686336,294.46510470105113,28.0815132636671,882.0,882.0,2108.8830684233612,37.150932455191175,2108.555810145997,1710.6523808096956,398.2306876136656,2.4866943471138683,398.25467918505797,0.07482993197278912,0.032879818594104306,11.843640207894236,9.140053205045081,11.820311962500174,9.109921972064182,7.6909948666356795,0.42786259399872506,150000.0,2900.0
12,12,8,known,3,30.0,1000.0,150.0,1194.950327905197,32.06324465066667,1194.5200854331456,899.7409777407955,19.133128758006436,899.5375202902279,1.0,1.0,29.0,1481.9842600716236,171.91568184439197,27.387329760819735,882.0,882.0,1789.9311934142122,39.26103871157487,1789.5005582554352,1710.339562802469,79.59163061174331,3.5882003194965293,79.53305309974007,0.06462585034013606,0.032879818594104306,11.489979822660246,12.597261890167648,11.466149249172696,12.572894955225202,4.736296953576556,0.4430808059987612,150000.0,2900.0
12,13,8,known,3,30.0,1000.0,150.0,655.3102492197318,18.214684335465712,655.0570570621969,537.3545818942277,12.473942252375899,537.2097797391673,1.0,1.0,55.0,946.9095005026046,265.37273994853973,24.43869676756231,882.0,882.0,1984.9949596078638,35.828836459316186,1984.6715809288442,1831.793092900289,153.20186670757494,-1.2714963701562212,153.25423348966774,0.07936507936507936,0.04195011337868481,11.598642555838865,9.578317243268433,11.576774404362151,9.55098003240563,6.907946038235136,0.5011683580014505,150000.0,2900.0
12,14,8,known,3,30.0,1000.0,150.0,665.1518779195898,19.899564811370627,664.8541404099661,615.8422493228512,15.832381671884772,615.6387022772566,1.0,1.0,36.0,1022.9998263283188,246.05795878568665,20.990740595430875,882.0,882.0,1314.2942212971013,36.15826997133655,1313.7967421361773,1733.0495216342972,-418.7553003371959,1.911418641839603,-418.914369853032,0.14399092970521543,0.06235827664399093,11.120067029922,10.417132357241446,11.097414250213255,10.392292396034554,4.205553493434857,0.501848271000199,150000.0,2900.0
12,15,8,known,3,30.0,1000.0,150.0,1335.4231004326755,41.668018125424034,1334.772877097343,623.4381795967195,15.452378774865696,623.2466508286021,1.0,1.0,30.0,1830.0792611832517,138.10854166454465,23.46091858819865,882.0,882.0,1206.9191091844261,43.30422830309455,1206.1419816611983,1570.1462705103522,-363.2271613259261,8.338703528558725,-363.614917630794,0.1417233560090703,0.05895691609977324,11.842274863568118,12.846607621165127,11.82063277557361,12.823571607099638,3.1316156108429096,0.4702743210000335,150000.0,2900.0
12,16,8,known,3,30.0,1000.0,150.0,1440.2761872333442,32.99474885175832,1439.8982054505202,391.9208556409502,19.994394466161026,391.41050225596405,1.0,1.0,35.0,1899.6859521394872,133.28437328600432,23.644885374915845,882.0,882.0,1201.8134027011622,44.13308119428536,1201.0028001867624,1730.2425231576854,-528.4291204565232,9.079807299996808,-528.884611447985,0.12018140589569161,0.047619047619047616,11.958537107751184,13.497833453517925,11.937166371508862,13.474796165731558,2.9679168064015857,0.4521771809995698,150000.0,2900.0
12,17,8,known,3,30.0,1000.0,150.0,526.9927315368634,29.099316572792798,526.1887198217775,129.87690275592178,20.56945818235693,128.23769827767273,1.0,1.0,38.0,1309.4246062026932,193.07134113532842,28.761046278847466,882.0,882.0,1627.9146940598703,40.97756600181933,1627.3988725019465,1897.2367826048178,-269.3220885449475,5.099812743030796,-269.49864610304735,0.10884353741496598,0.045351473922902494,11.495846942591394,13.968546841352168,11.471907184541397,13.949896256283832,3.884714977988091,0.5214946960004454,150000.0,2900.0
12,18,8,known,3,30.0,1000.0,150.0,809.7659993942153,19.743130642771884,809.5252822286249,371.7613149566624,12.049062526245091,371.56600408345395,1.0,1.0,51.0,724.5796599354926,355.08688944701674,21.93080165682689,882.0,882.0,1608.822214263878,39.46415372962817,1608.3381167153043,1644.8159847913923,-35.99377052751424,4.657582850327302,-36.10954935646919,0.09863945578231292,0.049886621315192746,12.044496709202043,9.581631208011139,12.023064749746183,9.555083432746631,5.596897436137152,0.5008886529976735,150000.0,2900.0
12,19,8,known,3,30.0,1000.0,150.0,822.6307882729432,17.9765724234211,822.4343479320822,681.6219313132186,16.150516804214323,681.4305673024354,1.0,1.0,31.0,834.4303660270726,305.66343990324,23.563756163913013,882.0,882.0,1846.7717325826632,39.69258918974191,1846.345127713068,1908.3939442973062,-61.62221171464307,3.785954481512114,-61.71099311109697,0.07596371882086168,0.036281179138321996,11.270975192271237,11.051261126429914,11.248560090656966,11.026743671096284,5.570319717225066,0.4978345609997632,150000.0,2900.0
12,20,8,known,3,30.0,1000.0,150.0,803.9236334848713,23.882312976249764,803.568816967422,500.6835933012431,20.870650929397573,500.2484148209046,1.0,1.0,188.0,764.5667029187293,333.23239488229143,18.82210846913148,882.0,882.0,2376.503136669586,48.76262695266653,2376.0028124589953,1785.2349021641412,591.268234505445,12.079064798052428,591.1448427110772,0.0691609977324263,0.03854875283446712,11.880910185040735,10.425419955147731,11.858104213292702,10.398825411206024,7.598424961596381,0.6325758790007967,150000.0,2900.0
12,21,8,known,3,30.0,1000.0,150.0,1031.4662964035003,32.579813148060005,1030.9516363009425,705.7275496577448,19.8258249334307,705.4490137576447,1.0,1.0,27.0,1553.9646715349907,163.50865655271983,22.788005720264707,882.0,882.0,1345.0149131325932,37.71488469386332,1344.4860371240773,1575.6864305723193,-230.67151743972613,3.573007983885816,-230.83045797919453,0.11337868480725624,0.05555555555555555,11.830029774621844,12.828954044164103,11.808460121442563,12.80769246180478,3.494737784811696,0.46198080999965896,150000.0,2900.0
12,22,8,known,3,30.0,1000.0,150.0,1590.7887124438028,36.74130231132942,1590.364362133118,465.43768450108286,14.043608918727806,465.2257679904106,1.0,1.0,133.0,210.85276340309485,1193.5536483439325,27.29520042312428,882.0,882.0,3194.93199708259,100.60428410747954,3193.3476547349755,1695.6231295087516,1499.3088675738384,64.93836768443853,1498.0996670556635,0.05102040816326531,0.015873015873015872,11.419446763983657,8.481833605109053,11.397314145753288,8.449411876892299,12.555980014974258,0.5525321280001663,150000.0,2900.0
12,23,8,known,3,30.0,1000.0,150.0,605.5628073512867,23.24598317962832,605.1164664039344,440.7146791758982,23.923658780225644,440.06486679997784,1.0,1.0,39.0,932.4796477895634,272.2920977881115,22.74801714971963,882.0,882.0,1969.9064344924773,35.379066455058016,1969.588708921645,1885.3581012805032,84.54833321197407,-0.09636390841764353,84.5643950454155,0.06802721088435375,0.023809523809523808,11.859168207117644,9.860387862678381,11.836178885090945,9.834023132413076,6.659327070180756,0.4789744260015141,150000.0,2900.0
12,24,8,known,3,30.0,1000.0,150.0,1771.6601097958207,46.65673304393488,1771.0456498643412,930.5657058075544,17.70245855055411,930.397310715362,1.0,1.0,40.0,705.8157256759489,361.020578578243,16.454928659809045,882.0,882.0,2081.1528114980874,41.36865331816182,2080.741612821985,1780.634730690509,300.5180808075784,6.719395250144814,300.444032905471,0.06462585034013606,0.034013605442176874,11.192438535591393,8.190215314189247,11.16977791011248,8.156849063294029,8.470077735695856,0.47070987400002195,150000.0,2900.0
12,25,8,known,3,30.0,1000.0,150.0,1016.0871893407934,22.941433486298827,1015.8281680343714,431.83542722848887,15.426091770281172,431.55981265904074,1.0,1.0,40.0,1607.497416405494,158.4804256873974,23.57042677621401,882.0,882.0,1133.904238005896,39.54573178926724,1133.2144351644056,1677.4491993991514,-543.5449613932553,5.557353208577929,-543.8903936063871,0.13151927437641722,0.05782312925170068,11.381179181692495,13.28712298880865,11.358879051868726,13.266260044320646,2.8446194082319405,0.4832458109995059,150000.0,2900.0
12,26,8,known,3,30.0,1000.0,150.0,1075.0026741791726,30.148896101475387,1074.5798218635202,393.5124666420174,15.111018154223425,393.22222538028996,1.0,1.0,83.0,598.7759300218863,427.2463345243642,26.195862148135728,882.0,882.0,2767.328806164179,47.39601048275952,2766.9229009165356,1976.533837345025,790.7949688191538,11.671075304572916,790.7119457863996,0.05328798185941043,0.02040816326530612,11.74750906329356,8.980033017056186,11.72426654488482,8.94972731151557,10.272155276445217,0.511444556999777,150000.0,2900.0
12,27,8,known,3,30.0,1000.0,150.0,523.802018995211,21.059182177321507,523.3785111651813,473.5993207941845,18.89412402931478,473.22228258385906,1.0,1.0,28.0,979.3997010840993,256.479620068387,30.749892886218667,882.0,882.0,1839.3617429798055,37.2314430192654,1838.9848942251838,1786.1197581788474,53.24198480095811,2.057462101703699,53.21150949147841,0.0782312925170068,0.02947845804988662,11.537340153443672,10.387529336691845,11.515118810798008,10.35908198359177,5.902467864302863,0.4449803090028581,150000.0,2900.0
12,28,8,known,3,30.0,1000.0,150.0,1225.6904340541485,30.483958603714168,1225.311294487933,679.2665556985236,18.68765939448867,679.0094440262897,1.0,1.0,26.0,1703.6535004888044,148.37729361168644,16.309855313414314,882.0,882.0,1283.2166685427849,39.37980890390416,1282.612275427276,1751.0322544715657,-467.8155859287808,4.173173687197334,-468.06600713536886,0.12018140589569161,0.06235827664399093,11.498531365090885,12.565765412978383,11.47463907373287,12.542314577365545,3.404001869018478,0.47143659600260435,150000.0,2900.0
12,29,8,known,3,30.0,1000.0,150.0,735.8497599761438,22.116334766281994,735.517326100109,306.3106008769707,12.628107739700901,306.05018396420763,1.0,1.0,41.0,1464.4406228912112,174.19249079634088,26.81571868975977,882.0,882.0,1298.8530409457846,39.09886196016839,1298.2644187404703,1856.5300877232676,-557.6770467774829,4.11604231593617,-557.9360469828584,0.1326530612244898,0.05895691609977324,11.565652915074768,13.55816982983852,11.541732989872047,13.538869334413445,3.193285075215431,0.45779026200034423,150000.0,2900.0
12,30,8,known,3,30.0,1000.0,150.0,159.24615481642044,23.804513024132955,157.45692421579696,57.24372965217153,17.27442755156219,54.57507432204496,1.0,1.0,61.0,1147.763578354408,219.39989755907254,24.76477271302313,882.0,882.0,1671.1470751169684,37.18123671197793,1670.7334025237437,1689.8389454367864,-18.69187031981801,2.009173439730482,-18.739470143966173,0.09297052154195011,0.04308390022675737,11.815648437029513,12.898712880614902,11.794252104567114,12.877363489328728,4.318640396098452,0.568399222996959,150000.0,2900.0
12,31,8,known,3,30.0,1000.0,150.0,808.8214866418645,19.37445760194671,808.58940609322,584.7876277257336,14.980580053154762,584.5957165104464,1.0,1.0,25.0,1351.777888953574,185.4538249331925,22.852230201155454,882.0,882.0,1287.959737169278,35.885492169172544,1287.4597143293192,2152.1885244088107,-864.2287872395327,-2.2595749408178065,-864.3907447993231,0.1111111111111111,0.05782312925170068,11.801016843444103,11.865777017340221,11.779099709632407,11.841456976044633,3.618135683507002,0.5570879499973671,150000.0,2900.0
12,32,8,known,3,30.0,1000.0,150.0,760.0519650792027,17.71722854797347,759.8454378578161,642.7335403338025,14.607929051148382,642.5675157357865,1.0,1.0,35.0,1379.8111696949416,182.959449101002,21.5466240789574,882.0,882.0,1389.3566113052927,34.79456209528225,1388.9208515341413,1665.2660003676049,-275.90938906231213,0.5528446498661523,-275.9930671916011,0.11564625850340136,0.05782312925170068,12.579427062888449,12.757154012819537,12.559077889234427,12.733080409087894,3.630267926292291,0.510075305999635,150000.0,2900.0
12,33,8,known,3,30.0,1000.0,150.0,752.9912240753523,9.33422680011266,752.9333674001581,552.27098459597,6.859097488043536,552.2283886294254,1.0,1.0,29.0,941.3191896604795,264.8070775477083,22.339394931962772,882.0,882.0,1417.7037509699526,33.15937463283062,1417.315907406755,1859.828484284856,-442.1247333149033,-2.4059620534360775,-442.17248937976365,0.08616780045351474,0.036281179138321996,11.354970596050865,9.637475594538795,11.33247524555178,9.609802713305065,4.903440868454921,0.4309668669993698,150000.0,2900.0
12,34,8,known,3,30.0,1000.0,150.0,1538.4165217422658,37.59095244199257,1537.9571888268135,922.9250042328944,16.454988934341035,922.7783031570794,1.0,1.0,39.0,1674.284128300122,150.18850463200772,29.583956263374475,882.0,882.0,1568.283013985039,43.03564832575425,1567.69242676208,1634.7215002894955,-66.43848630445655,8.118190851773761,-66.65611460609784,0.07142857142857142,0.030612244897959183,11.434193102534135,13.0687960425196,11.411963308303605,13.043872095289533,4.000070113274902,0.5225243349996163,150000.0,2900.0
12,35,8,known,3,30.0,1000.0,150.0,1088.823655451172,29.701686601252053,1088.4184684592105,596.3724274657294,18.99698939087705,596.0697833605136,1.0,1.0,31.0,1522.1015423655401,165.8016639627198,24.721766469970138,882.0,882.0,1317.8073433219834,39.92939102023199,1317.202276738883,2085.730154380726,-767.9228110587428,3.391402319298301,-768.2078153712368,0.11791383219954649,0.046485260770975055,11.734366847378983,12.777651380790239,11.712380893227504,12.756077497032111,3.4377922933556695,0.4685236779987463,150000.0,2900.0
12,36,8,known,3,30.0,1000.0,150.0,985.3837633180547,11.88524356667956,985.3120835533342,613.6675026853543,11.878232187237176,613.5525335716457,1.0,1.0,71.0,825.2664986656011,306.64594591106567,24.16173317989486,882.0,882.0,1863.8182471292748,32.70261923218317,1863.5313244019799,1671.7587343486841,192.0595127805907,-1.5092491124251808,192.12269275755602,0.08843537414965986,0.04081632653061224,12.013724192714886,8.868042606274127,11.992476047577362,8.837109840552657,7.005748355375988,0.6744453880019137,150000.0,2900.0
12,37,8,known,3,30.0,1000.0,150.0,1647.0785406782925,50.278793705022565,1646.3109554596608,673.7529142509009,21.679781904193387,673.4040217567521,1.0,1.0,32.0,1933.7358872650877,129.84336902911127,20.5368715178976,882.0,882.0,1546.2904456613348,45.0718606272348,1545.6334202271664,2024.2858364126712,-477.99539075133634,9.498965625996604,-478.33982975470485,0.09977324263038549,0.047619047619047616,11.852802237070282,12.63279808586067,11.831186889891477,12.605276196894891,4.080094885159895,0.5171590929967351,150000.0,2900.0
12,38,8,known,3,30.0,1000.0,150.0,1952.2592273597504,44.14716948265767,1951.7600052870125,899.5749120931332,15.490384458619952,899.4415325393265,1.0,1.0,29.0,785.8200508214716,323.30106043071413,18.43647959768585,882.0,882.0,2042.352667921208,43.85327644657244,2041.8818061557276,1819.2674141491416,223.08525377206638,9.985828863930216,222.92965720316624,0.07369614512471655,0.03854875283446712,11.50527804614375,7.465160254189656,11.483252380256173,7.425857194596908,9.119485710414958,0.3872874539993063,150000.0,2900.0
12,39,8,known,3,30.0,1000.0,150.0,1197.715942122239,37.05559895952895,1197.1425815664204,539.7848629697163,23.546179206503346,539.2710596128913,1.0,1.0,34.0,1660.4684965455365,153.5609390682,21.470020474539602,882.0,882.0,1574.8499422284578,42.55226536988512,1574.2749585916902,1851.425888046818,-276.5759458183602,6.404495054909773,-276.7980160992606,0.08616780045351474,0.04308390022675737,11.482758256648133,13.574082196020049,11.460508749848632,13.549101738180369,3.8672963163339014,0.37848533899887116,150000.0,2900.0
13,0,8,known,3,80.0,1000.0,150.0,2364.1290293618595,40.15761747992111,2363.7879416795795,679.6783016331933,28.84461001470843,679.0659630581417,1.0,1.0,32.0,2423.465263618083,104.66792190947332,39.48484645147257,882.0,882.0,2658.8717983853053,128.81376532889453,2655.749659533161,4736.1673418581695,-2077.295543472864,33.988404785787054,-2079.4683123327327,0.05102040816326531,0.01473922902494331,11.535911736578909,9.651914067047086,11.513036397250367,9.61427746177032,3.443451449002025,0.3614307050011121,150000.0,2900.0
13,1,8,known,3,80.0,1000.0,150.0,2836.211174807266,102.29827337389126,2834.3656947130753,704.0764664737878,43.948084560184334,702.7035196337825,1.0,1.0,274.0,701.7588364513414,358.5183637684975,64.73305247306276,882.0,882.0,5000.201249579564,202.40131940904806,4996.103105641287,4776.5604406282655,223.64080895129882,104.30866496878235,220.54999902423788,0.015873015873015872,0.0045351473922902496,11.74176666496653,6.601728553627522,11.718648260795476,6.557562329224348,9.467598540597466,0.6427710249990923,150000.0,2900.0
13,2,8,known,3,80.0,1000.0,150.0,1091.6689737793813,65.80354487342369,1089.6839182967778,1009.5724358170714,54.30627880532808,1008.1107733002027,1.0,1.0,27.0,1050.849050738054,241.25108716115187,58.980420730938135,882.0,882.0,2308.1526833220105,94.31322389153759,2306.225016195467,4482.478587642806,-2174.3259043207954,3.156980896776176,-2175.3265932406357,0.061224489795918366,0.018140589569160998,11.658649401105396,9.002651765565428,11.636936324973234,8.972187073258521,3.204823344592962,0.35098939499948756,150000.0,2900.0
13,3,8,known,3,80.0,1000.0,150.0,1990.6547120678804,79.68172186625674,1989.059326887583,1074.1730987198016,48.88174442779063,1073.0603063551446,1.0,1.0,33.0,2123.390050861028,119.19542027899396,61.984387134253254,882.0,882.0,2396.8293322209984,107.1902421387812,2394.4312685448263,4790.894688902223,-2394.0653566812243,9.13641419516469,-2395.4598958739575,0.05782312925170068,0.01927437641723356,11.8876393027498,11.460932866036467,11.866095998104957,11.430629340924785,2.614129844661037,0.3527725679996365,150000.0,2900.0
13,4,8,known,3,80.0,1000.0,150.0,1348.2319837255443,76.22863893101109,1346.075286359289,734.6926692028735,36.772024212920556,733.7718558351277,1.0,1.0,73.0,561.1953938533459,442.3242626636033,67.49952992741493,882.0,882.0,3590.3868177724225,108.36809000545232,3588.7510164822734,4848.168606192383,-1257.7817884199603,12.82579849564732,-1258.476077909163,0.032879818594104306,0.012471655328798186,11.685510870141554,8.526377157632048,11.663929891251854,8.49499707229905,5.263646492811179,0.36339909700109274,150000.0,2900.0
13,5,8,known,3,80.0,1000.0,150.0,2351.8858949344703,106.67154328534455,2349.465565749972,1231.9994925748445,46.53551510617576,1231.1203010016843,1.0,1.0,39.0,1010.8373596624956,250.05414191509766,66.9808219932105,882.0,882.0,2960.7030348952726,112.12347686423583,2958.579183793118,4622.817459027955,-1662.1144241326824,17.35246839634567,-1663.2667369887135,0.03968253968253968,0.01020408163265306,11.983100322064395,7.155709160667756,11.961802315259641,7.115880948358852,5.171924557752334,0.5323574050016759,150000.0,2900.0
13,6,8,known,3,80.0,1000.0,150.0,1675.3553084492798,37.158995200094644,1674.9431687746603,1169.40709485627,29.786637060291305,1169.0276770687765,1.0,1.0,36.0,1786.4058474515869,141.63318841738726,52.559510807639896,882.0,882.0,2200.782239935342,96.16119387826964,2198.680397967547,4459.493958408815,-2258.711718473473,4.202056431725794,-2259.8653158414763,0.08276643990929705,0.031746031746031744,11.413450523050363,10.9017789252967,11.391346636044933,10.873942922427087,2.523421011167045,0.4735794119987986,150000.0,2900.0
13,7,8,known,3,80.0,1000.0,150.0,1909.7407144793854,60.45263152402597,1908.7836639813465,1410.3320824240327,31.9634556613952,1409.9698295412886,1.0,1.0,21.0,1705.3275245933487,147.0350601281784,40.75911870561166,882.0,882.0,2158.1154894404676,103.77593272398208,2155.6189416383727,5036.874305305391,-2878.7588158649237,7.435558460130238,-2880.3339274552577,0.06235827664399093,0.02040816326530612,11.623395942111186,9.73676639106385,11.60157516008806,9.699886762941208,2.770575213015701,0.5915347660011321,150000.0,2900.0
13,8,8,known,3,80.0,1000.0,150.0,2350.53367491647,93.18141397281752,2348.6859690061488,883.164307292236,57.52532443464031,881.2888463629075,1.0,1.0,283.0,746.3076291402155,339.15373873545263,80.50202142209727,882.0,882.0,4105.678769905009,139.9353325028,4103.293343689436,4327.850510854338,-222.17174094932852,52.857470934881164,-223.68106001656543,0.035147392290249435,0.011337868480725623,11.842390188225743,7.0838860125493595,11.821022618072103,7.039417361154104,7.244750202487115,0.6818174690015439,150000.0,2900.0
13,9,8,known,3,80.0,1000.0,150.0,1608.1619993141503,80.17467943789718,1606.1622075043094,875.4190569542595,52.953723671988485,873.8160152045484,1.0,1.0,38.0,586.3617378033514,434.03076308732,56.788331381324944,882.0,882.0,3354.9877665011027,130.02053621792533,3352.4673859015634,4801.306474314691,-1446.318707813588,33.34284549452656,-1447.8656530044423,0.032879818594104306,0.011337868480725623,11.885427996563358,8.6153458437466,11.863947277069938,8.582866882333459,4.867749692451845,0.3107201479979267,150000.0,2900.0
13,10,8,known,3,80.0,1000.0,150.0,2110.406485092805,69.93193590162116,2109.247509578432,487.019237706252,44.96254525199151,484.93928219978363,1.0,1.0,189.0,294.8197937331111,865.1651827681885,52.12282021718484,882.0,882.0,8271.260549884197,290.27969116110705,8266.165301091556,4625.591553416037,3645.66899646816,199.00848390264863,3641.4743075483802,0.011337868480725623,0.0045351473922902496,11.646957041523075,7.402050408707883,11.625152496824377,7.362687397721156,13.967853657403094,0.5039437349987566,150000.0,2900.0
13,11,8,known,3,80.0,1000.0,150.0,3309.199781844112,137.59069671812497,3306.3381551701177,1062.1725667405515,52.00395942450805,1060.8987462243442,1.0,1.0,30.0,2933.4143907442044,86.98277439653485,59.84163576528942,882.0,882.0,2548.166258855998,135.3003762004494,2544.571691065549,4364.096827146699,-1815.930568290701,42.22653986932151,-1818.5325224162343,0.047619047619047616,0.018140589569160998,12.053769347410867,7.929339232301647,12.032606600022206,7.878005697991142,4.016990231158806,0.3751927440025611,150000.0,2900.0
13,12,8,known,3,80.0,1000.0,150.0,765.4294042306407,67.8338639249572,762.4176937649623,384.93747262273575,42.783636957590694,382.55250389699523,1.0,1.0,66.0,1449.3545682637136,174.35113367165775,54.63651658947314,882.0,882.0,2826.5999648238635,97.59840793900852,2824.914496389233,4528.093922798836,-1701.493957974972,9.606632333400967,-1702.324399573019,0.06235827664399093,0.017006802721088437,11.569959553506227,13.472361737014438,11.547914923849657,13.451399551385745,2.622591365196538,0.40098104100252385,150000.0,2900.0
13,13,8,known,3,80.0,1000.0,150.0,1292.7088022641813,48.8245085463322,1291.7864431927217,1000.3503430573204,30.46197025424138,999.8864321627373,1.0,1.0,48.0,1034.6526371754012,242.5874202619587,78.60456798250003,882.0,882.0,2838.558131897969,92.92104410250643,2837.0368252327967,4573.72195180144,-1735.163819903471,1.028539315105121,-1735.7619085793826,0.04421768707482993,0.015873015873015872,11.688332145175462,9.548100600770425,11.66663148061608,9.519895157361915,3.7161293258537316,0.40523831799873733,150000.0,2900.0
13,14,8,known,3,80.0,1000.0,150.0,1880.6591141109463,63.60929695301291,1879.5830816512776,417.13261684161887,36.05139499056752,415.5717951839019,1.0,1.0,39.0,2030.9730863672848,125.93869073813661,48.452973723077235,882.0,882.0,2828.658384432163,121.23165584090891,2826.0592954572708,4650.536708145283,-1821.8783237131202,29.870787817953854,-1823.5799234070114,0.061224489795918366,0.018140589569160998,11.127372895568282,12.377813239535278,11.102969228467575,12.351613204342083,2.8565812976129177,0.3720242919989687,150000.0,2900.0
13,15,8,known,3,80.0,1000.0,150.0,2225.9169378196507,73.47873788800712,2224.703820545736,843.2241013215255,37.47272686981442,842.3910492107775,1.0,1.0,35.0,613.0134507609279,409.0475398428085,49.159400801470284,882.0,882.0,3204.0480219555175,134.0402888907208,3201.243028567365,4820.538300194204,-1616.4902782386862,39.25549890847667,-1618.3633191779832,0.048752834467120185,0.015873015873015872,11.415156260092136,7.8555443063196675,11.392945364048403,7.820070106690473,5.098386402355832,0.3754089229987585,150000.0,2900.0
13,16,8,known,3,80.0,1000.0,150.0,1371.4341778782355,47.740442926404455,1370.6029893305144,820.2158008051896,35.51580206175282,819.4465130161998,1.0,1.0,25.0,1807.1848627080733,138.6105890530722,51.06074896186261,882.0,882.0,2125.831407642514,98.86065380457114,2123.5314325078134,4761.737272215592,-2635.9058645730784,4.196487623903124,-2637.2647766622986,0.05555555555555555,0.017006802721088437,12.456039890932532,11.704688212364005,12.435266006936477,11.679864503392416,2.2702776967148686,0.3885272520019498,150000.0,2900.0
13,17,8,known,3,80.0,1000.0,150.0,1729.1448414906217,67.970436734925,1727.8084102653543,1237.6866704917222,43.12843266463658,1236.9350155156803,1.0,1.0,75.0,1839.6705421235129,137.26685347802697,58.98796340003353,882.0,882.0,2566.74311917294,103.91098568070008,2564.6389115968154,4655.379605392656,-2088.636486219716,10.245997584351088,-2089.798341209456,0.049886621315192746,0.013605442176870748,11.808515049177593,11.096419964408302,11.785068712343847,11.071742040291397,2.8914090393633183,0.4609237290023884,150000.0,2900.0
13,18,8,known,3,80.0,1000.0,150.0,1516.512472352165,68.08949663605038,1514.9831349713188,950.7490683555161,37.71010436030259,950.0009152669363,1.0,1.0,35.0,905.3491146415499,280.69972931699226,71.57923594722283,882.0,882.0,3204.9478753905682,101.33683200153676,3203.3453966830384,4807.210647737672,-1602.2627723471037,10.962448291575441,-1603.0156678325575,0.04195011337868481,0.01020408163265306,11.2378889664619,8.614870787789823,11.213649524975107,8.584121779841716,4.650313327875242,0.4243254600005457,150000.0,2900.0
13,19,8,known,3,80.0,1000.0,150.0,2466.142656359408,124.02547110600847,2463.021982044085,1011.8530716393404,54.018429286615145,1010.4101384504091,1.0,1.0,44.0,747.8436076312804,343.3424755783793,66.2098704002783,882.0,882.0,3408.718222536356,135.9456498783336,3406.0062684808095,4930.874731355268,-1522.1565088189118,40.6335634181319,-1523.9472021406405,0.04421768707482993,0.012471655328798186,11.590451510435146,7.199098474054045,11.56856937484865,7.160855429792642,5.918654667007209,0.4497378320011194,150000.0,2900.0
13,20,8,known,3,80.0,1000.0,150.0,1905.6798339676006,38.81065791866191,1905.2845883024152,969.5468405125355,30.152117774736688,969.0778739304383,1.0,1.0,62.0,872.8960270073906,289.35932966778574,49.74927777023259,882.0,882.0,2783.7620990505907,99.1622765170543,2781.995375090783,4754.970268800786,-1971.2081697501949,4.222081062381463,-1972.0269867062711,0.048752834467120185,0.01927437641723356,11.310374844241446,7.473160937447434,11.28793559757128,7.436560506409672,4.656266140846394,0.4202710509998724,150000.0,2900.0
13,21,8,known,3,80.0,1000.0,150.0,1433.8413423000054,57.651578592503846,1432.6818524621835,1006.9614222854672,39.40278532035066,1006.1902039277511,1.0,1.0,33.0,1291.646100332123,196.70481539691284,41.3703153230221,882.0,882.0,2244.9813936685678,91.9121021326494,2243.0991113634773,4966.170502208215,-2721.1891085396473,0.17629582519359133,-2722.2240401387608,0.05782312925170068,0.013605442176870748,12.13454098485365,9.31881043114568,12.111970416569559,9.287860620597385,3.01135725725961,0.360369083002297,150000.0,2900.0
13,22,8,known,3,80.0,1000.0,150.0,2803.420199570817,183.7348454090866,2797.392772197744,1127.852285253052,87.43985199229371,1124.4576691161378,1.0,1.0,56.0,968.3380719302525,261.54907839564686,63.04194139104965,882.0,882.0,4348.937397369704,148.38042978218303,4346.405380805894,4591.5707195966515,-242.6333222269477,54.577418925228756,-244.20706942462857,0.030612244897959183,0.011337868480725623,11.734323740785566,5.752712218224838,11.712732018039802,5.705200362422714,9.449754377578815,0.43174759300018195,150000.0,2900.0
13,23,8,known,3,80.0,1000.0,150.0,3246.0604647392693,159.6191891207232,3242.1335961381606,1062.7107379606525,48.49820133492724,1061.603521586167,1.0,1.0,72.0,1065.940488332104,230.63653012311354,77.45615216853271,882.0,882.0,4375.542946076273,171.83657367662965,4372.167456182907,4143.270964980654,232.2719810956196,81.49570278434791,229.881515268381,0.027210884353741496,0.01020408163265306,11.442137330551265,5.337799344649175,11.41809294414415,5.280793526313094,10.246598512696279,0.3897348749997036,150000.0,2900.0
13,24,8,known,3,80.0,1000.0,150.0,2419.5876589809727,67.94708317680269,2418.633422695715,664.1922643130983,36.0723940602921,663.2119920207411,1.0,1.0,25.0,2467.384176076611,100.44525044319596,56.16902650596766,882.0,882.0,1971.3674446488758,119.27674706705062,1967.755741811097,4418.213772822226,-2446.8463281733502,27.995892037784742,-2449.514993367032,0.09070294784580499,0.02834467120181406,11.19637555851995,10.025136918461229,11.173792080377467,9.99145526535433,2.458030574398708,0.3426853840028343,150000.0,2900.0
13,25,8,known,3,80.0,1000.0,150.0,1565.478536503846,67.61048216179569,1564.017861456855,808.2260860039588,52.47053377612694,806.521077953036,1.0,1.0,63.0,1772.9381960780343,142.18831334255577,63.30996236707135,882.0,882.0,3163.4241327912796,120.98266370537321,3161.1098429205226,4667.4489297364435,-1504.0247969451639,23.45001734087481,-1505.3199373923676,0.04081632653061224,0.012471655328798186,11.709047115858704,12.365473214247455,11.687402849411281,12.341858273943794,3.197839740927174,0.39384670299841673,150000.0,2900.0
13,26,8,known,3,80.0,1000.0,150.0,2327.5895667094424,92.3478841604327,2325.756878812947,1059.24807793215,34.92683838564147,1058.6720958650687,1.0,1.0,37.0,2355.7692228855326,108.51217801443367,66.72286994730072,882.0,882.0,2340.6988312364856,117.30853598660048,2337.7574138341492,4576.8989532385085,-2236.200122002023,24.383538580399176,-2238.1981118471062,0.05215419501133787,0.021541950113378686,11.83127887118587,10.608269307872696,11.809774500738982,10.573792281975457,2.758106392410526,0.42301253199912026,150000.0,2900.0
13,27,8,known,3,80.0,1000.0,150.0,2022.0127723264707,91.11061622317403,2019.9590359863275,915.7563649806208,56.871944282121845,913.9886771487332,1.0,1.0,36.0,2124.1572133622985,119.27081050052271,50.12302561202587,882.0,882.0,3013.8783989841977,125.21635993441433,3011.276119366726,4558.194690122303,-1544.316291138105,30.497188432916047,-1545.9343334880937,0.05668934240362812,0.013605442176870748,12.189527435797494,11.622380631732241,12.168421043246811,11.589621106659319,3.2414598334908846,0.457886429001519,150000.0,2900.0
13,28,8,known,3,80.0,1000.0,150.0,3269.7909849351727,122.17363361685426,3267.5077181870865,1421.470076596065,56.423036330602976,1420.3498229764589,1.0,1.0,44.0,1353.1457477443444,188.10783631436829,50.00753563286418,882.0,882.0,2620.017546922282,112.10920521432955,2617.617900360338,4612.772235024428,-1992.7546881021458,18.30151369880653,-1994.2003754637194,0.048752834467120185,0.013605442176870748,11.605669999234571,5.878197141604655,11.583678474835825,5.829825674780658,5.571473454799481,0.3685528130008606,150000.0,2900.0
13,29,8,known,3,80.0,1000.0,150.0,1418.9633191934204,45.9791402974137,1418.2181848622304,626.3435742184495,32.76702570484897,625.4858871239225,1.0,1.0,65.0,530.8565279205772,478.3309462271074,71.58818015602901,882.0,882.0,4949.291999672088,110.52854169561498,4948.057673419821,4477.458348890499,471.8336507815893,20.302926337898597,471.5084885696697,0.015873015873015872,0.007936507936507936,11.110803639186571,7.94719526664083,11.088076248059277,7.911707616083005,7.784652059021456,0.46633247299905634,150000.0,2900.0
13,30,8,known,3,80.0,1000.0,150.0,2068.491965929508,83.66415304817343,2066.7992942251676,995.4117592394848,51.98595479591513,994.053334050142,1.0,1.0,53.0,664.4984087572653,380.11760242708885,70.16830741844544,882.0,882.0,3917.703206623254,111.27152155925477,3916.122707944175,4791.828687900317,-874.125481277063,18.537609055955087,-874.8085789411116,0.023809523809523808,0.0045351473922902496,11.798585290278627,7.137823025590581,11.77663694426553,7.099553777091191,6.860815952877847,0.40151090799918165,150000.0,2900.0
13,31,8,known,3,80.0,1000.0,150.0,1225.5981903884085,69.5250391952041,1223.6246128646837,1156.5244792051471,60.78495242561919,1154.9259978714445,1.0,1.0,26.0,1335.540512973977,184.9736147452339,63.65241534962925,882.0,882.0,2554.643617596628,92.48971288424855,2552.9687945483734,4404.585351027476,-1849.9417334308478,3.788557817144465,-1850.7233177110197,0.04081632653061224,0.011337868480725623,11.413901998957783,9.618355024293066,11.391435309552534,9.590519961227464,3.3200110766658746,0.3989494890010974,150000.0,2900.0
13,32,8,known,3,80.0,1000.0,150.0,554.6529247884818,37.32361901630305,553.3957123432951,462.1260461125232,34.517935054228,460.83510571047645,1.0,1.0,56.0,1078.9032156286141,233.08058684909352,59.62921015258704,882.0,882.0,3187.5637352664808,87.92842531861915,3186.350758847336,4482.957666751057,-1295.3939314845766,-4.519191129699294,-1295.6535785105743,0.03741496598639456,0.015873015873015872,11.547514906874275,9.939846009447837,11.525462086479935,9.911257293364136,4.008567804064441,0.43152868900142494,150000.0,2900.0
13,33,8,known,3,80.0,1000.0,150.0,1029.787948430857,42.59628458933381,1028.90659210281,916.3099462629444,36.61987094638274,915.5779063915152,1.0,1.0,35.0,1409.9076428978192,180.63839185072638,44.90910688046534,882.0,882.0,2338.03715680181,91.87101028347865,2336.2314662839776,4515.658617172707,-2177.621460370897,-0.24812406438377366,-2178.487441016134,0.07709750566893424,0.023809523809523808,12.03618757743746,11.19525688823244,12.014679172592242,11.166254297690958,2.610522005148636,0.43246497600193834,150000.0,2900.0
13,34,8,known,3,80.0,1000.0,150.0,2059.9310737912174,55.567088866306975,2059.181470246263,945.9803898651718,39.31647756140923,945.1630084814078,1.0,1.0,44.0,2062.258745815943,121.9054704934433,61.620185499993546,882.0,882.0,2499.5866224130173,120.04859229781876,2496.702148521811,5123.251632962164,-2623.6650105491467,22.113172631334166,-2625.613338464931,0.06235827664399093,0.021541950113378686,11.808001618629904,10.891623850434087,11.786398711996943,10.855818275726403,2.8687028866606927,0.33720752999943215,150000.0,2900.0
13,35,8,known,3,80.0,1000.0,150.0,2978.982977060793,170.91681575307726,2974.075826153532,1524.5181827278395,68.68548956765514,1522.9701221595406,1.0,1.0,34.0,1399.5952744439662,179.05891559551483,55.96465209797475,882.0,882.0,3930.2761204017756,157.2402132048117,3927.129473031382,4728.3885578723575,-798.1124374705819,66.75330593172795,-800.3931841147878,0.011337868480725623,0.0022675736961451248,11.5299563226333,6.24627094606759,11.507835202353004,6.191954829686001,7.865245028467996,0.3379083340005309,150000.0,2900.0
13,36,8,known,3,80.0,1000.0,150.0,3212.616222693476,127.57168907548291,3210.082313346455,897.0039212669986,47.880357321571196,895.7251286812996,1.0,1.0,50.0,2883.8359038031604,87.59499789034457,65.77600246758377,882.0,882.0,2494.914391072133,142.6958515343383,2490.8303259623535,4641.854409377249,-2146.9400183051157,45.80391165262611,-2150.0127342844553,0.04195011337868481,0.015873015873015872,11.71713289305648,8.597575867060373,11.69522891446141,8.556329970088,3.627351519849365,0.4026670409984945,150000.0,2900.0
13,37,8,known,3,80.0,1000.0,150.0,1779.2665889935793,75.11815978140211,1777.6801896797697,1103.3892337939703,50.044962137215954,1102.2537380372678,1.0,1.0,163.0,1591.7858927156701,159.27199102090844,62.30732227083839,882.0,882.0,2874.5520212353,112.9678432033056,2872.3313856847963,4735.0611686663415,-1860.5091474310416,18.87901352178706,-1861.794886727148,0.045351473922902494,0.02040816326530612,11.222614080899614,11.33049514602559,11.200063719997939,11.301051977588934,3.1712559603403667,0.5911609430004319,150000.0,2900.0
13,38,8,known,3,80.0,1000.0,150.0,2022.0667678939444,60.16561271883891,2021.1714704267993,1144.9159088138163,36.95864208252455,1144.3192286378755,1.0,1.0,34.0,996.2952708412755,252.3146970163198,69.70352717002741,882.0,882.0,2551.5248188216665,96.65083701562276,2549.6936123321007,4780.226394410344,-2228.7015755886778,3.0967884579075218,-2229.617218929639,0.05442176870748299,0.013605442176870748,11.61324835616741,7.736390473923433,11.591365693994462,7.700745804690272,4.122602180276983,0.45602740200047265,150000.0,2900.0
13,39,8,known,3,80.0,1000.0,150.0,2417.7850720556685,129.85147858324225,2414.295600825421,900.9975133061524,56.55290116352685,899.2209341167825,1.0,1.0,275.0,598.0476016509273,423.6478911145681,57.810257600777426,882.0,882.0,3522.3628480599596,138.4525508598833,3519.6407379949255,4619.4242161005195,-1097.06136804056,46.15901147401273,-1098.8613991577163,0.035147392290249435,0.0045351473922902496,11.224582413919535,7.598110232650019,11.201822686234014,7.557396660446373,5.794800845550928,0.7013878609977837,150000.0,2900.0
14,0,8,known,3,130.0,1000.0,150.0,2080.996524023693,172.88833409111737,2073.8023427833937,1156.355020936342,91.1901402336365,1152.7537867076637,1.0,1.0,73.0,2097.0632882347436,121.4434033326819,100.76746460934315,882.0,882.0,3279.560552877884,175.39038287530352,3274.867269613769,7583.058599056263,-4303.498046178379,24.51430674262332,-4306.690230423538,0.04195011337868481,0.006802721088435374,11.530200581602983,9.549238085522749,11.50793863265513,9.517091580990822,2.641822168675189,0.4164881750002678,150000.0,2900.0
14,1,8,known,3,130.0,1000.0,150.0,3364.9783148662095,205.3737709741247,3358.7052079210084,1206.6472823874767,106.29966738346945,1201.9559246525002,1.0,1.0,56.0,2969.6675714298985,85.14522188251749,93.37404737254008,882.0,882.0,3464.2204984459727,226.56345986630808,3456.803821524541,7702.1799653404405,-4237.959466894468,70.45852132789852,-4243.794042710131,0.02040816326530612,0.0022675736961451248,11.59159778659917,7.698423713222457,11.56893619061469,7.650821940197434,3.4614683447829493,0.4211056180029118,150000.0,2900.0
14,2,8,known,3,130.0,1000.0,150.0,1130.378422110327,170.7312290748372,1117.4104995887715,959.0211496772578,95.38284013883413,954.2660422205847,1.0,1.0,65.0,1001.4794873699633,254.1574263246733,79.7981186605428,882.0,882.0,4618.128901309778,161.97671857078763,4615.287433275818,8695.107425455964,-4076.978524146187,4.8149068116327385,-4078.399546662211,0.023809523809523808,0.007936507936507936,11.232667596477501,8.274844902020014,11.210137479757528,8.24089310823973,4.293019251991263,0.4763267950002046,150000.0,2900.0
14,3,8,known,3,130.0,1000.0,150.0,1229.3139356835418,68.24975003259568,1227.4179093064624,1159.01886113833,51.05349555174447,1157.8938902448444,1.0,1.0,37.0,1389.5312746343177,181.6781293049712,101.20899469375381,882.0,882.0,3287.5904758097035,148.14863004029272,3284.250769970505,7312.191029807629,-4024.6005539979255,1.2361142834997167,-4026.4642681850078,0.032879818594104306,0.006802721088435374,11.270665737496298,8.751650153326139,11.248062661547472,8.720427247136897,2.8896444742614773,0.40411663899794803,150000.0,2900.0
14,4,8,known,3,130.0,1000.0,150.0,1985.6360452503598,118.60366732968875,1982.0907331132541,1453.2810384672273,72.23644147395183,1451.4846445248959,1.0,1.0,32.0,1748.3908284527827,144.02250827727164,84.60829546797676,882.0,882.0,3203.9989867439695,154.43226769336735,3200.2750165808357,7759.9501703729875,-4555.9511836290185,11.081619297824716,-4558.350972489415,0.048752834467120185,0.011337868480725623,11.330099910455354,9.589446966363315,11.307545120846882,9.550500592503308,2.5701321607312093,0.4017917409983056,150000.0,2900.0
14,5,8,known,3,130.0,1000.0,150.0,1655.023081937162,146.41131525754037,1648.5342363776797,765.3421394395642,86.27829345156937,760.4634419096122,1.0,1.0,56.0,1907.9682335045852,132.33793849833913,124.22162372104385,882.0,882.0,3816.8602379033705,187.66931696833277,3812.2437360636345,7931.339777209675,-4114.479539306305,40.79750474366426,-4117.736045267606,0.027210884353741496,0.006802721088435374,11.455958506827049,11.21213466229986,11.432039567411525,11.187071039054821,2.618632780714835,0.5556571689994598,150000.0,2900.0
14,6,8,known,3,130.0,1000.0,150.0,2404.2926487902105,90.85108121146682,2402.5755393055497,1128.1355302332279,53.41694399556767,1126.870180929809,1.0,1.0,37.0,2376.634536079453,106.68043062109157,50.22679898264713,882.0,882.0,3201.142020085898,183.37701542983731,3195.8853394594225,7448.24611213464,-4247.104092048741,32.712214162081324,-4250.8367759808825,0.026077097505668934,0.005668934240362812,11.234559238495054,10.403710157339919,11.211991267271735,10.374141025622777,2.3668642256343086,0.35044053100136807,150000.0,2900.0
14,7,8,known,3,130.0,1000.0,150.0,2839.7437973858564,111.05956091205434,2837.5712517435513,961.3621863608233,40.393259738307485,960.5132159070879,1.0,1.0,32.0,2614.283926456656,96.77350612304943,76.47124113315532,882.0,882.0,4065.1982170733354,235.88617132669145,4058.348710777951,8127.1751857128575,-4061.976968639522,74.71755817364084,-4067.2282642682603,0.034013605442176874,0.013605442176870748,11.924375297852379,9.570224820564256,11.902014924613226,9.534615276790905,3.267504797667337,0.35036714899979415,150000.0,2900.0
14,8,8,known,3,130.0,1000.0,150.0,2553.4231123712084,132.2345584805757,2549.996786730312,939.6474834721993,49.18390824106674,938.3593855052399,1.0,1.0,37.0,2574.4870534163915,99.38113636372698,123.14390823934622,882.0,882.0,3402.2169213346842,189.8152508652601,3396.917742653627,6866.399097310325,-3464.1821759756403,43.68791547373738,-3467.926273447205,0.02947845804988662,0.006802721088435374,12.151459572136519,9.477664455983614,12.12959961563079,9.443567791474823,2.7613236907073127,0.4019440249976469,150000.0,2900.0
14,9,8,known,3,130.0,1000.0,150.0,2067.2922421272206,96.75692343320353,2065.0267097854044,1357.0479134407299,70.40080312423945,1355.220560017188,1.0,1.0,40.0,2056.2950879593004,123.02472270592146,86.83350154408208,882.0,882.0,2544.715454138023,163.20510398747027,2539.476488680555,7360.267322918249,-4815.551868780227,9.764006046375556,-4819.191250406514,0.04308390022675737,0.012471655328798186,12.358215353462384,8.679644448097172,12.337295272778148,8.644667808577207,2.2552460967328587,0.40369751199978055,150000.0,2900.0
14,10,8,known,3,130.0,1000.0,150.0,3292.85433780499,140.27156827938077,3289.865282520484,1141.018348119569,70.69894115924939,1138.8259438845214,1.0,1.0,56.0,1032.4929100947143,248.14237914727707,101.89898624076181,882.0,882.0,5319.448601805289,271.02227992784856,5312.539915241198,7336.147872485101,-2016.699270679812,120.32169513590165,-2022.0599334697763,0.011337868480725623,0.0022675736961451248,11.205588210600384,5.536309778287105,11.18298707965419,5.4791650756133805,7.3909945500127385,0.3682615359975898,150000.0,2900.0
14,11,8,known,3,130.0,1000.0,150.0,2922.977484599279,105.24287801871532,2921.082215909142,1137.023547280748,58.71241048601899,1135.5066710177516,1.0,1.0,33.0,994.2768592271365,251.96128593051353,88.46835963525585,882.0,882.0,4283.043641756669,190.29865781661147,4278.814001335583,8275.537344202748,-3992.4937024460796,40.70381408665074,-3995.3711378804646,0.026077097505668934,0.003401360544217687,12.129104750554543,6.017526171237226,12.10771640474024,5.9716353687035655,5.475088701641733,0.35299426699930336,150000.0,2900.0
14,12,8,known,3,130.0,1000.0,150.0,1393.4582975997969,64.54397470133001,1391.962679988037,795.9492990369489,52.993154483711095,794.1832359193158,1.0,1.0,58.0,1789.0058131201574,141.72230583930317,98.51537695773385,882.0,882.0,3479.449943056293,166.9334882848826,3475.4431540054684,7665.842711365715,-4186.3927683094225,16.21255924792274,-4188.917724564192,0.035147392290249435,0.011337868480725623,11.396710784860602,11.796618514223958,11.374573671332078,11.77015953553091,2.2688704843425396,0.3871925300009025,150000.0,2900.0
14,13,8,known,3,130.0,1000.0,150.0,5085.588882502566,268.73467717846074,5078.483627532483,1534.6195719246957,55.787492923732266,1533.605225006625,1.0,1.0,75.0,2083.3786548211683,120.15606097868042,97.6131356953386,882.0,882.0,5974.344669135739,305.34531919980463,5966.536554959955,8017.546617541873,-2043.2019484061339,149.39751410821864,-2049.493263257057,0.022675736961451247,0.0045351473922902496,11.355797638242136,4.116345885450636,11.333324330785622,4.0399778074240675,11.164391606965074,0.41503314100191346,150000.0,2900.0
14,14,8,known,3,130.0,1000.0,150.0,2226.1438624625257,67.7405665769497,2225.112966125407,1026.7551176611598,43.700413352669294,1025.8247148105704,1.0,1.0,33.0,2192.8180506137555,115.414476276459,101.41739941369457,882.0,882.0,3681.269524213039,180.89390842098766,3676.8223650043083,9053.71648211902,-5372.4469579059805,23.661472461874638,-5375.528716326772,0.02834467120181406,0.005668934240362812,11.812603431081989,10.609975747846027,11.790986036106997,10.578123263261226,2.6689465227392883,0.4491329710035643,150000.0,2900.0
14,15,8,known,3,130.0,1000.0,150.0,1723.3237027951986,55.57681138374387,1722.4272996710688,1156.1457407434136,49.379765153251704,1155.090737835148,1.0,1.0,37.0,1280.7110687538054,196.09336563550005,76.9271991250797,882.0,882.0,3198.113834355636,147.81583699090723,3194.6960067949476,6929.086478215001,-3730.9726438593652,0.08228565557502066,-3732.815394884001,0.04421768707482993,0.005668934240362812,12.117921803849036,8.465697983115831,12.096884762507791,8.431690952803422,2.905947707791374,0.6305634300006204,150000.0,2900.0
14,16,8,known,3,130.0,1000.0,150.0,4050.806605965932,223.61139917891464,4044.6300326599066,1378.9152480473663,66.74905446587415,1377.2987421127784,1.0,1.0,37.0,3441.5771495829513,73.04483845537172,65.9180647197978,882.0,882.0,2787.0948309076466,208.4723409462994,2779.287117145778,8389.880932574357,-5602.78610166671,54.269545086514256,-5609.176601588647,0.03741496598639456,0.01020408163265306,11.312464399665958,7.337953820566831,11.289879124722413,7.292650094299293,2.921685190617048,0.4561531430008472,150000.0,2900.0
14,17,8,known,3,130.0,1000.0,150.0,2341.6864372077325,81.75240854169505,2340.25894163451,669.8640458337635,59.8275460918985,667.1870087384797,1.0,1.0,36.0,2423.242737660071,104.81647295291805,92.22378575964838,882.0,882.0,3597.1599714127437,195.2435616498253,3591.8574319658655,7750.010191289372,-4152.850219876629,48.450072809621986,-4156.762421706351,0.030612244897959183,0.007936507936507936,11.83512178251473,10.105375435379425,11.81359514253687,10.068610616642037,2.7381923111618294,0.3033322480005154,150000.0,2900.0
14,18,8,known,3,130.0,1000.0,150.0,1709.3173017453582,122.62768986798966,1704.9129267278352,440.8451055128327,103.01962205950045,428.6389675768388,1.0,1.0,123.0,0.038065491925335926,6602978.888972778,153.08835260871183,882.0,882.0,265982320.21682796,7444351.057730724,265878123.02868485,7277.087864660956,265975043.1289633,7444203.088153472,265870847.4453547,0.0,0.0,11.056307904181208,7.845482221573008,11.031096393183823,7.805784167256986,260789.30396346372,0.43298553800195805,150000.0,2900.0
14,19,8,known,3,130.0,1000.0,150.0,1376.5629817251572,57.11523266865358,1375.3775819218738,729.5670472585612,52.305358316856605,727.6896494639186,1.0,1.0,36.0,1841.6320112081282,137.50515014820746,80.29916409624691,882.0,882.0,3700.1713849472007,173.04569758495032,3696.1227610199076,7916.045909027003,-4215.8745240798025,19.162596783193976,-4218.427309900789,0.02947845804988662,0.005668934240362812,11.623949849431588,11.889016674730971,11.601911980627257,11.859966697591364,2.3940463358741337,0.3771107949978614,150000.0,2900.0
14,20,8,known,3,130.0,1000.0,150.0,2523.7908515515132,137.89805693785235,2520.0207118727967,1778.3903315395976,92.0403707224309,1776.0069654905067,1.0,1.0,29.0,1994.9565567946056,126.64195417928336,90.9736010256041,882.0,882.0,3179.0027741772324,166.0517338681953,3174.6630466721836,7626.4427660898955,-4447.439991912663,18.43966351257893,-4450.351047815133,0.01927437641723356,0.005668934240362812,11.526379973713247,8.455484419204286,11.502443502365876,8.418989391189827,2.8920717349003504,0.375726038000721,150000.0,2900.0
14,21,8,known,3,130.0,1000.0,150.0,1684.4064247600038,84.76185116743153,1682.2724013546224,1428.2057536842372,75.86142928959804,1426.1895801059898,1.0,1.0,40.0,1568.6850563582345,157.09781120593607,106.61928433972102,882.0,882.0,2879.4539053516432,149.8352137790247,2875.5528514977123,7699.545652819868,-4820.091747468225,-0.08632131916596109,-4822.533065999646,0.03968253968253968,0.005668934240362812,11.851001481669016,8.34680410854698,11.829474723142656,8.316037103876504,2.6536678155775846,0.30964164699980756,150000.0,2900.0
14,22,8,known,3,130.0,1000.0,150.0,624.9772680196121,100.39914569490396,616.8602735506572,479.7469630496705,59.813640545886024,476.003652254927,1.0,1.0,328.0,1091.6222817735459,230.67202799474308,142.15192351289852,882.0,882.0,8088.08030088612,177.53113490054716,8086.131686395111,7773.824951974395,314.2553489117254,28.669799383489988,313.73214142009874,0.021541950113378686,0.005668934240362812,11.569954351542567,13.16623345982499,11.546233163916197,13.14463597924024,4.725421473373723,0.7888974269990285,150000.0,2900.0
14,23,8,known,3,130.0,1000.0,150.0,2438.2851875268466,80.42634788240737,2436.9584030670544,563.7499579659612,41.15569926607064,562.2456967594718,1.0,1.0,43.0,2493.9639074225956,101.04034787345878,118.81964878840482,882.0,882.0,3925.4260519591694,205.04106193968286,3920.067327523648,7716.816073134147,-3791.3900211749774,54.31858005092914,-3795.2766725864444,0.035147392290249435,0.007936507936507936,11.91486056406292,9.991652896780284,11.893222481791803,9.962142408410205,3.022081063764813,0.43106405700018513,150000.0,2900.0
14,24,8,known,3,130.0,1000.0,150.0,1323.2391775981162,113.8333958182824,1318.3337510384147,413.2386932339185,82.25102929736383,404.9703517113331,1.0,1.0,111.0,1791.4974921922976,142.06163680310772,110.83379826820938,882.0,882.0,5694.885033826003,185.59571585307262,5691.859957760062,8039.736135682327,-2344.851101856324,34.289943504464475,-2346.452283914193,0.023809523809523808,0.009070294784580499,11.625127415696177,14.344928700792252,11.603313751778769,14.321964773256433,3.0538184515401823,0.5808142019996012,150000.0,2900.0
14,25,8,known,3,130.0,1000.0,150.0,1767.4637971179363,99.34276372163227,1764.6697394749824,433.82045657997975,58.55622418875527,429.85038927052085,1.0,1.0,186.0,0.03991841688738132,6315795.0971378,96.6524849971347,882.0,882.0,127162677.58600555,3559227.872325641,127112857.20884123,7256.496570295175,127155421.08943526,3559081.778311293,127105602.18306501,0.0,0.0,11.428635305574215,7.881426044930486,11.406390739225863,7.843984267411822,124111.35210720624,0.5946636580010818,150000.0,2900.0
14,26,8,known,3,130.0,1000.0,150.0,2305.239699668988,103.72426551511313,2302.904980600224,1450.7936554386747,60.53728976274314,1449.5300849617759,1.0,1.0,29.0,1920.2259659977897,131.8049334682956,64.54443974475568,882.0,882.0,3541.6846767630973,174.840071227007,3537.366435515532,7438.022573475723,-3896.337896712626,25.531768216659884,-3899.157405244114,0.034013605442176874,0.007936507936507936,11.332943803765044,9.89658995473255,11.310540907433676,9.859005888084152,2.752839958754187,0.42113361599695054,150000.0,2900.0
14,27,8,known,3,130.0,1000.0,150.0,1716.7256464489674,128.15520577699812,1711.9355094184712,1425.1261337862388,101.9014387193253,1421.4783128797442,1.0,1.0,38.0,1630.8849266519196,156.3652427408012,86.15679587383279,882.0,882.0,2709.0134171245522,151.5168280493572,2704.7728823283305,7495.965956130814,-4786.952539006263,7.3436547173352835,-4789.806472883243,0.045351473922902494,0.0022675736961451248,11.380584634565102,9.389014234933033,11.35828380022101,9.356762406337573,2.219462472383883,0.38137831399944844,150000.0,2900.0
14,28,8,known,3,130.0,1000.0,150.0,2143.1020596959697,105.27811022262932,2140.5146478781826,1097.02042235516,84.61601659982269,1093.7522282487346,1.0,1.0,38.0,848.5279508290462,296.1634683325879,81.57239125497856,882.0,882.0,3386.990091209718,183.59946985290648,3382.0102176993114,7212.69584580243,-3825.7057545927123,28.393925588368432,-3829.0155486591175,0.032879818594104306,0.012471655328798186,12.202431584082511,7.376037770444633,12.18157705771841,7.339014508570718,3.5322175323963814,0.39992462800000794,150000.0,2900.0
14,29,8,known,3,130.0,1000.0,150.0,2281.297969766394,79.68263851576161,2279.905941915025,1140.0124612146433,63.391637905448476,1138.2486160625601,1.0,1.0,122.0,1013.4473537587154,247.15552249846445,96.01702722431048,882.0,882.0,4043.957719532493,171.71842095326605,4040.310238245543,8232.52727076398,-4188.569551231487,21.775439847491896,-4190.851427418043,0.03968253968253968,0.007936507936507936,11.223348746696914,7.115244961200213,11.200620349779594,7.074614720438046,4.371931991513559,0.46209469200039166,150000.0,2900.0
14,30,8,known,3,130.0,1000.0,150.0,2210.839036963414,94.89949503132307,2208.8013340280554,1389.585541805142,67.08795392598338,1387.9651236367272,1.0,1.0,43.0,1851.823389186753,134.86858719321592,114.4841856794037,882.0,882.0,3179.6731380474553,176.6851119243689,3174.7604060849735,7380.664199879272,-4200.991061831817,22.96954737664049,-4204.302919066485,0.03741496598639456,0.006802721088435374,11.180201937512042,9.40550011188661,11.157540957132433,9.36879045461596,2.6005022431412685,0.38674804599941126,150000.0,2900.0
14,31,8,known,3,130.0,1000.0,150.0,2773.598103626268,79.22490054253608,2772.4663849311596,1107.9742045861622,47.64207281333012,1106.9494437084236,1.0,1.0,108.0,994.7572016641291,252.23944250274238,119.61123011766375,882.0,882.0,4518.202914495537,182.97429084676583,4514.496426562445,7385.10690464782,-2866.903990152283,32.17403112196695,-2869.0706839027825,0.02040816326530612,0.003401360544217687,11.357186412436725,5.787490568306106,11.334804602743137,5.736708311384175,6.005263701838452,0.4224105600005714,150000.0,2900.0
14,32,8,known,3,130.0,1000.0,150.0,3177.0280656767186,201.7034675351107,3170.618715847408,1593.0011292383015,98.35255936680588,1589.9620661577126,1.0,1.0,40.0,1305.2268951834872,190.81283152890225,124.90877024907978,882.0,882.0,4146.900119915984,187.96563325166363,4142.637991096433,8308.725514861544,-4161.82539494556,30.64676440937137,-4164.598038704178,0.024943310657596373,0.005668934240362812,11.805733993351787,5.921756541704917,11.784039446867457,5.873149401635482,5.386785401764827,0.42211375199985923,150000.0,2900.0
14,33,8,known,3,130.0,1000.0,150.0,1961.1180043290522,136.4897380556889,1956.3625375448828,1436.6551765326585,91.8519851855353,1433.7159094728497,1.0,1.0,39.0,1869.5665082324742,135.2793677098291,77.55188436494356,882.0,882.0,3156.048993029899,157.7070518283132,3152.1062374559433,8224.896685185513,-5068.847692155614,4.343944133662205,-5071.360503473571,0.030612244897959183,0.011337868480725623,11.216145216961358,9.197472269273407,11.191840768481097,9.168901940512564,2.63956217921837,0.3961078069987707,150000.0,2900.0
14,34,8,known,3,130.0,1000.0,150.0,3668.5631202308996,144.54380881979378,3665.714453479722,1699.374425262355,96.05468918461163,1696.6575770972195,1.0,1.0,46.0,1653.8910493226738,152.20767717829187,104.39304589757879,882.0,882.0,4761.290611035164,215.76022096013736,4756.3994586013105,7783.718438881798,-3022.4278278466336,65.38931915715051,-3025.8663636177844,0.007936507936507936,0.0022675736961451248,11.399586076666447,5.585678600946603,11.375631329434047,5.534105664056806,6.557003187825971,0.4137377929982904,150000.0,2900.0
14,35,8,known,3,130.0,1000.0,150.0,1286.7495121727536,98.56764359407246,1282.9687161864592,1091.7968118172944,57.050185775815834,1090.3052575299057,1.0,1.0,31.0,1453.7806686165427,172.70475887704808,96.90145728060928,882.0,882.0,3296.950254248079,154.62427177575316,3293.322382270568,7661.265790341914,-4364.315536093834,4.993832738228804,-4366.482069670536,0.02947845804988662,0.0045351473922902496,10.841062879542717,10.321205117210663,10.817774420976264,10.296868669100569,2.457189399290054,0.34421384899906116,150000.0,2900.0
14,36,8,known,3,130.0,1000.0,150.0,1973.3239130079626,135.29686403262914,1968.6802747607326,1196.9325832181278,86.25456883986787,1193.8206557617727,1.0,1.0,31.0,2072.8587436737994,122.28862900242126,76.42998363547211,882.0,882.0,2715.1741782782656,170.4122768935707,2709.821114810534,7789.615792289328,-5074.4416140110625,19.247987431561114,-5078.32780191382,0.03968253968253968,0.01020408163265306,11.856173673840264,9.831071462568325,11.83468079647771,9.79453445928032,2.1244841212931997,0.3477663230005419,150000.0,2900.0
14,37,8,known,3,130.0,1000.0,150.0,947.3707985323604,45.59546797859972,946.2729432947212,700.4617394166897,36.42856982789081,699.5138366658297,1.0,1.0,73.0,1503.3749563631186,166.8314390233744,130.91525059095352,882.0,882.0,3762.2420069351047,153.63983960134973,3759.103579104247,7953.659287246289,-4191.417280311184,3.3923936824539567,-4193.136467737522,0.021541950113378686,0.009070294784580499,11.452852676540587,12.055256372600045,11.430754758371194,12.030538421063348,2.40063937553808,0.4428530539989879,150000.0,2900.0
14,38,8,known,3,130.0,1000.0,150.0,1165.5343815706906,77.22500762437647,1162.973212426145,455.1653660280696,69.3341698163629,449.8536243350078,1.0,1.0,56.0,1698.4650646829894,150.73576170413588,84.41404217088959,882.0,882.0,5746.83260683617,179.99362457810784,5744.013170781091,7667.4325354072325,-1920.5999285710623,22.47412835450362,-1921.8011560423056,0.027210884353741496,0.006802721088435374,12.054508775804102,14.435783555091238,12.031536069720154,14.413681697768533,3.0622795430026897,0.4624447290007083,150000.0,2900.0
14,39,8,known,3,130.0,1000.0,150.0,2461.7487487469193,161.57389529440937,2456.4406726636844,1317.3925388784019,112.23932786723286,1312.602542574253,1.0,1.0,31.0,1122.2492435402746,224.5564942352285,109.96855056104742,882.0,882.0,4301.4865622378575,179.4797447210505,4297.740530365662,7132.415031240734,-2830.928469002876,26.917510218211618,-2833.0426624170404,0.021541950113378686,0.005668934240362812,11.327873010634336,6.338667079418764,11.305390963110469,6.290807121592468,5.220081407729421,0.32756837499982794,150000.0,2900.0
15,0,8,known,3,180.0,1000.0,150.0,1515.2602355711947,103.32829800020727,1511.7330598804979,641.8015229049835,97.86145146096747,634.2967216698419,1.0,1.0,127.0,1773.4886479139957,141.8863735381175,117.2978256091769,882.0,882.0,7566.296710533751,282.89815363385895,7561.006186117323,11260.371015434823,-3694.0743049010716,68.13858230668151,-3697.316678846536,0.009070294784580499,0.003401360544217687,11.311596077420598,13.53126484812021,11.289028475028033,13.503721385293307,3.1065079426796594,0.4132060640004056,150000.0,2900.0
15,1,8,known,3,180.0,1000.0,150.0,6353.212703592325,470.2672159980188,6335.784119005663,2154.6305150121448,127.40141765383119,2150.860649833293,1.0,1.0,42.0,2812.2200907342362,89.55931931479684,137.37365990421216,882.0,882.0,6117.532996104186,394.60287558162304,6104.793078312006,10141.32587467436,-4023.7928785701733,192.23992833147597,-4034.5135909785477,0.005668934240362812,0.0,11.783093917753671,3.8300436803144904,11.761568651508824,3.74871604190547,8.873604914085567,0.39483397100048023,150000.0,2900.0
15,2,8,known,3,180.0,1000.0,150.0,1401.493112251353,108.49194890206705,1397.2875297201413,912.1602512010714,69.49515903191343,909.5090690819585,1.0,1.0,53.0,988.8355771488932,254.76389322286667,156.08778616589535,882.0,882.0,6822.479390591792,208.4479572297402,6819.29428050854,10059.93115532609,-3237.451764734298,9.377518152079915,-3238.6670343000405,0.011337868480725623,0.0022675736961451248,11.675579295630179,8.384082521468855,11.65385605185667,8.350047392645314,4.5207884326054,0.40874515600080485,150000.0,2900.0
15,3,8,known,3,180.0,1000.0,150.0,2417.6363679396345,119.77805143224069,2414.667435896596,1425.857289930245,94.96002745569479,1422.6916758148395,1.0,1.0,32.0,2422.6712211913878,103.96837810516489,150.60713033013892,882.0,882.0,3241.538313828624,234.2481084912236,3233.0633250351284,10899.32022692742,-7657.781913098797,18.177392460349893,-7664.114972798819,0.024943310657596373,0.005668934240362812,11.777036710174652,8.801767751887098,11.750553624440109,8.770258677372919,2.046014697908357,0.42587929400178837,150000.0,2900.0
15,4,8,known,3,180.0,1000.0,150.0,885.9564902119774,103.75059642589311,879.8606232182442,548.1481552138656,83.9568682644106,541.6803894692852,1.0,1.0,32.0,805.4590944446046,308.7672784560396,109.85068504976647,882.0,882.0,6933.216584120752,201.4667435427521,6930.288836229938,9903.89445056221,-2970.677866441458,-9.460085601928569,-2971.359267021555,0.009070294784580499,0.0022675736961451248,11.144616256951725,8.677194315388519,11.121807896889031,8.646428994900813,4.438977451902012,0.37986926400117227,150000.0,2900.0
15,5,8,known,3,180.0,1000.0,150.0,3392.128421573679,194.76547378290317,3386.532391498723,1729.431296824927,115.8456340131671,1725.546985601272,1.0,1.0,61.0,2711.8802000688984,92.69128302165223,137.02163630808673,882.0,882.0,3651.8702938542174,248.82087933949393,3643.3837038033216,10037.22444026447,-6385.354146410253,46.996497374233,-6391.811430477164,0.02040816326530612,0.003401360544217687,11.605996042957957,8.508322550052,11.584103898518052,8.468383050897696,2.384508600824742,0.5119978180009639,150000.0,2900.0
15,6,8,known,3,180.0,1000.0,150.0,2263.4279642960314,132.249085033722,2259.5610921294033,1914.2256087798871,77.16389900886308,1912.6697085483627,1.0,1.0,27.0,2039.8681728557738,122.7958184528405,184.9661083466479,882.0,882.0,2866.2268853735045,221.50315376358222,2857.655142124516,10338.003997446005,-7471.777112072501,12.993517483856749,-7478.245901460802,0.032879818594104306,0.005668934240362812,11.744701469789266,8.039338969633567,11.721353126269843,8.001122707913677,1.9806955219410611,0.45312797800215776,150000.0,2900.0
15,7,8,known,3,180.0,1000.0,150.0,3096.4402534221263,160.79645826732892,3092.262398636565,1326.3895715451454,84.16060141116228,1323.7168461094031,1.0,1.0,403.0,982.2182307115121,257.3322263127366,195.29388902585129,882.0,882.0,4548.262858098953,266.2824163448474,4540.46128726014,11081.115854326314,-6532.852996227361,46.21522899278568,-6538.4691218566595,0.021541950113378686,0.0045351473922902496,11.753268154003054,6.80391896817831,11.731537223165132,6.760234241978576,3.713760717553629,0.7502354869975534,150000.0,2900.0
15,8,8,known,3,180.0,1000.0,150.0,3669.074867976711,213.3828555934102,3662.8647454904913,1824.4587849901582,91.55233196153851,1822.160264257831,1.0,1.0,36.0,1664.1948584020313,151.553583681771,97.47485374056824,882.0,882.0,4288.1919059462025,251.47715275916403,4280.811729551146,10647.795215551401,-6359.603309605199,35.63444756799237,-6364.795574822572,0.01473922902494331,0.0011337868480725624,11.891266103681618,5.779538617862209,11.86973045659115,5.722768844864376,4.122005222482582,0.34774130699952366,150000.0,2900.0
15,9,8,known,3,180.0,1000.0,150.0,4463.825577214975,339.4261771951434,4450.902004541697,1918.903428455196,156.50718085831522,1912.510358161986,1.0,1.0,33.0,3452.9926229805474,73.89510290763101,119.98650194879527,882.0,882.0,3261.812398878121,296.42214789356626,3248.315568985441,10493.873026060717,-7232.060627182596,87.5565662316161,-7243.478665361788,0.02947845804988662,0.003401360544217687,11.770297611438659,7.433000084282835,11.748821472841524,7.372834953242984,2.4379362018419433,0.4423823149991222,150000.0,2900.0
15,10,8,known,3,180.0,1000.0,150.0,1458.7160395299038,133.18791337063328,1452.6229599293083,1452.2907282034475,109.21056901110082,1448.1786529437488,1.0,1.0,40.0,1303.861880861317,194.08274045881993,133.9785770535015,882.0,882.0,3745.7001337110596,215.0826295431721,3739.5198828394864,11129.630989984213,-7383.930856273153,-1.0014422120663369,-7388.013251110315,0.022675736961451247,0.003401360544217687,11.514737264577235,9.386163032448044,11.492704662314944,9.358588114798831,2.217034278580634,0.40126297699680435,150000.0,2900.0
15,11,8,known,3,180.0,1000.0,150.0,2866.6396290592975,164.96117180675702,2861.889336555376,821.775781892147,81.16481404143519,817.7577322569741,1.0,1.0,53.0,2690.99953462987,93.36276738241787,111.47530704095016,882.0,882.0,5142.084938771061,300.98134558817367,5133.268719553274,10487.116441155225,-5345.031502384164,91.1451779738326,-5351.748210958052,0.01473922902494331,0.0011337868480725624,11.737343937396094,9.340621334970583,11.714692101086396,9.297536177899651,3.0583766886871757,0.361936869998317,150000.0,2900.0
15,12,8,known,3,180.0,1000.0,150.0,5717.470247807711,338.1305363986794,5707.462989360606,1988.4383209878524,135.3389346469783,1983.8271923586515,1.0,1.0,41.0,4380.852820698433,57.91799992914831,119.76826274078631,882.0,882.0,3779.062080537981,312.9901846358399,3766.0785112476974,10853.755032496218,-7074.692951958237,96.715855677691,-7085.5215422039,0.022675736961451247,0.005668934240362812,12.096484115677592,5.272423820341323,12.074440130710258,5.19950312325899,3.981999560680797,0.3904521559998102,150000.0,2900.0
15,13,8,known,3,180.0,1000.0,150.0,1618.4807970342983,118.60153253715943,1614.1294145292732,1489.2546087553333,94.08301702436454,1486.2798106704515,1.0,1.0,37.0,1493.2944299551841,167.93091249584995,130.00538911820905,882.0,882.0,3893.533451005971,210.2945315586167,3887.8501699652743,11632.28270799126,-7738.749256985289,-6.0781560479250345,-7742.419984192386,0.018140589569160998,0.0022675736961451248,11.624914609772796,8.84299369813031,11.601096630888668,8.81369489573828,2.4460880707232713,0.3595985690008092,150000.0,2900.0
15,14,8,known,3,180.0,1000.0,150.0,3299.8059798068093,214.73087612139625,3292.8118918652062,1548.895028906895,143.47300203978998,1542.2358147372217,1.0,1.0,36.0,2975.38885077599,83.80900909372602,146.60839678040452,882.0,882.0,3632.017905628687,259.0901284279919,3622.7650175188787,9187.691025883703,-5555.673120255016,44.9108220056672,-5562.429243453744,0.015873015873015872,0.003401360544217687,11.916375750136185,7.945626776676061,11.895013886785685,7.887924579351217,2.5394947208851697,0.3755385660006141,150000.0,2900.0
15,15,8,known,3,180.0,1000.0,150.0,4176.14578818866,278.36996526459166,4166.85778574749,2043.685224743553,119.79704568412615,2040.17106284754,1.0,1.0,57.0,1749.4260201704392,145.66267180536886,190.34087341312386,882.0,882.0,4825.652347279996,273.518515525015,4817.894581502789,10361.619812892344,-5535.967465612348,65.39632703994081,-5541.634862520397,0.01473922902494331,0.003401360544217687,11.531459629804568,5.714792639202255,11.50881383253826,5.655386986329441,4.691190284526836,0.4356392459994822,150000.0,2900.0
15,16,8,known,3,180.0,1000.0,150.0,1950.5613158293936,181.78505741528178,1942.071996531184,1316.10889871657,100.66120518706137,1312.2537693034953,1.0,1.0,37.0,1937.2019831786135,131.19160867372523,167.64841320058835,882.0,882.0,3770.280628590095,241.1429688505646,3762.561107396883,10664.932239589953,-6894.651610999857,24.213211278434926,-6900.164677097666,0.015873015873015872,0.003401360544217687,11.497374485028647,8.700132933101898,11.47337920776025,8.669863794064204,2.4075498217357953,0.32839734500157647,150000.0,2900.0
15,17,8,known,3,180.0,1000.0,150.0,1478.5988235625673,108.813652165036,1474.5894581689897,924.0589287293478,84.33179925540438,920.2027229903072,1.0,1.0,50.0,1699.668774180015,147.94784574219085,143.1930430180108,882.0,882.0,4701.400412710489,220.8997406172762,4696.20795378884,12260.51330618099,-7559.112893470501,6.528120559583954,-7562.431095451289,0.01927437641723356,0.003401360544217687,11.311895644843531,11.440610225605429,11.287545596507766,11.41747860578119,2.2829980802307026,0.4204991090009571,150000.0,2900.0
15,18,8,known,3,180.0,1000.0,150.0,2195.9912193985865,152.7081272720775,2190.6751615747935,1399.4015498058247,90.71825079813738,1396.4579823865342,1.0,1.0,39.0,2173.5385027795364,116.36216816873745,104.57713436882106,882.0,882.0,3571.0946778055936,241.33007411268537,3562.9309554326483,9278.225948022344,-5707.131270216751,25.771428041425366,-5712.79064521164,0.024943310657596373,0.0022675736961451248,12.156873660727822,8.630035248404653,12.135959427507007,8.588837399212261,2.298879935671787,0.3647641800016572,150000.0,2900.0
15,19,8,known,3,180.0,1000.0,150.0,7005.672021736789,521.715077641766,6986.2188524198755,2543.7084067739465,109.11249268176833,2541.367136529711,1.0,1.0,42.0,3266.3379274649797,76.8615065406063,118.18048928599113,882.0,882.0,6485.963190046932,440.89352414454873,6470.960624436775,10145.810342068782,-3659.84715202185,235.58219649023124,-3672.7721577281172,0.006802721088435374,0.0022675736961451248,11.660806334391571,3.7094182521989696,11.638371289570859,3.6204144833631906,9.71395684814819,0.41704198800289305,150000.0,2900.0
15,20,8,known,3,180.0,1000.0,150.0,4589.042238912885,268.4370731156361,4581.184367421126,1749.4497687034373,86.48829713962662,1747.3105813433392,1.0,1.0,39.0,1939.9851845733363,131.34605928297105,121.80026603344193,882.0,882.0,5352.663661254821,308.352368540095,5343.774610454073,10602.2459403393,-5249.5822790844795,97.58512855062,-5256.37615026572,0.018140589569160998,0.003401360544217687,11.537741810649926,4.750680983521417,11.515739676229376,4.68609849939641,6.259527937879371,0.3905623949976871,150000.0,2900.0
15,21,8,known,3,180.0,1000.0,150.0,3341.016078741936,220.95818346554793,3333.701534266639,1816.6404438199497,99.61519458218716,1813.907195842912,1.0,1.0,38.0,2704.1373778332772,93.32901503371065,139.59963269734172,882.0,882.0,4065.53537659929,264.1978463398121,4056.941877371395,11281.193029846649,-7215.657653247359,45.80089873319616,-7222.13693917815,0.02040816326530612,0.0045351473922902496,11.323844013892892,8.725950669992018,11.301493380358734,8.683291924827735,2.5884065246262153,0.41862170300009893,150000.0,2900.0
15,22,8,known,3,180.0,1000.0,150.0,2026.7872184658972,180.7676432337783,2018.709857333746,1860.1132642027799,148.53279796340252,1854.1734987838338,1.0,1.0,32.0,1732.6876624294634,146.92520244316867,143.18515484286345,882.0,882.0,3179.83147284555,227.3372704423494,3171.6944936684745,10441.024633386838,-7261.193160541288,19.17131178811104,-7267.254798700387,0.027210884353741496,0.003401360544217687,11.863781012697903,8.164996469841526,11.842324865083429,8.130164285860033,2.1635931466655456,0.3538931290022447,150000.0,2900.0
15,23,8,known,3,180.0,1000.0,150.0,3501.0253740333237,219.33965868328536,3494.1477907715744,1709.9840934912686,87.81409450547044,1707.7278134408127,1.0,1.0,33.0,1391.2744068264692,180.52018104270303,142.24356110885807,882.0,882.0,6281.194668868962,278.1232505557545,6275.034177255784,12218.931540202499,-5937.736871333536,67.16256572153219,-5942.076101922747,0.01473922902494331,0.0011337868480725624,11.316947301865202,4.905861919876456,11.294417693633301,4.840796191901132,7.113026519719021,0.43680123199737864,150000.0,2900.0
15,24,8,known,3,180.0,1000.0,150.0,5050.656655263007,322.97430657457016,5040.319458788816,2019.2432464191077,113.05759362706529,2016.0757100695487,1.0,1.0,70.0,2124.5318568133066,117.40240144110483,130.06499871496828,882.0,882.0,6176.176188836857,347.15675906200164,6166.411801055208,11807.404737554774,-5631.228548717917,133.90926612287475,-5639.067102538078,0.009070294784580499,0.0,11.656518150331925,4.66402231782188,11.632605755980652,4.593501327486182,7.356759380604003,0.36945250099961413,150000.0,2900.0
15,25,8,known,3,180.0,1000.0,150.0,2444.3014742940236,92.03437520306962,2442.56819168205,1431.8186347141288,54.783725012707364,1430.7701933533435,1.0,1.0,37.0,2323.7815452015716,109.13248703987614,128.1385352137731,882.0,882.0,4011.3352954697634,243.07310056274557,4003.963826068401,10461.336576392034,-6450.00128092227,30.75075902375451,-6455.217890865348,0.024943310657596373,0.003401360544217687,12.120120476357936,9.992279506570444,12.098068513636107,9.960142438482173,2.230241465052039,0.38753712799734785,150000.0,2900.0
15,26,8,known,3,180.0,1000.0,150.0,5544.818499796581,282.2923523066699,5537.627941954531,2369.8426915208506,119.84909249022692,2366.8102115683164,1.0,1.0,33.0,2483.580574733491,102.74656579170495,114.93507001354469,882.0,882.0,4532.324784000285,253.0636862790069,4525.254326372178,10796.176719680616,-6263.851935680331,46.223756463696446,-6268.94082685753,0.01473922902494331,0.003401360544217687,11.999026832290696,4.200316163393921,11.977074844173782,4.116482693760091,5.9946873411046795,0.35581015500065405,150000.0,2900.0
15,27,8,known,3,180.0,1000.0,150.0,1098.339913764954,124.82333201898292,1091.2239467464437,1032.4822932502354,117.65780209721503,1025.7564659708064,1.0,1.0,49.0,1341.4989143918835,187.92886793401416,132.96111208862845,882.0,882.0,5926.530523798012,220.8167598628723,5922.415386316059,10624.413179846148,-4697.882656048136,13.860731151183671,-4699.981924002757,0.013605442176870748,0.003401360544217687,11.425629435511528,11.588117892273413,11.403520490346867,11.563199410251928,2.841287073771408,0.3987372139999934,150000.0,2900.0
15,28,8,known,3,180.0,1000.0,150.0,2560.3867268576682,140.61891805568231,2556.5223470476003,1694.3787523499964,117.1416834614233,1690.3245790116625,1.0,1.0,54.0,1189.4093019908685,210.8606759442434,108.1175184978407,882.0,882.0,3801.845435710584,234.66263533622205,3794.5964429185956,9259.540808357371,-5457.695372646787,22.179274380321914,-5462.506062884846,0.024943310657596373,0.0045351473922902496,11.659375293425478,6.609316782414395,11.63757876234671,6.567616988232505,3.1956954443345347,0.4345398099976592,150000.0,2900.0
15,29,8,known,3,180.0,1000.0,150.0,2858.6357341400085,218.34236411964443,2850.2850511015263,1855.9552804930802,124.70492094985393,1851.7609688836833,1.0,1.0,29.0,2468.689232084712,102.80421178929528,132.64138531750686,882.0,882.0,3494.308149525658,241.5205354325034,3485.9514160133995,11609.38692936994,-8115.078779844283,27.257057422746044,-8121.458115739016,0.01927437641723356,0.0022675736961451248,11.656006708720255,8.030489051174133,11.634247315977262,7.995783280144502,2.417389891102832,0.3681007490013144,150000.0,2900.0
15,30,8,known,3,180.0,1000.0,150.0,3203.8323694342153,131.9531178134258,3201.1139039612094,1337.0253286782777,91.15041216219687,1333.9146643957095,1.0,1.0,70.0,1055.8572931455503,240.0482751242632,117.95738725764829,882.0,882.0,6522.194853681438,298.9225193210582,6515.3412064780905,11706.580585566075,-5184.385731884637,84.45048929108455,-5189.274581948602,0.006802721088435374,0.0,11.569496653711983,5.029391542572859,11.546175026934892,4.973642030216592,7.204532704814929,0.4380470370015246,150000.0,2900.0
15,31,8,known,3,180.0,1000.0,150.0,2137.8131200667062,125.39453035411385,2134.1324110951073,1681.0068858019076,69.64533724000525,1679.563537682976,1.0,1.0,32.0,2058.4567108096276,124.14525109907842,159.10048400538682,882.0,882.0,3045.7394515662304,215.70686093569597,3038.0914003650764,9993.611921398013,-6947.872469831782,10.177659655985792,-6953.4068347811335,0.01473922902494331,0.0022675736961451248,11.554121432880919,7.806700486489888,11.531980089531771,7.773035759425142,2.167468158949641,0.4863720889989054,150000.0,2900.0
15,32,8,known,3,180.0,1000.0,150.0,4532.397471276392,190.19992183413817,4528.404887746558,1510.7503262199075,91.85990881278973,1507.9550077261797,1.0,1.0,34.0,3691.4622446451936,68.9199339548608,132.40411620593412,882.0,882.0,4146.717288928314,291.7931475442065,4136.438206155535,10408.081867251947,-6261.364578323633,82.75685870759852,-6269.5443032170515,0.021541950113378686,0.0045351473922902496,12.047526734214387,5.748639258212815,12.026397199837149,5.68716450657589,4.007438497538632,0.3788141650002217,150000.0,2900.0
15,33,8,known,3,180.0,1000.0,150.0,4826.59065649005,253.41952705288713,4819.933185078953,1856.5180591667838,112.00148527072167,1853.13652257721,1.0,1.0,95.0,1934.2761168088623,129.60343532553438,132.05538373016395,882.0,882.0,5791.7756671456555,330.8041702664385,5782.320812569536,10120.27246435421,-4328.496797208554,122.52826664286877,-4335.80825859455,0.01020408163265306,0.0011337868480725624,11.810077842176042,5.04217652836856,11.78867899753172,4.9778496975831406,6.381476591132664,0.4322606479981914,150000.0,2900.0
15,34,8,known,3,180.0,1000.0,150.0,979.7146642838766,90.16018487623407,975.5572584302535,859.2654835997947,83.12283229712449,855.2355032719895,1.0,1.0,132.0,1265.9781949246137,197.4356819093048,140.10859737845803,882.0,882.0,6841.1606783327825,223.00128388498564,6837.525126400071,10567.184540641849,-3726.0238623090663,13.782240698302019,-3727.5880536822006,0.015873015873015872,0.0045351473922902496,11.485565634407045,11.387949704768339,11.463332742744793,11.36274184218824,3.3374267711286008,0.542059725998115,150000.0,2900.0
15,35,8,known,3,180.0,1000.0,150.0,1807.1400568565086,117.01213739172948,1803.3478158132348,1319.8935811266094,83.77504187872393,1317.2322528155175,1.0,1.0,80.0,1412.5106798607571,181.06273902616073,150.83425493641104,882.0,882.0,4370.295127053864,235.7788593919084,4363.930318762503,10706.278156441616,-6335.983029387752,24.9482582859809,-6340.271772974003,0.023809523809523808,0.005668934240362812,11.738877404062492,9.705683442932934,11.716889633795194,9.674237621910429,2.5015669957997866,0.49446278599862126,150000.0,2900.0
15,36,8,known,3,180.0,1000.0,150.0,4952.958511328629,240.44615421723645,4947.118723243344,1968.842766016688,80.95151908594761,1967.1778488113168,1.0,1.0,28.0,2061.3437909849426,122.79128857959813,122.42763852003533,882.0,882.0,5374.063797043986,316.1608441037694,5364.755727463686,9694.945154492034,-4320.881357448048,114.98607352834068,-4328.101965719088,0.005668934240362812,0.0011337868480725624,11.34135355061029,4.6114722768064755,11.318886636603235,4.543499361665882,6.47426856141775,0.3511315889991238,150000.0,2900.0
15,37,8,known,3,180.0,1000.0,150.0,1010.867615829812,105.46290523989258,1005.3511388325027,302.43361006457144,91.51905755557252,288.2539689246777,1.0,1.0,452.0,480.0621225259709,530.4793178981439,146.2346536848764,882.0,882.0,20787.223501968263,411.84775497365615,20783.14322588152,10394.394924971068,10392.828576997195,208.99580697784694,10390.727869312163,0.0045351473922902496,0.0011337868480725624,11.6362984538948,9.342411403832827,11.614566769367576,9.310281527296919,12.361324075661662,0.7783503479986393,150000.0,2900.0
15,38,8,known,3,180.0,1000.0,150.0,683.2741505633245,80.97761284668289,678.4586877958637,526.6164402203848,75.26632827628895,521.2099912110243,1.0,1.0,161.0,1150.6318557434874,222.76416510684228,119.61770655900108,882.0,882.0,9273.28816609648,236.06422960152884,9270.28301029519,10687.648556733408,-1414.360390636928,31.174989611287288,-1415.4014353349503,0.0045351473922902496,0.0011337868480725624,11.18703628673688,13.04768719191469,11.164430559199843,13.027189820383759,3.948459740922468,0.5275943630003894,150000.0,2900.0
15,39,8,known,3,180.0,1000.0,150.0,1229.89647028294,90.36305137491233,1226.572397602624,314.3141093945262,72.4485908429329,305.8505534560098,1.0,1.0,102.0,1758.326103274379,143.65641677028805,144.46156997923464,882.0,882.0,6427.108763039786,243.96105760656582,6422.476940738229,10887.37199390289,-4460.263230863105,30.066872126725258,-4462.793759204832,0.01473922902494331,0.0011337868480725624,11.95905742392373,13.94560018351702,11.937683808364678,13.92426806780065,2.5603888914632957,0.44594253600007505,150000.0,2900.0
16,0,8,known,3,230.0,1000.0,150.0,5121.703381620092,362.11482631568265,5108.886217353157,2113.5220439945397,153.66365932790202,2107.9285828160346,1.0,1.0,55.0,2187.002239032431,114.53402440788382,138.93277901997573,882.0,882.0,4790.824350780319,320.58260582633767,4780.08627044233,14646.25182484844,-9855.427474068121,49.24606155734051,-9863.651947533996,0.011337868480725623,0.0022675736961451248,12.019262393254415,4.045694045104689,11.99769998392663,3.959582321420879,5.148602652134119,0.3692916330001026,150000.0,2900.0
16,1,8,known,3,230.0,1000.0,150.0,4012.873266215877,284.4601505642807,4002.7783192991124,2495.170378260948,152.4184675055917,2490.5107563136785,1.0,1.0,39.0,1704.3924107539792,147.30984910385203,139.13570145724015,882.0,882.0,4995.452222978211,318.6720016866287,4985.277431337095,13939.882846870232,-8944.430623892022,47.66025741809807,-8951.970733883165,0.009070294784580499,0.0011337868480725624,11.78606332997126,5.225974227245378,11.762779338093258,5.165287295017455,4.15603991653398,0.4427385620001587,150000.0,2900.0
16,2,8,known,3,230.0,1000.0,150.0,2759.509680218404,149.6820043041891,2755.4471457109385,1911.1183085686687,95.39212002692638,1908.736108733509,1.0,1.0,73.0,2303.4434052595716,109.5660712380382,167.22153163435158,882.0,882.0,4410.837048512497,296.9559863378909,4400.82953665653,13607.990421033073,-9197.153372520577,30.217920558323726,-9204.546389909854,0.021541950113378686,0.0022675736961451248,11.19532372970238,8.952276546663905,11.172565078106018,8.912040662746982,2.1421983877367508,0.41399733900107094,150000.0,2900.0
16,3,8,known,3,230.0,1000.0,150.0,3003.519862145695,141.86387055323158,3000.167696068896,1024.6169543539236,94.27352997871022,1020.2707506808492,1.0,1.0,60.0,2830.023320799373,89.17501905665706,182.55529522629553,882.0,882.0,4431.509863721613,341.1643718051006,4418.357901265218,12555.05214104994,-8123.542277328327,76.83336536507926,-8133.911351085812,0.02040816326530612,0.003401360544217687,12.17921055524937,8.356069730511702,12.158428740004073,8.307384889428656,2.305801029847807,0.4105432660035149,150000.0,2900.0
16,4,8,known,3,230.0,1000.0,150.0,816.7621254741076,151.7996097972595,802.5317738721513,704.6411390110381,136.0589816495866,691.3805669088846,1.0,1.0,55.0,1224.898482826287,207.1615332790826,117.3782845524476,882.0,882.0,9895.722167329595,277.62596026039427,9891.826981865779,12797.563651778422,-2901.841484448827,29.39254259985381,-2903.328960586692,0.0045351473922902496,0.0022675736961451248,11.64550955316582,12.936734430759032,11.622760662248783,12.91461617004068,3.3257913129986982,0.3858984039979987,150000.0,2900.0
16,5,8,known,3,230.0,1000.0,150.0,2838.612200427439,110.55833902391134,2836.458368826833,1840.621702042547,79.85016733403867,1838.8888494976331,1.0,1.0,29.0,2381.7316163967553,106.47847493515698,142.81876407179868,882.0,882.0,3623.615204819135,291.65423989970833,3611.8589336995083,13506.957087005463,-9883.341882186327,15.96243289844324,-9892.284274137097,0.012471655328798186,0.0022675736961451248,11.806866600949892,7.89908468824461,11.78499513553631,7.86638000245984,1.99451573674748,0.47535630199854495,150000.0,2900.0
16,6,8,known,3,230.0,1000.0,150.0,4023.473075891162,296.15691227914544,4012.5586196005124,1767.2594797778718,127.28158037581092,1762.6699827709638,1.0,1.0,50.0,3341.662302627315,74.96887318832312,194.2436008134737,882.0,882.0,3955.2064970023775,325.4948492428387,3941.79039740144,13764.123604752547,-9808.91710775017,62.54740117953355,-9819.821326755846,0.012471655328798186,0.0022675736961451248,11.440860168710353,5.6598845567572145,11.416891863114609,5.604143332140503,3.038321685631603,0.4405395529975067,150000.0,2900.0
16,7,8,known,3,230.0,1000.0,150.0,2531.0221405093125,194.80687555946022,2523.5140889210634,1624.4180351815646,123.59580227329477,1619.709242636948,1.0,1.0,38.0,1093.6518468067416,232.73882520582623,209.23201105894182,882.0,882.0,5324.203759776906,271.6865662796116,5317.267351311736,13725.026297643179,-8400.822537866272,14.32718169564572,-8405.345848008696,0.009070294784580499,0.0022675736961451248,11.805382296915962,7.633434519781568,11.783822046390426,7.59464500843384,3.0325421589772708,0.3523679460013227,150000.0,2900.0
16,8,8,known,3,230.0,1000.0,150.0,3216.981969099892,225.7809655628389,3209.049071781753,1651.1115293514486,128.78912873625907,1646.080995175096,1.0,1.0,46.0,2914.1152577577377,85.61110220696926,268.1454616674043,882.0,882.0,4507.363723259748,333.8415236825073,4494.983600729075,13238.486837979097,-8731.123114719348,62.101560562832674,-8740.714006567243,0.005668934240362812,0.0011337868480725624,12.027515566495556,7.525384802090583,12.006280390764339,7.477943378902936,2.604150365034625,0.5091679170000134,150000.0,2900.0
16,9,8,known,3,230.0,1000.0,150.0,1829.6674189997993,186.48280728329067,1820.1392877296864,1482.3750993583437,94.85078760626904,1479.3374406429825,1.0,1.0,83.0,1727.6036824538921,145.95362461989697,200.84929935886686,882.0,882.0,4926.049594246789,287.83418340674456,4917.63317947176,14940.769715560853,-10014.720121314065,14.332795393557603,-10020.633007879944,0.009070294784580499,0.0011337868480725624,11.364811847359505,9.562778809895075,11.342412788690087,9.533944190690018,2.2396844429096205,0.42137058099979185,150000.0,2900.0
16,10,8,known,3,230.0,1000.0,150.0,3154.935766917844,263.83654059155236,3143.8845356065744,2558.1758025578674,152.1984953134619,2553.6442694347443,1.0,1.0,28.0,2053.508387071627,122.26085164978792,175.94327167112888,882.0,882.0,3924.2241079942983,294.3732624471964,3913.167416827427,12637.609999852797,-8713.3858918585,24.756882173192082,-8721.56619792945,0.009070294784580499,0.0045351473922902496,11.89252798720111,6.198306675744109,11.871244739596726,6.156234974695924,2.7526621124717123,0.4148893899982795,150000.0,2900.0
16,11,8,known,3,230.0,1000.0,150.0,1718.0228977821234,143.2980693155745,1712.0363140523957,1676.5243711641326,116.23690726144069,1672.4900443642664,1.0,1.0,39.0,1448.4661155611054,169.60465084684668,175.0726400554034,882.0,882.0,4055.0075769855407,266.55308645058125,4046.2372522522473,14047.445899312715,-9992.438322327174,-14.952330116443022,-9998.387733647556,0.01927437641723356,0.0022675736961451248,11.825892463262443,8.92312072539169,11.800316473171485,8.89393427960352,1.9758185805841126,0.4370537710019562,150000.0,2900.0
16,12,8,known,3,230.0,1000.0,150.0,3544.766708447006,215.3157655053028,3538.2213241173995,1249.8715363157826,114.4174395884735,1244.623439764169,1.0,1.0,75.0,3066.8406284381786,81.97741315111195,201.77573032229444,882.0,882.0,4892.934448302063,362.2896767559052,4879.503428167369,12969.085187156928,-8076.150738854865,87.64216148126337,-8086.673314962687,0.013605442176870748,0.0,11.267504522138593,7.355128839209753,11.244892033202479,7.310734015100321,2.8923528739139805,0.5288382069993531,150000.0,2900.0
16,13,8,known,3,230.0,1000.0,150.0,4475.357177497711,218.63573593483696,4470.01345424737,1904.9229049201172,110.65116015213633,1901.7064953473455,1.0,1.0,56.0,1833.8991374577727,139.25420949044567,230.78844524957816,882.0,882.0,5712.298841895117,354.8247526355749,5701.2680566724275,15215.688239087325,-9503.389397192208,68.26249301651495,-9511.72148057706,0.003401360544217687,0.0,11.561850872075027,4.961767660016392,11.53970140679407,4.900354744558601,5.0054907087691145,0.4917572230006044,150000.0,2900.0
16,14,8,known,3,230.0,1000.0,150.0,1059.2058187254368,220.1362194660537,1036.0777052427177,970.5812980206741,135.32956286707977,961.1003930296262,1.0,1.0,87.0,1049.9764818766137,241.1641771698558,187.32363917510762,882.0,882.0,6943.476280753257,299.7580471367751,6937.002809179179,13656.10641145046,-6712.630130697204,39.805903624989526,-6716.629205927349,0.006802721088435374,0.0022675736961451248,11.459908344977924,10.048044532988714,11.43784284474285,10.01933014762616,3.004467905024637,0.616811162999511,150000.0,2900.0
16,15,8,known,3,230.0,1000.0,150.0,5577.05200551263,355.7333749046228,5565.695180134411,1657.5260639287,107.65371429571937,1654.0263995478745,1.0,1.0,53.0,4252.051984753799,60.30660187922903,214.28021777177162,882.0,882.0,4573.893776358057,411.24332018702626,4555.368613955245,12999.778062197218,-8425.884285839162,150.8419138402723,-8441.80110771711,0.015873015873015872,0.0045351473922902496,11.758587159011546,5.838873374324789,11.733732219471982,5.775037390075063,3.405878738056608,0.5408441629988374,150000.0,2900.0
16,16,8,known,3,230.0,1000.0,150.0,1815.1342403733067,157.28459420175827,1808.30690619772,423.3524169367412,97.45352966176527,411.98310460823967,1.0,1.0,206.0,0.06307333920800501,4051624.3942526677,195.86427355241102,882.0,882.0,157949114.65591365,4420624.24155017,157887241.09915268,14165.732556359433,157934948.92335728,4420350.3460072065,157873078.0147397,0.0,0.0,11.769153701989755,7.931758496397213,11.74577240550217,7.896425413915326,86580.45771623013,0.5711268759987433,150000.0,2900.0
16,17,8,known,3,230.0,1000.0,150.0,1844.6310912077386,117.07456159307695,1840.9121135127664,1563.1934747221724,85.04841320873813,1560.8781524592669,1.0,1.0,27.0,1059.2583300457566,240.3039544227896,135.21484410233992,882.0,882.0,4340.4179151630815,279.6047947215392,4331.402640835571,14468.559883950902,-10128.14196878782,0.14185726083462669,-10134.458051914762,0.013605442176870748,0.0022675736961451248,11.440316378620725,8.271840596619636,11.418022454659122,8.235213471582586,2.281400616877391,0.3901540959996055,150000.0,2900.0
16,18,8,known,3,230.0,1000.0,150.0,4117.180181144159,231.26938021585755,4110.679641833066,1644.140961232196,132.6808866308295,1638.7785947846605,1.0,1.0,121.0,3362.3933093341857,74.28309834553626,205.3395245785727,882.0,882.0,4561.2253094377065,350.6042583045796,4547.730530441947,13442.049173633051,-8880.823864195345,84.10544055678594,-8891.676612974316,0.005668934240362812,0.0011337868480725624,11.446744220249606,7.210663107334801,11.424660950136955,7.15497509889107,2.750289965521585,0.507341896998696,150000.0,2900.0
16,19,8,known,3,230.0,1000.0,150.0,2527.4363650090677,186.1737501400252,2520.5701565179747,1351.5664640003345,105.086680724376,1347.474933401249,1.0,1.0,32.0,2407.725772967449,105.49324133697127,268.7943149450159,882.0,882.0,5072.588155101614,310.98365088627594,5063.046490025412,13871.734303643454,-8799.14614854184,39.496122936968504,-8806.030880623528,0.01020408163265306,0.003401360544217687,11.384143141868416,8.602556694991296,11.361920662185522,8.562483642648637,2.563741442352652,0.42415550200166763,150000.0,2900.0
16,20,8,known,3,230.0,1000.0,150.0,1697.9338227029052,91.06158593340544,1695.4902104836212,410.82747457634395,92.12739837025696,400.3645293183507,1.0,1.0,658.0,0.32872893744781,759135.3370910366,230.4857819988912,882.0,882.0,25415256.609114025,711232.9744538731,25405302.914217807,14375.58564060275,25400881.023473423,710968.6072222657,25390929.759641405,0.0,0.0,11.29660740252362,7.842865353653398,11.27405494989736,7.804936230601451,14089.380693030258,0.9142014470016875,150000.0,2900.0
16,21,8,known,3,230.0,1000.0,150.0,5545.241163119124,356.0010430416205,5533.801840914077,1598.6683518857863,134.5409981679023,1592.9969300451276,1.0,1.0,32.0,4280.496238085836,58.08952772000426,182.70544401751658,882.0,882.0,4445.633169894356,392.63827037916457,4428.260320927237,13368.166999523466,-8922.53382962911,140.27500202447644,-8937.524418770376,0.012471655328798186,0.0011337868480725624,11.399705149342683,4.768486183392478,11.377439077624683,4.69786337483413,4.053454099630973,0.4089942280006653,150000.0,2900.0
16,22,8,known,3,230.0,1000.0,150.0,5040.762733963804,313.1093541833389,5031.028868178072,1252.0532736460216,151.02732541444578,1242.9111581387779,1.0,1.0,28.0,4001.017683242953,64.02529507571967,175.55604174828903,882.0,882.0,4246.72015636713,375.2571929175987,4230.108051298272,13403.425395514994,-9156.705239147865,113.01976603206305,-9170.7517668282,0.01020408163265306,0.0,11.838499696840064,5.518850253471324,11.817036714089934,5.453878587706941,3.345624510874043,0.34068813400153886,150000.0,2900.0
16,23,8,known,3,230.0,1000.0,150.0,2270.0701569180783,179.89108194630194,2262.9312221024875,1456.0564608946277,133.43046191988674,1449.9299049074177,1.0,1.0,32.0,890.4827509405523,285.6838819208056,153.86469378703765,882.0,882.0,4729.983278194943,273.269042475556,4722.082786486093,14619.147833118877,-9889.164554923935,5.737639283043052,-9894.616920181286,0.009070294784580499,0.0022675736961451248,11.436472014312171,6.2831679143613055,11.4142636308884,6.242599739998754,3.2730534927769126,0.3587634319992503,150000.0,2900.0
16,24,8,known,3,230.0,1000.0,150.0,3323.131902528856,170.08572541573898,3318.776353961631,2321.4053425203206,121.39226559193314,2318.2292125966196,1.0,1.0,38.0,2050.7777724770954,122.66700667951923,190.32372032958412,882.0,882.0,3387.4376714816513,288.3906340287971,3375.1392297766774,14622.303234366276,-11234.865562884625,1.7814562009540396,-11244.354846864391,0.009070294784580499,0.0011337868480725624,11.899624729392345,6.0530867401975765,11.878156034967608,6.003634591201537,2.433137093212454,0.4694566020007187,150000.0,2900.0
16,25,8,known,3,230.0,1000.0,150.0,5952.752996864924,469.05495451019794,5934.244323528799,2598.943779943658,179.88464443667235,2592.7109916077648,1.0,1.0,34.0,4350.803888526438,58.69584691442841,212.69416290162042,882.0,882.0,3982.1310740362774,356.90204322841566,3966.104993862958,15047.57072545065,-11065.439651414374,76.93601618822811,-11078.861066621948,0.01473922902494331,0.0022675736961451248,12.213505659105657,5.3086269658519605,12.19185511213917,5.226435412173835,3.261410808622626,0.41858233400125755,150000.0,2900.0
16,26,8,known,3,230.0,1000.0,150.0,6249.610433722772,447.8017135822949,6233.546678946849,1995.9175335568561,123.9668505247053,1992.0640101991373,1.0,1.0,24.0,4670.504320531172,53.50599330527351,174.1624999279674,882.0,882.0,4220.523527821575,374.9077559644179,4203.839081531689,12385.369483796925,-8164.84595597535,118.72933894520781,-8178.880727493373,0.012471655328798186,0.0,11.298289542250522,4.3488319519074565,11.275892319849532,4.248858651273499,4.219547340022603,0.38856283799759694,150000.0,2900.0
16,27,8,known,3,230.0,1000.0,150.0,1628.094950328049,138.49809231222864,1622.1934057656522,782.8680184270855,107.70743835722988,775.4233953128285,1.0,1.0,76.0,1888.5976586579143,134.28620724809588,220.9407148617208,882.0,882.0,6588.799744595677,300.70160014867196,6581.934413381227,13182.104440350196,-6593.304695754519,30.736771122701327,-6597.405345020533,0.011337868480725623,0.003401360544217687,11.011147027933696,11.472244862384214,10.988234611024655,11.443290964137656,2.497066245963304,0.3858555110018642,150000.0,2900.0
16,28,8,known,3,230.0,1000.0,150.0,2402.2531339632546,204.3912705444177,2393.5422135741655,1525.4110630428854,174.6076576400773,1515.3847950758486,1.0,1.0,25.0,2165.5406023499795,116.81726778215466,163.53367343970893,882.0,882.0,4257.369523404281,294.9695366000618,4247.138828822239,15312.245292233176,-11054.875768828895,25.162259913827768,-11062.72922818479,0.017006802721088437,0.0022675736961451248,11.361644080770294,8.487537576382508,11.339456156739756,8.44882409668765,2.1808801562396267,0.41656292600237066,150000.0,2900.0
16,29,8,known,3,230.0,1000.0,150.0,2355.3113756237617,149.8990702929495,2350.5365227683674,2084.5263068420736,135.55912771269533,2080.113854290295,1.0,1.0,30.0,2024.307370689728,126.22723242273474,164.71514653610836,882.0,882.0,2894.359357751316,274.6574020682231,2881.2982149183626,13931.228694532283,-11036.869336780966,2.3678277803052765,-11047.269239313737,0.022675736961451247,0.003401360544217687,11.416145766035836,7.039540515216351,11.393871153203165,6.999532789218378,1.787640982171567,0.3850473479978973,150000.0,2900.0
16,30,8,known,3,230.0,1000.0,150.0,1790.4961989339997,183.51235453261597,1781.0670549226934,1216.0155950747944,137.04444889304975,1208.2684910617786,1.0,1.0,69.0,857.9207071192685,294.9492691438802,160.65613848242532,882.0,882.0,5971.1158927078895,334.6211049023749,5961.7324428644615,14402.43564554159,-8431.3197528337,66.70018139565684,-8438.210991146458,0.006802721088435374,0.0,11.021343900294493,7.795973692312611,10.996059977944633,7.761139908987519,3.330100186479056,0.38658171399947605,150000.0,2900.0
16,31,8,known,3,230.0,1000.0,150.0,3234.368416138605,244.3255200236239,3225.1269884424914,1723.5928525678355,136.52596392048451,1718.177226772172,1.0,1.0,56.0,2805.2974309075207,90.19432253672977,250.08890242416646,882.0,882.0,4154.66147564321,308.93930913066504,4143.15923909131,13072.292570774063,-8917.631095130853,47.26793066123213,-8926.514098280388,0.018140589569160998,0.003401360544217687,11.399666438769255,8.535816789279316,11.377382647167357,8.492330864062598,2.1162292950057515,0.3947742839991406,150000.0,2900.0
16,32,8,known,3,230.0,1000.0,150.0,5674.623824459053,402.54257906169477,5660.32817256744,1575.8512985679706,189.56817232910146,1564.4076269432346,1.0,1.0,41.0,4362.103780463424,58.22827979604536,149.62879617315087,882.0,882.0,3984.2410817631894,371.0751006230691,3966.9232746937632,12376.209737881942,-8391.968656118752,104.92478905684288,-8406.424351866197,0.015873015873015872,0.003401360544217687,11.62407019119108,5.0057749154611475,11.600631447673308,4.938062113247546,3.4605605734508016,0.3836245729980874,150000.0,2900.0
16,33,8,known,3,230.0,1000.0,150.0,1965.2992403755513,156.59483746807652,1959.0505764525494,1108.5040503893538,107.94560410601204,1103.2356848306672,1.0,1.0,57.0,738.300034798131,342.70812627684353,234.5054883474551,882.0,882.0,5813.024371877861,274.4181139760692,5806.543468085623,12408.156868106777,-6595.132496228915,9.398341096926401,-6598.782863112943,0.011337868480725623,0.0,11.702927947446526,7.880779767187057,11.679636248810441,7.847057317992897,3.2070454643837674,0.4057153430003382,150000.0,2900.0
16,34,8,known,3,230.0,1000.0,150.0,5662.031554653016,361.64319308371887,5650.470381019854,2552.964945706332,113.20019884178248,2550.454024088165,1.0,1.0,31.0,2577.302153999451,98.64632679870465,166.76219163094868,882.0,882.0,5045.733131910592,353.5204634993704,5033.333499813763,12772.5134045143,-7726.780272603708,81.14987835406055,-7736.275457896929,0.006802721088435374,0.0011337868480725624,11.53128953925501,4.447524400110829,11.509354184567208,4.372732955992154,4.9326250212803835,0.3689036899995699,150000.0,2900.0
16,35,8,known,3,230.0,1000.0,150.0,4423.682621503449,221.12590562297427,4418.152472431666,1718.0800609020596,90.04139411747217,1715.7189871930095,1.0,1.0,36.0,3617.3348239079733,69.08993905213421,141.3919963659765,882.0,882.0,4280.858597721462,397.41038802562787,4262.372029419192,13485.304175082387,-9204.445577360926,120.89872933879559,-9220.096958014256,0.013605442176870748,0.0,11.817192762033887,6.448670954856457,11.793872540699507,6.397113848185162,2.88624257867097,0.4225571469978604,150000.0,2900.0
16,36,8,known,3,230.0,1000.0,150.0,2068.1077711837324,108.97607705520352,2065.234603588707,1191.6023594643705,65.61102554767078,1189.7946782565625,1.0,1.0,63.0,996.9456000744993,254.45680303155612,204.874980367601,882.0,882.0,6157.83975194254,329.58196701312437,6149.013427991805,12688.599357331823,-6530.759605389283,64.19644741070545,-6536.810320463278,0.018140589569160998,0.0011337868480725624,11.343510712443555,9.460846317101325,11.321161760212599,9.426359230542744,2.829896545766595,0.5252514220010198,150000.0,2900.0
16,37,8,known,3,230.0,1000.0,150.0,2544.2322746387845,120.93637450556623,2541.356382059607,1906.052865617328,103.68894122565048,1903.2304458460967,1.0,1.0,39.0,1157.7831852918596,214.12255617277873,209.75128460095615,882.0,882.0,3510.5330825121214,275.26561187983594,3499.724470058818,13861.871421219892,-10351.33833870777,1.223490329060951,-10359.437850011207,0.01473922902494331,0.003401360544217687,11.593295565800052,6.9457184204755915,11.571194129317895,6.904995951739078,2.197495837187276,0.38503669499914395,150000.0,2900.0
16,38,8,known,3,230.0,1000.0,150.0,5276.87631664955,339.12833689312214,5265.967682423908,1949.9849898377981,110.77268918886938,1946.836118404059,1.0,1.0,188.0,2308.6450489363497,108.95367675309862,161.97203363144905,882.0,882.0,5773.17287611058,404.12438786138887,5759.011072796662,13311.150390082368,-7537.9775139717885,135.0659012494392,-7549.41979782712,0.011337868480725623,0.0,11.80381286868589,4.369981044681269,11.782220925654244,4.298332483418994,5.743904007504488,0.5860570930017275,150000.0,2900.0
16,39,8,known,3,230.0,1000.0,150.0,1925.9013407031366,186.2445820114018,1916.874781980695,1574.0163936539834,135.387468529849,1568.1829742911286,1.0,1.0,34.0,1192.7638775232501,212.18605957999927,146.60356012658966,882.0,882.0,5925.59969867869,261.46981641892216,5919.828149877566,13420.111440854504,-7494.511742175813,1.1504639817700308,-7497.758254528434,0.0011337868480725624,0.0,11.958598481416843,7.295742135810697,11.93744911702183,7.259088983228329,3.5313031177895517,0.38353462899976876,150000.0,2900.0
17,0,8,known,3,280.0,1000.0,150.0,5290.98493100127,380.34656823199725,5277.296469606066,1563.105779198077,137.5259143500091,1557.0440905268617,1.0,1.0,31.0,4073.9175742611683,62.37975543229447,238.59140173533643,882.0,882.0,4758.737129089764,484.8007227960869,4733.97795970301,17629.827511908305,-12871.09038281854,145.77857139123125,-12892.589547344294,0.007936507936507936,0.0,11.337233976791875,5.797450532985012,11.314757097657855,5.734937427866581,2.9315454526178524,0.3356511070014676,150000.0,2900.0
17,1,8,known,3,280.0,1000.0,150.0,2722.3747386464483,311.8374768664282,2704.4558797735817,1848.4414579344057,198.26952845172463,1837.777194737763,1.0,1.0,33.0,2497.626198237789,100.27755088628513,235.84034674211398,882.0,882.0,4588.732838732574,359.58854032123054,4574.621858354235,16143.521112843528,-11554.788274110953,42.40336080024406,-11565.782953258047,0.003401360544217687,0.0011337868480725624,11.41525612137466,7.922966900857914,11.393057234384706,7.887142818312081,2.0684589210043893,0.43362940000224626,150000.0,2900.0
17,2,8,known,3,280.0,1000.0,150.0,3371.7407160433136,248.92700251932817,3362.5393386012634,1522.5720892068375,133.5300751781338,1516.7054710307457,1.0,1.0,66.0,2931.6404931287493,86.16892069965411,178.16856752816824,882.0,882.0,5410.715503114757,381.22557137793854,5397.2686906780855,16479.468038791638,-11068.752535676882,44.70875885723706,-11078.763091169325,0.007936507936507936,0.0011337868480725624,11.2925398996111,7.773756581051112,11.269293934961699,7.730661149611097,2.4857974054395604,0.4266666119983711,150000.0,2900.0
17,3,8,known,3,280.0,1000.0,150.0,1913.2118290931894,157.8626543240199,1906.6879360167677,1083.573193619285,116.1506389714701,1077.329984265181,1.0,1.0,70.0,1003.1359937445366,251.3339280414013,211.8533612475397,882.0,882.0,7858.468564772219,392.8752153946156,7848.6417454641005,17012.0856969179,-9153.617132145682,68.83346161483166,-9160.3575402401,0.006802721088435374,0.0011337868480725624,11.500213737547115,7.526526568108162,11.476247582604616,7.490048084722761,3.7289390937412623,0.4771685660016374,150000.0,2900.0
17,4,8,known,3,280.0,1000.0,150.0,1943.9820746908074,154.40823752979378,1937.840138634278,1404.4311912531628,143.24150817718106,1397.1073120200554,1.0,1.0,90.0,1944.932544197156,129.56532011299296,161.69607730323557,882.0,882.0,5822.367274507706,332.1961352440636,5812.88279659819,17105.64265333992,-11283.275378832215,5.371945299255515,-11289.637384142101,0.007936507936507936,0.0,11.288137897057771,9.60080649665447,11.263668322697303,9.565597239872671,2.1658772984096206,0.41849453400209313,150000.0,2900.0
17,5,8,known,3,280.0,1000.0,150.0,3869.764710125678,340.6789834974614,3854.7395167426307,2741.5336523862907,198.02099752498142,2734.372771168139,1.0,1.0,24.0,2384.5341848784537,106.54263625147446,235.9767652526483,882.0,882.0,3733.9487999463713,335.3214030958499,3718.861814755528,18504.246653741404,-14770.297853795033,1.641884902103243,-14782.376041172873,0.006802721088435374,0.003401360544217687,11.639085964010047,5.664860130901856,11.616918380546979,5.610451140886688,2.354079557169377,0.36810110400256235,150000.0,2900.0
17,6,8,known,3,280.0,1000.0,150.0,1763.6876640670187,145.82717786972208,1757.648602700986,432.0755066215689,136.585183858082,409.9191761466391,1.0,1.0,319.0,0.08505941565372943,3014754.647932084,251.8323051458635,882.0,882.0,212727774.08329988,5953625.119741422,212644445.5290781,17204.908680233846,212710569.17461964,5953299.534985699,212627243.70134783,0.0,0.0,11.557525432819848,7.890521365483719,11.533744305944808,7.853837902850822,96285.40562869693,0.7243694009994215,150000.0,2900.0
17,7,8,known,3,280.0,1000.0,150.0,1675.2572928063069,309.8426710900864,1646.3549180758312,1510.445244137598,180.45551766034725,1499.6268341436892,1.0,1.0,46.0,1625.7237707124268,156.58968328606798,197.1493070290893,882.0,882.0,5047.656517070527,346.79124587387275,5035.729554504473,18554.508883605096,-13506.85236653457,6.778567474605495,-13515.66368940872,0.01020408163265306,0.0,11.244310751117856,8.64240618145045,11.22003933743704,8.611770889600812,2.085917315772098,0.35660978999658255,150000.0,2900.0
17,8,8,known,3,280.0,1000.0,150.0,4690.716820938564,283.93850567042875,4682.11525052872,2206.1269007141855,148.3560166152347,2201.1329797149556,1.0,1.0,21.0,3818.618910110991,67.32681951690431,146.06811770837405,882.0,882.0,4360.393900302813,390.9367787539756,4342.833568168994,15426.873280591644,-11066.47938028883,68.75191657399847,-11080.674986307658,0.006802721088435374,0.0011337868480725624,12.306596261139813,4.774065444761522,12.285720034487168,4.7049412128941315,3.2619652031188773,0.5375896160003322,150000.0,2900.0
17,9,8,known,3,280.0,1000.0,150.0,2261.0535073130036,216.1506357221723,2250.698084063994,2108.720252644714,168.68167349450803,2101.962796279011,1.0,1.0,33.0,1744.7590252896164,144.38028669913567,216.06485604027998,882.0,882.0,5140.912000904639,329.8534102292683,5130.318988991373,15837.04045350575,-10696.128452601111,-1.8189855912539201,-10703.248004829959,0.01020408163265306,0.0011337868480725624,11.75052346558323,7.511067020008763,11.72640835336389,7.473353934749131,2.444446302279091,0.4201311850010825,150000.0,2900.0
17,10,8,known,3,280.0,1000.0,150.0,3237.359270871633,176.67667190490187,3232.5346714773405,1600.0143743129875,117.42698137502954,1595.699502429367,1.0,1.0,159.0,1360.7193014777504,188.29265747899254,274.54627867841435,882.0,882.0,5669.239531310202,365.45030762840184,5657.448447491557,14852.466998774004,-9183.227467463801,46.62899919037005,-9191.596266662844,0.01020408163265306,0.0022675736961451248,11.643788407311677,6.005052028580079,11.622032048607018,5.955890675221056,3.371708345578005,0.525741528999788,150000.0,2900.0
17,11,8,known,3,280.0,1000.0,150.0,1557.7019492074648,158.59977906602984,1549.60687680616,1323.8660190646913,132.94627335167615,1317.1736881809077,1.0,1.0,136.0,1599.8243767450842,155.65385192919354,210.09592057602154,882.0,882.0,5275.270810302448,332.58530491235126,5264.776266564933,15934.481045840745,-10659.210235538296,-2.9521746080209255,-10666.171627395897,0.01020408163265306,0.0022675736961451248,12.225148888826709,9.383177097178459,12.20413028909621,9.35564843241469,2.0078756586191493,0.5258958070007793,150000.0,2900.0
17,12,8,known,3,280.0,1000.0,150.0,2520.348336998255,215.01278257343918,2511.1601388879794,1760.6858256616263,171.87839484139508,1752.2763463770514,1.0,1.0,81.0,1774.5502322249522,144.3919086881108,236.17383619432684,882.0,882.0,5317.723931459235,336.6733533031194,5307.055573893107,14968.200770088726,-9650.47683862949,13.845875682385497,-9657.66349174183,0.009070294784580499,0.0,12.611192326241927,7.507969701210824,12.588299157834536,7.469407826133988,2.5295615112458605,0.43772700399858877,150000.0,2900.0
17,13,8,known,3,280.0,1000.0,150.0,1129.3383170974973,177.91784989293498,1115.2355236245312,309.58783201912604,106.4294973751197,290.7187435009686,1.0,1.0,792.0,402.499107619551,632.7528811136281,172.05147399899445,882.0,882.0,38783.66474549965,738.0344703697294,38776.64188931087,15755.597529353896,23028.067216145755,422.0600611411948,23024.213070881146,0.0,0.0,11.760432011525852,9.250383819567414,11.73877187715851,9.218728047198155,14.97376661104446,1.5445378859985794,150000.0,2900.0
17,14,8,known,3,280.0,1000.0,150.0,6608.975867998351,563.2214575124337,6584.933075862056,2142.858798954469,161.6027911876566,2136.756506983645,1.0,1.0,28.0,4925.754447039151,50.884793542033094,210.78844525971934,882.0,882.0,6176.138188410728,546.3773449343064,6151.9228473126905,18520.53224584534,-12344.394057434612,203.6959412458558,-12365.438847188045,0.012471655328798186,0.0022675736961451248,11.681832265555741,3.857250318456093,11.660015952951674,3.759989436924199,5.718487151751661,0.4052988010007539,150000.0,2900.0
17,15,8,known,3,280.0,1000.0,150.0,5790.015464218508,458.88054082748266,5771.802814124833,1670.0882353812585,204.77876496473942,1657.4861602373644,1.0,1.0,56.0,4407.395167266859,57.03427961519172,275.27271514307154,882.0,882.0,6484.736373922446,544.0813395431949,6461.871349325496,15506.309768304543,-9021.573394382098,216.7701070475497,-9040.983548650524,0.003401360544217687,0.0,11.209048782913497,5.070726534762974,11.186588881457537,4.983175118572101,4.567348013195768,0.49867567399996915,150000.0,2900.0
17,16,8,known,3,280.0,1000.0,150.0,2971.3763473169006,160.86380446249902,2967.0187451056277,1856.1080587455567,148.0551152231758,1850.193721910344,1.0,1.0,34.0,2682.693581522797,93.51092090505142,184.0986453794143,882.0,882.0,5099.586098688939,385.24723394292045,5085.01356406065,16946.68315184954,-11847.0970531606,47.96878397250737,-11858.312942159035,0.013605442176870748,0.0011337868480725624,11.823015422012116,7.282790551819218,11.798885481811451,7.2435522902769325,2.5008006705298067,0.43891115199949127,150000.0,2900.0
17,17,8,known,3,280.0,1000.0,150.0,2642.7086674744432,282.6991072141802,2627.544541187619,2390.376793218549,152.91064836764198,2385.4809886422454,1.0,1.0,39.0,1935.733781816282,130.65643807521116,229.12084983840148,882.0,882.0,4628.48274669196,335.7665895170893,4616.287830474743,16075.86017710195,-11447.37743040999,13.779387965721696,-11456.347444294901,0.005668934240362812,0.0011337868480725624,11.456276121891452,6.37239801508464,11.434224996913773,6.331606631723885,2.5940463048242752,0.461377571002231,150000.0,2900.0
17,18,8,known,3,280.0,1000.0,150.0,1641.7923890384427,237.58356665507006,1624.5110949328764,1181.011083951725,167.63937871652718,1169.0527016009007,1.0,1.0,67.0,818.0235260214915,307.85953669881604,236.85743287906217,882.0,882.0,6623.6423726344265,311.14491678246395,6616.330336471921,17437.598995595166,-10813.95662296074,-1.1084345459822202,-10818.472690111594,0.006802721088435374,0.0011337868480725624,11.167940679371402,7.330220304803541,11.145348848638346,7.294118386781588,3.227169802938894,0.4537888040031248,150000.0,2900.0
17,19,8,known,3,280.0,1000.0,150.0,3686.8778545575688,198.81285084282783,3681.5135154942413,1687.595914589649,105.95209935774702,1684.2666426612386,1.0,1.0,30.0,3115.8667329167074,81.21122856116024,193.22546838964686,882.0,882.0,4871.110390742789,427.020333581787,4852.357166729389,18207.795066209008,-13336.684675466218,86.77879457096805,-13352.25864542651,0.005668934240362812,0.0,11.89711568910393,7.214653430729632,11.875231236925238,7.169472647273681,2.4113178811864304,0.5493766359977599,150000.0,2900.0
17,20,8,known,3,280.0,1000.0,150.0,2109.0567008409935,82.06686571885379,2107.459417619561,1974.163438915193,60.69891395782258,1973.230074115485,1.0,1.0,33.0,1740.619079347941,142.54145179680054,219.87041741683655,882.0,882.0,3982.0426886024325,327.7502036424267,3968.531690419574,15181.042176240053,-11198.99948763762,-3.4703214470054036,-11208.896765038184,0.01473922902494331,0.0022675736961451248,11.884240545256453,7.324935057844582,11.862845208951258,7.286962710928683,1.941529981961066,0.4290078939993691,150000.0,2900.0
17,21,8,known,3,280.0,1000.0,150.0,3435.0153087926515,188.32197075142219,3429.849123062438,1631.1120447294895,119.82532277867922,1626.704765617474,1.0,1.0,42.0,1385.5578790347292,182.9124922811789,171.02298313845992,882.0,882.0,6351.266091491534,393.90968312724306,6339.039053868398,17060.901093766763,-10709.635002275229,58.333155322593086,-10718.561437562937,0.006802721088435374,0.0,11.456850565041359,5.914186368017928,11.432626385300244,5.867239077894354,3.8353700361154353,0.41171176599891623,150000.0,2900.0
17,22,8,known,3,280.0,1000.0,150.0,4753.851576430674,328.08095376422744,4742.517021425391,2665.1017065642204,129.50073245653812,2661.953543288226,1.0,1.0,49.0,2427.2735116030176,103.89811014179818,242.9865177798219,882.0,882.0,4759.894906660309,382.5023841999522,4744.501180159207,15500.658880204215,-10740.763973543906,68.09865087154338,-10752.96880732336,0.01473922902494331,0.0022675736961451248,11.014239398595624,4.637897375983192,10.99135755768728,4.569168477946597,3.66537318282947,0.47524198300015996,150000.0,2900.0
17,23,8,known,3,280.0,1000.0,150.0,1707.9194057613797,202.41025216205605,1695.8828928897176,1322.6604677480314,152.52434576261624,1313.8367618898196,1.0,1.0,26.0,1838.8202795013294,137.10140514778917,200.00287784039418,882.0,882.0,5437.847000075767,352.7939375783307,5426.390737298688,17112.474189899058,-11674.627189823292,14.086762382217842,-11682.731108939715,0.006802721088435374,0.0011337868480725624,11.580762556693717,9.020390138065384,11.55881774384475,8.992166653843679,2.1529980240181676,0.4294164559978526,150000.0,2900.0
17,24,8,known,3,280.0,1000.0,150.0,5398.251723771031,427.1432683013562,5381.326072776276,1751.7921795414682,190.335017905461,1741.4213795809374,1.0,1.0,153.0,2242.8035450993675,112.0180408945548,259.2437592032594,882.0,882.0,7484.8436107028165,561.7524036055905,7463.733523761557,17108.979020586477,-9624.13540988366,234.41174499526966,-9642.113757799469,0.003401360544217687,0.0,11.726546949983316,4.03360544252798,11.70483871484482,3.9492489736134866,6.627218428975828,0.6163678140001139,150000.0,2900.0
17,25,8,known,3,280.0,1000.0,150.0,3521.6551580613223,246.5372125111773,3513.0150092402305,2017.6133940691416,170.87120187021122,2010.3648525326516,1.0,1.0,35.0,2926.7475725592794,85.46682245314322,276.3301220723215,882.0,882.0,4314.806148031099,361.8782561135956,4299.604193741461,18747.600806805265,-14432.794658774166,16.81435912737436,-14444.820761917277,0.007936507936507936,0.0022675736961451248,11.635389221214188,6.700080074957938,11.613405945511166,6.656731833185192,2.2999757890730383,0.44111088699719403,150000.0,2900.0
17,26,8,known,3,280.0,1000.0,150.0,3037.535319855915,232.3291267133685,3028.6373167239385,1866.2134053445322,147.34883962224262,1860.3872698311,1.0,1.0,42.0,1523.0830804050063,164.72316256861032,234.94741703645914,882.0,882.0,4573.2703839996575,336.4914514529795,4560.874423645912,17060.695191461095,-12487.424807461437,13.225322543859477,-12496.757868845441,0.009070294784580499,0.0011337868480725624,11.180642756973588,6.657508275722931,11.158062119544187,6.613241851725478,2.4533365694556193,0.48851092599943513,150000.0,2900.0
17,27,8,known,3,280.0,1000.0,150.0,2621.6776797370967,92.55481449306043,2620.0434085613624,1339.9583122785345,126.76020753066162,1333.9490726527465,1.0,1.0,94.0,2339.575632825221,107.90318090578592,255.0934279089763,882.0,882.0,6686.180225354532,368.3729119822682,6676.024820478102,18027.157751882045,-11340.977526527513,44.76545556700535,-11348.228141167587,0.0045351473922902496,0.0,11.160708723209773,9.106347661788012,11.13817203275687,9.075428131629472,2.6222604250827897,0.8722775450005429,150000.0,2900.0
17,28,8,known,3,280.0,1000.0,150.0,3147.92615206291,207.11279784908615,3141.1054340484534,2211.321384638915,111.91881412162579,2208.4873658699016,1.0,1.0,31.0,1890.833237461456,134.12955645111717,264.7304128973164,882.0,882.0,5182.213400845262,348.18599560893836,5170.50309393216,15972.36760402071,-10790.154203175447,19.121349031954082,-10798.474435526121,0.005668934240362812,0.0011337868480725624,11.717337941709232,6.1376953900844775,11.69467048023721,6.087155222569574,3.015448605174923,0.3740800340019632,150000.0,2900.0
17,29,8,known,3,280.0,1000.0,150.0,957.1550972215986,356.2928169394403,888.3700291740184,819.7039312418868,209.97945174532143,792.352929405917,1.0,1.0,51.0,992.3320485816646,259.30956715934855,216.67511581810723,882.0,882.0,8652.697398109785,357.80044550922196,8645.29647290648,16117.652515831405,-7464.95511772162,28.695938679670007,-7468.995718954473,0.0045351473922902496,0.0011337868480725624,12.01156958256073,10.837807180686662,11.988932793334616,10.811049510889976,2.851360076105084,0.4012630459983484,150000.0,2900.0
17,30,8,known,3,280.0,1000.0,150.0,2972.3346193443576,103.47352097810948,2970.53300264605,1749.8477573500752,84.32852115398649,1747.814599556563,1.0,1.0,37.0,1383.3221073162856,181.63270464156474,179.76645370914503,882.0,882.0,5801.539175182259,335.80337999170496,5791.812573897794,18311.502819623496,-12509.963644441237,0.2857986792727729,-12516.6161807963,0.006802721088435374,0.0022675736961451248,11.654178530332779,5.74474576387283,11.63232732475728,5.691362579406487,3.606736245633226,0.4274203419990954,150000.0,2900.0
17,31,8,known,3,280.0,1000.0,150.0,3396.3701536308477,192.41409728993204,3390.915368398116,1943.7760133749514,167.7070633175572,1936.5276995398801,1.0,1.0,79.0,2468.973322271461,102.34588235398503,200.1328236927255,882.0,882.0,5046.241828084548,374.31218516729274,5032.340109287663,15753.584064097198,-10707.34223601265,57.619634410523304,-10718.06041555209,0.0022675736961451248,0.0,11.199857753955536,7.3703709210456525,11.177301406510242,7.3155567155664105,2.4452354482862626,0.617942076001782,150000.0,2900.0
17,32,8,known,3,280.0,1000.0,150.0,4828.262315723352,318.85083367196466,4817.722608795666,1216.2823515467644,136.0854979562867,1208.645314362372,1.0,1.0,77.0,3882.215495198192,65.54710259220646,223.2741152995478,882.0,882.0,5463.391500105457,499.08014691673355,5440.548289499702,19738.77609506827,-14275.384594962814,150.58464457711676,-14295.151156329111,0.006802721088435374,0.0011337868480725624,11.55880616829204,6.382462091213242,11.536760492923158,6.312267204501904,3.0571450674558696,0.514558961000148,150000.0,2900.0
17,33,8,known,3,280.0,1000.0,150.0,7381.38313563579,499.69518570946724,7364.449858368731,3063.9759071248113,199.2738635648633,3057.4888857919404,1.0,1.0,28.0,3517.957349180614,72.11476091004353,180.60237413879813,882.0,882.0,7541.5197804997815,576.4201451811864,7519.458784772929,17430.10492115686,-9888.58514065708,241.78284145361977,-9907.43352101385,0.0022675736961451248,0.0,11.28886368247874,3.7144209703757953,11.266296388082853,3.61838632041146,7.251197274321247,0.49440792499808595,150000.0,2900.0
17,34,8,known,3,280.0,1000.0,150.0,4653.93847674179,405.6703702287757,4636.224206832122,2265.7027043818475,187.62457819155543,2257.920672278293,1.0,1.0,35.0,2104.090063157702,120.33641666377265,201.22161258012588,882.0,882.0,5385.937388026466,397.33487954999623,5371.261168592935,16333.242685837527,-10947.30529781106,76.50908475183803,-10958.830302181417,0.0045351473922902496,0.0,11.465525691407294,4.572701020281087,11.44147793928729,4.503216934476119,4.206592686949971,0.3583918859985715,150000.0,2900.0
17,35,8,known,3,280.0,1000.0,150.0,2660.1329938942185,221.27411381162005,2650.914052126455,1848.480491581331,155.40019791209298,1841.936726992988,1.0,1.0,50.0,2210.2003544225354,113.02246477780346,278.5653396628254,882.0,882.0,4412.349630427704,339.8712233922786,4399.240481338265,16662.883766356557,-12250.534135928854,16.06376280204023,-12260.496735664137,0.015873015873015872,0.0045351473922902496,11.536914880214486,8.055427291278482,11.512913399843871,8.014215731583054,1.9562452701054394,0.4260897610001848,150000.0,2900.0
17,36,8,known,3,280.0,1000.0,150.0,5549.6932566035575,436.6884810114494,5532.485735448661,2172.3945469146242,193.59736537597104,2163.7509393606,1.0,1.0,73.0,2392.4839900960096,105.71985428014274,187.45621784428658,882.0,882.0,7128.256264828425,494.171644474326,7111.106226380199,16599.830003758194,-9471.573738929768,168.72202825828703,-9485.533153354954,0.0045351473922902496,0.0011337868480725624,11.835179426311775,4.2737369088347155,11.812666127235948,4.200997549692889,5.956861321071442,0.41726616699816077,150000.0,2900.0
17,37,8,known,3,280.0,1000.0,150.0,4510.58427439523,249.59801813429917,4503.673092683901,1720.8586777399823,151.49013252206387,1714.177741222143,1.0,1.0,43.0,3503.875676535192,73.22928786848628,204.9183781025764,882.0,882.0,5385.438308346143,432.56018836832664,5368.038511080273,15470.025525077255,-10084.587216731114,119.98573584897139,-10098.828882098413,0.005668934240362812,0.0011337868480725624,11.366072361319734,7.46110473809513,11.34372134337205,7.403840800757726,2.5778633217530547,0.49791472400102066,150000.0,2900.0
17,38,8,known,3,280.0,1000.0,150.0,3999.752840947287,338.009925248342,3985.4450289897995,1715.2912952795762,140.4278276248903,1709.5333436029964,1.0,1.0,23.0,3349.14495539696,75.52820313405542,176.7334231620488,882.0,882.0,4486.067163833443,406.0016699547355,4467.657243166556,15308.492262336422,-10822.42509850298,84.04237685172984,-10837.44901453707,0.006802721088435374,0.0,11.272206486462267,6.260577586098961,11.249694237268788,6.213526256992458,2.5591358340222388,0.46318905700172763,150000.0,2900.0
17,39,8,known,3,280.0,1000.0,150.0,3731.8986417921565,356.66491906097735,3714.8159588492895,2549.434295696518,248.60935893089285,2537.283707969129,1.0,1.0,28.0,3017.984541168447,83.62878445680637,177.46504820111952,882.0,882.0,4566.533222834948,413.30084809369095,4547.791561210823,17606.674448691498,-13040.14122585655,75.46914035367377,-13055.641481223014,0.01020408163265306,0.0011337868480725624,11.879238533051218,6.890803332085186,11.857162804062902,6.846646719900667,2.3667846023803647,0.5173217629999272,150000.0,2900.0
18,0,8,known,3,30.0,3000.0,150.0,1356.4550080745082,23.756561943925053,1356.2469593311605,770.5697471784155,12.669052647698578,770.4655932432136,1.0,1.0,31.0,691.0422148342716,354.1558277984951,21.963408311796048,882.0,882.0,2362.985205595867,40.67566554862643,2362.635090761398,2045.4660902595365,317.5191153363303,2.9006002923952963,317.51783963702246,0.06462585034013606,0.032879818594104306,12.26184127382399,8.370652298800312,12.240909635242321,8.339133191665994,9.409801137140894,0.446940806999919,150000.0,2900.0
18,1,8,known,3,30.0,3000.0,150.0,566.5077973705625,21.581949644430374,566.0965500082044,283.8360440315485,15.680874788231085,283.4025583112386,1.0,1.0,34.0,1324.5012715658127,195.8812329112054,28.136849214892898,882.0,882.0,1508.0562564188322,37.01953346341452,1507.6018130349055,1984.8667560874144,-476.8104996685822,1.9576396313784343,-476.95524158002445,0.11904761904761904,0.05442176870748299,11.71396113427247,14.453987758705125,11.692292025415622,14.435764223535443,3.4778320502141544,0.5832977310019487,150000.0,2900.0
18,2,8,known,3,30.0,3000.0,150.0,511.05035201334545,19.89791236698199,510.662839235831,278.7527773975917,18.66644850033178,278.12708355580145,1.0,1.0,81.0,852.4804104890002,302.62719748776436,25.04296376437232,882.0,882.0,1732.045180782784,35.61989483942497,1731.6788765139152,1736.8213585915516,-4.77617780876767,0.11579251692725734,-4.779556728319676,0.10317460317460317,0.06235827664399093,11.71971716965117,10.006796246730708,11.697724880741283,9.977348632345539,5.769562798711777,0.4984415440012526,150000.0,2900.0
18,3,8,known,3,30.0,3000.0,150.0,1032.889261264109,27.024642718093325,1032.535662687094,669.9122162748533,19.631264492087205,669.6245149102052,1.0,1.0,39.0,1439.8997835557802,173.57636949382774,23.133137708114873,882.0,882.0,1742.448434472291,37.272600320696746,1742.0497409833831,1853.8510179776297,-111.40258350533873,2.6241036701078357,-111.47745831436328,0.09523809523809523,0.047619047619047616,11.231157230481886,12.68868805592559,11.20849103633099,12.667279168600942,4.577432609771323,0.42664935900029377,150000.0,2900.0
18,4,8,known,3,30.0,3000.0,150.0,788.1602740333254,19.661548230896905,787.9149961039267,581.9891279544623,15.73565160996869,581.7763610921342,1.0,1.0,37.0,1179.506785799987,223.02366340603746,18.341485185924643,882.0,882.0,1706.3868424940074,41.54352147762653,1705.881060349726,1801.8984436525302,-95.51160115852281,6.355908246479338,-95.67377731481383,0.09410430839002268,0.047619047619047616,11.96708188702413,13.845495933955702,11.944544257323649,13.824405772881128,4.108163527531819,0.520317659000284,150000.0,2900.0
18,5,8,known,3,30.0,3000.0,150.0,3877.7832293433576,134.59424099709128,3875.446705099557,1089.4373355879436,20.859760439840134,1089.237613456013,1.0,1.0,30.0,1449.3741298561056,179.77854089077783,14.649608974174901,882.0,882.0,3975.151322413748,110.72534020259576,3973.608930824068,1625.1484214097889,2350.002901003959,77.79718261257125,2348.7941327475446,0.02040816326530612,0.007936507936507936,11.39942129866799,4.866585145422691,11.377188558829548,4.8081532547230665,27.227519938716583,0.4575020869997388,150000.0,2900.0
18,6,8,known,3,30.0,3000.0,150.0,990.5801562293054,26.231623409363102,990.2327745780709,668.714612430962,22.7094356930229,668.3288968832608,1.0,1.0,31.0,786.7723277131092,318.55681211017657,17.7760099633515,882.0,882.0,2253.886286373463,34.65026075194109,2253.6199216665136,1698.7488609575532,555.1374254159098,-1.3215219295260852,555.2519628733369,0.05328798185941043,0.023809523809523808,11.878134780247343,8.789922971870823,11.856754740519836,8.760519923372172,8.547235637848265,0.47845012200195924,150000.0,2900.0
18,7,8,known,3,30.0,3000.0,150.0,316.9573914199881,18.323316141856974,316.4273124452582,114.47495984802117,9.437690406044329,114.08525948607785,1.0,1.0,72.0,1199.7819282930539,214.3366642951987,26.201144114297268,882.0,882.0,1823.881599339347,39.091010273536654,1823.4626350228425,1947.4129639811274,-123.53136464178033,2.813949918909792,-123.6124090301048,0.08390022675736962,0.034013605442176874,12.792710981641516,14.399210923678606,12.771556222564882,14.380372528027086,4.222179509249097,0.5221454049969907,150000.0,2900.0
18,8,8,known,3,30.0,3000.0,150.0,603.4909029349303,18.780477826758517,603.1986103911515,507.92388054777615,18.055485547578414,507.6028643263873,1.0,1.0,44.0,973.5070550921374,269.76503210193204,18.006477808954802,882.0,882.0,1320.8440188554434,33.39152708572788,1320.4218750327798,1745.5415686149083,-424.6975497594649,-1.5877257060896355,-424.7691803066407,0.1235827664399093,0.05668934240362812,11.977066704228164,11.386431755112682,11.95441036245407,11.363952351857726,3.866719171445331,0.3913874809986737,150000.0,2900.0
18,9,8,known,3,30.0,3000.0,150.0,1951.3330372832197,34.04735591608695,1951.0359812028273,663.7615647859313,15.719367322036403,663.5754036867725,1.0,1.0,38.0,523.8439128472205,490.28909090572023,26.39849105461171,882.0,882.0,3028.5354330825367,58.837802561741135,3027.963834398643,1834.2155123872178,1194.3199206953188,23.561026844908206,1194.0875858537943,0.021541950113378686,0.013605442176870748,11.937221483205496,7.674839325115286,11.915351913599844,7.639192731380533,13.153523719043434,0.3596566360029101,150000.0,2900.0
18,10,8,known,3,30.0,3000.0,150.0,574.4680381919408,16.890451976284165,574.2196788130253,325.03860410437494,16.033648389049272,324.64290578643005,1.0,1.0,52.0,1320.536294350942,198.86280481043687,20.105438896161708,882.0,882.0,1473.7157025139898,38.73363624735044,1473.2065969372256,1908.0523991314094,-434.33669661741965,1.986921080280922,-434.49192137104137,0.10884353741496598,0.05442176870748299,12.391368870875013,13.233783875848966,12.367909008927729,13.212992738055268,3.712003854023569,0.48148167099861894,150000.0,2900.0
18,11,8,known,3,30.0,3000.0,150.0,2236.599471765372,63.95456649473893,2235.684908596382,644.3108853065823,25.00177002762741,643.8256195741495,1.0,1.0,243.0,422.1609714830671,613.4443935029268,21.403803404504757,882.0,882.0,3392.9799220401765,80.26487778316368,3392.030409763777,1972.851600902127,1420.1283211380494,43.865132392999705,1419.5146309377574,0.03968253968253968,0.017006802721088437,11.743064230101096,7.485366454114526,11.720830815292747,7.447320516910056,15.10939129406344,0.7963217780015839,150000.0,2900.0
18,12,8,known,3,30.0,3000.0,150.0,653.8937326519284,32.28774510388728,653.0960994505924,278.8853810627347,20.67352994173037,278.1180701253609,1.0,1.0,52.0,761.8129147276699,312.37949002110076,25.70959340452755,882.0,882.0,1937.0501911790031,38.18516169495326,1936.6737816609548,1876.7350020574693,60.31518912153388,2.908910653750958,60.27034581350176,0.0782312925170068,0.04308390022675737,11.40042019744374,9.453077192086353,11.378211072835313,9.424389591289463,6.830404363990614,0.4270882490018266,150000.0,2900.0
18,13,8,known,3,30.0,3000.0,150.0,522.513341976975,19.150992876536684,522.1622659823189,485.8371354099611,17.074330010398302,485.53701135758223,1.0,1.0,46.0,952.5005285593244,256.0311706136814,22.009654592882665,882.0,882.0,1647.9699284386525,36.46382415077056,1647.5664704546516,1838.5547720997254,-190.5848436610729,0.42180394285168177,-190.63499369175838,0.08843537414965986,0.04308390022675737,11.20778932358403,11.220156235684495,11.183410880407054,11.19748889872688,4.89586150086295,0.3962874959979672,150000.0,2900.0
18,14,8,known,3,30.0,3000.0,150.0,2038.1022218889789,42.466366767842665,2037.6597543658588,681.7542040767769,8.346311478272005,681.7031126972116,1.0,1.0,163.0,493.8029112935935,529.0699850125494,26.673625212747574,882.0,882.0,2687.116959682667,61.762960386092246,2686.4070599480206,1696.225319972207,990.8916397104601,27.352349267919834,990.5308127067042,0.05442176870748299,0.01927437641723356,11.44609753375633,7.4757320210052765,11.422273494302019,7.43656332138533,11.981510983951889,0.7030706810000993,150000.0,2900.0
18,15,8,known,3,30.0,3000.0,150.0,1646.1160962651497,45.48982816069637,1645.4874286718589,764.3638325948415,24.755184036585646,763.9628586799162,1.0,1.0,33.0,517.7431597480116,500.4006979042174,27.780632475603515,882.0,882.0,2400.3617940562667,52.07525744433058,2399.7968476367173,1806.1316123559932,594.2301817002735,17.237342986188338,594.0012554204038,0.05215419501133787,0.021541950113378686,11.691672872787645,8.642371008952042,11.670051421242963,8.610917574749891,9.258114436304172,0.38084436399731203,150000.0,2900.0
18,16,8,known,3,30.0,3000.0,150.0,914.2842391919158,22.955531216493213,913.9960140073418,770.947891463377,14.901907325253275,770.8038560554148,1.0,1.0,31.0,1244.0878167444125,205.5977412590727,17.563601058067942,882.0,882.0,1686.5818911030897,39.99789171062588,1686.1075422568924,1936.914938107632,-250.33304700454232,3.6591149677808588,-250.46648699407478,0.09523809523809523,0.04421768707482993,11.313950364279233,11.690220106116874,11.291445388544876,11.664828132766548,4.809096480628825,0.40122809700187645,150000.0,2900.0
18,17,8,known,3,30.0,3000.0,150.0,1931.9847035389184,55.06953532061246,1931.1996895681023,672.7977988074393,22.709452470109355,672.4144249260596,1.0,1.0,30.0,529.375485114418,486.2076536308469,17.038850128695625,882.0,882.0,2306.1739145061415,48.35050508354485,2305.667008179357,1754.6037864621344,551.5701280440071,15.389033167599393,551.3728513070284,0.06235827664399093,0.027210884353741496,11.617840870146454,7.752077742263461,11.595899175187729,7.717054474516411,9.916369052618153,0.46964649299843586,150000.0,2900.0
18,18,8,known,3,30.0,3000.0,150.0,1079.4901062816996,48.34361917670226,1078.407058603092,629.7027380083199,23.888256408017995,629.2494652051439,1.0,1.0,77.0,690.0440906891143,356.6520072939589,17.77056621128056,882.0,882.0,2399.384153099144,53.374001577795276,2398.7904306335035,1679.4698401520639,719.9143129470801,18.45532719970258,719.6836352925773,0.05668934240362812,0.026077097505668934,11.50337019039693,10.197908553589457,11.481484244639157,10.170634250080916,7.842732786794829,0.4900771669999813,150000.0,2900.0
18,19,8,known,3,30.0,3000.0,150.0,3092.093986948964,81.4859418549149,3091.0201011002755,560.1069875914976,11.782750842456297,559.9830393247698,1.0,1.0,57.0,858.6939795457533,294.26405791870445,27.024457043590353,882.0,882.0,3493.6708474597135,88.31667377264804,3492.55438834152,1951.8823615210745,1541.788485938639,52.58536305351433,1540.9991043048672,0.04081632653061224,0.01473922902494331,11.730023851851875,6.095637472209349,11.70835855263104,6.048479505445499,19.104760649933255,0.48391481300132,150000.0,2900.0
18,20,8,known,3,30.0,3000.0,150.0,1004.8271439718865,25.89330742574517,1004.4934673223387,660.7442835653432,11.208312367853045,660.6492125161001,1.0,1.0,98.0,808.0386491260487,329.15984479330496,24.49282379932664,882.0,882.0,1593.620612326313,35.55701658276363,1593.2238871555453,1888.6157688754565,-294.99515654914353,1.0398176256632894,-295.0764293781324,0.0873015873015873,0.04421768707482993,11.905465042930787,9.370165918129452,11.88384631768788,9.342365379854423,5.669129825627266,0.4839667069973075,150000.0,2900.0
18,21,8,known,3,30.0,3000.0,150.0,955.177130604694,22.74360331953319,954.9063196661024,362.3341109954429,20.352426402413542,361.7620581686149,1.0,1.0,46.0,633.7322702176564,399.3542812741833,18.495759799876453,882.0,882.0,2044.7392962839876,38.812952139019046,2044.3708921118473,1888.8889959516475,155.8503003323401,3.9414591997432495,155.80381149029586,0.07256235827664399,0.031746031746031744,11.191159971709968,9.1034743910709,11.166922838709258,9.073664402065383,7.487028975404382,0.47035584100012784,150000.0,2900.0
18,22,8,known,3,30.0,3000.0,150.0,1438.820039237388,36.630020702764085,1438.3536932529473,514.4836560253359,20.35414133716212,514.0808703381433,1.0,1.0,203.0,1836.2405949848946,134.16389921837708,20.32029502909508,882.0,882.0,1206.6347607964412,48.18199255374204,1205.672402253546,1763.8316885420156,-557.1969277455744,11.434835988062993,-557.7764549547699,0.11904761904761904,0.061224489795918366,11.07721778929568,12.448902308520527,11.053474631425821,12.420496434640784,3.2309000180430156,0.6014403120025236,150000.0,2900.0
18,23,8,known,3,30.0,3000.0,150.0,1242.7702005999959,29.42057837000918,1242.4219094445043,751.8113642322062,18.355400080922728,751.5872581919947,1.0,1.0,33.0,1609.375006484219,161.56024657027012,19.676438407679257,882.0,882.0,1510.5423880059695,40.82861863882803,1509.9905065472508,1729.7616525545875,-219.21926454861796,5.146359456200507,-219.40307243585653,0.10884353741496598,0.049886621315192746,12.417344185761724,12.993232563186435,12.395333587203059,12.96975782525516,3.875202932655293,0.5138446529999783,150000.0,2900.0
18,24,8,known,3,30.0,3000.0,150.0,1100.7221461049705,26.741370607783686,1100.3972655472883,720.4939308491619,17.040914432339633,720.2923792639948,1.0,1.0,28.0,999.2245701178808,260.8007420016971,19.916251098386475,882.0,882.0,1790.5014417628379,36.53181361343784,1790.1287215027062,1803.727885792603,-13.226444029765162,2.359865789463214,-13.275438403710723,0.08163265306122448,0.04081632653061224,11.35829034746165,9.04982656122064,11.335680479135952,9.017663917478316,6.594975162048245,0.40031854799963185,150000.0,2900.0
18,25,8,known,3,30.0,3000.0,150.0,934.3952945837168,23.040236803108535,934.1111893282554,752.3259994236082,13.860873128394116,752.198302048635,1.0,1.0,61.0,1275.5304982342675,203.9030974014075,21.89683059474323,882.0,882.0,1690.21520667222,39.28971968575669,1689.7584924458968,1673.8496270468336,16.365579625386317,4.376100067443282,16.273023990920365,0.08616780045351474,0.03854875283446712,13.454423843243914,13.768312591064797,13.434608077969239,13.745647932951925,4.09204152770596,0.515694961999543,150000.0,2900.0
18,26,8,known,3,30.0,3000.0,150.0,1553.1701224669173,32.89853145854352,1552.8216626360447,851.3160329532874,13.96104896362447,851.2015490324004,1.0,1.0,29.0,922.7922322671016,277.53556515997974,22.404314927949354,882.0,882.0,1924.884092852682,39.6351747989788,1924.475986817177,1660.4553289055282,264.4287639471538,5.032225144992594,264.38125001267485,0.08616780045351474,0.04195011337868481,11.505685794816706,8.23084862106381,11.481855109783053,8.197161771749794,7.795405558898078,0.3913996900009806,150000.0,2900.0
18,27,8,known,3,30.0,3000.0,150.0,992.7220759888376,28.605389531046974,992.3098567712428,507.95109331369673,25.887921723474875,507.2909704572112,1.0,1.0,41.0,1553.2038641605332,168.817368493668,20.62671577640269,882.0,882.0,1588.4652991009464,43.71415643941195,1587.8636840027075,1760.7301391460237,-172.26484004507734,8.783635940060158,-172.51993374508925,0.1111111111111111,0.046485260770975055,11.845656305881144,14.000167474847506,11.82323463797004,13.97521192839374,3.782014993641468,0.5013548559982155,150000.0,2900.0
18,28,8,known,3,30.0,3000.0,150.0,1121.5076753128021,26.410817382427382,1121.1966529163017,489.3548782378596,24.052499515943225,488.7634132402158,1.0,1.0,33.0,1668.0973177617464,153.6178012892251,24.16517235949482,882.0,882.0,1429.153577027465,42.30252703125972,1428.5273686342757,1790.1649921087767,-361.0114150813117,7.798057969028832,-361.3050650271971,0.10884353741496598,0.046485260770975055,12.171960975170729,13.838755287629322,12.15095393634077,13.815927170719416,3.44239431780161,0.5122915609972551,150000.0,2900.0
18,29,8,known,3,30.0,3000.0,150.0,647.8307216681877,23.38733507817036,647.4084309731116,494.19429186461963,15.543008615877142,493.9498081736034,1.0,1.0,43.0,1401.2337447982825,181.60069283460484,19.75632559904249,882.0,882.0,1248.7153360026741,39.52885241572988,1248.0895241107373,1863.9154983950057,-615.2001623923315,2.3534587209412194,-615.4552097931039,0.11678004535147392,0.05215419501133787,12.178721307443228,13.617985737969736,12.157834004482762,13.596023614503189,3.056534595815199,0.38307996399817057,150000.0,2900.0
18,30,8,known,3,30.0,3000.0,150.0,987.0447914715023,31.56376997938848,986.539988442288,561.4275150579285,13.575694720148427,561.2633563461861,1.0,1.0,31.0,1548.022198602096,163.8707915986523,16.05090764116551,882.0,882.0,1579.6972570657067,40.58723436389862,1579.1757661475203,1660.015280590297,-80.31802352459022,6.716338699525963,-80.49392816522936,0.10204081632653061,0.05555555555555555,11.77639562256581,13.300935058868067,11.75491719980064,13.278639252172253,3.9588626666074953,0.4062370050014579,150000.0,2900.0
18,31,8,known,3,30.0,3000.0,150.0,1642.5632060135235,49.50522134387263,1641.8170174563058,984.3968527544822,22.725741948042963,984.1344950594105,1.0,1.0,41.0,1777.926856297232,137.9988998716469,22.957433739248383,882.0,882.0,1487.5573703722343,45.06119463834172,1486.8747152623596,1818.7426922986772,-331.18532192644284,7.52420670076495,-331.4805732680243,0.09750566893424037,0.047619047619047616,11.690165186601082,11.880974999663687,11.668299133440216,11.851441656276023,4.173499706924565,0.4228720169994631,150000.0,2900.0
18,32,8,known,3,30.0,3000.0,150.0,921.4062518970853,29.257627690985498,920.9416226107553,774.566279049061,23.117559052404815,774.2212210365758,1.0,1.0,29.0,1370.3352914164052,179.10669268896143,23.817612777754913,882.0,882.0,1235.794239446925,37.13919729467551,1235.2360431409502,1954.0714998928609,-718.2772604459358,1.0156224984980753,-718.5015323889568,0.10430839002267574,0.045351473922902494,11.322320995822038,12.074856772170893,11.29960427728335,12.051796351895874,3.411480739865666,0.384805817000597,150000.0,2900.0
18,33,8,known,3,30.0,3000.0,150.0,1115.616914524321,30.422061147165657,1115.2020436532225,621.5099192775455,21.45282254193124,621.1395625504509,1.0,1.0,25.0,1610.7602630613144,161.61199727444273,17.611514227875084,882.0,882.0,1249.9737120105076,37.278345740658025,1249.4177066362422,1718.5940419873843,-468.62032997687675,4.469157677679846,-468.86313139146046,0.12131519274376418,0.05102040816326531,11.598337276736943,13.324907157660636,11.574892902279013,13.301208994359264,3.126910372234461,0.3452816620010708,150000.0,2900.0
18,34,8,known,3,30.0,3000.0,150.0,1148.2870865396037,34.29596852472449,1147.7748122591656,764.3027627005448,22.024840490751952,763.9853529178699,1.0,1.0,37.0,1549.6230341384771,161.91687977076057,22.91899884762719,882.0,882.0,1551.9142424881966,40.40597498422074,1551.3881439611712,1684.013794409815,-132.0995519216185,6.192699963003896,-132.27806748778016,0.10317460317460317,0.046485260770975055,11.960714783390426,13.274856976942395,11.93951604960884,13.252941878237962,3.896876240509347,0.4358135319998837,150000.0,2900.0
18,35,8,known,3,30.0,3000.0,150.0,782.0613910139189,29.00804212913846,781.5232260185617,324.0503651653061,15.645027940500206,323.67247684118774,1.0,1.0,36.0,1520.7219329319669,163.76663424811846,22.787611417290606,882.0,882.0,1329.030763558389,42.322396320606806,1328.356723645526,1712.1694816934826,-383.13871813509354,7.578102786446308,-383.4601965037466,0.1349206349206349,0.06235827664399093,12.148089635079849,14.182638597150065,12.126921003946219,14.159819697348473,3.1236095560418766,0.48801680999895325,150000.0,2900.0
18,36,8,known,3,30.0,3000.0,150.0,1035.5073199282615,31.04297047021274,1035.0419042770186,483.3843240688812,14.58083984317274,483.1643652681734,1.0,1.0,29.0,1645.8483185964665,151.3573940356238,25.917338441575914,882.0,882.0,1276.4588271803302,40.49227043776986,1275.8164105863268,1561.9848245473818,-285.52599736705156,6.276931387880502,-285.79362482264673,0.11904761904761904,0.05442176870748299,11.954135403600265,13.2848950606802,11.932509356471137,13.257601139203548,3.2027823613458892,0.4520027590006066,150000.0,2900.0
18,37,8,known,3,30.0,3000.0,150.0,1228.3867747288996,29.232252851212927,1228.0389015508065,788.6672532275113,18.636177132591754,788.447036404672,1.0,1.0,38.0,1469.9134507059862,173.07776638277795,27.065776819030027,882.0,882.0,1609.3162903590958,41.38607460124256,1608.7840486666512,1730.830708912792,-121.51441855369626,6.762944918222928,-121.70032913238288,0.09523809523809523,0.04308390022675737,11.174272076388878,13.348834178708326,11.151253840503754,13.323227832401091,4.018618826718689,0.49670147800134146,150000.0,2900.0
18,38,8,known,3,30.0,3000.0,150.0,697.4211934515638,23.96154502422847,697.0094442943047,644.3857500647149,14.122795047632415,644.2309690992104,1.0,1.0,43.0,981.1502838184969,260.5489319385335,28.771390397243938,882.0,882.0,1399.0416480846732,34.703508681197,1398.611168109526,2045.8775199651698,-646.8358718804966,-0.9738572297259367,-646.9552454445516,0.10204081632653061,0.05782312925170068,11.55441984467017,10.63475446394657,11.532342259117955,10.611031603587698,4.385124429616238,0.4076763179982663,150000.0,2900.0
18,39,8,known,3,30.0,3000.0,150.0,1127.4291584500654,20.687556237525655,1127.239341196155,692.9407455897457,19.156727632016004,692.6758958451676,1.0,1.0,37.0,890.1185069444153,286.6487265790936,20.17780610019713,882.0,882.0,1677.8783192814108,36.28022317662327,1677.4860356261886,1846.7618680374908,-168.88354875608002,1.7389730842597828,-168.9527798451984,0.0873015873015873,0.046485260770975055,12.348747522750019,9.041854802043092,12.3265881729981,9.012573497463023,6.185597815256071,0.43596130199875915,150000.0,2900.0
19,0,8,known,3,80.0,3000.0,150.0,1497.5987786047515,74.27527047077798,1495.7557574266382,859.8164789017272,51.90230503592666,858.2485235192206,1.0,1.0,31.0,1882.2827345992132,131.28966832287657,50.050837051038016,882.0,882.0,2183.0961560641613,106.4939483374814,2180.497160188385,4567.592729249674,-2384.496573185513,11.553137322856827,-2386.1087547881166,0.061224489795918366,0.01473922902494331,11.765677574448574,10.764411273675632,11.74379515993385,10.737546451074468,2.535085408482723,0.4356404790014494,150000.0,2900.0
19,1,8,known,3,80.0,3000.0,150.0,1516.7902530895053,66.90230390051065,1515.3140775430447,1317.8676274465715,43.323511728218946,1317.1553275157755,1.0,1.0,42.0,1453.7789466539407,170.32585873842564,56.75164461361018,882.0,882.0,2607.491674212468,97.13636336554066,2605.6817453402587,4386.7561432855055,-1779.2644690730376,7.93063119150834,-1780.1672942415203,0.05215419501133787,0.01473922902494331,11.285530857829192,9.798639843864079,11.262068413780487,9.770548667247922,3.3263439055846136,0.42422592799994163,150000.0,2900.0
19,2,8,known,3,80.0,3000.0,150.0,1100.4074761861984,52.90723628875835,1099.1348588752721,1071.5174018302841,47.93599535742873,1070.4446191999918,1.0,1.0,31.0,1376.8215353202713,181.0203477659699,41.40799670481112,882.0,882.0,1914.3677608253927,92.52154512521906,1912.1306669198289,4149.441321175078,-2235.073560349685,1.6600561124098192,-2236.3157251273856,0.06802721088435375,0.027210884353741496,11.801326664728716,10.566665340415588,11.777895793004552,10.536613568613499,2.264630916131224,0.41570840799977304,150000.0,2900.0
19,3,8,known,3,80.0,3000.0,150.0,1357.355860110668,53.121097118074736,1356.3159956358782,828.011577155071,34.630033510642775,827.2870920556418,1.0,1.0,36.0,1701.2191381697105,149.6313587259139,55.71418864845228,882.0,882.0,2274.2812369377434,98.72556169386215,2272.137409611334,5165.7732446042055,-2891.492007666462,2.4143927912308385,-2892.7379396505694,0.06462585034013606,0.015873015873015872,11.252205933692277,12.130471153595867,11.229562759074078,12.10549907925218,2.3435623482188204,0.44336463500076206,150000.0,2900.0
19,4,8,known,3,80.0,3000.0,150.0,1715.379576836985,58.10541591928383,1714.3951858513487,426.9915442295971,38.34969829808607,425.2658926883529,1.0,1.0,200.0,0.06987300862044453,3571818.7636839356,53.040085564036275,882.0,882.0,52753554.30080878,1476457.3829096472,52732888.835762,4659.773028126262,52748894.52778065,1476370.252515369,52728229.87740546,0.0,0.0,11.212514720795689,8.023654959350097,11.188026564147483,7.989414921726641,82184.41995585534,0.6426554729987402,150000.0,2900.0
19,5,8,known,3,80.0,3000.0,150.0,3504.608166724389,161.53056932085846,3500.883642374616,1000.6506590386465,51.70978450389211,999.3136842958963,1.0,1.0,32.0,3039.597556481647,81.71229466828872,60.661642760698875,882.0,882.0,2339.6124965819,135.23144275174255,2335.7009849408105,4818.787038203753,-2479.1745416218528,41.82192929057938,-2482.1806224002657,0.05102040816326531,0.01020408163265306,11.526107711798836,7.17315330397647,11.501414512001098,7.124045063870626,4.077029301891758,0.45411903000058373,150000.0,2900.0
19,6,8,known,3,80.0,3000.0,150.0,1675.0347965157694,110.47691733841975,1671.3875733276304,1221.1762089902995,51.68200910031221,1220.082088770782,1.0,1.0,28.0,1794.7963210967882,139.9699638182266,53.30395402184675,882.0,882.0,2063.5101134205597,105.49685104370094,2060.811588333294,4728.870788944375,-2665.360675523815,14.601485314901623,-2667.185553271217,0.06462585034013606,0.026077097505668934,11.51554299895172,9.988331696949722,11.49229486920293,9.961898980986675,2.582400865365138,0.4419776550021197,150000.0,2900.0
19,7,8,known,3,80.0,3000.0,150.0,1350.8357959729487,54.91729144933362,1349.7190221604417,1045.1840062731294,37.625066487698476,1044.5065635700646,1.0,1.0,38.0,1570.236921910979,169.0291116184897,74.77424292927937,882.0,882.0,2461.487006782881,98.48223683895692,2459.5161177736045,4701.81487664409,-2240.327869861209,8.754922262557258,-2241.4425231049336,0.06802721088435375,0.018140589569160998,11.782581575039604,11.435389950538102,11.759600352087418,11.409970112493248,2.690646118573173,0.4380703530005121,150000.0,2900.0
19,8,8,known,3,80.0,3000.0,150.0,2190.050634753592,107.52441392728689,2187.409491429121,788.5235364814743,60.96773092072453,786.1630259504889,1.0,1.0,30.0,2219.8882583275395,114.51204660525579,58.57282621827032,882.0,882.0,2995.161886149178,135.57371256930978,2992.0919926868683,4672.564788800035,-1677.402902650857,42.741254985060166,-1679.5505279211447,0.032879818594104306,0.007936507936507936,11.794083879600691,11.082983682267464,11.77199314866423,11.052407910965364,3.378108698000445,0.399333885001397,150000.0,2900.0
19,9,8,known,3,80.0,3000.0,150.0,2830.5604755966465,115.45635914330663,2828.2048078495454,1616.0422655599152,44.89785995071498,1615.4184554621966,1.0,1.0,22.0,1354.1678471854916,190.3776693298129,48.08737930323834,882.0,882.0,3177.1285158490764,114.98882747664963,3175.0469564680297,4908.773746067773,-1731.6452302186963,26.15477283676725,-1732.922909048717,0.030612244897959183,0.013605442176870748,11.484186684962783,6.109227267351013,11.461049442822492,6.06179358746089,6.500675897319115,0.402484005997394,150000.0,2900.0
19,10,8,known,3,80.0,3000.0,150.0,2928.6179095284015,79.12299548963973,2927.548874330752,1231.2335201394048,40.4411676022279,1230.5691744383323,1.0,1.0,51.0,828.4626423384153,300.64802453080137,69.62544978492753,882.0,882.0,3515.5573379088955,132.09603423687534,3513.074726484475,4571.369403288938,-1055.8120653800424,36.413068291881075,-1057.2932008660382,0.021541950113378686,0.006802721088435374,12.281417996979142,6.917685362519498,12.260420713311518,6.875380796445734,6.352481273860095,0.4689479590015253,150000.0,2900.0
19,11,8,known,3,80.0,3000.0,150.0,1354.1084252278265,58.84385956625265,1352.8292676699198,864.6814188659505,39.24519060234387,863.7903513854615,1.0,1.0,29.0,1725.6833757487905,150.24711752306848,57.73751761574243,882.0,882.0,2471.7366885271604,106.02007611385247,2469.461884879381,4596.965602181815,-2125.228913654654,14.432749973934804,-2126.591259867028,0.05895691609977324,0.021541950113378686,11.491311633480752,10.69182992703734,11.469381689853957,10.667156118846336,2.8897493523029554,0.4155426599972998,150000.0,2900.0
19,12,8,known,3,80.0,3000.0,150.0,783.5108602013044,57.84646049091818,781.3725456285629,714.9085806719451,49.36337150873354,713.2023108989943,1.0,1.0,149.0,1221.5675748172248,206.5278103200238,73.12811435957332,882.0,882.0,2711.0370518139457,90.36867669598682,2709.5304756692194,4552.394489782274,-1841.3574379683282,-1.4948733690925877,-1841.9370545642387,0.0691609977324263,0.023809523809523808,12.377950459742685,10.592884066330534,12.355581183741702,10.569025132748866,3.1991252746159247,0.5176895770018746,150000.0,2900.0
19,13,8,known,3,80.0,3000.0,150.0,1267.2905180127034,52.964197418291214,1266.1832611580135,958.2894598726451,45.7974210422514,957.194486574638,1.0,1.0,45.0,1717.5750371482304,141.81060975372407,69.66702168193767,882.0,882.0,2019.2873739450504,95.76210044424802,2017.0153987246608,4319.435919433613,-2300.1485454885624,3.208895143893997,-2301.4288311203804,0.05782312925170068,0.01020408163265306,11.724285896721337,11.370656960073381,11.69943035726364,11.346400448273375,2.219844663588394,0.37677595499917516,150000.0,2900.0
19,14,8,known,3,80.0,3000.0,150.0,4039.6092966328656,218.84228560915625,4033.6771466581254,1300.0708384095062,61.14014175292771,1298.6323836826296,1.0,1.0,74.0,1543.176182143764,166.42939012014543,48.941144677113215,882.0,882.0,4867.324281268594,206.85622754999852,4862.926707256714,4488.2404508981,379.08383037049407,116.74945294619681,375.59084794681803,0.013605442176870748,0.0022675736961451248,11.572826810279278,5.159795162975797,11.550966529157805,5.100821908630081,11.791466830394176,0.425520149001386,150000.0,2900.0
19,15,8,known,3,80.0,3000.0,150.0,972.6030108910697,34.4384471865698,971.9931121925465,957.3809114694599,27.166937230518702,956.9953851339133,1.0,1.0,46.0,1239.8129516180475,199.84849836823795,53.02470955136967,882.0,882.0,2626.383328585103,91.50869702139282,2624.788667119548,4824.209417942063,-2197.82608935696,-5.61808452576507,-2198.442915177448,0.05895691609977324,0.018140589569160998,12.189590003469846,10.196174723886958,12.1687771024733,10.171324212443889,3.2198145379366845,0.392302242002188,150000.0,2900.0
19,16,8,known,3,80.0,3000.0,150.0,649.912165376425,48.41598927580874,648.1062526212183,362.6870801189252,39.574489936728824,360.5215358774555,1.0,1.0,100.0,1229.874176669247,204.6399785271823,71.83603862434782,882.0,882.0,5291.616482221413,111.48469786946838,5290.441962356102,4336.460915283576,955.1555669378376,22.155084502466934,954.9012244598744,0.021541950113378686,0.005668934240362812,10.834755464802832,14.188534616577256,10.811379900409909,14.168922571574152,4.661877199812202,0.49999308100086637,150000.0,2900.0
19,17,8,known,3,80.0,3000.0,150.0,1440.9937956719007,46.30279223744485,1440.2496903648087,789.6198694346073,29.504361791729647,789.0684576392526,1.0,1.0,33.0,1833.3128134224219,136.8556846166498,55.57771481557931,882.0,882.0,2444.9351484995664,107.41945667160586,2442.5742446642175,4837.496738962006,-2392.5615904624397,8.65430990323216,-2393.914165872074,0.05102040816326531,0.015873015873015872,12.37407422482526,12.204705941336556,12.353191429280209,12.17583638077176,2.5040905944922525,0.3432836829997541,150000.0,2900.0
19,18,8,known,3,80.0,3000.0,150.0,1612.632418747615,45.21910879699771,1611.9983096130682,1026.4078683840837,43.56519602720076,1025.482903795022,1.0,1.0,57.0,987.0829572952589,266.4442622091641,61.22853902595348,882.0,882.0,2567.1284413878752,89.72686680414617,2565.5598850847455,4774.5031035842785,-2207.3746621964033,-3.3537328407797418,-2208.0358129300803,0.06802721088435375,0.026077097505668934,12.511406324031348,8.864454594755777,12.490781464434633,8.83079269277947,3.619975168729771,0.4876316849986324,150000.0,2900.0
19,19,8,known,3,80.0,3000.0,150.0,1457.9402093990573,65.9130175359053,1456.4494939069732,822.9964751087681,44.098820798392765,821.8141469004098,1.0,1.0,96.0,1862.2777748468898,146.40154239731652,53.71772524927887,882.0,882.0,2109.4851274246917,102.18196472266112,2107.008863035793,4752.3503304000715,-2642.86520297538,5.155976613279606,-2644.350902387687,0.08616780045351474,0.023809523809523808,12.744823599530434,11.868278121384204,12.72357671734213,11.84352194362343,2.2217682989159058,0.5710876439989079,150000.0,2900.0
19,20,8,known,3,80.0,3000.0,150.0,1420.5946961051097,39.83460165366499,1420.0360893699367,1316.0264165928115,24.325077473876572,1315.8015883012174,1.0,1.0,24.0,1507.3154648904433,170.20441180364838,68.30748209993669,882.0,882.0,1885.5661476883558,88.98020289512507,1883.465481712115,4644.49608076659,-2758.929933078234,0.5257959915793577,-2760.1882157717487,0.07369614512471655,0.02947845804988662,11.346725357798274,10.388040265183271,11.324378487763147,10.362501624674433,2.268914659976881,0.44993889100078377,150000.0,2900.0
19,21,8,known,3,80.0,3000.0,150.0,1772.9545088644884,60.65618211306621,1771.9166227772644,1254.3933325385237,43.10205274977583,1253.6526017066526,1.0,1.0,34.0,1247.419516122802,199.2442490507228,57.09042004247194,882.0,882.0,1846.4836390040448,93.75816083975323,1844.101742417041,4187.952196912314,-2341.4685579082698,0.28463914158388093,-2342.80717758158,0.07709750566893424,0.027210884353741496,12.249222334792005,8.673449070495192,12.227655588908924,8.639870482041712,2.661115007415706,0.4375573080033064,150000.0,2900.0
19,22,8,known,3,80.0,3000.0,150.0,1216.299025930599,72.28895089594796,1214.1489315805072,869.802345618304,58.99308857891776,867.7994791096752,1.0,1.0,67.0,1167.1154660896625,216.4237052794255,68.26515808255043,882.0,882.0,2455.759113841185,91.72162515390372,2454.045632968786,4482.704352355262,-2026.9452385140771,1.0179425035631766,-2027.7409697799976,0.0691609977324263,0.024943310657596373,11.188722241884559,9.023868172028653,11.166182779712479,8.991948636765024,3.4017550276461797,0.6271300030020939,150000.0,2900.0
19,23,8,known,3,80.0,3000.0,150.0,854.3202162973421,48.35755153745516,852.9505139125246,769.5373111131734,48.26734390964169,768.022093892618,1.0,1.0,35.0,1236.0485461955666,210.46466806696475,76.09460028936836,882.0,882.0,2560.3242811058853,88.82235570745597,2558.783111861368,5108.471502682919,-2548.1472215770336,-0.44112928608488744,-2548.908453216762,0.05328798185941043,0.01927437641723356,11.391477285233504,12.126613439120042,11.36934931792059,12.105499325507637,2.639158382882032,0.49698700799854123,150000.0,2900.0
19,24,8,known,3,80.0,3000.0,150.0,2547.8408314025046,113.80392957906368,2545.2979330078765,1379.5512473349943,55.58944604986916,1378.4307953290247,1.0,1.0,29.0,2372.736903778847,110.06633627900653,62.02995857428955,882.0,882.0,2246.2515199022287,108.09922697519268,2243.6489136650675,4755.264618795322,-2509.0130988930937,12.691634783162712,-2510.65850026167,0.05555555555555555,0.01927437641723356,11.755518747743999,8.498774958259837,11.733809094329311,8.463727241824408,3.303787208942286,0.4124966230010614,150000.0,2900.0
19,25,8,known,3,80.0,3000.0,150.0,2142.4992174112595,85.3963093638651,2140.796666419978,1272.7590515119527,61.263251039324565,1271.2837674090306,1.0,1.0,61.0,837.1718823762877,310.6193591823075,74.98129386846493,882.0,882.0,2761.5562290701173,98.25439083018112,2759.807761601984,5016.847773496691,-2255.2915444265736,6.281417453110336,-2256.1968790066035,0.04421768707482993,0.017006802721088437,11.269654053822162,6.609205721906346,11.245292526630234,6.568717146355901,5.2229351477078465,0.42268607599908137,150000.0,2900.0
19,26,8,known,3,80.0,3000.0,150.0,2080.0698219854685,102.10968796342675,2077.562051048938,1234.7403323222047,44.339114500938074,1233.9439740881355,1.0,1.0,35.0,1129.5187356152303,219.34131014198894,50.496008610255956,882.0,882.0,3305.3158554857223,106.12875959954701,3303.6115980712943,4555.267577296031,-1249.9517218103088,14.114208995297716,-1250.7265561769777,0.032879818594104306,0.007936507936507936,11.431420035445829,7.500125466802707,11.409126105299764,7.462825159591054,5.508767603481795,0.4295125190001272,150000.0,2900.0
19,27,8,known,3,80.0,3000.0,150.0,1127.467006559099,61.295346752511726,1125.799596440603,965.6742415848457,40.60849717934832,964.8200302736785,1.0,1.0,25.0,1510.2828695759686,168.36043015975613,44.543562160297064,882.0,882.0,2394.7920523715848,99.15585777762463,2392.7384081780633,5024.833604516687,-2630.0415521451023,1.0847213341860709,-2631.1380637584084,0.05328798185941043,0.01473922902494331,12.042943880798308,11.612361397332183,12.021310670440535,11.588575287299747,2.5778478321835587,0.4127960769983474,150000.0,2900.0
19,28,8,known,3,80.0,3000.0,150.0,1204.9817583298295,46.607539591019716,1204.0800534685886,749.8170708961653,38.79994784947694,748.8125291781535,1.0,1.0,52.0,1677.159304727819,151.58503347673093,71.01419465775605,882.0,882.0,2428.342205853399,99.14162990824299,2426.3175402135826,4909.881554094862,-2481.539348241463,2.9663872607472115,-2482.621978454647,0.05555555555555555,0.015873015873015872,11.63046082264616,11.625128934650593,11.606368991595348,11.60178404964289,2.6110916914385016,0.4316443399984564,150000.0,2900.0
19,29,8,known,3,80.0,3000.0,150.0,1541.4035577847953,51.73583390766554,1540.5350795880968,1096.990531440165,39.34123352557973,1096.2848596117988,1.0,1.0,72.0,1000.7927816573615,257.8587618330022,63.945287774765696,882.0,882.0,3589.2583761259366,110.4228327247757,3587.5594055852557,4959.996657179975,-1370.7382810540385,14.933932492038437,-1371.517999453797,0.027210884353741496,0.006802721088435374,11.590267251737298,10.471321732149292,11.56827726772535,10.444997386731576,4.284629089738157,0.5385110009992786,150000.0,2900.0
19,30,8,known,3,80.0,3000.0,150.0,2474.9370364421366,105.82565880698071,2472.6735053967504,804.5447004349057,42.970982286938046,803.3963341210787,1.0,1.0,89.0,765.6837186197558,339.3544665728058,57.88365436821729,882.0,882.0,3690.296036750816,132.15805915669395,3687.928834218295,4222.465013074544,-532.1689763237282,41.20400817767329,-533.5564668634356,0.03968253968253968,0.011337868480725623,12.73903106028169,7.065184698307554,12.718918813846624,7.02662122375765,6.529015507610891,0.5383699520025402,150000.0,2900.0
19,31,8,known,3,80.0,3000.0,150.0,1635.4232273998095,78.01758630814828,1633.5612596243398,706.1121115201505,61.701504537315344,703.4111446183357,1.0,1.0,87.0,394.57053075345533,647.6067941916036,51.64683894463444,882.0,882.0,5750.080080208745,173.34106177264295,5747.466729361463,4924.3966276327665,825.6834525759787,77.70768129166568,823.9988049428675,0.023809523809523808,0.006802721088435374,11.225315473995451,8.779455515087797,11.200216970525076,8.74753808616812,8.18684038880178,0.44406069699834916,150000.0,2900.0
19,32,8,known,3,80.0,3000.0,150.0,804.9886479909621,54.97057637274542,803.1095561176976,626.6922360407838,37.77477864888051,625.5527354362904,1.0,1.0,37.0,1375.3102511679413,183.74225727503944,34.71398894055742,882.0,882.0,2815.2606126697483,105.8833629426018,2813.2687448414185,4999.228349727676,-2183.9677370579275,8.345031627331565,-2185.0079948604903,0.05555555555555555,0.013605442176870748,11.305070748972263,13.20414995716649,11.282692277308602,13.183238563230113,2.665128597640035,0.3971977399996831,150000.0,2900.0
19,33,8,known,3,80.0,3000.0,150.0,2194.127364706804,42.67423216664267,2193.7123335716133,1130.6156239433674,31.4129609906954,1130.1791517218178,1.0,1.0,32.0,655.7680193936785,378.649993916489,88.99548441456605,882.0,882.0,3542.254746843755,114.91665210023422,3540.390212195146,4656.278743525112,-1114.023996681357,21.09526254712833,-1114.9432113381372,0.022675736961451247,0.005668934240362812,11.646240815665527,6.636685319046471,11.623936798054054,6.593592231234445,6.6717317767762765,0.4872768499990343,150000.0,2900.0
19,34,8,known,3,80.0,3000.0,150.0,1341.1394229757043,46.05976630039593,1340.3482569048826,493.9774839727973,42.7407744756049,492.12496468815795,1.0,1.0,45.0,1857.732529075166,131.87584005387578,53.53764340647805,882.0,882.0,2675.421175053003,106.14889462945202,2673.314586069312,4473.75325922825,-1798.3320841752466,12.304550898345724,-1799.4542950159903,0.06802721088435375,0.023809523809523808,11.491135922339716,12.418723051882568,11.467061370710919,12.396439192487541,2.692931032316798,0.38298263999968185,150000.0,2900.0
19,35,8,known,3,80.0,3000.0,150.0,1797.699430891029,29.480769281927074,1797.4576846391894,1065.450029386903,31.43414459745275,1064.9862251099678,1.0,1.0,40.0,1860.6661125307417,136.54686745793876,57.95146025394393,882.0,882.0,2435.618390048344,113.6758752965586,2432.9641874300673,5502.519999076381,-3066.9016090280375,14.990238127478776,-3068.6707954865637,0.06349206349206349,0.024943310657596373,12.1040032148254,11.565898091570084,12.0824937378935,11.536230710587857,2.632327350160088,0.35094581299927086,150000.0,2900.0
19,36,8,known,3,80.0,3000.0,150.0,2111.2567606216285,68.67798766738345,2110.1394369283967,1096.9561313185923,47.28949707330333,1095.9363382532795,1.0,1.0,42.0,788.1785722556655,298.7958024992821,46.85097130104641,882.0,882.0,2989.7008226846665,112.6942973464931,2987.576108571454,4727.8441888499865,-1738.14336616532,16.96495856069039,-1739.2988176073868,0.03968253968253968,0.01473922902494331,11.619484433347445,7.908696375375859,11.597433032504126,7.874141414684875,4.725337591656156,0.4165894889993069,150000.0,2900.0
19,37,8,known,3,80.0,3000.0,150.0,704.0647772195169,83.7114899217595,699.0705236070587,653.5052261815529,42.89396541018674,652.0959962904175,1.0,1.0,93.0,1247.5111058115288,200.5976465308703,58.32622923625253,882.0,882.0,3087.799890781278,103.34310400749185,3086.07005240694,4398.555240851802,-1310.7553500705244,8.23785215845568,-1311.4568887152618,0.05328798185941043,0.017006802721088437,12.03447985327723,11.817926348390758,12.010217403141551,11.792747614957989,3.2660127925083726,0.554505166997842,150000.0,2900.0
19,38,8,known,3,80.0,3000.0,150.0,1966.4240772553223,49.94668196012955,1965.7896582723747,1294.9305564232532,49.262611732231306,1293.993176583229,1.0,1.0,38.0,1334.911818654123,188.8884479335557,45.07961591030183,882.0,882.0,2548.6492349305972,105.49838672039897,2546.4648069650816,4351.882086617242,-1803.2328516866446,14.746061002912711,-1804.470921265905,0.0691609977324263,0.031746031746031744,11.486957084813394,9.543241179356835,11.464905640697744,9.513411587629959,3.3382909263097487,0.4578969150024932,150000.0,2900.0
19,39,8,known,3,80.0,3000.0,150.0,1459.03445956324,65.1572311192859,1457.5788450117764,477.3399277772681,30.26811817294002,476.3793107101488,1.0,1.0,101.0,344.3762568403557,740.1765513413505,43.99305985785805,882.0,882.0,6246.895253149162,160.8888467189025,6244.8230625710285,4898.221638807043,1348.6736143421194,64.51175137006459,1347.5496703281915,0.01473922902494331,0.003401360544217687,11.848720602955614,8.362995203405807,11.827053295007701,8.331609712384141,9.337108149071296,0.537174168999627,150000.0,2900.0
20,0,8,known,3,130.0,3000.0,150.0,2634.330405314388,176.0475499125544,2628.4413526905355,1687.9535129694746,88.90334130106527,1685.6106483561073,1.0,1.0,47.0,2301.5481472083084,110.55865724674139,115.9493029457644,882.0,882.0,3238.536454838589,180.86709035319808,3233.481941335944,7464.79744036665,-4226.260985528061,33.281071975943945,-4229.85639970716,0.036281179138321996,0.006802721088435374,11.519094829885617,10.054192780175494,11.497044347487687,10.021881504490509,2.477754249201787,0.5185971739992965,150000.0,2900.0
20,1,8,known,3,130.0,3000.0,150.0,3118.1507610483804,187.10904093937606,3112.5318272148384,1430.7021323515103,90.97065251323548,1427.8070359458502,1.0,1.0,36.0,2785.6303666019144,90.36150880457579,83.25108693924558,882.0,882.0,2399.526236147114,182.03330730883945,2392.6115507930954,7962.799499787792,-5563.273263640678,27.354707248351474,-5568.685479496884,0.04195011337868481,0.005668934240362812,10.821629001924903,8.01596468227454,10.797587011642548,7.980040828307055,2.3026416477387874,0.4954934429988498,150000.0,2900.0
20,2,8,known,3,130.0,3000.0,150.0,2531.4154179725665,106.64720895084946,2529.16792466855,1468.8223289307332,77.40905899119004,1466.7811259869693,1.0,1.0,28.0,1106.7921048667715,232.4758472360538,56.68047425829174,882.0,882.0,3000.1849463485814,164.27601157541125,2995.6840795246612,7987.660502787782,-4987.475556439201,7.7356248269533125,-4990.442354179768,0.035147392290249435,0.006802721088435374,11.494017617075762,6.431141707880702,11.471972404666278,6.386559981530599,3.5885301225539465,0.450536551001278,150000.0,2900.0
20,3,8,known,3,130.0,3000.0,150.0,1570.4118464508692,54.8758119209847,1569.4527749311992,1123.657584913491,37.13516339485142,1123.043787113066,1.0,1.0,101.0,1422.237533281608,171.6177596411827,98.78494927799166,882.0,882.0,3861.829184586775,173.41325515929813,3857.933707810596,7552.092915443423,-3690.263730856648,24.38823420736162,-3692.6887133293353,0.03968253968253968,0.005668934240362812,11.610914827338906,11.963279996331353,11.588531601309816,11.934213990949715,2.4831299068553876,0.5145342060022813,150000.0,2900.0
20,4,8,known,3,130.0,3000.0,150.0,1220.8753060347983,72.14272549898693,1218.7419497347012,977.5815802849086,59.438550685619255,975.7729268660471,1.0,1.0,40.0,1467.2719489942244,174.60348372347462,104.99804413810303,882.0,882.0,3089.6953826426934,155.39284905612587,3085.7852517610163,6748.834787650584,-3659.1394050078907,3.36766367865215,-3661.3370484506568,0.035147392290249435,0.005668934240362812,12.141198653380524,10.466905758714436,12.120179166977547,10.442362304312422,2.270669871943993,0.39374094800223247,150000.0,2900.0
20,5,8,known,3,130.0,3000.0,150.0,2983.333546536933,197.60217727531804,2976.7822274107807,1292.527687241363,108.848349359888,1287.9362791408334,1.0,1.0,50.0,2666.9759642986924,95.45036743205566,87.60541624163491,882.0,882.0,3292.05206484799,198.58258287448658,3286.0571747078307,7381.842146180113,-4089.7900813321226,53.2774815672617,-4094.354731050215,0.017006802721088437,0.0022675736961451248,11.469630971840656,10.019723352212917,11.446292782801022,9.981028135897636,2.5273629352565674,0.452486283997132,150000.0,2900.0
20,6,8,known,3,130.0,3000.0,150.0,1774.256436881083,104.6618611834677,1771.1667901774717,1158.1236658884104,76.53730579616993,1155.591825132159,1.0,1.0,98.0,1108.209039303868,229.0708677248253,113.6686321918608,882.0,882.0,3256.944992431839,152.03432337868028,3253.3945730946343,7690.757789255286,-4433.812796823448,-1.2926868647161882,-4435.834660119881,0.030612244897959183,0.005668934240362812,12.307954679307912,8.630736816814494,12.287319887380992,8.597342036838823,2.9028139254457517,0.4937771149998298,150000.0,2900.0
20,7,8,known,3,130.0,3000.0,150.0,1845.207176447093,74.15768137306735,1843.716399641014,1293.8870074877957,63.73980300936784,1292.3160703396245,1.0,1.0,32.0,1186.5062066087594,212.6062525933196,97.76404423036668,882.0,882.0,3727.9802794138054,152.36716403330948,3724.8652607876547,7623.408914044942,-3895.428634631137,4.280038914941599,-3897.1051979660433,0.026077097505668934,0.0045351473922902496,11.628553262455057,8.403730717092516,11.606406653404694,8.37218320283587,3.4123858016749553,0.4870279200004006,150000.0,2900.0
20,8,8,known,3,130.0,3000.0,150.0,2635.4269385088005,126.44851341576073,2632.3916733025903,1693.8208736856395,67.74995352815662,1692.4653898765896,1.0,1.0,42.0,1188.5848603958411,213.41898587929876,82.9862049324375,882.0,882.0,2757.4966519829513,149.55730302164872,2753.4379235439606,7260.782544091502,-4503.285892108551,2.801688160460543,-4505.861349945912,0.03968253968253968,0.007936507936507936,11.635398066252009,6.535844066784408,11.613665895031232,6.493046660195931,3.245412909307227,0.3983098210010212,150000.0,2900.0
20,9,8,known,3,130.0,3000.0,150.0,2375.8504970212184,143.4020840465083,2371.5188016305265,947.693395443807,69.17836910941496,945.1651310830154,1.0,1.0,38.0,2357.0461171643824,104.94626574617169,86.52452847040972,882.0,882.0,3956.5059476737133,207.52158830699443,3951.0598710173977,6837.07379566165,-2880.567847987937,55.69514385443969,-2884.3279612923466,0.021541950113378686,0.0045351473922902496,11.425069915203474,9.339896464770439,11.401718513389211,9.30719191049208,3.258565151203706,0.3882459160013241,150000.0,2900.0
20,10,8,known,3,130.0,3000.0,150.0,4344.7587930142245,216.54179516464006,4339.359240766002,1662.7676377692203,69.93553501280643,1661.2962523749657,1.0,1.0,28.0,1779.3078381171617,141.6831082376375,86.07307672747521,882.0,882.0,5983.62316383164,256.92700783877206,5978.104605925325,7992.959807261383,-2009.3366434297423,105.51492552752086,-2013.4209594361519,0.007936507936507936,0.0,11.366977575167223,4.174424389068278,11.343019583466807,4.108515200957365,11.026159824944376,0.5094201889987744,150000.0,2900.0
20,11,8,known,3,130.0,3000.0,150.0,2447.507961768481,94.70857476287864,2445.674857536563,1416.3972263015119,43.247445168434595,1415.7368262360837,1.0,1.0,36.0,1103.492498797657,222.07551079184398,93.27406113287866,882.0,882.0,4129.6779001264995,170.8184033476666,4126.143554442933,7183.864950973946,-3054.1870508474467,24.273611047111217,-3056.226545856932,0.024943310657596373,0.0022675736961451248,11.14875917113189,5.991963286010336,11.125695154286795,5.942674129260322,5.301560033263755,0.5066113130014855,150000.0,2900.0
20,12,8,known,3,130.0,3000.0,150.0,2623.523526131393,164.94553547503276,2618.3331840107267,580.5956929424666,84.30433652002242,574.4424579601178,1.0,1.0,92.0,2610.318406315395,99.06536617063603,105.56646179032145,882.0,882.0,3236.0105114025964,199.98885189703367,3229.8248387528697,6803.202952036912,-3567.192440634316,50.027725153235195,-3571.725136588742,0.030612244897959183,0.006802721088435374,12.212720870439682,9.372973671433833,12.191811932097634,9.325779553605997,2.6557621328987286,0.49037837700234377,150000.0,2900.0
20,13,8,known,3,130.0,3000.0,150.0,2134.9935193286206,128.25207815040466,2131.1378960605325,878.6056774943374,60.410694424525154,876.5263741179898,1.0,1.0,80.0,748.8937662899151,345.45594925762873,104.28723328788872,882.0,882.0,5214.590883548027,186.23239537459295,5211.264297432556,7336.712768595468,-2122.1218850474415,35.793131327969064,-2123.90593076971,0.017006802721088437,0.0045351473922902496,11.270537143487465,6.679273792128843,11.247692314393039,6.638181305445997,6.005478861043864,0.5457059649997973,150000.0,2900.0
20,14,8,known,3,130.0,3000.0,150.0,1844.4509700213976,60.457182608496815,1843.4598747691575,708.7816358927856,60.445909944315304,706.1994756085968,1.0,1.0,39.0,2154.465658689988,115.00752282876915,64.92488738286308,882.0,882.0,3879.8421141044187,186.6046106873023,3875.352054929782,8190.049419758325,-4310.207305653907,27.181310506435324,-4313.145591735515,0.023809523809523808,0.0022675736961451248,11.697514633331064,10.842799273163443,11.675485532119234,10.812878787234212,2.7525123897785986,0.48446345800039126,150000.0,2900.0
20,15,8,known,3,130.0,3000.0,150.0,1741.3498052424977,140.18616791999054,1735.697837338629,1213.2499763330602,80.66170906560316,1210.5656503316075,1.0,1.0,33.0,1758.076731904898,142.2361324713111,63.52974055112028,882.0,882.0,3029.0207078361573,162.8178464905561,3024.641598167365,7601.07384474909,-4572.053136912933,11.566968566366683,-4574.927255738487,0.03968253968253968,0.005668934240362812,11.902762540382573,9.752001760606714,11.881411299989843,9.723684343882777,2.38926938930308,0.35770917300033034,150000.0,2900.0
20,16,8,known,3,130.0,3000.0,150.0,998.9511253095138,74.59569440421859,996.1620516429525,819.7366429635508,63.75216803878447,817.2538313691203,1.0,1.0,82.0,1177.4184706672715,216.1904197537268,106.03084524795402,882.0,882.0,4515.777085905381,151.61759403691252,4513.231081472181,8580.373872521677,-4064.5967866162964,-8.918496613304569,-4065.640869772423,0.01927437641723356,0.0045351473922902496,11.889778658673634,10.324177052008455,11.868261742071226,10.297655269399616,3.364602005532162,0.4388146469973435,150000.0,2900.0
20,17,8,known,3,130.0,3000.0,150.0,3258.705178861473,139.98984144869374,3255.696897290925,1711.8933804161757,66.46887447573171,1710.6024770935678,1.0,1.0,34.0,2685.5807098632863,96.7008582964726,76.52705417137136,882.0,882.0,2969.944629317911,170.3109420543495,2965.0573829575146,7084.246681507398,-4114.302052189487,27.055601850372568,-4117.740718919427,0.03968253968253968,0.009070294784580499,11.917140740008541,8.569396092027345,11.895906084494317,8.515867981248942,2.665967084784997,0.3753911669991794,150000.0,2900.0
20,18,8,known,3,130.0,3000.0,150.0,1024.1431055575047,79.0529469475437,1021.0875242798137,725.2793533674934,60.629516583080054,722.7407572152489,1.0,1.0,66.0,1349.348573831044,187.27973178811777,98.1162987850105,882.0,882.0,5459.429498043525,155.855132306348,5457.204377869822,9453.32797228295,-3993.898474239425,-7.490416310335689,-3994.7122522795553,0.02040816326530612,0.0045351473922902496,11.732865099473113,11.272020874727673,11.710533597260458,11.246717118479499,3.7256506167024224,0.43280523199791787,150000.0,2900.0
20,19,8,known,3,130.0,3000.0,150.0,1389.5944631116738,63.52965891201435,1388.1414749041771,1263.8368424260302,49.46340532706113,1262.8685346491332,1.0,1.0,105.0,959.4024032516459,256.7684581283987,93.99958717717774,882.0,882.0,2952.2037089447244,152.80720018418987,2948.246376861822,9041.230949744047,-6089.027240799323,-9.584855673217533,-6091.526070871807,0.05102040816326531,0.01473922902494331,11.18825208231589,8.64828509020344,11.162917087682766,8.617948259596535,2.625868488690235,0.3919871200014313,150000.0,2900.0
20,20,8,known,3,130.0,3000.0,150.0,2317.685092054424,84.56027634863999,2316.14199599143,1155.0947119665375,54.18386863549492,1153.8231675576417,1.0,1.0,34.0,2283.559583435562,115.62267241967294,102.84769640523896,882.0,882.0,3379.0702093118366,195.6718206881609,3373.4000678910465,8629.823143781576,-5250.75293446974,34.224418666601565,-5254.912758457371,0.030612244897959183,0.007936507936507936,11.802301122636717,10.49774748868289,11.780601373821845,10.467231874206941,2.4760404831568703,0.3521275940001942,150000.0,2900.0
20,21,8,known,3,130.0,3000.0,150.0,2885.084753484865,131.19451247335522,2882.1002818583015,1048.3577807925294,43.59540491967648,1047.4509426307882,1.0,1.0,63.0,906.4498107999445,294.81835218681823,91.54680564600854,882.0,882.0,5163.565190906781,215.42260138203278,5159.069546299796,7573.929254213558,-2410.364063306777,65.50610953398288,-2413.3758574851618,0.02040816326530612,0.0011337868480725624,11.92208396940256,6.203471837161014,11.900753236797184,6.158458326929617,6.402823012721534,0.3914796530007152,150000.0,2900.0
20,22,8,known,3,130.0,3000.0,150.0,4105.389288838041,233.3645882035686,4098.7512954409285,2352.1329756921887,96.7362923225172,2350.142894610088,1.0,1.0,36.0,1906.1078118622183,136.0614059977223,119.9970602407443,882.0,882.0,3857.429026933418,200.2635356246474,3852.2270460251443,8086.032621421154,-4228.603594487736,46.5579986763932,-4232.344566781467,0.023809523809523808,0.006802721088435374,11.544885964985621,5.193220149887049,11.521098983369328,5.134280772844505,5.713705585359457,0.38780204800059437,150000.0,2900.0
20,23,8,known,3,130.0,3000.0,150.0,1946.9223750723768,81.48494217067886,1945.2164246573966,658.5078287263202,61.64025247705579,655.6165340871274,1.0,1.0,129.0,406.50748936478874,626.8563362263963,125.67786715717914,882.0,882.0,6703.586710046355,213.583653762932,6700.183340921006,7101.56881638011,-397.9821063337549,60.61613727537204,-399.7378271400903,0.015873015873015872,0.0045351473922902496,11.197223446236123,6.959668860489714,11.174606615746178,6.9189523432133235,7.409267976596341,0.4745215709990589,150000.0,2900.0
20,24,8,known,3,130.0,3000.0,150.0,839.7515173290966,32.64231640454499,839.1168512407945,581.0083175572455,30.268997122581546,580.2193144698772,1.0,1.0,142.0,1429.8112028485532,174.68903134476088,113.51591289364166,882.0,882.0,4342.502801997197,156.96915348553142,4339.664879942637,8275.041072403304,-3932.5382704061076,0.4822865853215603,-3933.8964216039585,0.034013605442176874,0.006802721088435374,11.694202703912232,13.197006690863436,11.669290639196621,13.177017608876298,2.5311700213652952,0.47358570199867245,150000.0,2900.0
20,25,8,known,3,130.0,3000.0,150.0,3497.5243882171617,180.02509721766876,3492.888176072289,1237.104033064446,68.07469053574151,1235.2296244556237,1.0,1.0,38.0,3113.3199314903914,79.86617392974155,95.1912550598117,882.0,882.0,3045.8674942153502,200.32861434045307,3039.272485084898,7899.732592931666,-4853.8650987163155,41.75206399471236,-4858.868341559515,0.034013605442176874,0.011337868480725623,12.450972915542913,7.918196697983001,12.428553012218964,7.877049150282227,2.958975490148021,0.4071509050008899,150000.0,2900.0
20,26,8,known,3,130.0,3000.0,150.0,2174.7667359580396,91.7857449015688,2172.8289699979723,1815.2271682364158,61.60742786642292,1814.1814124103687,1.0,1.0,30.0,1468.3577807540864,165.99725499795272,95.42579662600888,882.0,882.0,2758.105008564361,153.45026969896995,2753.833011095104,8244.308571405321,-5486.20356284096,-2.0012252350268795,-5489.009863379091,0.03968253968253968,0.011337868480725623,11.178887441041223,8.145646512871746,11.150831511270223,8.11079627751198,2.604605090589948,0.5426470970014634,150000.0,2900.0
20,27,8,known,3,130.0,3000.0,150.0,1356.0159055814281,29.019337636628492,1355.7053567176579,992.1124506191251,25.160258879109524,991.7933635826679,1.0,1.0,44.0,849.2178726683815,294.57287691414155,102.24350513613417,882.0,882.0,3869.005358791416,141.5877646721669,3866.4137610002153,7630.1368663966905,-3761.1315076052747,-13.262096998004694,-3762.1516428150153,0.030612244897959183,0.005668934240362812,12.317082340103209,8.138488914349466,12.296282735718025,8.104576302910912,3.6568925750499504,0.2926522000016121,150000.0,2900.0
20,28,8,known,3,130.0,3000.0,150.0,2238.7635079977213,77.66389271438825,2237.41600166592,1187.6295683039666,44.56171905758336,1186.793261147239,1.0,1.0,41.0,1029.4197479265813,235.99891050708862,80.0924652810744,882.0,882.0,3515.871067093526,167.01774164272098,3511.901825849056,8056.940918959462,-4541.069851865936,10.386150570145332,-4543.516444872918,0.03741496598639456,0.011337868480725623,11.60330965191405,6.741722878696972,11.580382878353674,6.697604210648658,4.011609872014322,0.26202271999864024,150000.0,2900.0
20,29,8,known,3,130.0,3000.0,150.0,2174.5730978039683,91.86064762213499,2172.6319934842136,732.4948469243805,55.533419435426566,730.3867058596978,1.0,1.0,105.0,2175.7822655623286,118.53349101842046,106.8677024046932,882.0,882.0,4884.588879422054,216.85751029432302,4879.7726731070725,7365.436085776426,-2480.8472063543722,61.32523502083808,-2484.021080455408,0.02834467120181406,0.005668934240362812,12.1963566146465,11.416189061584108,12.17559297876045,11.384737761812188,3.291270003347785,0.2907931939989794,150000.0,2900.0
20,30,8,known,3,130.0,3000.0,150.0,1579.7190188176733,91.26993838083033,1577.0802061918828,1310.286343377471,62.02583978336299,1308.817442136478,1.0,1.0,33.0,1369.7654731699147,185.23105565572672,104.48130611249432,882.0,882.0,2898.8670144098314,150.4590806107941,2894.9597635019254,7709.343879010729,-4810.476864600898,-0.5352396845741509,-4812.90529500025,0.03741496598639456,0.005668934240362812,11.843152024061006,9.130175703981651,11.821656957417947,9.102283442203255,2.442338215265369,0.517229758999747,150000.0,2900.0
20,31,8,known,3,130.0,3000.0,150.0,4779.170244625131,255.9320474933873,4772.312543639203,1319.7942643904514,94.43063353488992,1316.411696912532,1.0,1.0,35.0,3852.926644272071,66.79715180208521,87.28142216339391,882.0,882.0,3099.030758688408,232.87115070005706,3090.2690288174717,7707.336995784229,-4608.306237095821,75.98974003354746,-4615.471155588666,0.027210884353741496,0.007936507936507936,11.807445764184802,5.955781496187846,11.781959860970742,5.879022476098363,4.002614628997986,0.4866763690006337,150000.0,2900.0
20,32,8,known,3,130.0,3000.0,150.0,2124.8124391716365,105.86473674420665,2122.1735459600377,895.278171045536,60.46167170099552,893.23423009072,1.0,1.0,301.0,726.0577501216883,355.50965981933706,100.05595462794892,882.0,882.0,5061.99589337288,222.76803290689057,5057.091736169979,8030.824452645201,-2968.8285592723205,68.16234351670604,-2972.2443802229727,0.022675736961451247,0.005668934240362812,12.444012305425595,8.297380806740868,12.42255736196994,8.260215427402525,4.692858006153968,0.5009590049994586,150000.0,2900.0
20,33,8,known,3,130.0,3000.0,150.0,2332.1537449474317,147.89885717194173,2327.459348328035,1821.8698897257193,73.48295829033381,1820.387362604483,1.0,1.0,38.0,1367.6102654606755,187.62651618828696,93.4143093282009,882.0,882.0,3783.0980188811313,164.447368230334,3779.5221501592573,7346.043243325206,-3562.945224444075,19.959008477680328,-3565.099994423805,0.011337868480725623,0.0045351473922902496,11.792115527717566,8.295343287509617,11.770019467123454,8.264390555874101,3.508083147711394,0.2579376210014743,150000.0,2900.0
20,34,8,known,3,130.0,3000.0,150.0,4271.221984893601,164.53796630038968,4268.051604875949,1411.4213817134726,81.71155316441907,1409.054129136786,1.0,1.0,31.0,1569.231028493869,163.70772685984315,89.35721586469546,882.0,882.0,4588.51033450506,237.9407989711429,4582.33687827998,7007.334869842954,-2418.8245353378934,88.4279302374828,-2423.402760059429,0.01473922902494331,0.005668934240362812,11.911961140557098,4.936368860453812,11.889925798224922,4.873222112843824,7.150242281348025,0.3761176109983353,150000.0,2900.0
20,35,8,known,3,130.0,3000.0,150.0,4818.687842360843,297.302297556909,4809.507653178606,1592.804777522574,120.10226135429583,1588.2702874877186,1.0,1.0,25.0,3855.5383060876416,65.60885785525782,118.23910664215927,882.0,882.0,3278.4139111023937,232.0481726019076,3270.1913427354384,7396.05871838126,-4117.644807278866,85.49075357157591,-4124.415170708709,0.027210884353741496,0.0045351473922902496,11.333827861594127,5.422680503617174,11.309317989416336,5.3522251091266995,4.650572448463367,0.38998500700108707,150000.0,2900.0
20,36,8,known,3,130.0,3000.0,150.0,1078.1768894974998,61.70062323247308,1076.4099767928706,682.0082332078985,45.5130275591338,680.4879091400234,1.0,1.0,103.0,1348.4844453898081,196.4540065747421,105.0314933651452,882.0,882.0,6231.135184934486,190.58335159695238,6228.2199446569475,7447.213155858012,-1216.0779709235267,39.33626254067539,-1217.4571976073248,0.031746031746031744,0.006802721088435374,11.385371602962904,14.183362106651575,11.363227754118018,14.16212126160551,3.379439145278683,0.5152806320002128,150000.0,2900.0
20,37,8,known,3,130.0,3000.0,150.0,3481.582804118457,155.85440059879363,3478.0926134517076,1644.6316991746555,78.89442034440445,1642.7382921112649,1.0,1.0,19.0,3041.1729688437777,83.28528844388707,93.78930282587055,882.0,882.0,2767.4073534361173,194.48803631576718,2760.564772575049,7779.333650499327,-5011.92629706321,40.797044802096934,-5017.250545682304,0.045351473922902494,0.01020408163265306,11.418291079212654,8.263123003649897,11.396154032021336,8.224262407303925,2.576235263977376,0.3881214770008228,150000.0,2900.0
20,38,8,known,3,130.0,3000.0,150.0,1096.3042163227635,79.20532439227796,1093.4392764643962,733.5367063655847,62.73734241724256,730.8489074029541,1.0,1.0,233.0,829.4710418419872,305.0480284448592,100.15309099805707,882.0,882.0,4932.544574480011,147.60792029326137,4930.335473484425,7507.5389904057265,-2574.9944159257157,-2.204109709021054,-2575.7086276469317,0.023809523809523808,0.011337868480725623,11.896755222161815,9.81531324446697,11.875192078406513,9.788069977830567,3.865658652749769,0.5763127550017089,150000.0,2900.0
20,39,8,known,3,130.0,3000.0,150.0,2518.3053694305013,96.7484054734117,2516.446240184925,1182.5985048781936,48.93487345037135,1181.5856303715507,1.0,1.0,57.0,1015.0456075621772,247.18344926620563,92.49974882202544,882.0,882.0,3620.233944480299,186.8957796288617,3615.4064474584743,8069.907402913593,-4449.6734584332935,30.98766142297515,-4452.994766553946,0.032879818594104306,0.0045351473922902496,11.194251751713452,6.727150356572919,11.170913172997448,6.683505841479631,4.139635944344508,0.3161139830008324,150000.0,2900.0
21,0,8,known,3,180.0,3000.0,150.0,2258.0896215196717,171.46597383284595,2251.570154055256,1512.032331442121,159.97195864113584,1503.5460564195612,1.0,1.0,60.0,1387.0149096045157,179.13291851219103,141.24831673695002,882.0,882.0,4364.423602029918,217.83508799926798,4358.983970192153,10249.785091347596,-5885.361489317678,18.89565135233073,-5888.870318358112,0.01927437641723356,0.0045351473922902496,11.433915544324947,6.997859367110689,11.411613860565916,6.955602278287946,3.4648878345587897,0.3350359629985178,150000.0,2900.0
21,1,8,known,3,180.0,3000.0,150.0,2363.624825902013,109.32683467996388,2361.0950766199953,546.2636972222765,66.81116589355436,542.1626093847628,1.0,1.0,104.0,2407.722346011594,102.6886599576493,171.82155149159465,882.0,882.0,5657.949282260253,281.04234158549804,5650.964986873078,10589.228433310094,-4931.279151049841,68.42293977427508,-4936.128655992106,0.01473922902494331,0.0022675736961451248,11.473517630500082,10.054083595474102,11.45152413458273,10.025774218191064,3.1263964805566435,0.4021059400001832,150000.0,2900.0
21,2,8,known,3,180.0,3000.0,150.0,2629.3507716725526,107.19281652226097,2627.1648559961122,1137.0225779293703,93.21473130012889,1133.195197920374,1.0,1.0,63.0,758.800522861109,339.913761623465,126.85282909783483,882.0,882.0,4809.18576208538,237.11828075438203,4803.336612728366,10858.093112945253,-6048.907350859873,22.721738325428817,-6052.639629507228,0.013605442176870748,0.0022675736961451248,11.87161763577146,6.4839923705614435,11.84731639092455,6.441593471131236,4.120562941985487,0.3523204730008729,150000.0,2900.0
21,3,8,known,3,180.0,3000.0,150.0,3806.736664233475,181.10626439338796,3802.4261402184893,977.0434230758561,83.7049505054567,973.4512477965527,1.0,1.0,80.0,3342.2042571511574,76.95926379882792,121.55690271919882,882.0,882.0,3642.38418080276,294.645408835248,3630.447163038529,9620.108444935826,-5977.724264133066,80.64464036473328,-5987.280747617897,0.017006802721088437,0.0045351473922902496,12.240427349895256,6.735869920157702,12.219687592281058,6.683887080495532,3.0041357554382055,0.3155985970006441,150000.0,2900.0
21,4,8,known,3,180.0,3000.0,150.0,4693.409908096362,214.2448310720075,4688.517432811361,1433.6786390023128,93.4903373061431,1430.6271340785856,1.0,1.0,47.0,3740.1602840854057,68.87774829000764,95.0930976842212,882.0,882.0,4318.438134831578,333.6928484710665,4305.526333358897,9733.207101382015,-5414.768966550437,127.56729163619892,-5425.497905292077,0.013605442176870748,0.0011337868480725624,12.309906350093755,6.301534324340192,12.288800304576679,6.238461311489004,3.8072192796948037,0.3294533340013004,150000.0,2900.0
21,5,8,known,3,180.0,3000.0,150.0,2186.0272077751656,96.29208597191764,2183.9053979768596,1343.97771824903,58.253130723179865,1342.714668092524,1.0,1.0,35.0,2158.268201261207,112.4246204194547,138.90019568212182,882.0,882.0,3719.484363881926,224.817118581272,3712.683826607775,12350.043937620667,-8630.559573738741,3.645556031996364,-8635.37951956439,0.02040816326530612,0.0022675736961451248,11.234216668295375,9.372668249101608,11.209132187016207,9.342395565914183,2.2046872323200954,0.2787372049970145,150000.0,2900.0
21,6,8,known,3,180.0,3000.0,150.0,3447.880892692645,137.6453913331253,3445.1322756085556,1847.21384062062,85.18108989552427,1845.2488056911434,1.0,1.0,45.0,1382.9881026690657,174.817416148549,154.08214713011455,882.0,882.0,5033.673816055773,234.01394793715056,5028.231255483021,11792.026885013425,-6758.353068957652,8.96357136773699,-6761.6478950802,0.01020408163265306,0.0011337868480725624,11.71441150074777,5.395473951244512,11.691365171451958,5.343275952755167,5.183020951698387,0.2967837549986143,150000.0,2900.0
21,7,8,known,3,180.0,3000.0,150.0,3146.790065345655,137.27127089058303,3143.794572415029,849.9507761084619,60.52747956072812,847.7928674065396,1.0,1.0,47.0,2829.173514208099,91.73402055577282,136.40021833949984,882.0,882.0,4807.076094633841,286.8806892914679,4798.508106663133,9869.552154837404,-5062.476060203562,92.6557449896402,-5069.132766821601,0.018140589569160998,0.005668934240362812,11.171802865376486,8.734179735603956,11.149261688781896,8.69773540089771,3.0576401118306804,0.28581552600007853,150000.0,2900.0
21,8,8,known,3,180.0,3000.0,150.0,970.1307612619188,171.71114879917795,954.813581451739,705.5861394956873,105.26460119048072,697.6898766534001,1.0,1.0,74.0,1513.4907724782165,169.48529664765613,109.73687010579803,882.0,882.0,6747.7519572449355,246.63949807483868,6743.242946423646,11129.002377635523,-4381.250420390587,29.311896529318005,-4383.637237842901,0.018140589569160998,0.0011337868480725624,12.661454648179271,12.916195677119827,12.639245403906147,12.895893459954506,2.9023647373188672,0.2852441210015968,150000.0,2900.0
21,9,8,known,3,180.0,3000.0,150.0,1545.8406190821893,141.42255943917434,1539.3579438473948,523.2353712098183,92.54088341112441,514.9868334069959,1.0,1.0,379.0,473.71901690784557,530.112704831023,171.19621117559694,882.0,882.0,10080.398519493214,290.0748715768983,10076.224038829258,10342.401125774813,-262.0026062815996,86.71434422506718,-264.17757534140947,0.011337868480725623,0.003401360544217687,11.161044923517828,8.1171740781902,11.138466444184822,8.081193250554346,6.899225451829998,0.5058890969994536,150000.0,2900.0
21,10,8,known,3,180.0,3000.0,150.0,2570.553519660864,189.85982789606783,2563.5324540937904,1350.2362872213173,73.40309241896458,1348.2395993860068,1.0,1.0,34.0,1201.6758743570617,206.1034527410187,112.07807632217376,882.0,882.0,4702.28760376656,237.4567223183249,4696.288216619855,10153.256484902611,-5450.968881136051,28.667353829123243,-5454.821291597599,0.018140589569160998,0.0022675736961451248,11.587311184139542,6.800033595087926,11.565355982679055,6.759583284551923,3.8417192585336855,0.27304620200084173,150000.0,2900.0
21,11,8,known,3,180.0,3000.0,150.0,1538.9902821948356,95.93682246235038,1535.9971402271447,1156.115384772953,68.0382974679599,1154.111594685009,1.0,1.0,54.0,1527.6045641297137,162.01614112081614,122.15151443978127,882.0,882.0,4868.730503327895,228.70995542331232,4863.355680014137,10925.949997702297,-6057.219494374402,13.836362094217748,-6060.481223344531,0.018140589569160998,0.0022675736961451248,11.55682838528597,10.946328650372958,11.534883696050997,10.918876086860049,2.471011392056505,0.3145927559999109,150000.0,2900.0
21,12,8,known,3,180.0,3000.0,150.0,997.3879130472031,113.46602580000196,990.9127661312111,688.1901830252121,90.69842660066901,682.1873081672204,1.0,1.0,91.0,1434.8500177676622,175.02134564691173,120.5425184670502,882.0,882.0,6085.69823696006,206.44554228934177,6082.19559611557,11423.402559017713,-5337.704322057653,-2.6277892462336183,-5339.293552301683,0.013605442176870748,0.0022675736961451248,11.515134365126476,12.206430430558544,11.490916128869022,12.18548580503854,2.7698052139089655,0.5539139579996117,150000.0,2900.0
21,13,8,known,3,180.0,3000.0,150.0,4800.227629424021,301.6805963852058,4790.738368148528,1996.362736565858,126.80637594981289,1992.3313778001882,1.0,1.0,41.0,1828.9090148042105,143.656425501368,168.8936066947754,882.0,882.0,5152.1493967879505,303.1139423779515,5143.225188999461,10476.680455167842,-5324.531058379891,84.47692320711838,-5331.173658358984,0.01473922902494331,0.0045351473922902496,12.747508654215157,5.206809524207771,12.725994767347592,5.1449615555247945,5.497234356529025,0.25735401999918395,150000.0,2900.0
21,14,8,known,3,180.0,3000.0,150.0,483.80125786993784,139.19669920038274,463.34429536604017,237.14388121868654,75.69183128583215,224.73977635492037,1.0,1.0,208.0,824.2229152303195,302.9275750742811,126.69787937377316,882.0,882.0,11304.527235209109,228.49942698080764,11302.217659532751,11104.465671520054,200.0615636890543,8.19766769660609,199.93748900815626,0.0022675736961451248,0.0,11.823717573700662,10.567978790748809,11.802155900274048,10.543213597258788,5.942756919560875,0.36905485799798043,150000.0,2900.0
21,15,8,known,3,180.0,3000.0,150.0,1925.570008044902,91.73905175413957,1923.3834257020349,1010.6797052658708,53.831659030399706,1009.2450738657792,1.0,1.0,184.0,672.1374653677466,389.3496460174287,144.64114539574274,882.0,882.0,5119.44911827766,196.80967102806926,5115.664690734112,9880.610466781916,-4761.161348504256,0.9636050194372672,-4763.004628294099,0.015873015873015872,0.003401360544217687,12.188581631277948,7.937410220581528,12.167757113249598,7.903599291240054,3.583207015895886,0.34890024999913294,150000.0,2900.0
21,16,8,known,3,180.0,3000.0,150.0,3298.9265001691783,159.08349013995343,3295.0885415544385,1728.2560618083633,101.67278656045322,1725.2627798832227,1.0,1.0,119.0,1434.2223086797146,176.027996963818,123.61157978071684,882.0,882.0,4155.309892708152,249.77822869126405,4147.795937713196,10220.963223664236,-6065.653330956084,36.21549456086791,-6070.935890556277,0.015873015873015872,0.0011337868480725624,11.697447324774053,6.038161166587194,11.675753674213635,5.978099355408227,3.8231929096615267,0.331624209000438,150000.0,2900.0
21,17,8,known,3,180.0,3000.0,150.0,3880.363709983225,197.7240811398816,3875.3229168021817,2061.4004543780247,137.72580110967624,2056.7944566773376,1.0,1.0,28.0,3085.9736432130753,84.3425149165009,137.18279310375692,882.0,882.0,3328.1717823012364,240.10338704174322,3319.4996273591105,10249.424516381227,-6921.25273407999,34.167024776481014,-6927.855794001735,0.02834467120181406,0.005668934240362812,11.649168981457596,8.24677474897668,11.625041234494322,8.205856144221805,2.2420696330163765,0.3149039290001383,150000.0,2900.0
21,18,8,known,3,180.0,3000.0,150.0,1683.3965831690389,87.47423001655294,1681.122337995723,998.745477482565,67.71088832295816,996.4475723260069,1.0,1.0,51.0,694.2673662681372,379.60670200891866,146.45596683867234,882.0,882.0,6785.646675410931,236.5554673743769,6781.522123710186,10182.486203393333,-3396.8395279824026,28.555780998915424,-3398.839432382175,0.009070294784580499,0.003401360544217687,12.080724182439159,8.178406058588486,12.05965474399759,8.143326907939624,4.60946018277339,0.32523129000037443,150000.0,2900.0
21,19,8,known,3,180.0,3000.0,150.0,1713.7810793473964,204.00768621421167,1701.5952667701715,1331.1686847789015,98.70813898846457,1327.5039625678803,1.0,1.0,40.0,938.9635185967728,280.45790498371105,122.7777989314608,882.0,882.0,4358.686311931626,221.568791478416,4353.051072117454,11240.509718193736,-6881.82340626211,13.885869255190755,-6885.5398773132,0.011337868480725623,0.0011337868480725624,12.676635958325445,9.487656448661888,12.655843827528733,9.459937129315477,2.5522555634474835,0.2950673250015825,150000.0,2900.0
21,20,8,known,3,180.0,3000.0,150.0,1131.2039976702595,98.81997946328866,1126.8793617792685,955.4557911536075,88.71710771144654,951.328042080271,1.0,1.0,68.0,1452.6405179318904,175.18939240850395,136.8462716165146,882.0,882.0,4823.836319860087,218.9616445667464,4818.864247829558,11013.350771671072,-6189.514451810985,13.585824814022686,-6192.571443874257,0.01020408163265306,0.0011337868480725624,11.108781795057006,11.909212477920967,11.0859618612921,11.883457380898047,2.250282352050854,0.44691855200289865,150000.0,2900.0
21,21,8,known,3,180.0,3000.0,150.0,2365.6804201939044,123.11325908855228,2362.4747566747465,1580.837811269428,88.00835614447476,1578.3861108068147,1.0,1.0,33.0,1409.7151760236898,181.2371360269035,163.31166753139308,882.0,882.0,4465.5593504492435,256.70285362875325,4458.174958132927,9650.226113661187,-5184.666763211943,45.443104070397766,-5189.738462032329,0.015873015873015872,0.0011337868480725624,11.980368453812414,8.198924526757072,11.958950357093192,8.160437578860439,3.025843569737548,0.310384571999748,150000.0,2900.0
21,22,8,known,3,180.0,3000.0,150.0,1956.0111396025889,129.17967659629227,1951.7408099960137,426.0607819342183,106.48133328815696,412.54031992470016,1.0,1.0,165.0,300.33278078758565,861.069274531384,106.77954705310862,882.0,882.0,21356.515900628205,659.3919328861824,21346.333963766003,9993.934381065677,11362.581519562527,460.89746006043583,11354.370975578735,0.0045351473922902496,0.0011337868480725624,11.470117941115486,7.57220812961199,11.448175780699732,7.535502408001573,15.668786241500895,0.3405934759975935,150000.0,2900.0
21,23,8,known,3,180.0,3000.0,150.0,3110.3716566358407,131.58955648606695,3107.5868501181726,1558.2086770655046,85.74191451725632,1555.8478734687221,1.0,1.0,40.0,1159.932529952852,219.73437844637533,144.65704067591946,882.0,882.0,4015.563750753019,228.76999192517746,4009.0418465209627,10403.442637858056,-6387.8788871050365,16.075920227722293,-6392.22634303495,0.024943310657596373,0.0011337868480725624,12.761207349721474,7.020922540346337,12.741048233222205,6.981011383865614,3.177458143995272,0.2605460550003045,150000.0,2900.0
21,24,8,known,3,180.0,3000.0,150.0,1449.696450120199,130.52737843562136,1443.8082978601522,414.9567423254592,108.35330745526221,400.56043085265287,1.0,1.0,110.0,1809.9169572557907,144.2539013306856,108.93317303927306,882.0,882.0,8462.072620150786,267.30113350467786,8457.849793696545,11215.83526202454,-2753.7626418737545,60.42786394165921,-2756.077443235814,0.011337868480725623,0.0022675736961451248,11.314888275321305,14.250141122462932,11.292430699190849,14.227696220990158,3.299020981784354,0.29891433299781056,150000.0,2900.0
21,25,8,known,3,180.0,3000.0,150.0,2844.516357039483,234.7434336522725,2834.8137197746014,1156.2294770354079,109.36316419777994,1151.0457427410183,1.0,1.0,94.0,906.8198662591956,284.90654639123807,143.72938708811873,882.0,882.0,6902.8374278508545,327.8741605430251,6895.046271794468,10928.698775530887,-4025.861347680033,118.12160341869554,-4031.6394467146038,0.007936507936507936,0.0011337868480725624,12.005333731611959,6.703445735294512,11.984065169135587,6.657603555818113,5.720803648708703,0.3050783520011464,150000.0,2900.0
21,26,8,known,3,180.0,3000.0,150.0,1696.1772950488416,218.7341327889571,1682.0145051075713,1164.6045627323172,116.34791770098377,1158.778214147805,1.0,1.0,57.0,1281.6245987815678,201.48330981411786,143.08857826948295,882.0,882.0,6935.938445444857,253.44346293875466,6931.306408614009,10884.475034300423,-3948.536588855566,48.229898348135436,-3951.233927411269,0.0045351473922902496,0.0011337868480725624,11.418091212004747,10.500451047238574,11.395853474190382,10.47258806520835,3.6696510645336526,0.2862975490024837,150000.0,2900.0
21,27,8,known,3,180.0,3000.0,150.0,2266.4081584199907,84.50241113751049,2264.832285857971,777.5346798110554,79.8840046152661,773.4201472133425,1.0,1.0,84.0,2280.6097509195874,111.0502981421784,169.69422229809908,882.0,882.0,5846.478643199881,294.27201025466195,5839.0681199462815,10459.438678460048,-4612.960035260167,78.47465937465034,-4618.144174533507,0.013605442176870748,0.0022675736961451248,11.41212506128574,9.920226115334335,11.389744657343204,9.888054335702707,3.2741629605053952,0.32600114199885866,150000.0,2900.0
21,28,8,known,3,180.0,3000.0,150.0,2356.9657360404035,151.99491800791492,2352.059741113786,1526.9578224601119,141.2057313169492,1520.414789791053,1.0,1.0,59.0,1408.836769914237,176.95576353813829,115.87831344207787,882.0,882.0,4290.912996988273,231.83789988789522,4284.645322065579,10718.960073890868,-6428.047076902595,21.71599995830198,-6432.255062506282,0.01020408163265306,0.003401360544217687,11.538511431776133,6.983601654339472,11.516270241331295,6.9448291557374855,3.41348300185636,0.29022067899859394,150000.0,2900.0
21,29,8,known,3,180.0,3000.0,150.0,1412.387130389267,94.43482575949261,1409.2265501944685,1018.2809146555062,85.84958927299945,1014.6555421291068,1.0,1.0,46.0,743.2774082940181,344.06369270321585,147.4773842563317,882.0,882.0,5362.519092469839,211.90882937045416,5358.330492339791,10425.680600596323,-5063.161508126484,8.183892861455831,-5065.359455845301,0.01473922902494331,0.005668934240362812,11.223791340532557,7.795039753283707,11.201054711495576,7.761586141768316,3.8218884930501593,0.30570560100022703,150000.0,2900.0
21,30,8,known,3,180.0,3000.0,150.0,3696.407215077561,211.85878407292876,3690.330900514016,1796.3144788941,106.58079085284349,1793.1498102795997,1.0,1.0,52.0,3066.2370033360885,82.237457573379,168.69776567318326,882.0,882.0,3979.384939912906,296.4170993252234,3968.3298002098136,10389.697594489287,-6410.312654576382,84.9335725372934,-6419.215185148077,0.017006802721088437,0.0022675736961451248,11.63219348149157,7.905485856196313,11.610124873266265,7.859443865201831,2.796500368576242,0.27091244400071446,150000.0,2900.0
21,31,8,known,3,180.0,3000.0,150.0,2441.126075158206,86.31778348916588,2439.599507105792,1066.8489354193077,75.41415528638173,1064.1801333363405,1.0,1.0,53.0,2341.7266448196087,108.85967662097848,104.47332465788344,882.0,882.0,4810.441168506689,249.96828716872292,4803.942140687577,11027.753661847932,-6217.312493341243,48.262959914943735,-6221.966701097663,0.013605442176870748,0.0011337868480725624,11.376541731103174,9.250664110712977,11.35419018871716,9.215995474733688,2.888946440874583,0.24831878199984203,150000.0,2900.0
21,32,8,known,3,180.0,3000.0,150.0,3567.9239121103637,192.095204690309,3562.749005324949,1946.2319991938623,98.8870007150695,1943.7181780741043,1.0,1.0,85.0,1609.0102626135042,166.70770188515516,134.4075871733306,882.0,882.0,3844.2182071953375,250.24683185068866,3836.0644086981683,11191.003893187102,-7346.785685991765,34.12321356418025,-7352.852371712152,0.023809523809523808,0.0011337868480725624,12.418654028729634,6.057082243322287,12.397703941349349,6.011134230950623,3.5259167631902204,0.30383086599977105,150000.0,2900.0
21,33,8,known,3,180.0,3000.0,150.0,1254.890237346024,158.40428507868333,1244.8524371406722,843.5684130506432,96.36349038592519,838.0463860774189,1.0,1.0,51.0,1474.4379608186177,171.72552671933698,127.34074250619686,882.0,882.0,4915.035054575575,232.38867173832315,4909.538175119369,11243.091426234607,-6328.056371659032,20.98575669461397,-6331.565579680742,0.022675736961451247,0.006802721088435374,11.266128268323829,10.911695882761496,11.243520419372537,10.88539322336267,2.502429557841305,0.2796316969979671,150000.0,2900.0
21,34,8,known,3,180.0,3000.0,150.0,1962.5366295307792,146.24392343303185,1957.0801560255381,1379.537268951131,115.87517567513635,1374.6621476156974,1.0,1.0,33.0,1910.9141601888693,133.23097448705514,137.7556918852098,882.0,882.0,3827.967284831905,219.51807620397045,3821.6678751512477,11779.059083485852,-7951.091798653947,-0.5797289011840974,-7955.334708207494,0.021541950113378686,0.0045351473922902496,12.127444430935798,9.431112636533843,12.106404914388744,9.399422483872977,2.2549285259675087,0.3408804399987275,150000.0,2900.0
21,35,8,known,3,180.0,3000.0,150.0,2864.3686146028517,139.6459731061635,2860.962523787596,1611.8300875558725,90.43474672165068,1609.2910823514069,1.0,1.0,46.0,2378.313353835033,108.27875780842174,137.4361397762474,882.0,882.0,3706.4755320320082,247.6933134786054,3698.1899480705356,10538.247974537797,-6831.772442505789,39.32316705653162,-6837.997799636412,0.027210884353741496,0.003401360544217687,11.711016931377856,8.968912784803633,11.68896960631926,8.92960626183956,2.2958781323417665,0.41909948000102304,150000.0,2900.0
21,36,8,known,3,180.0,3000.0,150.0,1577.0222947246873,116.39559977575794,1572.7210122623655,1035.8279746187677,88.55637580843566,1032.0355426565955,1.0,1.0,51.0,1892.9247106225637,143.4188552240516,95.71959342189714,882.0,882.0,4658.956995092949,250.40646564903062,4652.222789601406,10515.006872629807,-5856.049877536858,35.179119075134196,-5860.581152294345,0.013605442176870748,0.0045351473922902496,12.691043468437371,11.524409104829349,12.670958910544265,11.501071330942828,2.245936792224483,0.43114007400072296,150000.0,2900.0
21,37,8,known,3,180.0,3000.0,150.0,2409.319853388849,119.85291118753989,2406.336933102581,1535.9519358325906,77.35354776860181,1534.002861091039,1.0,1.0,80.0,2069.4483767912943,121.15698064786639,197.86031185332158,882.0,882.0,3970.183624873106,254.77555439229604,3962.00043312651,10763.293405746366,-6793.10978087326,38.67187863231959,-6799.123306497817,0.021541950113378686,0.003401360544217687,11.46442881806091,9.323004298875436,11.44189632640454,9.287105457555239,2.3658227526935707,0.427662425001472,150000.0,2900.0
21,38,8,known,3,180.0,3000.0,150.0,4229.8928169101155,260.9198904222574,4221.837757817067,2082.754570852818,90.56866214611121,2080.784448193846,1.0,1.0,24.0,1878.767414281655,137.3624741633597,138.42548415660215,882.0,882.0,5536.577474776967,300.58817199454546,5528.411786857477,10442.870138339906,-4906.292663562938,94.11305679945445,-4912.416951946571,0.007936507936507936,0.0022675736961451248,12.158308948321025,5.089008553335981,12.13740199804273,5.031049180088925,6.044156425832245,0.2744575549986621,150000.0,2900.0
21,39,8,known,3,180.0,3000.0,150.0,2057.3875381959615,179.7526737792805,2049.520055669922,1958.5938427648405,127.89312202650513,1954.4137715066015,1.0,1.0,36.0,1769.217076864381,147.14532509262108,122.11078551956652,882.0,882.0,4401.976444120938,208.24879251929428,4397.047765832192,9982.02416502674,-5580.047720905802,2.8671400838624095,-5582.863296297601,0.01473922902494331,0.0022675736961451248,12.038093261750372,7.6991839688578185,12.01675927642294,7.665460968884249,3.176365805581439,0.26229579400023795,150000.0,2900.0
22,0,8,known,3,230.0,3000.0,150.0,3232.456818728005,186.42747954982693,3227.0763672107105,1541.602132547704,79.44559266131508,1539.553679766419,1.0,1.0,49.0,2821.1663837895367,86.9400579083217,193.14349107918278,882.0,882.0,4770.478855352632,357.0907843557976,4757.095193612876,13955.787341991196,-9185.308486638563,79.98763960889454,-9195.940826624908,0.01020408163265306,0.0045351473922902496,11.16996214374813,8.223132810627174,11.147132882463666,8.186301399465336,2.5223005504388465,0.24666585000159102,150000.0,2900.0
22,1,8,known,3,230.0,3000.0,150.0,1751.7434516040923,66.35754777246525,1750.486159925706,957.1542915092022,44.62682484650324,956.113374165743,1.0,1.0,128.0,1970.9394942985125,127.46180797064986,127.81371732651228,882.0,882.0,5292.9886851691235,287.78217031234595,5285.159471934474,13937.745873715001,-8644.757188545878,16.986992670022858,-8649.955526228448,0.006802721088435374,0.0,11.531350959463719,10.929531148753025,11.50730165020705,10.904376056205809,2.1055792760121848,0.3246782850001182,150000.0,2900.0
22,2,8,known,3,230.0,3000.0,150.0,3767.3045181330626,224.97127581713087,3760.581239303706,1584.625458435237,110.25600182064768,1580.7850763413762,1.0,1.0,26.0,3138.6330127847896,78.40565316899482,202.1228630574996,882.0,882.0,4491.031345357522,329.8609706764096,4478.901013084371,13133.147046585907,-8642.115701228386,74.55305347333311,-8651.764210530979,0.011337868480725623,0.0011337868480725624,11.178030445495406,6.2655253713339265,11.155142175559014,6.210159045842124,3.116454260966109,0.2452728259995638,150000.0,2900.0
22,3,8,known,3,230.0,3000.0,150.0,3493.8273859733335,288.4676369639292,3481.898365174047,2004.158457162077,161.01191064273445,1997.680226173712,1.0,1.0,35.0,2924.744341440232,85.90339438056657,223.63018943156163,882.0,882.0,4071.8012504703697,332.0683978851062,4058.2380416207825,13266.160042603327,-9194.358792132958,66.7683232733894,-9205.268966194915,0.009070294784580499,0.0,11.715207467056171,7.424670814023755,11.693254704178823,7.381881463129693,2.3844132812270726,0.30275305199756986,150000.0,2900.0
22,4,8,known,3,230.0,3000.0,150.0,7805.779155170155,699.2036933251132,7774.400453702486,3323.4680888576427,143.03432279486245,3320.3887302780813,1.0,1.0,26.0,3735.3787625572413,69.73254174219576,174.3149296107405,882.0,882.0,6947.512734192716,488.601280505736,6930.310381249754,15088.742581515857,-8141.22984732314,196.63543877047687,-8155.607179127857,0.0045351473922902496,0.0011337868480725624,11.888022230114547,3.544382791632504,11.8665307492236,3.448196566201289,8.522380025232236,0.23620064900023863,150000.0,2900.0
22,5,8,known,3,230.0,3000.0,150.0,3653.5024206240237,273.527704723569,3643.248897928092,2379.237075658664,127.80272386271959,2375.802080553441,1.0,1.0,28.0,2596.0233639454673,94.35712805040474,153.317622335818,882.0,882.0,3859.647644671379,314.9360343660125,3846.7772531399755,12589.396639309833,-8729.748994638454,43.61125981645961,-8739.69527130393,0.01473922902494331,0.0045351473922902496,11.188147742429074,6.465139502449864,11.165532226646658,6.421556720849607,2.595624844537939,0.24152625599890598,150000.0,2900.0
22,6,8,known,3,230.0,3000.0,150.0,2668.273353566226,185.36158078504218,2661.8271494821797,1927.0531964120312,96.93049516081157,1924.613857611367,1.0,1.0,27.0,2404.8306427195453,109.80934133323667,187.6798397954975,882.0,882.0,3941.1924086479935,266.6579717068044,3932.1611269262335,14621.31292324619,-10680.120514598197,-9.25149317627438,-10686.548308816513,0.02040816326530612,0.0,11.77570494249358,7.7684013773085745,11.754038363011164,7.730454887420674,2.205810222176178,0.30087268200077233,150000.0,2900.0
22,7,8,known,3,230.0,3000.0,150.0,4344.764766326052,299.0860246989705,4334.458261944396,1805.2111642027407,152.47798042618268,1798.7600765103075,1.0,1.0,38.0,1733.4720357062256,144.03409247604947,149.6322123209692,882.0,882.0,4947.952053894477,395.1465146051854,4932.148493266798,15466.625664407506,-10518.67361051303,110.78500664501217,-10531.862887215939,0.006802721088435374,0.0011337868480725624,12.275574782967857,5.371667684765291,12.254390056061679,5.3161491928141835,4.004870792351051,0.24789279400283704,150000.0,2900.0
22,8,8,known,3,230.0,3000.0,150.0,2799.7289896220536,123.21751375590395,2797.016242289976,1507.0609933046042,52.241461561935445,1506.15526000281,1.0,1.0,70.0,1096.3622205066536,242.67541870289,240.09819292792062,882.0,882.0,6303.709659496784,290.004498035711,6297.03524385501,13480.017631273524,-7176.30797177674,36.84090133396623,-7180.604888332452,0.006802721088435374,0.0022675736961451248,11.641858973524801,5.6831115722674035,11.620145312457026,5.634399851328022,4.822610457958179,0.28056495700002415,150000.0,2900.0
22,9,8,known,3,230.0,3000.0,150.0,6636.611985319623,437.1970461429804,6622.1958130617,2036.5636597307216,216.6505250418018,2025.0071827366198,1.0,1.0,32.0,4861.670615446867,53.042799964611135,175.59293781324186,882.0,882.0,4710.5086421086435,436.5409090289121,4690.237062465439,14686.173384091926,-9975.664741983283,163.4812062663031,-9993.397605638274,0.006802721088435374,0.0,12.054073211290113,4.786010081771387,12.032925893550345,4.711195396595453,4.279237194881528,0.2607360920010251,150000.0,2900.0
22,10,8,known,3,230.0,3000.0,150.0,4849.904274753836,353.29063313077296,4837.019454459284,2716.7136201039702,175.9677008942821,2711.0087166773183,1.0,1.0,26.0,3539.0157847863557,73.06568814304475,124.90704618136704,882.0,882.0,3702.549172655497,304.03964377230477,3690.0447518894284,12237.278297472292,-8534.729124816795,40.9419620691279,-8544.404959465339,0.02040816326530612,0.003401360544217687,12.750038052882926,6.33683759698032,12.729895702599405,6.287571333802747,2.5403901606665795,0.29780451799888397,150000.0,2900.0
22,11,8,known,3,230.0,3000.0,150.0,2488.5996283234363,151.39663423058872,2483.990170921615,2125.167346369774,108.78209943807656,2122.3813759355767,1.0,1.0,44.0,2078.1624055440275,123.93609320071278,167.86214410538912,882.0,882.0,2983.9186451721384,266.58087941305973,2971.986728728325,13622.300304834143,-10638.381659662005,-3.0302745367638977,-10647.645256782524,0.021541950113378686,0.0022675736961451248,11.439631272653429,7.616484484782294,11.417376404682951,7.57730662119403,1.7033526888627561,0.31042559900015476,150000.0,2900.0
22,12,8,known,3,230.0,3000.0,150.0,1717.2186137349736,136.5071227959185,1711.7843242604615,1669.8628708826564,101.81706958355424,1666.7559185117314,1.0,1.0,38.0,1356.2774844115168,187.24407970921916,152.84045215508715,882.0,882.0,3756.7533091217483,264.5282682418227,3747.4284810918257,12658.640403368438,-8901.88709424669,-0.9554884566748569,-8908.427682626263,0.015873015873015872,0.003401360544217687,11.316941708354346,8.609431583950169,11.29456066543355,8.579091884266642,1.897187971167495,0.2769218879984692,150000.0,2900.0
22,13,8,known,3,230.0,3000.0,150.0,1969.3801045397524,130.1194832267097,1965.0768219695178,1478.9270435648605,82.21608958272208,1476.6400085333003,1.0,1.0,61.0,2045.871272273965,119.65402407420609,198.15886118776112,882.0,882.0,4001.9684127696423,279.1432270904159,3992.221215761411,13957.647891202272,-9955.67947843263,7.554392232199234,-9962.78412854296,0.007936507936507936,0.0011337868480725624,11.937691430483518,8.950045601583426,11.916216113294613,8.913236209372752,1.9441088279078136,0.29779418599719065,150000.0,2900.0
22,14,8,known,3,230.0,3000.0,150.0,7876.747763716741,679.3198972932528,7847.399557200983,2739.3673685137014,145.59231979823937,2735.495650900116,1.0,1.0,38.0,3771.4541075510974,66.23097580965931,175.2628224326633,882.0,882.0,7178.512938008774,564.1636201035227,7156.3096223480325,12712.659654070367,-5534.146716061593,298.71164051398466,-5553.578289304079,0.0011337868480725624,0.0,12.019725915314186,3.3654952484518965,11.998475300565545,3.2678541106016663,9.27379880621916,0.3345637579986942,150000.0,2900.0
22,15,8,known,3,230.0,3000.0,150.0,1254.236285860306,107.89734855302477,1249.5866608378476,1018.8443769383588,91.14458260064707,1014.7593455994709,1.0,1.0,47.0,1573.7859209838464,155.9656997296723,150.55072370861024,882.0,882.0,5446.8636279844695,269.72813141881244,5440.1810739148605,14460.275837666242,-9013.412209681774,-0.8899106252031288,-9017.562289996202,0.0022675736961451248,0.0,11.427176031878606,10.055981205999677,11.404844606472786,10.02649884569444,2.355017903147649,0.30299714599823346,150000.0,2900.0
22,16,8,known,3,230.0,3000.0,150.0,2603.892453802836,168.8492898127051,2598.4121744444433,2200.1153029956163,125.87035203849724,2196.511780290103,1.0,1.0,25.0,1784.8512516060061,137.5354466502754,138.5997740991391,882.0,882.0,3298.855074255919,272.9026298564855,3287.5475594371924,13521.565182543869,-10222.710108287949,-5.325445679367419,-10231.1548236973,0.02834467120181406,0.0045351473922902496,11.784059282843067,7.449054443506856,11.76210468619476,7.413395550560446,1.9254588965235795,0.27976628900069045,150000.0,2900.0
22,17,8,known,3,230.0,3000.0,150.0,1751.779155537334,88.17857578202491,1749.5584438789544,1186.0696137791804,67.28713153593966,1184.1594363344657,1.0,1.0,49.0,1123.4751763290676,226.6505709664721,228.74942639554007,882.0,882.0,6077.648029788664,316.58392138746507,6069.397020686071,15210.69953735728,-9133.051507568616,30.218016391147046,-9138.606628189631,0.006802721088435374,0.0,11.537559328481885,9.286997760649534,11.513482723047892,9.25484895044999,2.845328203181016,0.29872280199924717,150000.0,2900.0
22,18,8,known,3,230.0,3000.0,150.0,3883.1543406294154,189.6537044099675,3878.52022110916,1684.3631513282676,82.19980777370873,1682.3562099491471,1.0,1.0,31.0,3245.2436417538106,77.33478293312619,174.18318010193812,882.0,882.0,3554.433833081382,312.43374588236736,3540.675786934963,13654.220196533355,-10099.786363451973,50.32683163988105,-10111.028470809768,0.012471655328798186,0.0022675736961451248,11.975791662337848,7.3143275796353215,11.954488204213023,7.262433971429454,2.112847691817845,0.26161545700233546,150000.0,2900.0
22,19,8,known,3,230.0,3000.0,150.0,1588.2992116765784,237.25509092605495,1570.4790376321835,1252.1788560084144,151.85991800409863,1242.9362223132487,1.0,1.0,116.0,1036.794267717193,240.2575478086122,217.9393937516371,882.0,882.0,6101.914492494209,307.78907447137874,6094.14689348287,13276.62088825482,-7174.706395760611,43.59736389401718,-7179.845156782432,0.009070294784580499,0.0,11.54098606337496,9.46077307976524,11.51890266662804,9.431122532155744,2.8042172438938477,0.3337130139989313,150000.0,2900.0
22,20,8,known,3,230.0,3000.0,150.0,3225.764717463183,167.7328659100622,3221.4008906256804,1686.0326491591788,84.19863507345633,1683.9289426464782,1.0,1.0,31.0,2782.7806182265085,90.94080011181514,171.27439727478827,882.0,882.0,4372.238734585335,304.31571965959444,4361.635415182753,13946.72571867661,-9574.486984091274,52.998991099154495,-9582.825785377894,0.012471655328798186,0.003401360544217687,11.077324373669148,7.974462777336945,11.053094785730472,7.93702746409468,2.3838262412681486,0.29759766300048796,150000.0,2900.0
22,21,8,known,3,230.0,3000.0,150.0,2822.403540191177,191.6876392447713,2815.88664413972,1635.7456828791796,127.33668247086473,1630.7818089355753,1.0,1.0,56.0,2478.329975830749,102.44944362144366,141.02011803607917,882.0,882.0,4487.510176382909,336.50252980718403,4474.875822922188,14165.279854328337,-9677.769677945427,54.829748955088064,-9687.603260768188,0.01020408163265306,0.0022675736961451248,11.912731030736147,8.750799146599935,11.887455387041799,8.71795543340102,2.229615088119273,0.33716449300118256,150000.0,2900.0
22,22,8,known,3,230.0,3000.0,150.0,2219.8323736984007,158.66659726484704,2214.1546193145296,1719.0702484044298,148.75145784604896,1712.6224110229152,1.0,1.0,36.0,1024.233084792568,250.53305137933785,152.42372371460954,882.0,882.0,4122.629240515172,273.74240556305244,4113.530958938713,13921.122887878537,-9798.493647363364,9.51308905538366,-9805.08410606375,0.02040816326530612,0.003401360544217687,11.537061600929668,7.201851686569023,11.515036257544258,7.162850941532243,2.488870326528603,0.29836541800250416,150000.0,2900.0
22,23,8,known,3,230.0,3000.0,150.0,5468.741299741185,333.0113001650347,5458.592756146706,2008.96063345984,139.30991306352604,2004.1246405634542,1.0,1.0,29.0,4207.405557792885,61.590855107110656,167.49142847120794,882.0,882.0,4386.022926135411,349.9108811184425,4372.042941676161,14105.673138308413,-9719.650212173003,87.37678404779967,-9731.18684914377,0.007936507936507936,0.0011337868480725624,11.685501460941524,5.1764533047808,11.663764795471707,5.105976232238387,3.6839248368431736,0.3080126159984502,150000.0,2900.0
22,24,8,known,3,230.0,3000.0,150.0,3939.2096081024265,223.93041785863497,3932.839623544816,2038.1037801065943,107.99416975693576,2035.240594569423,1.0,1.0,35.0,3311.5877626414435,74.91634147046165,159.0437344821542,882.0,882.0,3910.8566978821614,326.4447147120041,3897.2084829537102,14727.671118862349,-10816.814420980187,49.224515572250084,-10827.853335135916,0.009070294784580499,0.0022675736961451248,11.429410262879038,7.143352957282589,11.407277722970663,7.083341612624148,2.3803562381816152,0.26225240799976746,150000.0,2900.0
22,25,8,known,3,230.0,3000.0,150.0,4332.586129032139,413.17699340811157,4312.839822854534,1924.3586148844815,177.18973113178163,1916.1836753979424,1.0,1.0,48.0,1698.5990896362207,149.91436677877883,154.11179883449566,882.0,882.0,4766.863223130195,340.99268310875925,4754.651299317068,13697.228420884183,-8930.365197753988,78.29845846860223,-8940.05783078928,0.021541950113378686,0.005668934240362812,11.88163428113737,5.621573009506514,11.86033665734293,5.566257836531083,3.6867781027535713,0.28398539000045275,150000.0,2900.0
22,26,8,known,3,230.0,3000.0,150.0,825.3304346381123,172.27205145040898,807.1509565310585,295.11229843254506,109.95653205548733,273.86279364760395,1.0,1.0,112.0,1502.3997945386297,169.66016987706973,125.59017574225709,882.0,882.0,11598.992710105475,313.9298202248499,11594.74363481373,13160.952268925363,-1561.9595588198881,50.06865636668539,-1563.5633197735133,0.006802721088435374,0.0011337868480725624,11.724782490647385,14.825973011620215,11.702359115798904,14.807457360312695,3.401490279787307,0.3066170720012451,150000.0,2900.0
22,27,8,known,3,230.0,3000.0,150.0,2527.444906552414,188.73843068965934,2520.3879781570427,1821.4083432352315,118.02099625714112,1817.5806439466126,1.0,1.0,42.0,1707.7525048756847,146.86005186735346,229.2279576561467,882.0,882.0,4276.422014066746,274.48907872000757,4267.603658736144,13895.125387865444,-9618.703373798699,1.035198986426451,-9624.830703900287,0.009070294784580499,0.0011337868480725624,12.273562563373963,7.444032383552594,12.25152463194236,7.405652724719884,2.497724114241581,0.2576402019985835,150000.0,2900.0
22,28,8,known,3,230.0,3000.0,150.0,2430.2076043371117,222.12449562560576,2420.0350635106497,2120.3972673139683,133.29400548053528,2116.2035061249426,1.0,1.0,23.0,1938.9646497368917,130.23038656470223,124.54326530028132,882.0,882.0,3603.4287462261896,281.41502658345286,3592.4231810774027,13328.476918492393,-9725.048172266204,10.60980093660362,-9733.302371272337,0.012471655328798186,0.003401360544217687,11.661337177246153,7.769345874923425,11.639501869284334,7.735305426282984,2.0165251692422146,0.29066160500224214,150000.0,2900.0
22,29,8,known,3,230.0,3000.0,150.0,1913.721634675734,128.07138995935168,1909.431385020117,680.7578073295814,118.37945221655107,670.3860809511849,1.0,1.0,64.0,366.65565604170627,685.0674362141831,183.07756603349327,882.0,882.0,12431.12028411252,418.2305650251474,12424.082851967483,13564.636257160762,-1133.5159730482428,144.0776165244955,-1137.7826889494008,0.0045351473922902496,0.0011337868480725624,12.336481185927742,8.254561440422089,12.315772657524633,8.218740831632719,6.547694805042855,0.32208341699879384,150000.0,2900.0
22,30,8,known,3,230.0,3000.0,150.0,2598.890737147804,118.54054064357028,2596.1858954737017,1789.7355122873746,99.22039503743436,1786.9830769067642,1.0,1.0,35.0,1076.1504197535023,235.0395789752737,197.34231893928097,882.0,882.0,4240.200294559752,264.50168739674444,4231.942508511769,12357.460288204853,-8117.259993645101,9.658855974266231,-8122.889740686622,0.015873015873015872,0.003401360544217687,11.945023876814933,7.128836357614951,11.923823463825858,7.0915093874122,2.5860677016263445,0.2632112029968994,150000.0,2900.0
22,31,8,known,3,230.0,3000.0,150.0,2030.6814938972993,85.92506777049694,2028.862787964135,869.719806763456,53.70576569155895,868.0600399788868,1.0,1.0,42.0,471.74722803245055,541.6988403032449,163.93731374938375,882.0,882.0,7858.096082945713,368.0125780896684,7849.47391811544,13048.579815151174,-5190.483732205461,95.40105620040742,-5196.257880082154,0.003401360544217687,0.0,11.87882696905668,7.690821962897267,11.856647837744305,7.651355372068478,4.442390593367921,0.31084594300045865,150000.0,2900.0
22,32,8,known,3,230.0,3000.0,150.0,4497.548178166927,232.77627013622944,4491.520324232554,1951.9526896376026,126.2097823406424,1947.8681663359557,1.0,1.0,35.0,3601.776693569823,67.4464070293815,122.48734420354725,882.0,882.0,4542.950816653655,355.0964816739505,4529.0516238211385,12349.1621129564,-7806.211296302744,92.98620598196459,-7817.328537807387,0.006802721088435374,0.0,11.225531432730701,6.285107933903152,11.202341874419822,6.227619817785594,3.142660441177327,0.3529169200010074,150000.0,2900.0
22,33,8,known,3,230.0,3000.0,150.0,3810.424982062756,220.50109073244133,3804.039670260256,1158.0808272331997,126.00420755525846,1151.2055168750292,1.0,1.0,116.0,3219.604332030291,83.237290703897,189.447770277717,882.0,882.0,4239.2460205068555,356.3654863963224,4224.240814926242,14187.755135216832,-9948.509114709977,90.82081414447549,-9961.029073373742,0.013605442176870748,0.0022675736961451248,11.208234046281648,8.136125418476064,11.185286332053309,8.08374530018548,2.265390894187892,0.5488648570026271,150000.0,2900.0
22,34,8,known,3,230.0,3000.0,150.0,2970.982837807799,150.12949041138498,2967.1872469827886,2017.2935587914494,174.49979195249583,2009.7321027813648,1.0,1.0,39.0,2637.810813540638,100.23818325781643,214.5306904608335,882.0,882.0,3276.234319156723,263.1734251494613,3265.647112337066,14456.074963529016,-11179.840644372292,0.2938868934460288,-11188.03745940922,0.013605442176870748,0.0011337868480725624,11.614032738662587,7.143227125717393,11.592142373664776,7.099668600919568,1.9941262946166318,0.24685626100108493,150000.0,2900.0
22,35,8,known,3,230.0,3000.0,150.0,2398.4808315509504,245.55044927663639,2385.8783028849944,764.8705436029886,134.44272735829043,752.9622178648777,1.0,1.0,106.0,2420.3421700018184,104.87230459570948,173.84382007210806,882.0,882.0,6025.750859647141,340.19665836234464,6016.139929903338,13271.702783249104,-7245.951923601963,72.17398640483958,-7252.85621201406,0.01473922902494331,0.003401360544217687,11.751626394409989,9.645774195185554,11.730001833489792,9.609704850502471,2.716103057248744,0.28170911699999124,150000.0,2900.0
22,36,8,known,3,230.0,3000.0,150.0,2816.6748598347017,158.58624121652554,2812.2069038606764,2238.5084331580383,135.85764744861518,2234.381951446391,1.0,1.0,35.0,1378.7136441218347,181.77681717283252,169.6581168532305,882.0,882.0,3415.879625034974,280.96415856367855,3404.305032503944,11747.689828033943,-8331.810202998968,8.877141401331528,-8340.233483367332,0.021541950113378686,0.0,11.736694515605272,5.621841299560606,11.715151226157026,5.5749899965759955,2.641776911203648,0.2444096110011742,150000.0,2900.0
22,37,8,known,3,230.0,3000.0,150.0,4789.479817065238,327.77771727697734,4778.250588461427,1912.0840502326428,145.17783284798324,1906.5646624239184,1.0,1.0,111.0,1924.134193688274,129.4547485290942,192.04209124608548,882.0,882.0,7430.488172422402,438.87092254830355,7417.516214599791,12113.593462291812,-4683.10528986941,166.15435445801216,-4693.006988101568,0.007936507936507936,0.0011337868480725624,11.542414141743617,5.139247381473518,11.517398428206146,5.071827797937837,6.286225962062395,0.34260290199745214,150000.0,2900.0
22,38,8,known,3,230.0,3000.0,150.0,5214.273134471077,288.4361786955206,5206.289359196851,1626.889459592073,128.68740726439748,1621.7918685649386,1.0,1.0,41.0,4073.7540096728676,62.830526058460315,199.7291460122522,882.0,882.0,4635.366288848366,406.31367452852794,4617.524209972591,14132.224918204256,-9496.858629355891,127.70690369953576,-9511.954174099534,0.01020408163265306,0.0022675736961451248,11.93224660811439,5.928737737032303,11.908749408454696,5.8631522685873865,3.399335131214956,0.34472449800159666,150000.0,2900.0
22,39,8,known,3,230.0,3000.0,150.0,3261.5345868478657,319.43609036077606,3245.8540394447655,1075.7673357732706,174.83632054128717,1061.4648471505334,1.0,1.0,69.0,3007.9095477710052,81.60093162496811,175.3502394392912,882.0,882.0,5296.930888138526,365.98306255531395,5284.2722518468545,13163.96696158114,-7867.036073442614,91.90433818468136,-7876.841189592937,0.009070294784580499,0.0011337868480725624,11.647393922224058,7.821100252116953,11.625502672818492,7.78036182572435,2.9446156619742663,0.4312747740004852,150000.0,2900.0
23,0,8,known,3,280.0,3000.0,150.0,1351.8343687466156,210.51022634374422,1335.3432536727275,1190.6144240401893,127.9482619545113,1183.719539838458,1.0,1.0,105.0,1136.5489348637489,219.58381520267133,175.29693263939058,882.0,882.0,6590.038057745281,329.9478959011639,6581.773012534053,19071.126959346493,-12481.088901601212,-36.92277620977268,-12485.82488047432,0.005668934240362812,0.0,12.403326943954186,9.224786390306726,12.382674362491805,9.197311962157315,2.5513707537948282,0.4971359119990666,150000.0,2900.0
23,1,8,known,3,280.0,3000.0,150.0,1615.6570497112184,173.79143565752483,1606.2827394869355,1275.7181091267985,139.0612634272026,1268.1161851218853,1.0,1.0,53.0,1812.4381514309773,140.61252995637312,184.47829312331436,882.0,882.0,6216.578342726005,348.4834671864936,6206.803167843144,16438.089977697524,-10221.511634971519,14.697845021593594,-10227.897598319767,0.009070294784580499,0.0011337868480725624,12.20917185703225,10.328815625080935,12.188212284138418,10.300562991851399,2.1495267526921085,0.3945818239990331,150000.0,2900.0
23,2,8,known,3,280.0,3000.0,150.0,2828.5553093344847,201.06992495637002,2821.3996567736276,2128.3999858664192,132.26591028978117,2124.2862869235373,1.0,1.0,22.0,2331.219970265784,106.20896942918182,253.3416292566393,882.0,882.0,3829.3189486230085,359.3994642373553,3812.4159840433367,17121.786966083222,-13292.468017460214,22.423759542774917,-13306.05463357852,0.009070294784580499,0.0011337868480725624,11.719102113559885,6.722675978771832,11.696515817388313,6.679030148865047,2.034329654650934,0.29851200499979313,150000.0,2900.0
23,3,8,known,3,280.0,3000.0,150.0,2392.527837184719,201.726292679093,2384.008379713825,1948.0992791611413,178.51871117949185,1939.9025416826926,1.0,1.0,91.0,1637.08004995974,156.18164106304144,257.368211502704,882.0,882.0,4062.9561936144205,334.0876475782028,4049.1972630344208,15920.971529461953,-11858.015335847533,16.676895110209784,-11868.609899265155,0.009070294784580499,0.0011337868480725624,11.49037477597748,7.405734275547628,11.46672352610626,7.370518210950905,1.9593678755459005,0.3496925379986351,150000.0,2900.0
23,4,8,known,3,280.0,3000.0,150.0,3739.1325277492,279.10689678502297,3728.701033904322,2569.2681256317273,156.50208837981248,2564.49718224059,1.0,1.0,37.0,2041.2068221331683,119.85630388240295,150.0468239108643,882.0,882.0,5966.263467364881,387.2278262825319,5953.684100837507,17562.761750726702,-11596.498283361821,49.43598990072263,-11605.828904598113,0.0022675736961451248,0.0,11.299217225446856,5.627375320475389,11.276488745812577,5.571320236058213,3.786504826590697,0.25618335499893874,150000.0,2900.0
23,5,8,known,3,280.0,3000.0,150.0,2996.448484482139,268.46966611587334,2984.3973526544582,1599.819420216543,186.5724254047421,1588.9030515989914,1.0,1.0,37.0,2651.3311020535853,99.2100058424505,208.92909148199533,882.0,882.0,5456.767879055027,389.81365960208734,5442.826563163144,18000.636425228065,-12543.868546173038,51.375525346188226,-12554.628016374729,0.0011337868480725624,0.0,11.754138335058862,7.813402635979264,11.732379317901131,7.773358039910109,2.4942342816393586,0.3624980599997798,150000.0,2900.0
23,6,8,known,3,280.0,3000.0,150.0,3228.2674131032672,275.05511539497235,3216.528435129949,1975.3408004816843,181.53103000914777,1966.9818919327752,1.0,1.0,23.0,2773.0760115808152,94.04001106407691,215.8675065914987,882.0,882.0,4718.57388121476,388.90131526514,4702.520094530928,18609.105348266912,-13890.531467052151,58.25826984847362,-13903.64762048803,0.005668934240362812,0.0011337868480725624,11.590222385269083,7.547054837029473,11.568291887678782,7.499728601815715,2.232930585462657,0.2860473680011637,150000.0,2900.0
23,7,8,known,3,280.0,3000.0,150.0,5194.3541832089995,369.5595847650322,5181.191088343407,2445.403706331559,141.3387602424662,2441.3157603622785,1.0,1.0,61.0,3892.025285227052,65.26954581446198,215.04289550811006,882.0,882.0,4091.03815431306,424.08439305440135,4068.9981085781906,16832.347274112588,-12741.309119799527,98.03399847140741,-12760.190995372053,0.005668934240362812,0.0,11.806086225041815,6.357508210248161,11.783894769808267,6.302473667384959,2.2982039610370784,0.33020088000193937,150000.0,2900.0
23,8,8,known,3,280.0,3000.0,150.0,3322.5382906846244,198.14090180659286,3316.624922431956,1504.5792881170757,106.79315801934466,1500.7844800740518,1.0,1.0,94.0,2792.904745411826,90.23752384478816,286.95322366335483,882.0,882.0,6188.936035910411,446.457945587338,6172.811722336297,15705.143981926058,-9516.207946015646,129.77773389195846,-9529.139148066683,0.006802721088435374,0.0011337868480725624,11.437791223289542,8.188244605406592,11.415567499997444,8.138660121166815,2.699399450133644,0.3655192520018318,150000.0,2900.0
23,9,8,known,3,280.0,3000.0,150.0,6112.019012090684,540.5280400305347,6088.070781626862,3480.3172724326687,173.78498136762238,3475.9757043230643,1.0,1.0,41.0,4303.616640562458,58.892080340098815,293.95035717160556,882.0,882.0,3835.6278105942724,405.1616488912379,3814.1689448255884,16921.71553366605,-13086.087723071778,71.38879339579682,-13104.254512555104,0.005668934240362812,0.0011337868480725624,12.768317159438785,5.265710149275197,12.748297294212705,5.180030931196819,2.601485908602084,0.3005313829999068,150000.0,2900.0
23,10,8,known,3,280.0,3000.0,150.0,3915.4385182581727,188.03399911624635,3910.9208641234495,2428.3497158714445,122.38314591303215,2425.2638430012835,1.0,1.0,31.0,2221.97800504051,115.30016413161883,199.39981724615967,882.0,882.0,4667.655202477899,337.1881580652423,4655.460152904282,15750.235169864744,-11082.579967386844,20.850888480076378,-11091.597941797587,0.005668934240362812,0.0,11.541476174969503,5.682147484617655,11.519302785316565,5.627985536667107,2.9337846644838543,0.320191425998928,150000.0,2900.0
23,11,8,known,3,280.0,3000.0,150.0,4862.017162415939,271.117794974223,4854.452186279669,1910.0319093400135,180.32710459299705,1901.5004680636196,1.0,1.0,31.0,1940.345246872881,126.7932172390736,146.1078569874794,882.0,882.0,5357.065849706477,438.9346366756434,5339.053371414992,17456.506105786426,-12099.44025607995,109.12418243856621,-12114.336857581628,0.0045351473922902496,0.0,11.791118204246937,4.587633522147009,11.768821893121412,4.519197268103366,4.170424237747755,0.2904532580032537,150000.0,2900.0
23,12,8,known,3,280.0,3000.0,150.0,5107.9415099075495,215.70882685040772,5103.384775877225,2096.4024487786482,94.8728814978432,2094.254608112731,1.0,1.0,32.0,3933.167103353953,64.18185582323362,253.01512049677916,882.0,882.0,5063.480896896557,434.0903411500737,5044.839379896706,16765.67798237619,-11702.197085479633,103.10765043711547,-11717.571206507093,0.009070294784580499,0.0011337868480725624,11.378030811331106,5.451424419774931,11.35540462497843,5.390441025876127,3.317272505963817,0.29201142500096466,150000.0,2900.0
23,13,8,known,3,280.0,3000.0,150.0,4306.890416729469,335.94156190469414,4293.76854624247,1407.3038550033718,250.0222464113639,1384.9162489503713,1.0,1.0,39.0,3367.1214335828163,79.22172554404968,209.93093316959184,882.0,882.0,6769.78677857331,502.1791250701195,6751.135397375007,16613.25810412959,-9843.471325556278,174.76011165252146,-9858.895957925924,0.006802721088435374,0.0,11.289164816835388,6.893983996639648,11.26681089795568,6.835334763712137,3.5070881996913768,0.27553371600151877,150000.0,2900.0
23,14,8,known,3,280.0,3000.0,150.0,2745.213890463671,281.5802214852196,2730.734678298684,2059.0403277526493,160.736663647328,2052.7568770488297,1.0,1.0,53.0,1586.6543904741204,162.14698309246577,299.175540935194,882.0,882.0,4882.316969810079,336.79365982845246,4870.686709735583,15967.978128265488,-11085.661158455408,7.06859278756292,-11093.886785504741,0.013605442176870748,0.003401360544217687,12.347159494433365,6.355061887047935,12.326346912993493,6.309090141882651,2.7437728586542653,0.28948695000144653,150000.0,2900.0
23,15,8,known,3,280.0,3000.0,150.0,3783.6456650295618,291.4518839214899,3772.4037851024923,1989.1218473339168,188.96935510137556,1980.1253259260295,1.0,1.0,99.0,1702.1010632042833,150.09693373162892,206.86778033768084,882.0,882.0,5266.164962382237,375.69699070572824,5252.746441833735,16837.44629515703,-11571.281332774794,37.53326871575155,-11581.303666189202,0.011337868480725623,0.0022675736961451248,11.136220837178652,5.676608470040566,11.113426205062702,5.622263727338472,3.3131987361414033,0.3778798029998143,150000.0,2900.0
23,16,8,known,3,280.0,3000.0,150.0,4359.782303621634,304.29657191516674,4349.149955024895,1688.2069099858609,142.82234823189265,1682.1546741514396,1.0,1.0,28.0,3516.0787760229873,73.85271339496852,237.25041094601494,882.0,882.0,4525.128168224356,390.6050224289376,4508.238309507473,16841.806076731642,-12316.677908507285,50.87704361778668,-12330.140971962814,0.006802721088435374,0.0011337868480725624,12.12292986042206,6.20674273734593,12.101787794708242,6.154274124624091,2.603808908033361,0.2362559440007317,150000.0,2900.0
23,17,8,known,3,280.0,3000.0,150.0,1527.011681356555,168.08849130574512,1517.7321681014512,1511.7159407969557,142.94747744192694,1504.9422262507671,1.0,1.0,50.0,1389.777684951409,186.65649716077544,227.74741402673956,882.0,882.0,5269.0690171637325,326.12039667250366,5258.966989296373,16244.464420249304,-10975.395403085571,-3.4874265629728143,-10982.153137825633,0.009070294784580499,0.0022675736961451248,11.772666315701997,9.610926000120497,11.751066612318601,9.582079644432241,1.9579906902302322,0.2573187589987356,150000.0,2900.0
23,18,8,known,3,280.0,3000.0,150.0,6117.414775738705,368.5304944333277,6106.304022327988,2095.5786865683576,163.80077640626885,2089.167139615274,1.0,1.0,69.0,2684.5058884605774,94.32271689480325,166.64126444804177,882.0,882.0,5809.476770233689,521.0184745181332,5786.06602909919,15010.901709471373,-9201.424939237684,201.53484309661388,-9221.435439855071,0.005668934240362812,0.0,11.598299401362532,4.126237478665162,11.576348236800154,4.0508760231932595,5.028341541063021,0.3214698869996937,150000.0,2900.0
23,19,8,known,3,280.0,3000.0,150.0,5516.304192704268,344.2739197020092,5505.550600499436,1850.454107532861,111.56593845039143,1847.087828302412,1.0,1.0,36.0,4241.770618005451,59.81475531135943,245.8314339595953,882.0,882.0,4924.5157696382075,467.0849641835357,4902.314473965237,16732.596970540493,-11808.081200902285,132.4802487963288,-11826.936587065007,0.005668934240362812,0.0022675736961451248,12.21309196246437,6.034308213538596,12.19196675146701,5.964000384301439,2.914593636545934,0.2958034650000627,150000.0,2900.0
23,20,8,known,3,280.0,3000.0,150.0,1817.1091005481321,367.19628169293316,1779.6214131117117,1636.8878214715273,183.78863703897434,1626.5372657818693,1.0,1.0,61.0,1175.1895021094708,215.83372603033075,224.18408055933216,882.0,882.0,4975.222253821285,382.1643023353446,4960.522847537252,15584.523576775628,-10609.301322954343,59.58500360727032,-10620.661886336726,0.01020408163265306,0.0,11.827053956272167,8.604015023523278,11.801572759296224,8.57297586351994,2.065158052133255,0.3127174930014007,150000.0,2900.0
23,21,8,known,3,280.0,3000.0,150.0,3061.4075131558793,158.84344726594153,3057.2838796663846,1316.4882394603105,121.3850417162418,1310.8802219443446,1.0,1.0,87.0,1166.8102459456375,215.38335746096703,252.08161001760837,882.0,882.0,6333.575386846585,388.5822425299681,6321.643854383072,17300.734482563385,-10967.1590957168,43.63924419135117,-10975.651540101435,0.01020408163265306,0.003401360544217687,11.646662525253861,6.106392058189606,11.624939831475974,6.055893720546605,3.704300654188082,0.3188773570000194,150000.0,2900.0
23,22,8,known,3,280.0,3000.0,150.0,4838.956221051979,372.96302832870583,4824.56173022561,2201.541619102253,136.4233601217112,2197.310667031968,1.0,1.0,30.0,3896.848294383202,62.812006142905275,233.05267178991556,882.0,882.0,4798.244602120046,442.9868338706517,4777.751974181101,17544.367368851952,-12746.122766731907,103.14514211682507,-12763.323648419217,0.006802721088435374,0.0011337868480725624,11.503614204341662,4.4295232021306505,11.480012253879018,4.343488581404582,3.8687206461570307,0.27720144300110405,150000.0,2900.0
23,23,8,known,3,280.0,3000.0,150.0,3154.4283533595235,150.56597065897063,3150.8329255861845,2398.3747086391536,101.97676648378003,2396.205747037899,1.0,1.0,22.0,2634.4437931578314,98.5937965559911,176.8423371246414,882.0,882.0,3498.3253430472714,337.9433797755443,3481.9641695274086,15755.394855977533,-12257.069512930262,15.93486016456228,-12270.139740143237,0.009070294784580499,0.0011337868480725624,12.129737246054873,6.337679613324374,12.107162411111993,6.285686874476109,1.9713869814504643,0.29872158100261004,150000.0,2900.0
23,24,8,known,3,280.0,3000.0,150.0,3253.272635863038,291.95605955262437,3240.145753287303,1988.395554157485,153.21298291030396,1982.483962523021,1.0,1.0,42.0,2792.0429340773326,87.44522502010007,209.96715509044682,882.0,882.0,4939.625694780279,424.3873637570341,4921.361333007048,16461.67099613977,-11522.045301359489,103.9331161806769,-11537.190275818059,0.0022675736961451248,0.0,10.935578620810283,7.044519449456342,10.912336870172833,6.998357299883603,2.504290103118741,0.31816719500056934,150000.0,2900.0
23,25,8,known,3,280.0,3000.0,150.0,5710.506956066511,318.62265650268114,5701.611114241937,1414.0384563111836,121.20555455169398,1408.8342590499178,1.0,1.0,38.0,4387.076941802256,55.93476770465668,197.93088028876392,882.0,882.0,5094.098427070601,506.7650129721012,5068.8290567260765,16874.267724282134,-11780.169297211532,167.09093189339205,-11802.019551135741,0.005668934240362812,0.0011337868480725624,12.227768367973582,5.285895080552315,12.205627970190752,5.205248575000521,3.4418406704751145,0.2568921109996154,150000.0,2900.0
23,26,8,known,3,280.0,3000.0,150.0,3522.780838200723,329.4023921073154,3507.3464183151577,2222.8178438190166,186.06004124391677,2215.017116830598,1.0,1.0,44.0,2574.9791619046714,96.26549536846234,238.36448589918967,882.0,882.0,4953.564106846653,414.48033041011644,4936.193211002038,18348.8851626321,-13395.321055785447,76.43541108754096,-13409.577755190156,0.011337868480725623,0.0022675736961451248,11.78408513272185,7.374799746800409,11.762431320048162,7.332509067746531,2.398885527606447,0.2795332530004089,150000.0,2900.0
23,27,8,known,3,280.0,3000.0,150.0,3177.02846693683,191.59713054223204,3171.2458780887623,1437.7019245514125,94.27403275496441,1434.6076922305108,1.0,1.0,40.0,2840.2450699478204,88.13951127352861,300.2551757903613,882.0,882.0,4802.725272176597,389.42543025120494,4786.91109947505,15575.205683348395,-10772.480411171797,55.457145447332664,-10784.713647588222,0.009070294784580499,0.0011337868480725624,11.819877013498505,7.745438916012613,11.794941743648256,7.706481390813355,2.214540769576399,0.29948649699872476,150000.0,2900.0
23,28,8,known,3,280.0,3000.0,150.0,2577.9505075631378,304.0411448801545,2559.9585546772055,2061.6251371334206,166.89570462297718,2054.858639867666,1.0,1.0,32.0,1326.345820653405,192.18062931837832,278.3816463978367,882.0,882.0,4946.770172589987,345.28120532233424,4934.70526269575,17267.15290288303,-12320.382730293044,28.48125767659053,-12329.54123591268,0.006802721088435374,0.0011337868480725624,11.1208217821686,5.78770700467625,11.09664182173918,5.738162780523202,3.0525104875565092,0.29222392899828264,150000.0,2900.0
23,29,8,known,3,280.0,3000.0,150.0,1569.2100567683317,209.65832281909803,1555.141019308395,1348.698274177952,160.07703523962786,1339.1648059740357,1.0,1.0,44.0,1227.9590214169843,207.37440110086186,184.64479232244477,882.0,882.0,6449.078629756754,306.3028970899923,6441.800502035089,18040.69329999674,-11591.614670239986,-30.409965253327755,-11595.750307120783,0.01020408163265306,0.0022675736961451248,11.93428606433755,8.424033824897823,11.912006049256082,8.38923005572546,2.7341323831854463,0.24706030200104578,150000.0,2900.0
23,30,8,known,3,280.0,3000.0,150.0,5025.6139354664365,323.02774800034297,5015.221680282564,2660.5066288258486,224.03694956489872,2651.056952850304,1.0,1.0,31.0,3697.4817128099803,68.08810867130259,256.57853269663656,882.0,882.0,4561.932990267982,407.6514866306708,4543.6827434519655,16516.670918544987,-11954.737928277005,85.34336644538274,-11969.843097723573,0.0022675736961451248,0.0,11.43967330418814,5.751996630522337,11.417460401423746,5.6868581554597935,2.8325151888877453,0.3502188409984228,150000.0,2900.0
23,31,8,known,3,280.0,3000.0,150.0,6071.546180945473,449.16974928376834,6054.908716378961,2319.247789466531,151.7227032237711,2314.2797000950122,1.0,1.0,42.0,4526.821039684667,56.73420896528805,195.81606116290172,882.0,882.0,4751.1587808771765,448.83050805775514,4729.911303200402,18250.17204565017,-13499.013264772995,103.41940014401564,-13516.991745327057,0.007936507936507936,0.0,11.889940905862746,5.781052335711982,11.868589598226215,5.712465976166888,2.935179139029312,0.28159139799754485,150000.0,2900.0
23,32,8,known,3,280.0,3000.0,150.0,3783.057915294362,251.12965582319538,3774.713378051034,2568.072153102966,140.89012921469848,2564.2044682577025,1.0,1.0,33.0,2340.229174826544,111.73345770204637,243.3191287811709,882.0,882.0,3918.7462439291394,362.38134646982365,3901.954879805693,14600.014258948764,-10681.268015019625,47.227619393833265,-10694.657552187467,0.01020408163265306,0.0011337868480725624,11.759583312946454,5.746444689323894,11.737288448195013,5.686990068307126,2.4355097902097076,0.2790651049981534,150000.0,2900.0
23,33,8,known,3,280.0,3000.0,150.0,1567.8182357090307,238.5724745697256,1549.5603229947053,1109.8815775783426,147.37803196388785,1100.0531041464508,1.0,1.0,145.0,1213.1146249433145,207.31869420426278,228.13056522669694,882.0,882.0,8713.5498906722,390.0925028739933,8704.813584243779,14509.697646143508,-5796.147755471307,68.63762055289482,-5801.322791136621,0.0,0.0,11.645968297436761,10.043545845399827,11.624171052003557,10.013762939916575,3.0984894694704455,0.4139542449993314,150000.0,2900.0
23,34,8,known,3,280.0,3000.0,150.0,5644.571045296295,519.3869454708027,5620.624474760061,1839.9358178828645,213.82348500851998,1827.4691053988017,1.0,1.0,31.0,4428.712144822541,56.025067103007586,195.374856073665,882.0,882.0,4685.933078286978,473.5910762767652,4661.939543436304,16425.62264260586,-11739.689564318882,143.58448345802032,-11760.367689287807,0.006802721088435374,0.0,11.45401684936822,4.7316410267165665,11.43042706172487,4.6611469736998306,3.5369283479244875,0.26452921600139234,150000.0,2900.0
23,35,8,known,3,280.0,3000.0,150.0,5905.3710287264785,399.14777366365325,5891.866261355682,2384.705822638625,139.74028928396953,2380.6080131087087,1.0,1.0,43.0,4450.30300630027,56.153758422083726,236.87422653083436,882.0,882.0,4919.13468535501,441.94362081702144,4899.241970823841,15235.91784546382,-10316.783160108811,123.34864951132732,-10333.344475278529,0.007936507936507936,0.0,12.37145022549239,5.4617201248047325,12.3509324009357,5.387502849594455,3.216630980813995,0.4155827520007733,150000.0,2900.0
23,36,8,known,3,280.0,3000.0,150.0,4024.6508969412985,287.38969867695397,4014.3769134630056,1894.2282012019816,160.59985945843982,1887.407789369013,1.0,1.0,40.0,1755.0111980725374,142.53885637679443,202.20575241620017,882.0,882.0,5184.987013636216,391.37685045375594,5170.19482152318,14495.252718137825,-9310.26570450161,75.63152912277855,-9321.618600362279,0.003401360544217687,0.0,11.529301139432476,4.881596053661453,11.507281462051344,4.815455082371866,3.7933926853896804,0.2812335689995962,150000.0,2900.0
23,37,8,known,3,280.0,3000.0,150.0,1153.4576548584694,154.55255392654854,1143.0564595094947,451.37274991569495,128.31195628111612,432.7509690824152,1.0,1.0,1445.0,396.1946728379945,631.7778276780629,288.96479612074734,882.0,882.0,44427.476121703534,954.7008387791773,44417.217166915936,16620.934498874187,27806.541622829347,627.6861411046052,27799.49996498441,0.0011337868480725624,0.0011337868480725624,11.019021501612972,9.359883288835713,10.992396508143262,9.329745932337016,16.9520871875369,1.4625322289975884,150000.0,2900.0
23,38,8,known,3,280.0,3000.0,150.0,1733.1182006958443,106.57981851202348,1729.8379808147192,427.3360261956898,88.83358371075114,418.00080584830005,1.0,1.0,222.0,0.07866029801723029,3177603.2928596004,172.4823437043532,882.0,882.0,155291000.26906985,4346674.8944951985,155230155.51731503,16465.035602200835,155274535.23346764,4346335.171566477,155213693.98683596,0.0,0.0,11.463499843636825,7.701461333940369,11.441122503628216,7.665909505596737,72013.69859542194,0.4263935790004325,150000.0,2900.0
23,39,8,known,3,280.0,3000.0,150.0,1696.372209059947,234.79006752151747,1680.0453255386194,656.8352781138865,147.73365680637892,640.0057415535908,1.0,1.0,133.0,2074.8323192259118,120.67790078055302,206.65205410115965,882.0,882.0,8261.063376875647,433.318510004014,8249.691096377124,14322.886629420469,-6061.823252544822,114.7550754037344,-6069.652419907667,0.003401360544217687,0.0,12.724378716808232,10.992940752746025,12.703561623865639,10.967352170402634,2.6838858171036595,0.6580741799989482,150000.0,2900.0
24,0,8,known,3,30.0,10000.0,150.0,1187.259977417174,29.094211295447952,1186.9034420902672,874.2391779816634,22.067087382482512,873.9606306765245,1.0,1.0,24.0,829.6309404315354,300.6706902312946,14.624770156001505,882.0,882.0,1632.6158086200417,35.85614938423458,1632.2220177130953,1843.2918557684648,-210.6760471484231,0.852639878699776,-210.73745548881038,0.08956916099773243,0.047619047619047616,13.530491213496159,10.298566486935941,13.50520335961853,10.272226979193732,5.284281751546253,0.2707982779975282,150000.0,2900.0
24,1,8,known,3,30.0,10000.0,150.0,658.2503811063633,19.70254231206626,657.9554499000018,520.7394976649115,17.75828396146151,520.4366126427391,1.0,1.0,26.0,881.5698950166191,328.6783793015427,20.50118004071851,882.0,882.0,1296.5992142520902,37.333453943839686,1296.0616249298337,1762.0412307647157,-465.4420165126255,1.067813197736747,-465.60636371504984,0.1292517006802721,0.05102040816326531,15.435138300971055,12.348933687607952,15.40882944896009,12.32369858062928,3.4998952056705814,0.24373948100037524,150000.0,2900.0
24,2,8,known,3,30.0,10000.0,150.0,2333.3257272116894,37.49861836501664,2333.0243896900593,710.8170886810698,12.781749591736869,710.7021601475586,1.0,1.0,40.0,437.7258747751848,590.8401319070366,20.458663502888534,882.0,882.0,2871.391308204554,56.83725998929792,2870.8287254222555,1792.5292289826768,1078.8620792218774,22.482991222504857,1078.6287307300536,0.05102040816326531,0.022675736961451247,12.676736192350077,7.387442477902059,12.654236858070918,7.347378607277076,12.956181234997551,0.29579999899942777,150000.0,2900.0
24,3,8,known,3,30.0,10000.0,150.0,1169.4918021299877,36.77055536167899,1168.9135988205628,369.86918135052423,20.121693674028563,369.3214436728465,1.0,1.0,67.0,972.6287955498747,245.25342142826682,24.12414772874008,882.0,882.0,1987.0794469935647,46.09139697687101,1986.5448174629669,1956.7152421179421,30.36420487562259,8.725000252350881,30.186391424296744,0.07029478458049887,0.03741496598639456,12.065670226613335,15.469426233126292,12.04306917498377,15.449661724969218,4.281734859992038,0.32000750899896957,150000.0,2900.0
24,4,8,known,3,30.0,10000.0,150.0,1441.787678169414,48.81695141289456,1440.961003697151,586.8886435015511,27.013771852270004,586.2666082947283,1.0,1.0,37.0,693.8820616436152,394.67425229002106,23.44659235310312,882.0,882.0,2295.5285700361064,44.4622784832252,2295.0979329092024,1764.3083591466273,531.2202108894792,9.711503674938847,531.1318420205798,0.06802721088435375,0.03741496598639456,12.917314437383947,8.197149110248194,12.895209756266409,8.162198286224065,9.334662328582032,0.32310631400105194,150000.0,2900.0
24,5,8,known,3,30.0,10000.0,150.0,675.603796623902,24.829640159256254,675.1473757500598,427.4680460351597,19.462141656585146,427.0247714398504,1.0,1.0,115.0,862.1729463883411,276.3986759817502,26.118292270638726,882.0,882.0,1753.3979381626802,37.028457502217854,1753.0069089676012,1772.4508676011155,-19.052929438435285,2.2366514199140397,-19.10245794220623,0.09183673469387756,0.045351473922902494,11.910204217805923,9.964045325444673,11.88501488705783,9.93513087089755,5.865749906767678,0.3034079980025126,150000.0,2900.0
24,6,8,known,3,30.0,10000.0,150.0,667.922647819519,21.861073384321912,667.5647960615679,554.941282969738,14.815978522936891,554.7434671309853,1.0,1.0,24.0,1051.3258879302723,243.5822980995941,23.37655350832221,882.0,882.0,1377.3638773939958,35.01132293047376,1376.9188276788434,1783.635583133289,-406.2717057392931,0.6950718053716116,-406.38661119806056,0.10204081632653061,0.05442176870748299,12.06974611003836,12.34940427812312,12.048819868314009,12.327804570863492,3.717760647596543,0.28169117699872004,150000.0,2900.0
24,7,8,known,3,30.0,10000.0,150.0,544.3731776269019,27.250102645441906,543.6907102622072,542.9388047967209,19.95942752016182,542.5718081573712,1.0,1.0,31.0,1074.5294247264883,241.52745123703744,25.216032832047567,882.0,882.0,1518.8706593150707,36.423033051901335,1518.4338781756344,1826.975719376068,-308.1050600609972,1.569896185750018,-308.2093650550437,0.08956916099773243,0.049886621315192746,11.454163307325839,11.840182891012457,11.430056725427193,11.81853691386308,4.276033777789029,0.2577910099971632,150000.0,2900.0
24,8,8,known,3,30.0,10000.0,150.0,3557.6919530604223,117.93054084064127,3555.7368322765274,778.038635621088,24.10018617613821,777.6652876047636,1.0,1.0,39.0,1042.5375815428192,244.73266065592242,18.16550468909791,882.0,882.0,4258.221729366493,134.41908464761207,4256.099600118807,1734.972107518035,2523.2496218484575,100.2716102699448,2521.4635680189317,0.03854875283446712,0.013605442176870748,11.683129748434288,5.650593957645739,11.656490787098699,5.597276767092277,25.119611385305507,0.25000988300234894,150000.0,2900.0
24,9,8,known,3,30.0,10000.0,150.0,382.32754020330367,19.201521964399753,381.8450596147074,308.1250969755692,19.345472749347742,307.5171996333021,1.0,1.0,146.0,953.2950434885868,276.71287826323857,22.682877836423025,882.0,882.0,2259.340772745066,35.96216671382812,2259.0545478039076,1692.30835940471,567.0324133403558,2.4720691666456105,567.0775985881858,0.0691609977324263,0.032879818594104306,13.66411052462787,12.935836564179265,13.644970612030452,12.914917742639087,5.821916403926091,0.3642595800010895,150000.0,2900.0
24,10,8,known,3,30.0,10000.0,150.0,1168.3571734166892,27.619207737808363,1168.0306776956552,764.6440691688923,18.57116699204668,764.4185138206134,1.0,1.0,47.0,1254.1398349909362,221.03766211227824,28.510704619804038,882.0,882.0,1771.888908202379,43.75587934679801,1771.3485614167553,1651.6833198833192,120.20558831905987,9.42527100080283,120.02206477492632,0.06689342403628118,0.032879818594104306,11.908108757095704,14.08971681832419,11.879973116233014,14.063369757666129,4.191919849654639,0.2631426959997043,150000.0,2900.0
24,11,8,known,3,30.0,10000.0,150.0,670.9353104372432,12.966659299971774,670.8100003265591,500.73476386242936,12.166276255271988,500.5869409627495,1.0,1.0,37.0,1074.7591190480116,249.4158879113591,21.779341906252327,882.0,882.0,1305.27017216954,36.09939793998991,1304.770882501549,1752.0824369004904,-446.81226473095035,0.8054857374190121,-446.956038412952,0.1111111111111111,0.048752834467120185,13.445545108793024,12.659570568039197,13.422576305849681,12.631837951080115,3.4368468902751768,0.301846865000698,150000.0,2900.0
24,12,8,known,3,30.0,10000.0,150.0,2940.3919670273012,85.62243357015444,2939.145065938088,521.6552494038855,20.080574521201292,521.2686157419497,1.0,1.0,37.0,708.2729195354824,363.75463396424266,27.401509903466877,882.0,882.0,3264.854011775856,88.58118859450825,3263.652109406897,1819.8659111050304,1444.9881006708258,54.656730826914625,1444.1024218283146,0.032879818594104306,0.02040816326530612,11.349523659285586,6.794335296125668,11.324949044199382,6.745510125084689,16.017529650215,0.2625057589975768,150000.0,2900.0
24,13,8,known,3,30.0,10000.0,150.0,962.6947483901749,31.84524575638422,962.1678953803944,812.6634231351894,22.654479954708528,812.3475942229322,1.0,1.0,29.0,1083.0134379487188,194.49341305862802,23.19159690107935,882.0,882.0,1508.5850646890585,40.184597664578796,1508.0497655957602,1692.9570946506847,-184.37202996162614,4.356421316849399,-184.52816942161553,0.1054421768707483,0.049886621315192746,11.50789553032865,11.794955242531955,11.484378970364734,11.767495850602522,4.2633624112145405,0.25557428899992374,150000.0,2900.0
24,14,8,known,3,30.0,10000.0,150.0,3371.840613373249,121.18058875412325,3369.6623550294316,846.7957497051816,19.12527432333311,846.5797455649514,1.0,1.0,31.0,862.4355795651053,279.9850585590296,22.274166816904742,882.0,882.0,3748.825568340616,111.80396648136107,3747.157991721643,1511.9900168558834,2236.8355514847326,79.2926765916645,2235.517549320884,0.03968253968253968,0.011337868480725623,12.39450915140074,5.1900380422322065,12.37218967824371,5.134880750818967,24.077059023689845,0.23865534500146168,150000.0,2900.0
24,15,8,known,3,30.0,10000.0,150.0,1169.1506229085942,24.674571298621093,1168.8902192159806,640.3825856776847,14.590407016628996,640.2163509801403,1.0,1.0,39.0,1634.0714025416196,166.2310649567845,23.80892263635027,882.0,882.0,1563.9969792221812,40.13207044880024,1563.4820011556258,1675.9836451235976,-111.98666590141647,6.096023613629583,-112.15600457163009,0.10090702947845805,0.05895691609977324,12.9389229110548,14.244153544320785,12.919069340820352,14.221579314597747,3.659974071363837,0.2905071070017584,150000.0,2900.0
24,16,8,known,3,30.0,10000.0,150.0,492.8338648435462,24.810637314051387,492.2089501550103,266.2200871403154,12.055587233978834,265.94698271166953,1.0,1.0,60.0,1382.2257833789945,192.40066729544745,22.27030170136604,882.0,882.0,1350.0173643886342,38.4258391591264,1349.4703920559914,1809.4359865657088,-459.41862217707467,2.692079257388812,-459.6127149024219,0.14852607709750568,0.06689342403628118,14.6302536865768,15.203830923409182,14.610149736151602,15.18178929347792,2.959818419426616,0.2879053870019561,150000.0,2900.0
24,17,8,known,3,30.0,10000.0,150.0,3617.75313211145,129.76722382477885,3615.425036219534,1145.342666817978,26.302042783042534,1145.0406224144,1.0,1.0,50.0,837.0018702289107,305.6975126055347,27.280374292878694,882.0,882.0,3620.127337232091,102.19532827383604,3618.684574904825,1619.2365243533984,2000.8908128786927,66.47898891802605,1999.842005380816,0.031746031746031744,0.015873015873015872,13.327029815180722,6.281392030974421,13.307588588623666,6.233343887749774,19.210854957949543,0.30666740800006664,150000.0,2900.0
24,18,8,known,3,30.0,10000.0,150.0,2003.695127805676,42.53778501970246,2003.2435453628252,589.461697381979,16.039214108242888,589.243443995123,1.0,1.0,34.0,572.3556716343901,418.21083476303323,24.18716368070184,882.0,882.0,2940.7038927578246,66.18678257160313,2939.9589613962034,1746.6105954116258,1194.0932973461988,29.127835608236744,1193.7415618568104,0.045351473922902494,0.017006802721088437,11.275477288511183,7.330188841337492,11.242874768138947,7.2917790014076616,13.37256995879001,0.24017457399895648,150000.0,2900.0
24,19,8,known,3,30.0,10000.0,150.0,2783.4267399408195,73.87333519212693,2782.4462523048255,709.3504047585833,21.54727138757589,709.0230686140727,1.0,1.0,25.0,920.0020530143502,277.06845392562815,21.601891442653482,882.0,882.0,3620.5759912302187,85.39188255322192,3619.568860329459,2000.1808546437549,1620.3951365864639,48.669613595628256,1619.7251348733853,0.026077097505668934,0.01020408163265306,11.26062634136866,5.834754800615157,11.23594708809768,5.784933168304864,20.6839653933044,0.26239837400135,150000.0,2900.0
24,20,8,known,3,30.0,10000.0,150.0,882.815377885015,33.168716960069695,882.1920582534648,347.32799448939943,21.35411647482127,346.67093542090896,1.0,1.0,44.0,1560.2758477440227,154.06407639939138,25.63132844153238,882.0,882.0,1535.764037160289,45.02019096650555,1535.1040226122168,1869.2900417185465,-333.52600455825745,10.905427465681761,-333.8746939545099,0.10657596371882086,0.05555555555555555,12.274177112078863,15.310706767954693,12.252408267021163,15.29209170070789,3.34355136884698,0.2592406760013546,150000.0,2900.0
24,21,8,known,3,30.0,10000.0,150.0,1139.2862846533353,21.099843194887963,1139.0908809293276,591.2636874631772,14.664403819281166,591.081807682472,1.0,1.0,28.0,1618.4904567626518,171.06092373124147,19.25537966800788,882.0,882.0,1520.6489557373075,39.93690302749915,1520.124432525685,1656.548650424707,-135.89969468739946,6.444067899777252,-136.085596793974,0.10997732426303855,0.05442176870748299,12.115775216843062,14.862279165706415,12.094977705125745,14.836696673980358,3.4105333347213884,0.25883866000003763,150000.0,2900.0
24,22,8,known,3,30.0,10000.0,150.0,4128.017076808692,162.72372330664123,4124.808598747026,1233.6465496913984,24.982670345422495,1233.3935607695964,1.0,1.0,47.0,1121.776046424449,251.62309988131233,17.541352796648884,882.0,882.0,3865.736132547046,111.06638763072924,3864.1402800646943,1864.1436242705602,2001.592508276486,79.27498482714421,2000.2677633360527,0.02947845804988662,0.01473922902494331,12.292564912372708,5.80553344743031,12.27193684773247,5.751843223722913,22.195698681563464,0.2575245020016155,150000.0,2900.0
24,23,8,known,3,30.0,10000.0,150.0,503.7196112405416,26.652788171597123,503.01399148632277,170.54982633128643,22.280325109066222,169.08823251387508,1.0,1.0,97.0,1278.6546399925369,202.6429796839463,23.477335415672112,882.0,882.0,1987.426106633794,40.42406873165951,1987.0149531386874,1948.883797542541,38.542309091252946,5.993795654999353,38.435313344690485,0.0782312925170068,0.03741496598639456,12.218820408662447,15.285295257387443,12.198023095820758,15.267586229814126,4.334069821502168,0.42856594900149503,150000.0,2900.0
24,24,8,known,3,30.0,10000.0,150.0,1705.9341627993854,20.23754565689672,1705.814119284931,398.048944748061,15.445777030424635,397.7491551052891,1.0,1.0,66.0,176.581181910133,1347.3983015764168,16.371267958532005,882.0,882.0,4323.218874323911,101.84145209617671,4322.019175564293,1768.7116973598515,2554.50717696406,67.84489337897692,2553.634233767695,0.027210884353741496,0.009070294784580499,11.552613349552109,7.611652033765667,11.527774929225497,7.572393651289907,18.932459756637574,0.3474322959991696,150000.0,2900.0
24,25,8,known,3,30.0,10000.0,150.0,1704.1938404954285,55.87760015431586,1703.2775287026927,859.3048864802936,20.13911241003283,859.0688587536197,1.0,1.0,28.0,827.1971723710606,291.7230031572303,22.48442176498573,882.0,882.0,2155.481372461954,45.07040106065955,2155.0101173727003,1680.9902787560318,474.49109370592214,9.390084119128296,474.39855241926534,0.05782312925170068,0.022675736961451247,11.369962263367203,8.051601683729867,11.347618390811794,8.018145373053915,8.923613201986072,0.27629218799847877,150000.0,2900.0
24,26,8,known,3,30.0,10000.0,150.0,357.2131446895189,16.33561777869527,356.83942933869224,201.74027675161796,10.501252881034349,201.46677877940067,1.0,1.0,78.0,1122.9360765305594,234.3241434733622,20.781518515821016,882.0,882.0,1492.816052242861,34.22626335696503,1492.423642512601,1810.2532359514687,-317.4371837086078,0.8918703033450655,-317.52265406984475,0.1235827664399093,0.0691609977324263,11.835865749655662,12.471114392846083,11.814396435872872,12.448812766397626,3.9900632379177448,0.3417206249978335,150000.0,2900.0
24,27,8,known,3,30.0,10000.0,150.0,577.1623210144184,22.578876113443908,576.7205034955876,406.3534787171012,16.240206213308888,406.02882332124994,1.0,1.0,34.0,749.5493092994553,335.9903128884154,16.459397723709003,882.0,882.0,2700.3802887578104,45.98208672309673,2699.9887687937344,1816.7836531396517,883.5966356181586,11.598767147909506,883.5305034734299,0.048752834467120185,0.01927437641723356,12.805547204511793,13.201881454750962,12.785529101456245,13.181495934539281,6.818170319165693,0.3221967509998649,150000.0,2900.0
24,28,8,known,3,30.0,10000.0,150.0,742.9303934272696,22.865291854302697,742.5784456247131,513.8315247944823,17.93735881017444,513.5183414752951,1.0,1.0,72.0,885.3175917959129,265.7472991494038,23.18372747171787,882.0,882.0,1469.74930694576,34.31304436610956,1469.3487129520588,1691.7395987928096,-221.99029184704955,1.5588078075846212,-222.0737742199442,0.09977324263038549,0.05442176870748299,11.819266212443067,10.74274724973193,11.79706317758163,10.715950149123847,4.56043900372702,0.35922765000213985,150000.0,2900.0
24,29,8,known,3,30.0,10000.0,150.0,756.3188080715752,17.799762297032427,756.1093227205821,643.5639377387577,14.71102244122247,643.3957784882874,1.0,1.0,44.0,966.5465260783565,253.74328378034323,21.386465339688055,882.0,882.0,1483.4696184276643,35.032455843910476,1483.0559112304109,1844.847580734885,-361.37796230722074,-0.7325698647422882,-361.4449586743492,0.09977324263038549,0.05328798185941043,13.289259313888877,10.641728248999826,13.265611466591753,10.617484467392941,4.646706448792249,0.2738571600020805,150000.0,2900.0
24,30,8,known,3,30.0,10000.0,150.0,3294.4116420964647,100.38779925136195,3292.8817709329005,1080.733358279502,17.173958321993705,1080.5968937830817,1.0,1.0,38.0,1077.774026677544,243.2638504253361,20.429925188909806,882.0,882.0,3276.0767631204167,79.47536353674758,3275.1126124834623,1856.1354946080046,1419.941268512412,43.57185906036674,1419.3243937715276,0.03854875283446712,0.021541950113378686,12.429637509814476,5.9816946720356245,12.40560120018036,5.927257967801687,18.256123850854785,0.26099198200245155,150000.0,2900.0
24,31,8,known,3,30.0,10000.0,150.0,2258.5300089798748,66.92514736094368,2257.5382225143717,1004.2664956781905,21.45640196188396,1004.0372588487954,1.0,1.0,29.0,986.3551486795974,269.5569562265196,21.65782511592872,882.0,882.0,2609.4168118866473,54.57139996273799,2608.84611666974,1873.789622687226,735.6271891994213,20.030054625604137,735.3748877599821,0.05328798185941043,0.01927437641723356,12.87680902576928,7.244097858636563,12.849656054433705,7.201025927587796,12.007093511653983,0.2808522790001007,150000.0,2900.0
24,32,8,known,3,30.0,10000.0,150.0,3039.072719076334,85.13336139997355,3037.8800671867816,529.2503843354273,18.85061001468928,528.9145713830085,1.0,1.0,26.0,849.6040826299027,297.81881496308176,19.991575288974914,882.0,882.0,4128.390947340159,114.60489396389168,4126.7999142628305,1676.8530381564053,2451.537909183754,80.0995746564119,2450.3019290228076,0.027210884353741496,0.01020408163265306,12.953931396595472,6.435176893739053,12.930917294818226,6.386281380634559,21.384498647098965,0.3246321380029258,150000.0,2900.0
24,33,8,known,3,30.0,10000.0,150.0,2159.8438969813624,56.15853156601392,2159.113678957175,577.3740429763634,13.57704457978139,577.2143876960711,1.0,1.0,153.0,439.650304049735,606.7842603002209,20.368618425568005,882.0,882.0,3203.2385514923076,74.42839832162701,3202.373749469262,1716.2638987929727,1486.974652699335,40.883708436304886,1486.4377005208892,0.047619047619047616,0.02040816326530612,12.554704457487619,7.581823558194173,12.532686867421695,7.5430955081805315,14.0829732535359,0.36009119899972575,150000.0,2900.0
24,34,8,known,3,30.0,10000.0,150.0,529.3277561554355,24.461618593846758,528.7622364090664,133.46666572542003,16.17949873363635,132.48235611049972,1.0,1.0,72.0,1318.240424577696,190.8890998768338,20.43219665624793,882.0,882.0,1574.1523991846163,39.60069955555104,1573.6542061245204,1845.7122749448224,-271.55987576020607,4.477584061996559,-271.7238496244954,0.10997732426303855,0.05782312925170068,11.175816897351464,14.43184890715728,11.149575233184107,14.411261759558993,3.635829821739927,0.31121208500189823,150000.0,2900.0
24,35,8,known,3,30.0,10000.0,150.0,813.1467213485153,24.879552057609555,812.7660169626018,564.7173543476931,19.571924544741222,564.3780914166255,1.0,1.0,28.0,780.6738446312003,316.65913230024245,17.366737625750154,882.0,882.0,1333.1200070718014,39.30158627601535,1332.5405579461021,1811.5728451506227,-478.4528380788213,4.415874523564888,-478.6963565415215,0.1326530612244898,0.05895691609977324,13.756383402430018,11.338187867442976,13.731792380291669,11.31120912508623,3.919262415527579,0.32618472000103793,150000.0,2900.0
24,36,8,known,3,30.0,10000.0,150.0,1411.8090288299377,43.98302398026328,1411.1237463409377,793.64498148806,24.62805902440996,793.2627656394023,1.0,1.0,45.0,1710.7938317088056,134.26344889358515,18.77026016282329,882.0,882.0,1578.8084885894443,41.952432992854014,1578.2510057047534,1908.0043949909534,-329.1959064015091,5.545510205392901,-329.4060146419183,0.10430839002267574,0.05895691609977324,12.916559818723321,12.611386010566791,12.89527912717033,12.58181788506383,4.1729711211403115,0.26926053799979854,150000.0,2900.0
24,37,8,known,3,30.0,10000.0,150.0,2882.459437125047,79.14818755182291,2881.3725845642566,971.4534647513724,15.222297038740912,971.334193699733,1.0,1.0,35.0,794.1931598946607,337.10422185763383,23.21873154620218,882.0,882.0,3513.148558702438,81.52933200033671,3512.2024092493016,1787.8714932458693,1725.2770654565688,45.347735721476916,1724.6970614385805,0.027210884353741496,0.011337868480725623,11.62659510290121,6.731017995294167,11.599845803362332,6.683155889334683,17.397806994219764,0.2670844070016756,150000.0,2900.0
24,38,8,known,3,30.0,10000.0,150.0,3913.398871793399,134.78802600058978,3911.076951147946,741.7179118668992,14.197991521641034,741.5820101788775,1.0,1.0,30.0,1369.2076946339773,173.24443992247245,16.10321949474752,882.0,882.0,4553.405190090049,150.08086737885031,4550.93117486804,1772.4975499014993,2780.9076401885495,114.30103585343932,2778.7947895796988,0.018140589569160998,0.012471655328798186,11.071907452424496,4.375661809368927,11.043497526136438,4.304833211861732,34.68736378986563,0.2971978380010114,150000.0,2900.0
24,39,8,known,3,30.0,10000.0,150.0,4467.0749362351435,183.48957017267432,4463.304836506023,1068.4478784847777,21.332869635788217,1068.2348888291024,1.0,1.0,65.0,1162.7790183497996,212.11698843706628,20.427397700332275,882.0,882.0,4145.913726795104,129.00519246212926,4143.906163313291,1708.9175094049854,2436.9962173901185,93.58819321298017,2435.3556987044385,0.032879818594104306,0.007936507936507936,12.2304106577195,5.511806262201743,12.209438064599915,5.455138521990715,25.072928483393266,0.3354114799985837,150000.0,2900.0
25,0,8,known,3,80.0,10000.0,150.0,855.2449944316508,67.5230336212064,852.5752989800864,437.2367325894426,50.06983865240532,434.3604166850542,1.0,1.0,49.0,637.2018715688802,378.17852519217683,56.47667994014088,882.0,882.0,4580.110411849265,107.75069506998024,4578.842776558503,4204.182281700655,375.92813014860985,13.579073798618694,375.71532625285545,0.03741496598639456,0.009070294784580499,11.84841610359494,9.791059447553554,11.826697028138486,9.7636288727063,5.847312076367889,0.26792157700037933,150000.0,2900.0
25,1,8,known,3,80.0,10000.0,150.0,932.261002230014,35.39920208384149,931.5886821826131,839.9430444198616,29.133799286346704,839.4376329474683,1.0,1.0,35.0,1137.3853661944088,198.24189068907086,47.07890608922789,882.0,882.0,2714.7215294309203,96.24016876579505,2713.0150777818553,4991.017606546363,-2276.2960771154426,2.3293243544530498,-2277.118938670782,0.03741496598639456,0.013605442176870748,12.442874660948435,12.481586403410365,12.418191438290258,12.458957255004652,2.718726452000898,0.28736227699846495,150000.0,2900.0
25,2,8,known,3,80.0,10000.0,150.0,2152.6138033115008,49.83681039229646,2152.0368209064472,485.9863434651302,37.50785280926189,484.5367757067014,1.0,1.0,62.0,1842.5751002673583,129.29020704688173,74.5770920415629,882.0,882.0,2538.8410558351984,123.81584319293042,2535.820092942086,4686.6596854426525,-2147.818629607454,23.172352850998536,-2149.7588355367866,0.060090702947845805,0.023809523809523808,14.202679127624076,10.331016523402656,14.180931064804724,10.291083917237652,3.071867432023763,0.44461327499811887,150000.0,2900.0
25,3,8,known,3,80.0,10000.0,150.0,1200.3329931130054,64.02992360854576,1198.6239874282135,1017.3881423880084,42.731109647339686,1016.4903760193845,1.0,1.0,34.0,1331.8078787345376,189.24034323554048,46.660647816861974,882.0,882.0,2111.491297663672,98.14452955325594,2109.2091293724734,5356.818482402211,-3245.327184738539,-1.6820242766582822,-3246.6791174598266,0.07369614512471655,0.024943310657596373,12.063601106178453,10.20162844368583,12.04154350546612,10.174399197150262,2.5871988346264376,0.2649152129997674,150000.0,2900.0
25,4,8,known,3,80.0,10000.0,150.0,2300.9852628773547,58.70894261053506,2300.236170491265,846.3221071197431,34.3501339375905,845.6247260446395,1.0,1.0,49.0,2145.333200810127,116.45130354209105,43.54683804259274,882.0,882.0,2594.871583657775,115.09666446182452,2592.3177454749584,5073.57887369981,-2478.7072900420353,21.619292833499415,-2480.3999254235996,0.05782312925170068,0.015873015873015872,11.79952678100998,10.945414648472438,11.777128668848588,10.90885814554236,2.9634231171177237,0.2513644509999722,150000.0,2900.0
25,5,8,known,3,80.0,10000.0,150.0,2916.2122760680886,98.18767774142411,2914.5588378054695,1272.0921249918638,58.56361490049243,1270.7433562588876,1.0,1.0,30.0,757.5439319985146,317.4405452267544,75.23712177175892,882.0,882.0,3051.0928745725364,113.98146812660315,3048.9630949211255,4395.205172442936,-1344.1122978703993,14.41245686517783,-1345.1141142168249,0.03741496598639456,0.009070294784580499,13.213291016261609,6.481664331829643,13.191226913044863,6.434261424630475,5.88408454675266,0.25518881999960286,150000.0,2900.0
25,6,8,known,3,80.0,10000.0,150.0,3187.7879152094115,127.85205944819099,3185.2230131107026,1057.1434453199668,53.2035631783028,1055.803790885457,1.0,1.0,65.0,1992.2968186973033,127.02821092384555,76.9143602243701,882.0,882.0,2428.6201993598656,128.19699364937253,2425.2343399263536,4666.715276683778,-2238.0950773239124,36.081611786013795,-2240.5717244164316,0.03968253968253968,0.012471655328798186,12.80699597260746,8.967111558890174,12.78584795847923,8.928157303922731,3.3854549809744516,0.3093477780021203,150000.0,2900.0
25,7,8,known,3,80.0,10000.0,150.0,3131.054456747429,144.02322989751505,3127.740289788752,963.3496640049557,60.50031836153782,961.4480155560224,1.0,1.0,31.0,2798.654908071484,92.6606495868541,47.78616251564563,882.0,882.0,2170.2639119020355,125.71211866840368,2166.6199275655686,5182.41913136355,-3012.1552194615147,28.693592506596232,-3014.890996740615,0.07142857142857142,0.009070294784580499,11.795893063645988,8.862125997478472,11.771185044248176,8.823091088677568,3.061150214575399,0.3178186769982858,150000.0,2900.0
25,8,8,known,3,80.0,10000.0,150.0,563.7693814690601,45.03749572602387,561.967560861599,253.09662357626894,35.06090462251596,250.65640592803211,1.0,1.0,378.0,721.779488328245,322.6834754635518,57.355452297169904,882.0,882.0,8084.586135139891,138.63754569551025,8083.3973431608365,4523.725803402315,3560.8603317375755,42.726145598036936,3560.6884040736377,0.027210884353741496,0.011337868480725623,12.291555651628425,11.067837897824418,12.262275403311184,11.041250458005376,9.130719804733792,0.827535918000649,150000.0,2900.0
25,9,8,known,3,80.0,10000.0,150.0,456.30474872516817,49.09433329256046,453.6560042010883,336.2734924500773,37.10777657979278,334.21979989503376,1.0,1.0,72.0,969.3424256740999,289.73006680587014,39.577844286721806,882.0,882.0,4340.024463890394,91.41346879892514,4339.061641056653,4544.83881530358,-204.81435141318616,0.5000205963888931,-204.86778203367248,0.034013605442176874,0.013605442176870748,12.545736034898933,13.179771223270272,12.52542889818887,13.154802361271248,4.116179627067069,0.29506264299925533,150000.0,2900.0
25,10,8,known,3,80.0,10000.0,150.0,4028.546787322119,142.03662290391594,4026.0420781950875,951.7017468201864,35.23412298738857,951.049300235221,1.0,1.0,30.0,1444.9870428586667,182.28081743273214,64.31894863064562,882.0,882.0,5238.764470220873,216.07403985390118,5234.306561880933,4914.984958636231,323.779511584642,119.13201120624772,320.27772733976144,0.015873015873015872,0.0022675736961451248,11.40813086146759,5.061317313528365,11.383500248913425,4.998994366137625,12.938243508805037,0.2767801320005674,150000.0,2900.0
25,11,8,known,3,80.0,10000.0,150.0,1266.4227591612764,81.47220895969923,1263.799384431282,1049.212671901484,42.594906149385444,1048.3477022671325,1.0,1.0,37.0,1256.6119546955927,200.6744947019705,62.38135715344022,882.0,882.0,2704.7610839306394,103.85093667276004,2702.7666388532025,4325.443947970407,-1620.6828640397675,14.813411611431718,-1621.7608111885684,0.049886621315192746,0.01020408163265306,11.98242154131583,11.063506762688164,11.96088078549104,11.035781838516657,3.0559491013424482,0.3047398870003235,150000.0,2900.0
25,12,8,known,3,80.0,10000.0,150.0,2027.1413795371197,54.00317335739261,2026.4219279061774,1174.0260150271952,49.097703728345465,1172.9989341211012,1.0,1.0,68.0,736.3752227698326,371.5459658198457,63.15840148952373,882.0,882.0,3287.00593909109,115.63718376186462,3284.9712457419964,5038.308240349123,-1751.3023012580325,17.755798521067064,-1752.386112952462,0.036281179138321996,0.01020408163265306,12.939498706801952,7.501251300782913,12.919454968315213,7.4649152783843835,5.477429376929456,0.28224429200054146,150000.0,2900.0
25,13,8,known,3,80.0,10000.0,150.0,1363.5445057405545,74.68788997254016,1361.4974617040984,838.9604914973233,44.216714988125226,837.7944786217496,1.0,1.0,109.0,943.618464068175,266.8746444730614,55.43886164438397,882.0,882.0,3179.629118902442,99.8821585403997,3178.059925202422,5724.051293215173,-2544.4221743127314,-4.7098325257362745,-2545.0357163855388,0.04421768707482993,0.015873015873015872,11.710531362414692,9.025099202647038,11.685614173985396,8.994711690844102,4.403870039968459,0.5013270959971123,150000.0,2900.0
25,14,8,known,3,80.0,10000.0,150.0,1367.2662155364237,46.769037789200794,1366.466084925479,551.0106365269185,41.84319030751624,549.4195746337118,1.0,1.0,51.0,1818.1007315654329,146.3578078659718,65.32832173516911,882.0,882.0,3530.8942981075825,123.36013377556051,3528.7387012647323,4893.383823143568,-1362.489525035986,28.45809052072738,-1363.7247725681818,0.04081632653061224,0.013605442176870748,12.384764099686816,13.298052904507617,12.363809818781952,13.272196679288147,3.3189955735086616,0.3083697250003752,150000.0,2900.0
25,15,8,known,3,80.0,10000.0,150.0,3662.475592541291,133.10290768476182,3660.0561583022936,1273.7562329725383,36.54819869739918,1273.2317818089396,1.0,1.0,37.0,1162.512506581319,212.44216138970788,58.39277790386602,882.0,882.0,3237.347979133043,125.8043741572691,3234.9026565632066,4726.879164925942,-1489.5311857928991,32.563328709749484,-1491.0567959982327,0.035147392290249435,0.007936507936507936,12.03855572684688,6.202196544978489,12.014359088256263,6.151280392318287,6.524599703620548,0.2762376549981127,150000.0,2900.0
25,16,8,known,3,80.0,10000.0,150.0,759.7331325415975,33.714882770879264,758.9846766313627,688.155670177823,27.327575447113286,687.6128489332286,1.0,1.0,40.0,1153.280426863893,220.75934960320393,69.46628397193432,882.0,882.0,3332.8940907724414,100.93468148019937,3331.3653672901673,4816.117544826704,-1483.2234540542627,1.4822611570703401,-1483.72522600914,0.05442176870748299,0.018140589569160998,12.12679054759612,12.657414436241613,12.10513868028898,12.635971935550126,3.2914444213320744,0.2668891330031329,150000.0,2900.0
25,17,8,known,3,80.0,10000.0,150.0,3046.363125582523,171.937442841884,3041.507160711267,2146.741711601432,76.80275764274901,2145.3674074031974,1.0,1.0,24.0,2044.4895389540216,126.58870467875484,87.40914290296074,882.0,882.0,2276.7025687480577,109.98110135410712,2274.044578254556,4826.639584952449,-2549.937016204391,18.715274379959794,-2551.7320672043556,0.046485260770975055,0.007936507936507936,12.779231587024421,9.096763912210472,12.759311874980781,9.059051624620292,3.128451214519359,0.23840543999904185,150000.0,2900.0
25,18,8,known,3,80.0,10000.0,150.0,2658.0116289144194,104.96853726435165,2655.938144164669,1280.3479777424889,30.606571394667366,1279.982102178286,1.0,1.0,32.0,811.3784125315167,327.72445669427805,55.36169738674247,882.0,882.0,3157.4577269106903,112.64404485177407,3155.4477679700954,4125.023591034961,-967.5658641242708,19.857003544215956,-968.5321291148016,0.032879818594104306,0.012471655328798186,13.708974224285672,7.4761558330844915,13.687825004043413,7.436813366236837,5.279213337384373,0.32177786200190894,150000.0,2900.0
25,19,8,known,3,80.0,10000.0,150.0,1298.0507321275877,52.31967408993138,1296.9958962464336,1007.5965537685049,40.84152188064433,1006.7684864240837,1.0,1.0,36.0,1072.9137521300802,239.79269305543718,73.0915995083994,882.0,882.0,2547.171221439965,92.88334530561322,2545.4771488852143,4815.9553644348325,-2268.7841429948676,-1.583903361070412,-2269.551616465828,0.05442176870748299,0.01927437641723356,12.271980948623412,8.845383108965706,12.250792701554222,8.815819277066279,3.599577302166461,0.2826926090019697,150000.0,2900.0
25,20,8,known,3,80.0,10000.0,150.0,4214.511378812105,166.0768377282678,4211.237899490706,1431.7653134139425,36.871001885664995,1431.2904813193138,1.0,1.0,36.0,1136.0928257288392,206.4928787155395,43.96259195764885,882.0,882.0,3504.929829358177,145.26651000530381,3501.918152926424,4705.358706340157,-1200.4288769819805,53.95748928810859,-1202.5545293267942,0.02834467120181406,0.009070294784580499,12.084554400281508,5.2190692305562845,12.060881081085405,5.1543139977914265,8.394528014779269,0.2566002599996864,150000.0,2900.0
25,21,8,known,3,80.0,10000.0,150.0,2334.9387431046475,66.28207236449666,2333.997776548679,927.6063635782548,37.39896959630952,926.852136440332,1.0,1.0,40.0,1927.6807607447302,124.46159890918574,65.58760398029742,882.0,882.0,2626.131126070802,123.84899163665169,2623.209125973086,4764.792793243097,-2138.6616671722945,29.56016876472829,-2140.6506516046275,0.04421768707482993,0.01473922902494331,11.80130880998773,9.429267944462778,11.772487671352806,9.400260378733726,3.481356057461711,0.27168054600042524,150000.0,2900.0
25,22,8,known,3,80.0,10000.0,150.0,2873.6328846590573,102.83734463782369,2871.792199366412,1133.7400192263565,51.441694883205656,1132.5723743862563,1.0,1.0,28.0,2601.6975981890923,102.97059404250751,60.79209381909615,882.0,882.0,2462.9982379277067,121.4974386915403,2459.9997342329907,4941.5258025056755,-2478.527564577969,26.965027744785118,-2480.621773240533,0.045351473922902494,0.011337868480725623,11.41735523946434,10.46234194629056,11.39273154419956,10.422280138591807,2.94269467889186,0.2789632019994315,150000.0,2900.0
25,23,8,known,3,80.0,10000.0,150.0,1275.5223156387183,41.96237166761739,1274.8318858015698,1033.0179468433462,34.46807416364366,1032.4427491943038,1.0,1.0,35.0,1354.534170449634,170.65887601781304,61.40764021592844,882.0,882.0,2417.2481691890903,91.74863342512013,2415.5063443743284,5168.982515505677,-2751.7343463165867,-5.880738462974705,-2752.55409948158,0.06575963718820861,0.01927437641723356,12.882715809445205,10.276939653512805,12.858697440029966,10.247893142393274,2.9401361819357867,0.24148187799801235,150000.0,2900.0
25,24,8,known,3,80.0,10000.0,150.0,1449.8623580760332,61.35452238148869,1448.563591958991,1198.9152905776166,43.47746582403479,1198.1266977854764,1.0,1.0,41.0,1362.544805604923,170.51804839654432,54.70659220905129,882.0,882.0,2099.3793820255432,96.19924497008111,2097.1741689571563,5311.957362469034,-3212.5779804434906,-0.525193022882334,-3213.9025019057217,0.07029478458049887,0.01927437641723356,12.665257719578243,10.8870794431602,12.643965913282234,10.862807668514435,2.410402386822479,0.3161545410002873,150000.0,2900.0
25,25,8,known,3,80.0,10000.0,150.0,4133.390841157816,207.3022264221504,4128.189146912692,1428.6906792260002,58.40740660351454,1427.4962808221608,1.0,1.0,115.0,1506.2869406926322,173.3658995531619,69.94152534571609,882.0,882.0,5027.234371730599,203.72670993442713,5023.104702867426,5210.514895601982,-183.28052387138268,108.46402195673716,-186.53928665521744,0.018140589569160998,0.0045351473922902496,11.684241640204775,4.43699809714699,11.660360473361125,4.373594169122841,14.162825466848673,0.36510469999848283,150000.0,2900.0
25,26,8,known,3,80.0,10000.0,150.0,1448.7684394631492,59.6498574825722,1447.5399426913227,522.6974590630789,45.97146645263404,520.6719293213274,1.0,1.0,133.0,1981.191042082129,129.99504272509537,51.51096238006395,882.0,882.0,2951.9272703551233,120.18734007767146,2949.4795494716186,4238.485075715678,-1286.557805360555,29.225386279517082,-1288.0293484571826,0.04308390022675737,0.01473922902494331,12.587918077866854,13.217746765410261,12.564355714516646,13.196143145686214,2.791632457053942,0.41599620200213394,150000.0,2900.0
25,27,8,known,3,80.0,10000.0,150.0,1439.1333194451136,105.29605207786626,1435.2760893131074,827.765866993392,69.08224213906244,824.8781572937678,1.0,1.0,96.0,604.5806357258805,407.41371511695127,61.432561603951974,882.0,882.0,3511.6823718647693,115.11273535744041,3509.795170522676,5043.299541114723,-1531.6171692499538,18.513221728588746,-1532.5791507048398,0.045351473922902494,0.006802721088435374,12.37577855800304,8.563050385930154,12.354670700324924,8.529208405607847,5.12621410244586,0.3176484479990904,150000.0,2900.0
25,28,8,known,3,80.0,10000.0,150.0,1683.392529704777,52.58007012305112,1682.5711709439524,1016.6464662128005,40.890787018971174,1015.8237941690203,1.0,1.0,68.0,1867.0218658321944,118.93224292074119,78.32050034079428,882.0,882.0,2458.808698881414,111.21795192747888,2456.2920805278773,4922.697256242325,-2463.8885573609114,12.220982164785951,-2465.409645155377,0.06349206349206349,0.021541950113378686,10.62923964435456,10.430899939912432,10.599520140716413,10.39316361338453,2.9465442975264216,0.2515102510005818,150000.0,2900.0
25,29,8,known,3,80.0,10000.0,150.0,755.9985330613533,39.439392826561,754.9690829990262,748.3690842207473,36.158090567503926,747.4950693509035,1.0,1.0,36.0,1163.6378279528044,233.9519119008528,60.623686413392356,882.0,882.0,2740.77393341947,95.84996528492019,2739.097394812114,4901.984545443204,-2161.2106120237345,-4.495543591299992,-2161.85998743601,0.04421768707482993,0.015873015873015872,14.503318330389234,11.775116722319385,14.48231556188026,11.749747132526837,2.9094976275526148,0.23792879400207312,150000.0,2900.0
25,30,8,known,3,80.0,10000.0,150.0,2990.785859219882,96.40776490558613,2989.2316067135903,1129.0754553060196,39.71592620597154,1128.376722987539,1.0,1.0,48.0,2721.499325597448,97.72231419142214,55.74037946796029,882.0,882.0,2382.4797811630183,129.22561858670915,2378.9726032788744,4891.703823148229,-2509.224041985211,33.51572671568397,-2511.7948119639555,0.05442176870748299,0.021541950113378686,12.277696975505041,9.215700389112364,12.25215855858,9.167415358061538,3.2315500729300695,0.2570720599978813,150000.0,2900.0
25,31,8,known,3,80.0,10000.0,150.0,3381.913398928312,90.29149722169214,3380.7078672047833,576.5816068412273,34.647299977124696,575.5396719183716,1.0,1.0,35.0,1232.3997789758496,211.5217993339821,49.88734029383929,882.0,882.0,5356.825421183884,213.73334082532702,5352.559822371119,5278.485963179046,78.33945800483798,111.60258073072421,75.06198993947237,0.01020408163265306,0.0011337868480725624,12.050582047796176,4.542613240875263,12.01984581293475,4.478055683238134,14.740483993283291,0.3024121609996655,150000.0,2900.0
25,32,8,known,3,80.0,10000.0,150.0,3718.8254827450805,158.90816419516585,3715.428799811174,1361.7496897963272,42.673903752408876,1361.080877684689,1.0,1.0,32.0,1058.6824002080589,224.3224308925175,49.90738034302331,882.0,882.0,3479.790823668487,149.29483645612748,3476.586720951305,5363.063599233165,-1883.2727755646783,46.842688958661284,-1885.4982025549384,0.04308390022675737,0.013605442176870748,13.209978288553163,6.565083802467777,13.188554589478272,6.516372704880105,6.625564365150324,0.27609579900308745,150000.0,2900.0
25,33,8,known,3,80.0,10000.0,150.0,1241.4955748443715,45.48116250340703,1240.6622127781177,822.5634579976326,38.413643862244435,821.6660114658799,1.0,1.0,89.0,1391.3751332496329,181.37731363462518,58.50511303467902,882.0,882.0,2466.36937863829,93.57785505717382,2464.5934952700663,5300.50348481919,-2834.1341061809,-1.8838640705393317,-2835.050290189628,0.05782312925170068,0.01927437641723356,13.46908627851058,12.719946144532951,13.449209712389042,12.698509866398577,2.4237223084650585,0.3795677390007768,150000.0,2900.0
25,34,8,known,3,80.0,10000.0,150.0,2548.6117417394253,113.1153139009526,2546.100299653012,1302.6206476750392,51.48213300380858,1301.602912462444,1.0,1.0,36.0,2232.1134067235535,122.54014193307604,62.2456729908019,882.0,882.0,2259.889926603688,125.83852962061933,2256.3836430952388,4496.681124278078,-2236.79119767439,32.41241196183773,-2239.326834012686,0.0691609977324263,0.022675736961451247,14.084300235740905,8.711388542664176,14.064861172871876,8.672309614381184,3.2427234698806022,0.2761050930021156,150000.0,2900.0
25,35,8,known,3,80.0,10000.0,150.0,6173.066930645373,419.66260777092674,6158.785483020691,1859.2219419150388,101.30895042483672,1856.4597291248056,1.0,1.0,20.0,2341.0787711413254,108.38490306017296,58.80987695625942,882.0,882.0,6102.080386183031,331.9312335097631,6093.045765104701,5004.2719799624465,1097.8084062205844,235.27708471638863,1089.7072771590474,0.017006802721088437,0.0022675736961451248,12.461107652882795,3.8102641207769055,12.437264489103049,3.721201514789707,20.01856102608849,0.3190954130004684,150000.0,2900.0
25,36,8,known,3,80.0,10000.0,150.0,1075.7909806342407,71.95216357456795,1073.382094210128,717.2879271850553,51.381667997852986,715.4452422646975,1.0,1.0,33.0,1341.2440791624713,196.58701599439328,63.69987563981113,882.0,882.0,2953.619246819697,100.68405114233825,2951.9026706565583,4501.11687016688,-1547.4976233471834,9.131820243938648,-1548.2830219475172,0.045351473922902494,0.015873015873015872,14.246532530208457,12.784157052804836,14.22713106662479,12.76026254572652,2.887968321473799,0.2933059120005055,150000.0,2900.0
25,37,8,known,3,80.0,10000.0,150.0,1211.789018384225,50.05996675786225,1210.7545683600808,988.6609907174956,38.40179519134992,987.9149035684103,1.0,1.0,62.0,1507.9626383130917,172.69959747367002,70.05685703578877,882.0,882.0,2525.033125755888,103.79704110145073,2522.898820885042,4424.248125763743,-1899.215000007855,11.997384043245916,-1900.3968171305755,0.05555555555555555,0.023809523809523808,11.88624168631091,12.143370190239072,11.864113075112375,12.11999654718353,2.5991889876929797,0.4069000290000986,150000.0,2900.0
25,38,8,known,3,80.0,10000.0,150.0,1911.412649734634,88.25851620686281,1909.3739162046122,1226.7789250497906,50.22664877413409,1225.7503068322028,1.0,1.0,38.0,914.524714860643,263.2856604278813,47.834816340971514,882.0,882.0,2654.844715231361,105.76709074306692,2652.7370364413496,4344.920271802413,-1690.0755565710515,16.576745445657508,-1691.2677115562033,0.035147392290249435,0.012471655328798186,11.088670294563038,7.996615255097055,11.063963222382537,7.959160110203814,4.149950683101764,0.3400445990009757,150000.0,2900.0
25,39,8,known,3,80.0,10000.0,150.0,1771.0059176907885,62.38645503047736,1769.9067463356712,1015.5098259443814,43.490876267781054,1014.5781144254239,1.0,1.0,129.0,843.2254658728946,310.2861341755929,51.06814690872739,882.0,882.0,3808.6164070488526,126.95739610508802,3806.4998037062774,4789.609359549729,-980.9929525008761,30.593134103745626,-982.1400601898672,0.034013605442176874,0.01020408163265306,11.628865687302623,8.976188153332842,11.605958754681486,8.93109842392716,5.303777536173192,0.5826723589998437,150000.0,2900.0
26,0,8,known,3,130.0,10000.0,150.0,1406.4785085531944,57.281980749650806,1405.3115560982963,1285.1362057068768,49.568530457153535,1284.179904844717,1.0,1.0,39.0,1586.8675806235922,164.1832769497246,103.43152763716395,882.0,882.0,2891.6048461144096,152.90999616997877,2887.5590243566685,7295.859643964838,-4404.254797850428,6.598422608717101,-4406.833401875743,0.047619047619047616,0.01473922902494331,11.943427803080464,9.483203691359966,11.922031081267683,9.456006635805618,2.345527410862798,0.28404403700187686,150000.0,2900.0
26,1,8,known,3,130.0,10000.0,150.0,1831.4804246716285,125.71903825004425,1827.1604388714343,1324.3509116990172,95.76520810671944,1320.883932158422,1.0,1.0,46.0,1284.3622067314293,172.26313098846123,92.14231840504674,882.0,882.0,3849.601141322373,171.50707507055338,3845.778759948531,7868.002797073631,-4018.4016557512577,10.004012094174783,-4020.5663110109,0.027210884353741496,0.007936507936507936,12.627988512266391,10.597232480558022,12.60468238208491,10.571112456110058,2.794344327732561,0.2926247830000648,150000.0,2900.0
26,2,8,known,3,130.0,10000.0,150.0,5336.170492926103,270.8991859598103,5329.289742603748,1642.1550250077598,102.91839331122944,1638.9267617793273,1.0,1.0,30.0,3107.960976584384,91.397579738737,82.3195614426505,882.0,882.0,2864.984949157872,196.83825505374486,2858.215082923,7865.209058662296,-5000.224109504425,37.57300697964408,-5005.381302778604,0.031746031746031744,0.005668934240362812,14.18121031991897,6.194505744112471,14.16077950633607,6.138991637535838,3.557724647151885,0.297379447001731,150000.0,2900.0
26,3,8,known,3,130.0,10000.0,150.0,2109.45450097948,70.76571083407111,2108.2671808555806,1254.2074895192793,57.89884907472735,1252.8703644200684,1.0,1.0,37.0,1597.9699300002278,170.93349730124007,65.19730840663213,882.0,882.0,3692.482887705935,170.12170174020335,3688.561844757138,8408.671634372231,-4716.188746666296,21.21402415253513,-4718.791196376058,0.031746031746031744,0.01020408163265306,12.740356043795265,10.608719025383479,12.717531722167626,10.58025034404659,2.6773934207186865,0.35483243099952233,150000.0,2900.0
26,4,8,known,3,130.0,10000.0,150.0,1929.8212744020068,132.31471349487424,1925.279971258039,1284.818513989089,100.60364646361347,1280.873733124134,1.0,1.0,35.0,1809.8522210316564,151.10373465118386,84.40871782928187,882.0,882.0,3634.0956246325254,172.1636336477016,3630.0152468305814,8058.629941296427,-4424.534316663901,11.477096062579108,-4427.012515775065,0.031746031746031744,0.009070294784580499,13.475744996092766,10.965652851989212,13.455638492870609,10.93863907497953,2.5492856745753567,0.45010982700114255,150000.0,2900.0
26,5,8,known,3,130.0,10000.0,150.0,3967.0886767635725,132.9589474557483,3964.8599581318394,1278.222133882266,82.40814283873803,1275.5629037959689,1.0,1.0,34.0,1432.2536502354412,180.65966903369412,93.19915036224545,882.0,882.0,4902.674749189168,239.9860056115317,4896.797567129735,7553.780555026501,-2651.105805837333,91.42437180134823,-2655.5219516973193,0.013605442176870748,0.0011337868480725624,12.335909959472492,5.380133336856087,12.31537584028095,5.3253041071154605,7.009655769629731,0.29492697100067744,150000.0,2900.0
26,6,8,known,3,130.0,10000.0,150.0,3790.3310327659015,180.804951939457,3786.016231780101,1771.6337703166769,59.365127302092475,1770.6388671287239,1.0,1.0,55.0,1383.3447164733566,192.40234944344144,95.65374658219383,882.0,882.0,3958.4848789533926,189.140638602205,3953.963626000093,8766.680076605833,-4808.195197652441,33.04070699375512,-4811.326578945176,0.024943310657596373,0.009070294784580499,12.777116908688079,5.294468438343067,12.753871835731582,5.236132973376515,5.751263613875905,0.30808073800290003,150000.0,2900.0
26,7,8,known,3,130.0,10000.0,150.0,1723.5468094902221,78.75268399875769,1721.7466768566496,423.37325418747633,74.88469486326389,416.69796596159347,1.0,1.0,211.0,83.35949626058085,3128.3010432954293,80.16236458916664,882.0,882.0,50516.912057177615,1332.5307614259623,50499.33430811213,7195.3504909481635,43321.56156622945,1181.2611812322075,43305.57408124218,0.0011337868480725624,0.0011337868480725624,13.037664911240817,8.053119092077264,13.016773287579184,8.015180057430602,48.253555767150985,0.4643002089978836,150000.0,2900.0
26,8,8,known,3,130.0,10000.0,150.0,1453.9251196509344,84.5368764022874,1451.4653871450498,1058.25320562197,77.25392604703032,1055.4296177952822,1.0,1.0,117.0,1278.1138665976011,186.51730112677893,99.28035801236834,882.0,882.0,4667.64513234066,176.00095134145116,4664.325754767817,6871.278764310414,-2203.633631969754,20.91448603391322,-2205.2026166083197,0.02040816326530612,0.003401360544217687,11.861914091629313,11.44505700031688,11.839638864150963,11.411712872094942,3.1371589110890854,0.4838762069994118,150000.0,2900.0
26,9,8,known,3,130.0,10000.0,150.0,890.0720834508327,79.68186433657827,886.4982313768895,498.8687995541335,73.1402128312652,493.47805263818924,1.0,1.0,91.0,1489.2751521934447,168.0065585724735,119.26885005139562,882.0,882.0,4828.4908262965155,158.96311465973687,4825.873432634478,8439.971341409955,-3611.4805151134397,-0.6989419469986728,-3612.587580577674,0.023809523809523808,0.003401360544217687,12.701399399003055,13.527771517888997,12.678690665732534,13.50799042071244,2.7456286555580323,0.4160791040012555,150000.0,2900.0
26,10,8,known,3,130.0,10000.0,150.0,2930.566507136491,114.89178759356122,2928.3134958357396,1398.4750203951248,78.31647549637083,1396.2803845700087,1.0,1.0,33.0,942.9797437456779,262.3585868272266,111.79182068296876,882.0,882.0,3772.8770587836652,175.41078804660347,3768.7972028397803,7685.496607733796,-3912.6195489501306,23.793947562896847,-3915.2037368510414,0.02040816326530612,0.0045351473922902496,12.850446709466848,6.6396293020253605,12.826916282197937,6.596032959840175,4.371046921634595,0.35427829699983704,150000.0,2900.0
26,11,8,known,3,130.0,10000.0,150.0,2377.2500874387765,95.61549024026525,2375.326431515,1225.0966963428627,90.85077560291815,1221.7233942110402,1.0,1.0,38.0,2228.7631944628574,113.62380487656456,109.95261860675622,882.0,882.0,3785.890875656666,180.60374274029633,3781.58062329611,8827.277764382821,-5041.386888726155,20.156852088817146,-5044.238858477109,0.034013605442176874,0.0045351473922902496,12.449362306281474,11.062534904932463,12.42874693642311,11.033520740585308,2.6325103383010813,0.4327925370016601,150000.0,2900.0
26,12,8,known,3,130.0,10000.0,150.0,1376.4024523763492,101.40898909249262,1372.6616217549272,828.106530998778,73.0900117150927,824.8747037401,1.0,1.0,27.0,1795.15374115205,131.6827359478957,46.4410101683768,882.0,882.0,3502.5952835871335,167.19035281043733,3498.602736312592,7852.906206219348,-4350.310922632214,15.717152840348092,-4352.842465264579,0.032879818594104306,0.005668934240362812,11.612718102057562,10.778875710263083,11.586994393070956,10.751838950833125,2.499615114526666,0.32666368300124304,150000.0,2900.0
26,13,8,known,3,130.0,10000.0,150.0,2199.4539105460185,100.5808953956488,2197.152927790322,1463.6144368275552,55.1553643725637,1462.5748204693568,1.0,1.0,28.0,1967.388990038676,128.70137262034856,88.04171443519236,882.0,882.0,3168.2777037553574,173.265127979081,3163.536439420244,8010.637727546926,-4842.360023791569,16.074997531652116,-4845.558894316777,0.02834467120181406,0.007936507936507936,12.752972715902807,10.320070477595207,12.732830625013623,10.286333329338994,2.361550437555086,0.3336861999996472,150000.0,2900.0
26,14,8,known,3,130.0,10000.0,150.0,861.0211063054091,109.97322533074201,853.9691067092209,701.236768121179,94.54002094382243,694.8346489669162,1.0,1.0,77.0,1425.275031063238,178.38303187793875,96.09832723968488,882.0,882.0,3969.434012294151,161.47546671772966,3966.1482639465125,7195.318367902961,-3225.8843556088095,9.467548435462817,-3227.5642691104763,0.03968253968253968,0.006802721088435374,12.318764100762857,12.061710504358842,12.297027029444202,12.038054942592936,2.53149068499395,0.3096993979997933,150000.0,2900.0
26,15,8,known,3,130.0,10000.0,150.0,3228.262861244009,190.5507984313149,3222.6342477086264,1241.8089832952137,68.04109733955485,1239.9435309986989,1.0,1.0,33.0,1293.017234010046,211.4205137914116,78.46760447167627,882.0,882.0,5046.317288318989,230.55262782380487,5041.0478732294,7138.0436804174415,-2091.7263920984524,81.53390476631279,-2095.4401288431663,0.017006802721088437,0.0022675736961451248,13.075386290223804,6.280103545656797,13.054255523011516,6.2348095920873225,6.181080457121944,0.45166517100005876,150000.0,2900.0
26,16,8,known,3,130.0,10000.0,150.0,1017.9114121814124,89.9675512541736,1013.9277502714308,751.5458447499719,68.52538666640912,748.4152778659505,1.0,1.0,41.0,795.7843969578457,357.7136664731345,116.58573720853084,882.0,882.0,6838.987790419991,193.54666683017447,6836.24850961934,7475.628587653632,-636.640797233641,43.53254910515176,-637.8747530133696,0.01473922902494331,0.0045351473922902496,13.520045802817318,10.305673644741837,13.496893836217728,10.277769613341086,5.104721942625026,0.24914034299945342,150000.0,2900.0
26,17,8,known,3,130.0,10000.0,150.0,1790.6538807133106,165.48815236329247,1782.9904632221183,1477.7426943369765,100.55915131783988,1474.317241217962,1.0,1.0,38.0,1313.9848440218118,194.75244620699036,110.73287052210176,882.0,882.0,3972.9893929274836,167.94884558816855,3969.4379830877688,7463.747120004003,-3490.757727076519,28.86957705506498,-3493.0132246878875,0.02947845804988662,0.003401360544217687,13.274554982637499,9.06609703550887,13.252020941509375,9.03197521756201,3.3709607065724034,0.2687514680001186,150000.0,2900.0
26,18,8,known,3,130.0,10000.0,150.0,3521.6691361828507,186.14577512159494,3516.746117527855,1474.1929578945485,112.10710832969423,1469.9241046284778,1.0,1.0,33.0,2931.769416361101,90.01244461481716,142.470887273584,882.0,882.0,4472.591529906882,250.23254265754468,4465.586038583281,6984.258834516492,-2511.6673046096103,106.63711507041432,-2517.196488511325,0.017006802721088437,0.0022675736961451248,12.264127142907686,7.549941828376935,12.239592972492298,7.4958932764357264,4.556929180664844,0.24721685199983767,150000.0,2900.0
26,19,8,known,3,130.0,10000.0,150.0,1666.0564171901742,81.8448931166712,1664.044890840172,1332.7445180961372,58.470731138653875,1331.4612739826182,1.0,1.0,54.0,1688.891434556509,141.91400158326277,86.74157456839443,882.0,882.0,3078.6854138258086,149.3195496448558,3075.062202524958,7785.632101248354,-4706.946687422545,-2.847028062604437,-4709.082744006913,0.03968253968253968,0.01020408163265306,12.433459237640665,10.04516989829975,12.411116442115386,10.01804862357838,2.357570427452523,0.30256371599898557,150000.0,2900.0
26,20,8,known,3,130.0,10000.0,150.0,5262.346786830389,216.80878876262494,5257.878626782802,984.0864030456966,63.83811599630829,982.0136168126484,1.0,1.0,269.0,1631.4563544389853,161.52224975966226,127.82079561835818,882.0,882.0,6929.401153200458,421.11835300666945,6916.593068464905,7255.641737447579,-326.24058424712075,277.6186739845906,-337.6294856281165,0.009070294784580499,0.0022675736961451248,12.346120902289602,4.693521414972249,12.323771053807464,4.629284530572171,11.35673646311995,0.47230203099752543,150000.0,2900.0
26,21,8,known,3,130.0,10000.0,150.0,1384.877270898852,87.05614844310398,1382.1383007754703,895.0333083936615,63.4650010923465,892.7803855206786,1.0,1.0,103.0,1007.1530942190802,277.15909304421365,134.18989196853323,882.0,882.0,4013.565616764734,148.83095848827787,4010.805194206214,7399.660726033655,-3386.095109268921,0.9648488441731047,-3387.3779931732142,0.024943310657596373,0.0045351473922902496,12.742934683674703,10.03728009027236,12.71908337201296,10.002592269338034,3.0758912165201204,0.31643377899672487,150000.0,2900.0
26,22,8,known,3,130.0,10000.0,150.0,2538.347127502181,131.7851027561551,2534.9238304907944,1633.10734153974,64.24482608692315,1631.843188333995,1.0,1.0,39.0,1527.2025573400051,181.12334966985614,79.85422081214594,882.0,882.0,3522.469723433097,157.8051924968976,3518.9331442532202,7096.651335041171,-3574.1816116080736,12.347395939906932,-3576.2273331822553,0.023809523809523808,0.003401360544217687,13.806874755699017,8.220488974081547,13.78811209008676,8.187722580930275,3.29614467398671,0.25907561799976975,150000.0,2900.0
26,23,8,known,3,130.0,10000.0,150.0,3515.243761615782,131.35358234785656,3512.7887696220873,569.8914617721434,58.401600265717356,566.8911106087251,1.0,1.0,174.0,948.0419476422832,248.04993740813535,59.59954215493085,882.0,882.0,6835.19184265869,332.5602905625876,6827.096833873738,8466.639819216907,-1631.4479765582173,165.64363918030156,-1637.8974756246807,0.011337868480725623,0.003401360544217687,13.782955981004335,5.076697731565087,13.760656252884933,5.014693083084095,10.356810976310168,0.3773352230018645,150000.0,2900.0
26,24,8,known,3,130.0,10000.0,150.0,560.698078740213,108.83255052927902,550.034372969779,328.84668607269475,89.14890714150523,316.5321710292158,1.0,1.0,93.0,910.2248516814115,276.0842540891184,92.59748152106998,882.0,882.0,6657.811005516994,152.25624175850407,6656.069817995359,7033.436406225046,-375.62540070805244,3.4967903634760376,-375.79325703906215,0.02834467120181406,0.005668934240362812,13.662932469849846,10.493921303317379,13.642161495267214,10.466673947466507,4.8803425651266545,0.3603877140012628,150000.0,2900.0
26,25,8,known,3,130.0,10000.0,150.0,7059.218613851211,491.6574508494618,7042.07642596753,2419.095856972455,116.66368317498156,2416.281099178931,1.0,1.0,36.0,3078.126548437929,78.31590199323946,125.27621281934941,882.0,882.0,5366.928610686719,306.5580221444176,5358.166187350535,10181.159553647332,-4814.230942960613,127.2859015983818,-4821.4149122635,0.012471655328798186,0.0011337868480725624,13.434521760422314,4.067148602630645,13.410946611002892,3.977820751955676,10.150616628403746,0.2552171570023347,150000.0,2900.0
26,26,8,known,3,130.0,10000.0,150.0,2613.085304717718,124.91002692929844,2610.09813894118,1056.1875932276087,65.52620827055165,1054.1530003361052,1.0,1.0,142.0,878.0381732016579,292.28782307876827,91.21892677146585,882.0,882.0,5020.456083367934,202.3888349146035,5016.37499042167,7685.477455114745,-2665.0213717468105,50.20505234906119,-2667.595585354962,0.02040816326530612,0.0011337868480725624,11.716404825050526,6.0770537711473915,11.68765487699402,6.026373608005949,6.354871028513639,0.39374957000109134,150000.0,2900.0
26,27,8,known,3,130.0,10000.0,150.0,5588.5109158552505,288.91031334622306,5581.037993731585,1983.8528178787276,69.4021634889524,1982.6384800836538,1.0,1.0,37.0,1378.0131490693807,196.79587111396395,91.25668214399305,882.0,882.0,4632.489619736945,231.6944186261544,4626.6918822575635,7782.19702654545,-3149.707406808505,81.27388862701548,-3154.051284312558,0.017006802721088437,0.0022675736961451248,14.010895961194556,5.247539474925217,13.9891418395057,5.1815621331649595,6.790713191718462,0.31675196699870867,150000.0,2900.0
26,28,8,known,3,130.0,10000.0,150.0,1566.0217582561597,136.391189889385,1560.0710210282966,1344.2136986711732,76.35972722296916,1342.0430916157907,1.0,1.0,80.0,1399.2612660845634,181.7495678977095,72.18371314218268,882.0,882.0,3006.707579809002,156.84209104365522,3002.614032631893,8134.60621839646,-5127.898638587458,9.57868562859619,-5130.659098020975,0.045351473922902494,0.007936507936507936,12.82469365041305,10.834257113644803,12.80329844559471,10.80839549176503,2.1347582581879356,0.39029553399814176,150000.0,2900.0
26,29,8,known,3,130.0,10000.0,150.0,1654.8071997119364,80.4559279296298,1652.850178291863,662.310236135607,70.39845933707402,658.5582022972382,1.0,1.0,118.0,655.7358829708946,412.48491243803204,116.34813282242231,882.0,882.0,5351.568947087667,154.1932551920554,5349.347122358604,7372.638932658007,-2021.0699855703406,7.952797389714817,-2021.8412865647751,0.02040816326530612,0.0011337868480725624,13.02968512000431,8.743101811394391,13.009689424003447,8.711280912159284,4.708387922916353,0.348720679001417,150000.0,2900.0
26,30,8,known,3,130.0,10000.0,150.0,5780.162537958797,365.2048758928952,5768.613729818139,1705.7824969160447,67.07188925348046,1704.4633432424134,1.0,1.0,84.0,2258.568673525863,117.32421903778913,101.88894091624107,882.0,882.0,5557.543935095406,306.7330662476287,5549.0728429699,7612.37800316342,-2054.834068068014,156.79952125953182,-2061.828469958392,0.017006802721088437,0.003401360544217687,12.074722101895944,4.25213593406199,12.053703582597155,4.16829208458432,10.053850259070554,0.3505480180028826,150000.0,2900.0
26,31,8,known,3,130.0,10000.0,150.0,1418.572300495134,106.79503826332444,1414.546638161638,1289.272563015939,88.59547253377244,1286.2249352240867,1.0,1.0,38.0,1547.1842361434526,150.79508704448287,71.86139991810029,882.0,882.0,3213.378437957918,157.42963820978636,3209.5197295773096,7856.627167707115,-4643.248729749197,-0.6673289122797144,-4645.51660396949,0.03854875283446712,0.009070294784580499,12.302396676458745,10.093071931754661,12.280028569358766,10.06558937599964,2.4490359172841183,0.30094971700236783,150000.0,2900.0
26,32,8,known,3,130.0,10000.0,150.0,1305.680613160423,99.56566701252477,1301.8788505599625,326.34210423702723,69.26673575759936,318.9063942841812,1.0,1.0,715.0,130.32833688177084,1871.3803312887223,79.6315939586156,882.0,882.0,41871.72321840503,1055.6323037544798,41858.41427620006,8267.327918831674,33604.395299573356,892.6111493136136,33592.69379818374,0.0022675736961451248,0.0,11.110631465303799,7.813042586728795,11.082892181382352,7.775402079929615,41.22467976178919,0.8732712239980174,150000.0,2900.0
26,33,8,known,3,130.0,10000.0,150.0,1838.502216308038,94.41560314409695,1836.0762765344211,432.2114587017737,80.00140270224432,424.74288763767237,1.0,1.0,177.0,0.030982983744983834,8409343.095702754,94.94702552794507,882.0,882.0,339258192.8982505,9495290.027644265,339125287.93334985,7885.803642408402,339250307.0946081,9495138.650743926,339117403.58276653,0.0,0.0,12.29526428724254,8.064354516066727,12.274619180813442,8.029357629181241,323606.60753570794,0.3696592590022192,150000.0,2900.0
26,34,8,known,3,130.0,10000.0,150.0,2963.6217246436677,200.61667223665808,2956.8237481460737,1541.1275251470634,125.9216048397683,1535.9745434741062,1.0,1.0,44.0,1163.5202055283778,229.56089063251014,105.91296693078392,882.0,882.0,4345.175290555271,204.2000941227471,4340.374480066478,8608.188379858078,-4263.013089302807,36.17769458401969,-4266.173937062012,0.024943310657596373,0.005668934240362812,12.547396126797441,6.917209579375198,12.524657955945349,6.870351430666483,4.832067747610838,0.26717443600136903,150000.0,2900.0
26,35,8,known,3,130.0,10000.0,150.0,1433.570219084971,60.90463054980262,1432.275880905953,965.8084155636259,55.4525604268329,964.2151778081643,1.0,1.0,55.0,957.8471649122279,260.50200044773635,93.20534728185218,882.0,882.0,3986.283711446871,151.92101434154281,3983.387733267762,8875.22242607819,-4888.938714631318,-14.761539470943092,-4890.2693504049985,0.03968253968253968,0.01020408163265306,13.001963040865556,8.357894576819294,12.980790289542805,8.32663414932967,3.6688331702974297,0.3368444699990505,150000.0,2900.0
26,36,8,known,3,130.0,10000.0,150.0,3250.7932623934757,145.39047414290576,3247.5403684713942,2093.9866362260846,57.03994199079615,2093.2096115083937,1.0,1.0,24.0,1598.1120201957206,139.28538073502403,89.86225925507581,882.0,882.0,2960.4341878577216,167.6926053684826,2955.6809318229084,8400.294192692567,-5439.860004834845,8.280002927967274,-5443.100536102518,0.030612244897959183,0.009070294784580499,11.646719538134848,5.976510399906787,11.619745739169197,5.921625783255912,3.8103456954050983,0.2529804010009684,150000.0,2900.0
26,37,8,known,3,130.0,10000.0,150.0,4422.843903446845,253.28243047573656,4415.585601556064,1104.667949367031,109.58229736995341,1099.2192676904297,1.0,1.0,73.0,1746.2110369471486,158.44428410854738,123.769547704313,882.0,882.0,5893.346543500803,325.2982216491378,5884.361864194347,8313.672141062061,-2420.3255975612583,173.36875527013817,-2427.9219318702017,0.01927437641723356,0.0022675736961451248,11.758598640198894,4.584034796723239,11.736984036216931,4.514415684522662,9.889417720478786,0.3386139889989863,150000.0,2900.0
26,38,8,known,3,130.0,10000.0,150.0,2200.711237354663,148.48948543851708,2195.6959768905385,1328.8400310295387,71.78375604252442,1326.8997401593736,1.0,1.0,22.0,2362.700274995253,108.93549520856203,80.67553107952999,882.0,882.0,2574.512423024558,160.0050631985817,2569.535482545162,7920.30292076172,-5345.790497737162,4.512162210626656,-5349.240957939124,0.046485260770975055,0.007936507936507936,13.073232085039177,9.172939217560078,13.04529370412462,9.13830729830201,2.158952680909751,0.2772175789978064,150000.0,2900.0
26,39,8,known,3,130.0,10000.0,150.0,935.6529993800294,80.89216358827946,932.1496624034428,608.4253421990319,71.94285905520049,604.1569515125789,1.0,1.0,95.0,819.3932410203774,314.92627767592114,71.42398340660978,882.0,882.0,5937.892051581528,153.03482099679533,5935.919672620037,7647.813244394246,-1709.921192812718,-5.8644849656317035,-1710.2426609756012,0.018140589569160998,0.0022675736961451248,13.134499890614684,9.548680766335039,13.114198258782366,9.521804641807856,4.783497723110564,0.30850043700047536,150000.0,2900.0
27,0,8,known,3,180.0,10000.0,150.0,2202.152336171142,327.81574217030317,2177.6160705894304,1735.3644552687017,148.99194398436558,1728.9566776636707,1.0,1.0,31.0,1181.8924518488843,205.28505816135143,142.46555721247051,882.0,882.0,3174.3657553153025,256.1161081741269,3164.0168279660315,9592.71714167306,-6418.351386357757,56.59483801479297,-6426.625143398667,0.015873015873015872,0.0011337868480725624,12.342846506404705,7.941188231369448,12.318729717015268,7.903509697936643,2.220746416467456,0.29592254500312265,150000.0,2900.0
27,1,8,known,3,180.0,10000.0,150.0,2529.018907160106,188.23110678851398,2522.00429880888,1981.1406792043172,114.68419860913973,1977.8184763490108,1.0,1.0,35.0,1448.9676798597857,171.2951821199941,160.5828557473843,882.0,882.0,4173.845816738826,239.88790806970732,4166.946447156495,10509.795632944306,-6335.94981620548,26.447023442036624,-6340.681602742519,0.015873015873015872,0.0045351473922902496,11.720184053683916,7.584030189603855,11.69152113601504,7.545532940769089,3.057481541542612,0.25186875099825556,150000.0,2900.0
27,2,8,known,3,180.0,10000.0,150.0,3008.5790494081684,144.10854949643095,3005.125724907328,2299.0054232560115,72.08377245834767,2297.8750762190543,1.0,1.0,42.0,2129.6096458618094,113.49734064362829,135.6958052971439,882.0,882.0,3007.771933076311,224.34106320666015,2999.3937868777607,11334.699696067335,-8326.927762991025,2.726874790985704,-8333.139219980054,0.01927437641723356,0.0022675736961451248,13.473740701420788,6.790068489137313,13.453226296611767,6.739718985195633,2.460924230643391,0.3429678859974956,150000.0,2900.0
27,3,8,known,3,180.0,10000.0,150.0,5253.597801066925,315.97213856615514,5244.087285984584,2016.5715519601295,116.31190464097949,2013.2144359242195,1.0,1.0,48.0,2184.7616781999236,121.37433257995457,152.92710100846028,882.0,882.0,5176.0534298135935,315.74984604426334,5166.413760337831,11535.41442956633,-6359.3609997527365,102.2167925434619,-6367.0241354896625,0.009070294784580499,0.0,12.04186195005118,4.783390774518893,12.019766326158074,4.705491632635628,6.011604266378492,0.28747062899856246,150000.0,2900.0
27,4,8,known,3,180.0,10000.0,150.0,2122.576360696994,138.66722795476326,2118.0419747684505,1745.3265023243591,84.9098865394767,1743.2598517959493,1.0,1.0,36.0,1283.8387483151412,197.98834390254993,120.68963330925807,882.0,882.0,3439.3424242530937,221.40110898734508,3432.2088893606583,10938.844969779524,-7499.50254552643,6.844562673588939,-7504.531701935486,0.023809523809523808,0.0045351473922902496,12.106812821409278,7.490132326033079,12.084461586038241,7.455715691193694,2.551017402737512,0.2934465239995916,150000.0,2900.0
27,5,8,known,3,180.0,10000.0,150.0,3021.6916321629697,256.7560657222336,3010.7634650697078,1536.9020030674344,113.60495996768024,1532.697517484593,1.0,1.0,32.0,1233.1234894035597,225.71803095183182,107.22074902635319,882.0,882.0,4905.246819100398,265.9014975222791,4898.034580309737,9995.344694309399,-5090.097875209,64.68585187221043,-5095.284579108953,0.017006802721088437,0.003401360544217687,14.166284962268552,6.859444064915957,14.145651866866272,6.819647904930486,3.9728250510281433,0.28364307900119456,150000.0,2900.0
27,6,8,known,3,180.0,10000.0,150.0,1601.9425670362943,193.82669900188677,1590.1733235206984,1230.1007600125492,131.04051713908348,1223.101084396287,1.0,1.0,131.0,1659.4086127386654,155.589499747683,146.38213320172346,882.0,882.0,4302.198114243448,229.43227394873702,4296.076052151613,10734.485399650472,-6432.287285407024,19.893155680400525,-6436.364031688803,0.024943310657596373,0.0022675736961451248,12.692529452733051,9.674843891051403,12.66928643401592,9.643080044898202,2.470437859652989,0.329807072001131,150000.0,2900.0
27,7,8,known,3,180.0,10000.0,150.0,3977.094932513216,171.44227632357405,3973.3979976981027,1094.641736408183,63.36273057576307,1092.806339412755,1.0,1.0,57.0,1609.8830812361452,152.59458044464873,99.36419213377464,882.0,882.0,6227.47899283814,398.00301294515873,6214.747638313796,10653.914131396945,-4426.435138558805,173.97312934037697,-4436.8107889977455,0.009070294784580499,0.0011337868480725624,11.799968122381461,4.54510904369896,11.778099774555066,4.471415712601688,7.611941800105014,0.3232435579993762,150000.0,2900.0
27,8,8,known,3,180.0,10000.0,150.0,1765.783508631689,214.03014795082228,1752.7642440225063,1326.5764367816694,127.62673796030194,1320.42283317957,1.0,1.0,60.0,1430.706241495024,162.28906462952017,99.36181817251789,882.0,882.0,4871.812639607747,231.5919784373548,4866.304917590478,10401.306613329303,-5529.493973721556,22.932231678801344,-5532.908532212854,0.01020408163265306,0.003401360544217687,11.636055812370454,8.595306238690629,11.610752666674877,8.559684197035747,3.1488844055103327,0.253451436998148,150000.0,2900.0
27,9,8,known,3,180.0,10000.0,150.0,939.8243337912874,169.7235106423734,924.3720616296587,689.6067803172397,158.44889022211115,671.1568077930008,1.0,1.0,99.0,1481.1309751002348,170.75700239156967,148.31173976707095,882.0,882.0,5707.893909379693,216.86525414380918,5703.772641180478,11805.862799218603,-6097.96888983891,-2.091841853885313,-6100.059542652276,0.023809523809523808,0.0045351473922902496,12.420460654711443,11.263320828258795,12.39347444135402,11.233547164232853,2.815379425152912,0.32925385300040944,150000.0,2900.0
27,10,8,known,3,180.0,10000.0,150.0,1863.0725422089586,92.06433302169309,1860.7964574660557,1328.0675040075791,95.40514887284928,1324.6362341297593,1.0,1.0,66.0,1985.6022791258351,128.0938641207341,165.77165524896787,882.0,882.0,3799.4026736156525,219.9395468889748,3793.031409307342,10373.329502922312,-6573.92682930666,11.582689954412558,-6578.205373081092,0.02040816326530612,0.003401360544217687,11.692262613647774,9.553179335808093,11.662199052173442,9.521601280663743,2.20950448947189,0.28941875400050776,150000.0,2900.0
27,11,8,known,3,180.0,10000.0,150.0,1761.3555283250942,136.9769867141643,1756.021241976326,1264.4708599085054,100.76254707418218,1260.449707312782,1.0,1.0,59.0,1572.7733282884956,168.32628913689106,115.53215545265918,882.0,882.0,4761.284405140257,219.4576634655336,4756.224082250337,11645.70753914615,-6884.423134005892,1.706891139572491,-6887.447533201421,0.017006802721088437,0.0011337868480725624,11.273498964901563,9.075442992496413,11.249764512876139,9.046119926236566,2.9146323821798212,0.25924793200101703,150000.0,2900.0
27,12,8,known,3,180.0,10000.0,150.0,2202.228478052475,119.34723242248744,2198.9921572525936,809.4980596636958,89.39528240278757,804.5468240465649,1.0,1.0,66.0,675.6380365656262,362.55382191710555,186.69348575487496,882.0,882.0,5833.2503966780305,258.4231623635394,5827.523286911724,10513.654100785427,-4680.403704107396,42.5298001909764,-4683.913941513894,0.01473922902494331,0.0045351473922902496,12.091874060287212,7.268703781404554,12.069229114298395,7.223969779865122,4.45842169701806,0.32411222500013537,150000.0,2900.0
27,13,8,known,3,180.0,10000.0,150.0,1815.7060664104743,104.42889645421776,1812.7005062020453,437.21020667642927,90.11862889129371,427.8216889649229,1.0,1.0,797.0,0.19134787790831118,1361019.161364268,194.86697484080705,882.0,882.0,33631838.940088205,941103.7966753256,33618669.130944446,10063.128904480143,33621775.81118373,940897.8905279904,33608608.108829044,0.0,0.0,14.126890444625275,8.39407122313458,14.106659350823117,8.360101417001136,22258.990268298454,1.0017132159991888,150000.0,2900.0
27,14,8,known,3,180.0,10000.0,150.0,1919.9234879489377,143.9994262758986,1914.5156998077155,1555.6998795953266,107.89478130030167,1551.9538754554123,1.0,1.0,33.0,1839.5358058929094,152.22673666623842,118.48221898467818,882.0,882.0,3901.1023924380715,220.0973236271375,3894.8885792045726,10216.681186455733,-6315.5787940176615,18.518116334321263,-6319.803794472949,0.02834467120181406,0.003401360544217687,12.395956853212759,8.47094600072164,12.372750296086956,8.43206629284704,2.5584853294135144,0.3103658899999573,150000.0,2900.0
27,15,8,known,3,180.0,10000.0,150.0,2682.299955837042,169.61455444821425,2676.9318175857097,1885.753427777285,110.05310992285546,1882.5393231935655,1.0,1.0,35.0,1686.3503565537515,161.28880738218444,108.19921617270924,882.0,882.0,3371.8208795329424,200.13792892143562,3365.8759414246606,11625.645745141135,-8253.824865608192,-4.8762037714664075,-8257.961987457282,0.026077097505668934,0.0045351473922902496,12.194037223835227,7.3458076592732295,12.17055354776831,7.305763917953514,2.5500719714570876,0.2401923449979222,150000.0,2900.0
27,16,8,known,3,180.0,10000.0,150.0,3841.812873220351,193.85436297874497,3836.9188991684086,1929.877523733143,97.0895630730605,1927.433753298061,1.0,1.0,34.0,3300.9585997588115,76.9820880971717,160.62264173441687,882.0,882.0,3271.0642662561595,234.02445542624582,3262.6820237713014,10657.915685835607,-7386.851419579448,21.941647267460212,-7393.123325842784,0.034013605442176874,0.005668934240362812,12.70446517760564,6.12466948608801,12.683481033613383,6.074806115897194,2.9671118250963735,0.301810992998071,150000.0,2900.0
27,17,8,known,3,180.0,10000.0,150.0,1617.380136378151,136.87447652707127,1611.578072333465,1542.888044862052,131.26396400843237,1537.2941458065332,1.0,1.0,33.0,1190.5730839245355,202.63453225683583,105.99323666436665,882.0,882.0,3905.385526762343,202.75924003136092,3900.1185627140476,11615.674175881073,-7710.28864911873,-9.210109515214555,-7713.621384223083,0.021541950113378686,0.0011337868480725624,12.082128659398922,8.45630248203259,12.060588242345741,8.426106566559934,2.5657296798323275,0.270402413996635,150000.0,2900.0
27,18,8,known,3,180.0,10000.0,150.0,1204.0996221183873,112.66350186668897,1198.8172651963175,1057.0153472783688,105.49939010779491,1051.7372880472071,1.0,1.0,55.0,1388.663627612771,165.70717664395696,121.49059182221151,882.0,882.0,3627.9273982810596,219.11716324243255,3621.3043059056727,10787.6659204126,-7159.738522131542,-1.2518002425317718,-7164.110546123155,0.017006802721088437,0.0045351473922902496,13.208945077246891,11.192733425325272,13.188565565852883,11.169418580451,1.8007354813854886,0.33218883399968036,150000.0,2900.0
27,19,8,known,3,180.0,10000.0,150.0,3752.3435234887997,185.29302755170966,3747.765789401609,1347.4440489259084,64.94242523832283,1345.8781320721466,1.0,1.0,38.0,3204.5243061751953,82.49561092836656,117.06431428746076,882.0,882.0,3491.9192979485792,263.74419722291043,3481.9447700698734,10172.24039736332,-6680.321099414741,50.83300169709551,-6688.067202615806,0.01473922902494331,0.0022675736961451248,12.653200059851711,5.923248177195719,12.632365829757394,5.867957647284847,3.2751542861157543,0.2576900550011487,150000.0,2900.0
27,20,8,known,3,180.0,10000.0,150.0,2381.2039971671597,175.34677203794482,2374.739140550122,1703.3760843092612,124.13714194561221,1698.8466836611024,1.0,1.0,62.0,1818.6101524886415,142.96610418479358,136.91277682831378,882.0,882.0,3427.238215358528,208.87019557051735,3420.8675838471513,11019.291554340989,-7592.053338982461,9.53313925140884,-7596.620836729868,0.030612244897959183,0.0045351473922902496,11.936766431986895,7.660102437865308,11.915069429439352,7.625558749749276,2.4856341624660363,0.385100056999363,150000.0,2900.0
27,21,8,known,3,180.0,10000.0,150.0,3239.501313210184,289.090473165088,3226.5764296876173,2123.576834047091,142.77973311674393,2118.7714642954243,1.0,1.0,62.0,2208.8301972843833,124.58490286807373,117.6971400360916,882.0,882.0,3463.7732055118304,250.7099044061327,3454.6880268780233,10865.66196247686,-7401.888756965029,43.57424100494464,-7408.999408784134,0.021541950113378686,0.005668934240362812,16.157046898589215,8.180963092027314,16.1402451354317,8.146158382118905,2.3521905989062586,0.33545003199833445,150000.0,2900.0
27,22,8,known,3,180.0,10000.0,150.0,3164.8096331862193,169.73103529645675,3160.2549564814362,2280.5696347518497,93.10127016272614,2278.668473570974,1.0,1.0,31.0,1997.3483724297566,117.91829153145407,129.48541647999764,882.0,882.0,2843.849163248056,210.20263456382034,2836.069977227131,10786.996716999165,-7943.147553751109,9.929441660455439,-7949.0674266613805,0.02834467120181406,0.006802721088435374,12.28359397990412,7.042708352844054,12.261639319708262,7.00065513444217,2.2433361182228406,0.329378957998415,150000.0,2900.0
27,23,8,known,3,180.0,10000.0,150.0,4423.201779147904,336.5477470808648,4410.379756097197,3018.5703608069553,172.47980541548046,3013.638621312461,1.0,1.0,34.0,2051.2306921080212,127.28718579867031,129.71554946268984,882.0,882.0,3295.743655613601,242.50390963695628,3286.809714195224,9483.833691060889,-6188.090035447288,44.646676045715196,-6194.9598461145615,0.023809523809523808,0.003401360544217687,13.065524401668501,7.482406276749055,13.042804412788813,7.438804010589857,2.4470319170621515,0.4100302680017194,150000.0,2900.0
27,24,8,known,3,180.0,10000.0,150.0,3370.042427241824,226.13816373901616,3362.446652708517,1626.8567764288277,110.98747353579323,1623.0664655923792,1.0,1.0,103.0,1436.6420675295062,156.844127919858,182.46742083502076,882.0,882.0,4896.029320012355,294.33851446849206,4887.17381942991,10895.47246008502,-5999.443140072665,90.05207751411228,-6006.383321382619,0.01927437641723356,0.0011337868480725624,12.389417674253732,5.770756950944255,12.366565950294259,5.720737901727193,4.713448013870491,0.3434604100002616,150000.0,2900.0
27,25,8,known,3,180.0,10000.0,150.0,4910.553620026624,324.1257647141361,4899.84482854356,1684.2282539320415,94.9186002208432,1681.5514475254954,1.0,1.0,112.0,1611.479389640766,187.85050849603553,133.8398250805873,882.0,882.0,5297.919974924651,310.9095386713831,5288.7892111019855,10753.218413965851,-5455.2984390412,98.54326162874207,-5462.331978003332,0.007936507936507936,0.0022675736961451248,13.18959091649186,5.207763223780175,13.166499874777202,5.137192792185856,5.651733284490007,0.3654119749990059,150000.0,2900.0
27,26,8,known,3,180.0,10000.0,150.0,1073.348163139603,83.3461213502206,1070.107332640532,993.8805392227296,67.31288246057562,991.5984580970829,1.0,1.0,55.0,1114.402178268937,213.82672251071247,119.57254563477883,882.0,882.0,5721.090689782399,202.32391481645803,5717.512021343567,11147.890159649201,-5426.799469866803,-11.913950012992132,-5428.31935854357,0.009070294784580499,0.0,12.287357658562529,9.344370358771183,12.266386139027421,9.315043912147843,3.401388851804613,0.27385153000068385,150000.0,2900.0
27,27,8,known,3,180.0,10000.0,150.0,2078.5002371169157,191.27502196396867,2069.680434672889,1678.620056163232,139.11905377322245,1672.845235468809,1.0,1.0,46.0,1394.2224621440414,180.70480552789215,149.14033971884618,882.0,882.0,4270.224870828676,204.52975812008071,4265.323906280404,12321.570978797752,-8051.346107969076,-7.440883818343593,-8054.42364927069,0.013605442176870748,0.003401360544217687,11.940204384165648,8.035026021897654,11.91864545967097,8.002028469635649,2.95250711571447,0.350959976996819,150000.0,2900.0
27,28,8,known,3,180.0,10000.0,150.0,6179.87394292885,355.286769279006,6169.652604650139,1872.0052812761348,80.96835067219313,1870.2534318415687,1.0,1.0,45.0,2548.712172267102,104.02480394350124,126.16122087536398,882.0,882.0,5657.133993242665,366.2223797664872,5645.267592068588,10164.301658779541,-4507.167665536876,149.57310664738776,-4516.724894797632,0.007936507936507936,0.0022675736961451248,15.31893800501032,4.377637006637015,15.29691476530898,4.301318103398783,7.179334909914211,0.27658623599927523,150000.0,2900.0
27,29,8,known,3,180.0,10000.0,150.0,1522.9947998965156,126.64968211184562,1517.719677191014,909.6214318844371,92.89200071625714,904.8658605265339,1.0,1.0,58.0,714.218126091419,314.3212326579393,131.90008527699175,882.0,882.0,5813.964494577134,236.57228808169532,5809.149395282871,11583.089254865634,-5769.1247602885,-0.4303447188973166,-5771.514939643224,0.012471655328798186,0.0011337868480725624,12.103027667283737,7.295494211277106,12.072313443730323,7.253808870127466,4.427363220674331,0.31087131700041937,150000.0,2900.0
27,30,8,known,3,180.0,10000.0,150.0,2961.86070832191,150.8173293520983,2958.0184226384167,1460.8611366477244,116.4362463585541,1456.213535544019,1.0,1.0,22.0,2642.3603106442984,102.7547402746498,102.00730900707998,882.0,882.0,3457.6141941543265,262.3759129799389,3447.644818699486,10699.410683123871,-7241.796488969545,48.785333710546496,-7249.633715142316,0.026077097505668934,0.0045351473922902496,14.281414393740445,8.607129418949146,14.26245569196383,8.562619764636526,2.2317507743071743,0.2944103259978874,150000.0,2900.0
27,31,8,known,3,180.0,10000.0,150.0,7718.8345734314835,499.29437573373946,7702.669167136925,1989.7292398851444,100.0492732212675,1987.212266211592,1.0,1.0,35.0,2592.6831435834606,90.60281520900966,172.14371752117808,882.0,882.0,6113.854743780236,377.727753446866,6102.1751509048045,9575.932517461291,-3462.077773681055,161.97929644496557,-3471.3266212929666,0.003401360544217687,0.0,12.594713071194175,3.328573334647147,12.573598392574876,3.2264930878879845,10.204329685068696,0.2833178280016,150000.0,2900.0
27,32,8,known,3,180.0,10000.0,150.0,2944.7042660263114,285.6512380500757,2930.816709477755,2618.9341985791166,169.8089992244763,2613.423279966263,1.0,1.0,38.0,1770.8834633825359,146.21371802230453,152.9641933365963,882.0,882.0,3240.705292625796,227.12458481716695,3232.7364904403325,10422.924065853142,-7182.218773227345,21.492991560529276,-7188.15894759163,0.013605442176870748,0.0022675736961451248,13.496341449282182,6.5417564110704784,13.477270952107094,6.498147594923683,2.752153574825543,0.24738559999968857,150000.0,2900.0
27,33,8,known,3,180.0,10000.0,150.0,1501.9704679204528,156.73140627426886,1493.7705823828753,1464.238158699169,117.72494471471205,1459.497935175878,1.0,1.0,35.0,1378.465145269665,171.78446059988067,110.17992373836653,882.0,882.0,4965.231738267636,200.55282281935177,4961.1797770247595,9565.862839275585,-4600.63110100795,3.043951477652513,-4602.643836236564,0.01020408163265306,0.0,11.343319011565875,7.852070622112185,11.315400022983546,7.815169234857526,3.5130377827311676,0.30221020500175655,150000.0,2900.0
27,34,8,known,3,180.0,10000.0,150.0,4177.192994956692,330.54326042123165,4164.09443578137,2694.084459503342,140.7646860451396,2690.404500832547,1.0,1.0,45.0,3098.4789449865007,80.77285170768903,120.1362199448267,882.0,882.0,3515.844894925036,281.5844833074478,3504.550685028099,9839.190422274909,-6323.345527349873,70.18448616546308,-6332.368457009955,0.01020408163265306,0.0011337868480725624,12.460498937473773,6.0750463893372935,12.43495629571333,6.009863810428749,3.215197117301874,0.31343114899937063,150000.0,2900.0
27,35,8,known,3,180.0,10000.0,150.0,4246.249333791947,232.2042621830193,4239.895586609721,1378.5820053774055,107.9386803961917,1374.3498778785254,1.0,1.0,50.0,1426.8764032117826,182.52404058978362,148.71261461501663,882.0,882.0,4975.190178697976,291.4945350956791,4966.643559812014,12144.498808894257,-7169.308630196281,79.61169281242968,-7176.006767870983,0.015873015873015872,0.0045351473922902496,14.651129986034324,4.2714298003873985,14.63247577792754,4.2005881969852155,6.4708883743574965,0.2617818119979347,150000.0,2900.0
27,36,8,known,3,180.0,10000.0,150.0,2517.2557219867776,116.01621370699938,2514.5808016510955,740.651713533211,90.35876421521498,735.119211073402,1.0,1.0,39.0,2662.8570431900375,99.01340691113093,134.33184966422587,882.0,882.0,5806.670447306939,318.0206200547546,5797.955205833153,10616.687340979322,-4810.016893672383,108.80860825390675,-4816.67057326188,0.02040816326530612,0.0045351473922902496,13.784342548710082,8.94186949929153,13.762425361680704,8.909942958775872,3.6076661894218267,0.27623041100014234,150000.0,2900.0
27,37,8,known,3,180.0,10000.0,150.0,2618.089051866046,154.29151174269754,2613.538676374429,1478.0501988953197,125.16168672304761,1472.7413020049164,1.0,1.0,42.0,910.5603298360595,297.36457531078037,146.77515822861142,882.0,882.0,4398.409815041707,233.3500747919938,4392.215459611447,11885.175129028801,-7486.7653139870945,20.597811707650436,-7491.055315820595,0.013605442176870748,0.0,14.272257364681579,6.491984084291969,14.250892979924451,6.448167293848112,3.7639664186314836,0.2865905609978654,150000.0,2900.0
27,38,8,known,3,180.0,10000.0,150.0,3054.1926186814576,103.34864828272987,3052.4435472104037,1739.763281968337,79.81911439866853,1737.9312950349479,1.0,1.0,72.0,2470.915212510888,107.64042693778384,154.05577139452154,882.0,882.0,3562.855273774503,248.61481907790383,3554.1705605665084,9715.790283289123,-6152.93500951462,45.21885856922057,-6159.4904852032105,0.021541950113378686,0.003401360544217687,12.988341688120281,9.778568319878687,12.965301203142262,9.744079663164918,2.0241859301243714,0.31153251200157683,150000.0,2900.0
27,39,8,known,3,180.0,10000.0,150.0,1809.5339346247522,133.8027352316896,1804.58025274662,1568.0306491359731,125.48084673423305,1563.001815012587,1.0,1.0,29.0,1743.8778238422542,145.81495781459986,136.60320169579285,882.0,882.0,3536.4766939551037,211.60199224025507,3530.140507652291,9780.186207495422,-6243.709513540319,7.936843881379417,-6247.924881811394,0.01473922902494331,0.003401360544217687,11.799421996096969,9.428540669654602,11.778038566250643,9.398608195455779,2.0837893617437997,0.28027902099711355,150000.0,2900.0
28,0,8,known,3,230.0,10000.0,150.0,2793.201918318216,102.04510590840772,2791.337269635596,1319.361676221104,98.76744905016389,1315.6596154359552,1.0,1.0,39.0,2632.009898954393,93.17640159128639,171.19893388394706,882.0,882.0,4712.7333879269745,313.7598159457434,4702.27718914776,12304.008461061301,-7591.275073134327,49.51705298154667,-7598.893485714415,0.005668934240362812,0.0,12.541366408150015,9.055160577911018,12.520873501145843,9.020875296086952,2.262814114515335,0.279093382996507,150000.0,2900.0
28,1,8,known,3,230.0,10000.0,150.0,1753.6174533211292,131.84075481481463,1748.6543935158666,1684.917239727613,90.7986608412275,1682.468932230476,1.0,1.0,32.0,1540.953253338941,160.8558065322033,151.41619096508768,882.0,882.0,3864.7766552751564,270.82746540791226,3855.2757461873653,13778.716104900675,-9913.939449625519,-6.431245722049653,-9920.650542325933,0.015873015873015872,0.005668934240362812,12.087292982105764,8.405374191013046,12.065861618239097,8.37493492097277,1.9991229872944771,0.250351964001311,150000.0,2900.0
28,2,8,known,3,230.0,10000.0,150.0,3013.7168649368778,350.95868303728264,2993.211877700224,1980.7337703439034,210.7287752261851,1969.4922320924363,1.0,1.0,41.0,2335.889119597935,116.83001369237601,190.7704370515352,882.0,882.0,4978.034417541317,329.493109968378,4967.117972497663,14498.600873201332,-9520.566455660015,78.98158056425268,-9529.318529416525,0.012471655328798186,0.0011337868480725624,11.845679808801421,8.03182912477643,11.82404828752245,7.988677292548358,2.6947321171945395,0.28045150600155466,150000.0,2900.0
28,3,8,known,3,230.0,10000.0,150.0,1543.1767086073169,107.38875359503334,1539.4356139798172,789.2123450323812,108.36343616337776,781.7374823138366,1.0,1.0,50.0,793.6487758199717,315.6275462914489,142.22602099151482,882.0,882.0,7937.138973481738,272.27711283038747,7932.467476024813,13377.017743643948,-5439.8787701622105,10.376698414617351,-5441.986228209013,0.005668934240362812,0.0011337868480725624,12.257236571022489,8.631320213986822,12.23507158297004,8.598804511759838,3.9981484905150215,0.2583351900029811,150000.0,2900.0
28,4,8,known,3,230.0,10000.0,150.0,5776.888187324282,547.6120380630133,5750.874558240276,2160.7960448581484,171.38067445702904,2153.98890709708,1.0,1.0,34.0,2629.256238015238,100.19453763600227,151.10620684320307,882.0,882.0,8521.301659045688,660.3882182102468,8495.67356751093,12192.90962665737,-3671.6079676116824,395.6239082642333,-3694.361092981744,0.0,0.0,12.488969946169995,3.5380625249466213,12.465635859464372,3.439896247587732,10.471589291255865,0.29892066700267605,150000.0,2900.0
28,5,8,known,3,230.0,10000.0,150.0,2018.8648868988632,136.66678541178976,2014.2337553815266,1241.7529271596538,94.03715982012417,1238.187120221549,1.0,1.0,63.0,1990.531558343934,124.9356015295401,133.76550059103525,882.0,882.0,5314.451805695529,282.4264198542622,5306.941992563022,15539.250914557422,-10224.799108861893,2.168743890414305,-10229.78142714929,0.012471655328798186,0.0011337868480725624,12.862980582532476,10.820479776928732,12.842216073753626,10.790228551472879,2.1354239992151878,0.27909812899815734,150000.0,2900.0
28,6,8,known,3,230.0,10000.0,150.0,2685.4591324206126,241.55744908304538,2674.573003433213,2500.0550638047125,154.55887115435206,2495.272906397831,1.0,1.0,29.0,1932.033522815895,138.63585345078369,137.83430703396934,882.0,882.0,3248.4267401323605,290.8695251852213,3235.3780621938877,12896.307570335277,-9647.880830202917,15.662194489765568,-9657.992710176635,0.01927437641723356,0.0022675736961451248,13.808925284158661,6.785163669808078,13.786810974709962,6.744159654126479,2.0815407276261184,0.24558598799922038,150000.0,2900.0
28,7,8,known,3,230.0,10000.0,150.0,8187.709355222436,720.0916080825892,8155.982623912709,2644.8879165836834,195.11346999470175,2637.6813350207794,1.0,1.0,31.0,4037.120610957357,66.49532140120677,161.37237649467608,882.0,882.0,4460.29330781704,393.1989146166443,4442.928201682058,13943.350523172781,-9483.05721535574,116.62081032090953,-9497.678971762249,0.007936507936507936,0.0011337868480725624,11.719194379292585,4.454998976702717,11.69565581738337,4.359817316752312,4.352993053560154,0.28480950700031826,150000.0,2900.0
28,8,8,known,3,230.0,10000.0,150.0,2394.540033612098,250.4754887077218,2381.4037881316253,1846.4131751562127,161.6578210631005,1839.3227999129401,1.0,1.0,36.0,1158.788495256416,210.96659665183086,130.41645063722996,882.0,882.0,4609.62196950097,280.64013371390996,4601.071159746939,15245.278051854399,-10635.656082353427,-7.925155850561907,-10641.47564031282,0.013605442176870748,0.003401360544217687,12.93856969525597,6.439489052853803,12.915164769569497,6.3966230801612,3.112333057095925,0.34189730000070995,150000.0,2900.0
28,9,8,known,3,230.0,10000.0,150.0,4460.760268687149,330.0956764076295,4448.529984063817,2612.853558671258,156.80959494767114,2608.143874481123,1.0,1.0,46.0,3617.4814119944454,65.14577664873234,205.834976715334,882.0,882.0,3676.887864428632,330.36071893711784,3662.016679777127,13566.10640743242,-9889.218543003788,36.891438521575026,-9900.915113873956,0.015873015873015872,0.0022675736961451248,11.590284100321298,6.569153877842887,11.564688408654295,6.519479033107824,2.4335659162586305,0.24838083799841115,150000.0,2900.0
28,10,8,known,3,230.0,10000.0,150.0,2932.4827673309387,192.80113567628916,2926.1378817094137,1643.5216451378917,137.6235712978871,1637.7494163210613,1.0,1.0,33.0,1483.233288885191,173.85789689640848,161.91292608235935,882.0,882.0,5699.626990588759,306.4698266772935,5691.38156137719,16148.220698469082,-10448.593707880322,32.03597938248828,-10454.507010947476,0.0045351473922902496,0.0011337868480725624,12.46616855112303,6.423529631188354,12.442307804749564,6.3728143200056335,3.8578458166182408,0.26145914500011713,150000.0,2900.0
28,11,8,known,3,230.0,10000.0,150.0,3186.6003621116647,225.49201014754132,3178.612153309966,2098.55811640632,125.49028148009153,2094.80270125587,1.0,1.0,49.0,1756.3563170714338,147.23045675917103,184.88243038342097,882.0,882.0,4957.138818867335,311.02309952633397,4947.372019676959,13614.588469500528,-8657.449650633193,44.67161259770177,-8664.610792509797,0.009070294784580499,0.0011337868480725624,12.255035060379845,6.037607425487227,12.232823263883596,5.989169734235487,3.569754698252339,0.2627550719989813,150000.0,2900.0
28,12,8,known,3,230.0,10000.0,150.0,3062.9654856080647,127.42984737496151,3060.313578707947,1815.6506773633564,107.1395279099801,1812.4868285781392,1.0,1.0,44.0,2689.290110346812,94.02137843457753,145.95847930416855,882.0,882.0,4158.535730938916,318.3222563748858,4146.334570025924,12219.860127923224,-8061.324396984309,47.88060349087448,-8070.532575784952,0.015873015873015872,0.0022675736961451248,12.08629470929574,7.76552342963759,12.058782103863573,7.725546201364708,2.328315701876754,0.32746861400300986,150000.0,2900.0
28,13,8,known,3,230.0,10000.0,150.0,617.3937131439878,159.04979188430923,596.5552453304545,233.22318254379124,130.72762677716037,193.14072712161473,1.0,1.0,254.0,1387.22098186164,179.46624933551908,206.19513406516623,882.0,882.0,9987.591002801475,292.6740251706556,9983.301856311436,13905.511671455068,-3917.9206686535927,17.411026322672,-3919.485099059719,0.0022675736961451248,0.0,11.576852853973278,13.598819234789868,11.55463963168369,13.579347050373116,3.1932411158713,0.47493910000048345,150000.0,2900.0
28,14,8,known,3,230.0,10000.0,150.0,4941.890075053636,539.8224668279802,4912.318110446573,3637.4355650252814,227.40254126264475,3630.3203128564396,1.0,1.0,29.0,2954.5631126614576,78.64073606504643,160.45292000939156,882.0,882.0,4910.398641904214,343.6392117264852,4898.359614664766,14320.1077990028,-9409.709157098587,68.16999499909753,-9419.098402933763,0.007936507936507936,0.0,10.901479025448843,4.360296961390352,10.876869496599058,4.282089252429687,4.896354423029793,0.3483992940018652,150000.0,2900.0
28,15,8,known,3,230.0,10000.0,150.0,5415.71262369406,284.87927489037276,5408.214772101524,1556.5999781755693,127.91835328958454,1551.3350337524978,1.0,1.0,166.0,2030.976077255918,123.04603365090992,146.48541941453223,882.0,882.0,7103.9021122662125,530.3534288033817,7084.077248394237,13764.048793205375,-6660.146680939162,257.7301026555639,-6677.271366613612,0.005668934240362812,0.0,11.69592314632964,4.416625045015808,11.672718392634614,4.345205007636171,6.993242715442245,0.3732659199995396,150000.0,2900.0
28,16,8,known,3,230.0,10000.0,150.0,2941.554811697875,270.8726157330989,2929.056629064865,1632.7952653989637,149.4815258016086,1625.9383912538922,1.0,1.0,33.0,2784.880330027461,93.41856427174179,199.11876359813766,882.0,882.0,4421.253786767666,383.13040266748243,4404.6221337998195,13234.513963613452,-8813.260176845786,111.17169720073207,-8827.097267532734,0.01020408163265306,0.0011337868480725624,11.675942378689209,6.516309853834894,11.652898705649704,6.4670966085903565,2.9499583326061427,0.3012826539998059,150000.0,2900.0
28,17,8,known,3,230.0,10000.0,150.0,5345.401236337585,352.0392398813595,5333.796279482667,1504.1404728881441,161.28189091242862,1495.4687271367065,1.0,1.0,21.0,4339.657765223411,56.248695011792066,169.86682214314817,882.0,882.0,4718.879779505124,397.9690410329606,4702.068376342654,12973.490993726067,-8254.611214220942,123.89429670835256,-8268.527276857501,0.01927437641723356,0.0011337868480725624,11.083096508852437,4.9042295437195165,11.0603915992059,4.834196617738947,4.183504957026012,0.2768809049994161,150000.0,2900.0
28,18,8,known,3,230.0,10000.0,150.0,3640.2162987128295,313.22668707554203,3626.715282996201,1604.6911692326614,188.62588974253043,1593.5664474166506,1.0,1.0,34.0,3205.8398912085618,81.50989182831748,115.69300009012152,882.0,882.0,5057.273298377836,353.67662589121653,5044.891084927765,14839.347874416853,-9782.074576039016,84.2324317964704,-9792.010382839302,0.01020408163265306,0.0022675736961451248,11.951408824068343,6.857349426402891,11.923920599486344,6.794732029283315,3.2065078514002407,0.23252585500085843,150000.0,2900.0
28,19,8,known,3,230.0,10000.0,150.0,4142.338193613603,332.8547201465327,4128.943381247336,1873.998640826351,159.86199268967334,1867.1676542593323,1.0,1.0,36.0,3419.421724481929,71.55937516596329,175.2087223269414,882.0,882.0,4763.612170533548,369.1725996540021,4749.285472881162,12975.843429141289,-8212.23125860774,90.94518244997658,-8223.574743813735,0.01927437641723356,0.0011337868480725624,11.881390892513508,7.174203992124395,11.856494020220937,7.103805323008992,2.8869205957797663,0.2591095290008525,150000.0,2900.0
28,20,8,known,3,230.0,10000.0,150.0,1376.2165574755754,123.21980995421943,1370.6892031035957,965.9687202069023,114.31853991846224,959.1802957990076,1.0,1.0,43.0,1766.5365192176607,139.84587287138822,146.9221012333633,882.0,882.0,6152.476386595776,286.517492618155,6145.801283318751,13671.723656880387,-7519.247270284612,16.523838826676638,-7523.25615225504,0.009070294784580499,0.0,11.381881573872477,10.475865729044553,11.357910383283242,10.447545337038555,2.5534784451141324,0.26097646999915014,150000.0,2900.0
28,21,8,known,3,230.0,10000.0,150.0,1935.8954043200022,228.48957741637702,1922.3640470731318,1784.495759957053,128.26196701539828,1779.8803288766471,1.0,1.0,50.0,1837.6316633072195,145.467517966776,153.0482059509565,882.0,882.0,3564.1262808910947,279.17091543402194,3553.176008321895,12892.709190135089,-9328.582909243994,16.308744747278013,-9336.853229062155,0.022675736961451247,0.006802721088435374,12.494879494355484,7.731962584008105,12.472121184766355,7.696030768930681,2.004174367490626,0.3144735709975066,150000.0,2900.0
28,22,8,known,3,230.0,10000.0,150.0,1099.2702964034854,151.74859138365088,1088.7458608729976,722.8810504669038,109.48554146562286,714.5417617845116,1.0,1.0,93.0,1560.53408229215,174.1894262789049,181.32912850323538,882.0,882.0,6503.998011881059,297.1491322601718,6497.2065175542775,13427.057946447625,-6923.059934566566,27.13435734207377,-6927.13618957996,0.013605442176870748,0.003401360544217687,11.67914010954341,11.568556019015254,11.65063998869556,11.538153564155587,2.4444063873735677,0.4133235279987275,150000.0,2900.0
28,23,8,known,3,230.0,10000.0,150.0,3240.1897970277873,265.14705013077474,3229.3229882701303,1627.051412594377,129.7723876011414,1621.867881993369,1.0,1.0,32.0,1288.3517712454316,198.9540091763907,163.08429204212396,882.0,882.0,4039.2234136685647,336.5000352763781,4025.1824196907314,14449.360475171477,-10410.137061502912,50.77827007759947,-10421.35284709,0.012471655328798186,0.0,14.395622414469484,6.0973967936813835,14.372164581572168,6.04901527289555,2.8802194646726553,0.2500359209989256,150000.0,2900.0
28,24,8,known,3,230.0,10000.0,150.0,1978.9527291121565,103.95181718208626,1976.2206161673837,1768.0499447752954,94.65778142864963,1765.5142343337059,1.0,1.0,181.0,1315.6383495946825,209.93272840436757,252.751803787328,882.0,882.0,3692.520727500331,260.6172516902081,3683.312092552166,14190.013250643451,-10497.49252314312,-16.059383572934507,-10504.003583534562,0.005668934240362812,0.0,12.98123030241996,8.026732306698117,12.95942868308914,7.993759132480077,2.0001212613327803,0.39824896700156387,150000.0,2900.0
28,25,8,known,3,230.0,10000.0,150.0,2207.8822353770593,116.79193894609232,2204.791057740123,1018.6866050492104,113.79117867232958,1012.3112006507919,1.0,1.0,156.0,725.5870097064178,328.6459260196669,166.8721717946185,882.0,882.0,6529.510028610367,312.2243629049055,6522.040873908411,13836.777753022736,-7307.267724412369,53.995022107413604,-7312.327062289333,0.005668934240362812,0.0011337868480725624,12.228156062642945,7.61076237890514,12.206621770513355,7.572879734633595,3.7301353825108325,0.3295994410000276,150000.0,2900.0
28,26,8,known,3,230.0,10000.0,150.0,3638.5469513752487,196.9525225663302,3633.2125758365523,2840.214874516391,96.7832269629414,2838.565401818813,1.0,1.0,48.0,1760.5539223029773,147.62664434787854,184.88975603936143,882.0,882.0,3344.897342379555,257.18094390516154,3334.9956811291163,13037.15029866176,-9692.252956282206,2.4908702513062053,-9699.666603574644,0.017006802721088437,0.0022675736961451248,13.1535111056309,6.897148887149864,13.134175268188866,6.854987396895947,2.1085570518108745,0.25341728199782665,150000.0,2900.0
28,27,8,known,3,230.0,10000.0,150.0,5157.744944485243,389.9172947020219,5142.9852630214045,1808.6973551776637,147.91932705217354,1802.6386202761516,1.0,1.0,38.0,3982.433282235098,62.20642679362549,177.5503761852538,882.0,882.0,4153.585887411934,384.80631549867303,4135.722406504083,14887.171117670583,-10733.58523025865,103.57240203662394,-10748.792075759824,0.0045351473922902496,0.0011337868480725624,11.590524072199893,4.878815096258853,11.568389567734574,4.810437349986528,3.701527670018079,0.28600576800090494,150000.0,2900.0
28,28,8,known,3,230.0,10000.0,150.0,2191.0259986267124,151.84667878468022,2185.7578806446622,1623.0476647026724,103.42465124291908,1619.7490742124469,1.0,1.0,26.0,1765.0669052045123,134.77546369198845,174.81369029141715,882.0,882.0,4132.934798605911,292.25761717895926,4122.588450807158,12381.628796527022,-8248.693997921111,10.017992726260616,-8255.823097100596,0.009070294784580499,0.0011337868480725624,10.892569041802219,7.607786080520792,10.8694215474396,7.567678318555615,2.361959385145999,0.24403802300003008,150000.0,2900.0
28,29,8,known,3,230.0,10000.0,150.0,2468.0860507044267,92.49111519342154,2466.3523972238945,1138.2582552157742,87.51166381588502,1134.8892299528768,1.0,1.0,287.0,940.8830930331443,258.735554173042,201.58354263480715,882.0,882.0,6119.700140174135,296.2166331312687,6112.526933429718,13209.18770114934,-7089.487560975204,20.343027859606934,-7093.779646311244,0.01473922902494331,0.0045351473922902496,12.424481032866318,7.2020953085344726,12.40362330986305,7.163956917069797,3.6943959742202894,0.5074409949993424,150000.0,2900.0
28,30,8,known,3,230.0,10000.0,150.0,2412.0805036724682,139.81387930338468,2408.0250072104664,1462.4210520174415,88.5221661063804,1459.7394149270735,1.0,1.0,91.0,1086.7372598971108,212.87668906529927,212.12150492083654,882.0,882.0,4697.746487779146,272.80228714925823,4689.818863833382,13536.441344289811,-8838.694856510665,-8.884087590001002,-8843.691288883278,0.021541950113378686,0.003401360544217687,12.11706614471892,6.624528723922928,12.088995516778052,6.579527864544099,3.08323589204384,0.33633108000140055,150000.0,2900.0
28,31,8,known,3,230.0,10000.0,150.0,2787.2039682094032,176.1148028879057,2781.6343283411634,1291.1587667959488,89.60838218318194,1288.0455344888035,1.0,1.0,74.0,2628.9403665232794,98.2439734688358,212.24899462160687,882.0,882.0,5265.344626216496,311.6749488203818,5256.111943167188,14904.27539285026,-9638.930766633765,22.464142544394406,-9645.35718223971,0.01473922902494331,0.0022675736961451248,12.553087580591614,8.63564801762823,12.53157425096242,8.59968497928477,2.650965240355859,0.3214666780004336,150000.0,2900.0
28,32,8,known,3,230.0,10000.0,150.0,4773.77056003906,266.5933068249417,4766.320737072966,2169.002353737572,77.88899665012445,2167.6034034665945,1.0,1.0,180.0,3434.4257106897667,75.51321545810556,166.14743654671275,882.0,882.0,3934.507020477815,330.0829506899501,3920.6365222821955,13351.154706827547,-9416.647686349732,81.68809262927718,-9428.207322790395,0.009070294784580499,0.0011337868480725624,11.572533578511639,5.503287225279957,11.547109941899468,5.4386318801630065,3.1084243948537136,0.3930898279977555,150000.0,2900.0
28,33,8,known,3,230.0,10000.0,150.0,7020.464070138914,609.7549428375793,6993.934133933247,2949.8280005686975,163.7869821460416,2945.2774160371737,1.0,1.0,29.0,3651.1932244666787,70.86720398250141,159.21415608125494,882.0,882.0,7270.8532999309755,539.5289116024751,7250.807973092531,13687.588511052043,-6416.735211121068,268.88021133630974,-6434.104468312715,0.003401360544217687,0.0011337868480725624,12.312300200065327,3.6217654755312463,12.29054576389192,3.528039618950996,8.728451873940525,0.28837339299934683,150000.0,2900.0
28,34,8,known,3,230.0,10000.0,150.0,2644.311957792026,287.4048051307373,2628.646839746576,793.089067456039,164.18171103482447,775.9089087515151,1.0,1.0,44.0,704.3774078503073,391.77491444342587,168.16381584916448,882.0,882.0,10784.446334851076,441.52580167340204,10775.404294769614,13782.312620011104,-2997.8662851600275,164.63298415553209,-3004.126594318168,0.005668934240362812,0.0,12.685561289155903,6.792937919203125,12.655079275387688,6.743660165837094,6.902594674904472,0.2635932060002233,150000.0,2900.0
28,35,8,known,3,230.0,10000.0,150.0,7257.540316575052,498.50735594119305,7240.399288905608,2565.6351783935575,174.94645209831197,2559.663573110489,1.0,1.0,37.0,3616.1283161410906,67.24236768648056,220.37724908511873,882.0,882.0,4234.100208220412,423.2461226251824,4212.892983798057,12810.261457881925,-8576.161249661513,174.92616709032046,-8594.961474267053,0.007936507936507936,0.0,14.169393947124124,5.472346748599383,14.151168304627262,5.395355618019407,3.364028667372086,0.254219843998726,150000.0,2900.0
28,36,8,known,3,230.0,10000.0,150.0,4425.286408842384,357.3097691164293,4410.837735530416,1985.7018735155973,195.684285582435,1976.0363333854582,1.0,1.0,28.0,2973.7054429889486,91.18303010829129,142.54448315043442,882.0,882.0,4053.194703979184,343.48848973799335,4038.6139906881936,13185.700075606366,-9132.505371627183,74.58611907474904,-9144.343871601188,0.006802721088435374,0.0,12.69513051352306,6.429816880806224,12.670806651590674,6.382287973282259,2.740760117458438,0.2784062860009726,150000.0,2900.0
28,37,8,known,3,230.0,10000.0,150.0,2533.6969795857103,189.92412075569064,2526.5686637645395,1333.3249272023288,133.16559961856646,1326.6583149316643,1.0,1.0,211.0,1667.8461450458956,174.0617340609339,251.53544534572737,882.0,882.0,6285.367095004517,327.09339132137313,6276.8502795844515,12643.948114264065,-6358.581019259548,59.73407966979039,-6364.270830296388,0.009070294784580499,0.0,14.437474925234753,11.110616060311393,14.411450041198313,11.079232949103297,2.459601058430676,0.45089311899937456,150000.0,2900.0
28,38,8,known,3,230.0,10000.0,150.0,1874.8303042063885,170.2533218335039,1867.0839499002923,1446.2789333806195,134.71904399542117,1439.9908098059316,1.0,1.0,44.0,1134.1228879657172,236.93996699456622,160.64087945360438,882.0,882.0,5266.019119727082,261.11825264786444,5259.541294396815,13743.494312683304,-8477.475192956223,-3.347103519005998,-8481.408236044881,0.009070294784580499,0.0022675736961451248,13.581092921341266,8.555561482642972,13.559696544106767,8.52271232705414,2.6761230516092684,0.3120246729995415,150000.0,2900.0
28,39,8,known,3,230.0,10000.0,150.0,2273.424549867138,139.45490779946644,2269.1433433411034,1534.1871215634649,114.73657360132965,1529.8907289899553,1.0,1.0,38.0,1108.0710555085107,230.3110047574905,200.0096324319688,882.0,882.0,6849.6928808595185,286.5687792270056,6843.695704578769,13348.50896995634,-6498.816089096821,30.696183615241523,-6502.360676832923,0.003401360544217687,0.0,12.552718105601013,7.296359475436621,12.531852299781367,7.259634788413014,4.081662025466371,0.2970611469972937,150000.0,2900.0
29,0,8,known,3,280.0,10000.0,150.0,1793.1452610588829,188.04769583851743,1783.25769067394,1375.3656047497932,138.5394539583691,1368.3703323390496,1.0,1.0,60.0,1686.0224961640608,147.81463836921816,200.2941044989849,882.0,882.0,6682.725186971726,360.74769615008097,6672.981119732672,18542.574204496475,-11859.84901752475,23.790945584350254,-11866.531233010224,0.006802721088435374,0.0022675736961451248,11.24609742636418,10.421943837796759,11.221427216702448,10.395526052672615,2.2900599004572757,0.2868764189988724,150000.0,2900.0
29,1,8,known,3,280.0,10000.0,150.0,6168.464739809211,407.7243962099604,6154.975065993748,1684.7664343296583,179.82375797332867,1675.142189281919,1.0,1.0,57.0,2631.0190221273706,88.57856600826831,227.9597726471426,882.0,882.0,7451.630860105848,604.3012775603811,7427.087076453373,17976.839065414053,-10525.208205308205,261.06405081143464,-10546.474924162154,0.003401360544217687,0.0011337868480725624,11.998768380304917,4.049685825248054,11.973172152870532,3.9685040201576554,6.571612837618279,0.28658837900002254,150000.0,2900.0
29,2,8,known,3,280.0,10000.0,150.0,2209.3740102186307,302.82580332692567,2188.52234392728,996.3696818880375,168.4837873400903,982.0212606604849,1.0,1.0,41.0,2044.734140890895,126.1374038702847,211.41154425645016,882.0,882.0,6190.849585149365,392.0289090312931,6178.424711884721,17073.094904115434,-10882.24531896607,84.37474851724863,-10891.898030302986,0.009070294784580499,0.0011337868480725624,11.873862508562894,10.724244818079892,11.851646957286606,10.695153755619776,2.0617001443816205,0.2937805980000121,150000.0,2900.0
29,3,8,known,3,280.0,10000.0,150.0,5853.929343203948,288.18917672089253,5846.831257497101,1930.03111043702,179.870816253926,1921.631228075487,1.0,1.0,24.0,2650.4124549443513,88.3113702946024,194.44453146941623,882.0,882.0,7936.926989426028,582.848707223441,7915.497294546141,18072.150103190692,-10135.223113764663,246.51422752057243,-10153.522835776872,0.0011337868480725624,0.0,11.397667865804245,3.65588443581679,11.369603810511935,3.565071019397198,7.753573264425583,0.2678232090001984,150000.0,2900.0
29,4,8,known,3,280.0,10000.0,150.0,4679.448419422185,427.28322057873106,4659.899844357672,2341.306759016284,173.0920253959422,2334.899674624087,1.0,1.0,53.0,2139.34420898185,102.35641147089049,219.0606767512766,882.0,882.0,6316.0778454841375,459.0748204382003,6299.372163910874,16626.96841122337,-10310.890565739232,126.12655096052976,-10324.262336332195,0.0022675736961451248,0.0,12.139894529045488,4.341807050143203,12.115225466931783,4.272792455536699,5.195399200428556,0.30378404799921555,150000.0,2900.0
29,5,8,known,3,280.0,10000.0,150.0,1642.8156327793067,131.42246612764401,1637.5504079877974,1329.3656667704618,130.7522145027265,1322.9198518393725,1.0,1.0,59.0,1249.8691098767697,214.3582689448685,198.74014437019784,882.0,882.0,7031.593827672367,328.67431561539456,7023.908096751757,17408.67285596957,-10377.079028297201,7.990926694185134,-10381.810870594627,0.009070294784580499,0.0011337868480725624,12.18116361737347,10.717195515339235,12.15315402782944,10.690618814501416,2.34322823194618,0.5224595500003488,150000.0,2900.0
29,6,8,known,3,280.0,10000.0,150.0,3180.2049080233587,391.85129087892534,3155.9714546954283,2468.074026817232,196.1379564587252,2460.2681365830886,1.0,1.0,35.0,2216.7314951844164,110.05577501215393,256.6625557075619,882.0,882.0,4541.304570612302,377.0051355338627,4525.628611678745,15903.870877298721,-11362.566306686418,55.991529799715636,-11375.00216658675,0.007936507936507936,0.0011337868480725624,11.64799149070443,6.47913558907298,11.624013318139994,6.422873808587852,2.5032575213269315,0.26166608199855546,150000.0,2900.0
29,7,8,known,3,280.0,10000.0,150.0,2361.1251225971455,173.1285195372905,2354.7692796285187,1494.0687735050758,107.14741817220757,1490.2217723352426,1.0,1.0,36.0,2293.5837974009482,99.82498815356014,119.97722100986913,882.0,882.0,4801.721630964927,373.14013266435603,4787.201381044222,17044.89363850301,-12243.172007538084,22.725803410135256,-12254.089912332984,0.009070294784580499,0.0022675736961451248,12.254393136080598,9.012531695627843,12.225596463533886,8.972703679880732,1.902795618815306,0.24067709500013734,150000.0,2900.0
29,8,8,known,3,280.0,10000.0,150.0,2635.9255965182974,230.54740717421905,2625.823993230618,1930.621595856294,183.93400904083688,1921.8397505267885,1.0,1.0,40.0,1689.1769544751264,146.56302027868577,251.65216890319442,882.0,882.0,6054.341799267235,332.003737282086,6045.231851698092,15290.370450961396,-9236.028651694161,9.90298618834413,-9241.7456008194,0.006802721088435374,0.0,11.722421608897442,6.0825217811504775,11.700542821525183,6.033783417926664,3.554882343390056,0.2545195029997558,150000.0,2900.0
29,9,8,known,3,280.0,10000.0,150.0,3424.2011450098794,308.498296105599,3410.27598337538,2275.645851559849,146.45444966544108,2270.9282542376236,1.0,1.0,35.0,1975.3463674617537,134.54977510595623,174.82402542012773,882.0,882.0,4863.253822568529,357.7803487923989,4850.075356604823,15970.72718517265,-11107.47336260412,19.709406995094753,-11117.073257394015,0.0045351473922902496,0.0,13.357575764375179,6.569826966998695,13.335518030077067,6.516107268893898,2.6437170627592743,0.26110740500007523,150000.0,2900.0
29,10,8,known,3,280.0,10000.0,150.0,2107.9024228214735,289.4352357845159,2087.936749143278,1461.1837919203972,180.25087144076932,1450.0233436450992,1.0,1.0,37.0,999.0107655733455,243.45862973033425,199.51065628996426,882.0,882.0,6446.263047433601,353.3320613641735,6436.572358881712,16230.343814056556,-9784.080766622956,23.77386422336616,-9790.425259814765,0.003401360544217687,0.0011337868480725624,12.868980488752364,7.577401680718687,12.848578694037325,7.5403255736705574,3.0382932034777643,0.2588311520012212,150000.0,2900.0
29,11,8,known,3,280.0,10000.0,150.0,5477.958042252157,362.7575586880312,5465.9337048934085,2341.6946026457963,181.95693885786434,2334.6145901330115,1.0,1.0,70.0,1535.7802633313809,166.4698873694359,166.0598475423392,882.0,882.0,6047.859717513601,413.7342051107078,6033.691338662023,15708.23654586242,-9660.37682834882,83.35895431583515,-9671.070600776282,0.006802721088435374,0.0,13.186423354070868,4.906567307487874,13.1626105647913,4.84683990004743,4.402160948277867,0.29483525599789573,150000.0,2900.0
29,12,8,known,3,280.0,10000.0,150.0,6440.686004639494,500.6158675723535,6421.2008194335285,2198.098082703338,160.69523601757382,2192.2162809142137,1.0,1.0,35.0,4634.0177023032065,52.479809023927814,168.4424168117115,882.0,882.0,5851.405940493771,544.6999378549176,5825.998065408762,17331.076373268566,-11479.670432774796,195.24952878451217,-11501.55492593045,0.003401360544217687,0.0,11.407335678926824,4.41595494515334,11.384766490847035,4.3276834484545645,4.732357693513711,0.29398813199804863,150000.0,2900.0
29,13,8,known,3,280.0,10000.0,150.0,7602.397447008438,721.3747802894578,7568.0952272446175,2920.6333060850943,238.31084876616032,2910.8945099357175,1.0,1.0,48.0,3315.1573031439916,76.54012684839147,211.90329837202867,882.0,882.0,7504.348268971475,634.2777922433054,7477.4952105823595,16276.22090909969,-8771.872640128215,313.9628080817804,-8795.573504098824,0.0022675736961451248,0.0,12.494914537654077,3.713427202169431,12.471558028525392,3.6254596929379317,7.217387701069686,0.34988668599908124,150000.0,2900.0
29,14,8,known,3,280.0,10000.0,150.0,5524.93996784653,345.58752426710714,5514.121046130466,2119.5872012322657,212.88416135089514,2108.8694216270374,1.0,1.0,53.0,4035.6538765504993,61.987006131867886,204.5923202345894,882.0,882.0,5794.0459148993505,499.31653046678747,5772.49088924049,15885.109206385088,-10091.063291485738,187.44169146849254,-10109.556478261598,0.003401360544217687,0.0,11.451438959363717,6.746133659001792,11.429444933373665,6.669626206361531,3.067389733233129,0.3097021399989899,150000.0,2900.0
29,15,8,known,3,280.0,10000.0,150.0,2001.0655493821325,210.6051611963042,1989.9519589682297,1452.6006171540064,186.85463498652123,1440.5325051314373,1.0,1.0,35.0,863.650585800742,260.20693806663996,212.69207114510414,882.0,882.0,5214.054378481168,366.3327090021728,5201.169426972531,18060.902897702297,-12846.84851922113,21.014117838649327,-12856.431979383411,0.0022675736961451248,0.0011337868480725624,12.57574106058927,7.801722237806231,12.5513439220533,7.767073067937719,2.38686051780358,0.24283244799880777,150000.0,2900.0
29,16,8,known,3,280.0,10000.0,150.0,2127.4169258479174,292.9154570948812,2107.155265133327,1578.782579194984,150.95183076405667,1571.549546517241,1.0,1.0,97.0,1357.0691691087734,181.0290566054887,218.2861832268034,882.0,882.0,5792.399967562138,344.21067788058673,5782.163642914894,18582.631305659164,-12790.231338097026,2.8681881530544047,-12797.332355275441,0.0045351473922902496,0.0,12.429689500390392,7.709801616416354,12.407666793623829,7.669865813229466,2.683226335843007,0.3071657030013739,150000.0,2900.0
29,17,8,known,3,280.0,10000.0,150.0,2362.433324424945,241.9715321560207,2350.0087212560647,2058.381116845461,175.53667018660946,2050.8826635392297,1.0,1.0,37.0,1926.7666897528918,130.91568196881678,251.6531784355361,882.0,882.0,4023.931415901139,339.0228378807614,4009.6243658566596,17995.078704413627,-13971.147288512488,-18.90201176051636,-13981.894396606112,0.01020408163265306,0.0011337868480725624,12.234850170413388,7.61555834414899,12.211938540547026,7.573260448766959,1.8870820731430271,0.2783503799983009,150000.0,2900.0
29,18,8,known,3,280.0,10000.0,150.0,1706.7502909927177,77.95198209581498,1704.9692209219088,1601.4180301160225,79.00319007331478,1599.4681000691828,1.0,1.0,37.0,1585.7003197190788,173.74486869486913,195.10635757515732,882.0,882.0,4293.4604516396075,317.6619181080934,4281.692837602584,16168.888063023176,-11875.42761138357,-9.363454506120718,-11883.88774585435,0.02040816326530612,0.0045351473922902496,13.681567041455173,7.864918351696639,13.65612144600712,7.8288779207067485,1.949643548934805,0.23505566499807173,150000.0,2900.0
29,19,8,known,3,280.0,10000.0,150.0,1581.720429302959,272.5142042630398,1558.0678820093876,1487.3001192227762,204.56897012599012,1473.1643428693471,1.0,1.0,46.0,1117.947119535333,227.76357038310584,282.9619097681988,882.0,882.0,7191.06422412715,324.2799798165699,7183.748824270762,16850.811342461842,-9659.747118334693,7.5038924075518025,-9664.084740009443,0.005668934240362812,0.0022675736961451248,11.41263902842909,7.776989600402967,11.389635478892702,7.743764557314797,3.302353937530635,0.296023717000935,150000.0,2900.0
29,20,8,known,3,280.0,10000.0,150.0,1449.230896510764,163.22385106793163,1440.0097797737162,1171.4656893107513,144.11108960310426,1162.567785157373,1.0,1.0,79.0,993.116378268282,239.89258843154738,242.23738826318294,882.0,882.0,8675.861869266973,370.05238829099375,8667.96633614372,15285.99630528,-6610.134436013026,44.616495087766,-6614.565343013657,0.0022675736961451248,0.0,13.104661011959319,11.977474618547713,13.08513934372803,11.952675737083174,2.5869577643425443,0.29714098800104694,150000.0,2900.0
29,21,8,known,3,280.0,10000.0,150.0,4101.87856232115,296.49856047773426,4091.148536006051,3485.7398026124743,194.4666766128856,3480.311003804687,1.0,1.0,26.0,2056.2703493314616,127.22013291761729,188.91258541026025,882.0,882.0,3155.249113240372,322.83625565802146,3138.689809241567,17152.9470729094,-13997.697959669027,6.978770657747361,-14011.348888534028,0.018140589569160998,0.0,13.817422981607994,5.38565256276856,13.79695852048696,5.335362176169784,2.092364240297093,0.29508444399834843,150000.0,2900.0
29,22,8,known,3,280.0,10000.0,150.0,7527.283171546882,601.9555079101034,7503.17542852022,1889.2668181364088,189.1708159654125,1879.7721969691568,1.0,1.0,57.0,3392.5179689995666,75.97410761747317,248.2962044992425,882.0,882.0,8468.942201948645,706.4933798923138,8439.422321706334,16272.17129594977,-7803.229094001126,395.5227169217931,-7829.777287724466,0.005668934240362812,0.0,12.881660485130052,2.7543905244498994,12.85585548884823,2.64340533218635,10.981094322439008,0.3152625290022115,150000.0,2900.0
29,23,8,known,3,280.0,10000.0,150.0,6323.407886474413,347.3791711600713,6313.858963436778,2419.1378866660984,91.58546039715216,2417.4036109320173,1.0,1.0,64.0,2511.7921058912434,101.47220446017532,172.06964226066046,882.0,882.0,6237.438911221396,475.1028105658854,6219.318410453926,17558.18027855984,-11320.741367338445,136.82843795029657,-11335.602983367218,0.005668934240362812,0.0,12.039276608079458,4.169544964367262,12.017653185905004,4.08231874097946,5.34268552814538,0.31112442200173973,150000.0,2900.0
29,24,8,known,3,280.0,10000.0,150.0,2100.205471032063,98.45487891604267,2097.896483950206,1068.14757785014,94.43751915647866,1063.9646624971574,1.0,1.0,152.0,2058.698149090647,121.98659335102458,228.95714893407083,882.0,882.0,7349.510906542239,369.58894994661074,7340.212161338437,17814.498118455114,-10464.987211912874,30.97976943039356,-10471.06760838364,0.003401360544217687,0.0,14.181657312994547,12.353575822147278,14.162366509953504,12.327839966014512,2.1247494341349684,0.4787144330002775,150000.0,2900.0
29,25,8,known,3,280.0,10000.0,150.0,2565.744725766372,494.1287052526915,2517.7138082878396,2187.6486307337273,338.4078526203071,2161.3159548839835,1.0,1.0,43.0,1828.4428160446882,139.60981198562226,128.8634520861347,882.0,882.0,4288.617853188037,393.3715610871632,4270.5388308281445,15404.177438687644,-11115.559585499606,55.46845957298035,-11129.932072899457,0.0011337868480725624,0.0,12.549310748450651,6.552109988745025,12.521108710473975,6.512197543306068,2.337642737854604,0.2541371010011062,150000.0,2900.0
29,26,8,known,3,280.0,10000.0,150.0,5184.519909980635,440.937330692385,5165.735278485288,1763.0590354379435,191.7124054349016,1752.60478033176,1.0,1.0,27.0,3240.4684522331963,74.24462161735201,274.7765659741631,882.0,882.0,4238.186967094556,486.55047121977,4210.165959556222,16221.285609823868,-11983.098642729312,137.46480840210484,-12007.363014843486,0.007936507936507936,0.0,13.636557330481397,5.688109993425941,13.61666134339004,5.625859055787271,2.6610564920213644,0.24571754099815735,150000.0,2900.0
29,27,8,known,3,280.0,10000.0,150.0,3927.3397324751922,211.82939741022503,3921.62283763637,2469.567020467324,105.78462587627068,2467.300322520158,1.0,1.0,61.0,1505.6929805563336,160.37923632114482,176.43843827074284,882.0,882.0,4223.4399005903315,337.8692314004075,4209.903677802067,17281.488648930677,-13058.048748340345,-28.77701693380294,-13067.695126768613,0.005668934240362812,0.0,12.09156804251855,6.209245054187736,12.06463046492772,6.159093007835567,2.429234761882487,0.25824604900117265,150000.0,2900.0
29,28,8,known,3,280.0,10000.0,150.0,2740.884059915081,233.04870423821885,2730.9583906294624,1751.566093155007,175.2726115731912,1742.7745953859346,1.0,1.0,63.0,1502.6183677854199,154.30193500928755,245.99157565199354,882.0,882.0,5079.298345947544,343.2831468286425,5067.6847147636245,15546.811940664953,-10467.51359471741,2.4497748085070157,-10475.39072515237,0.007936507936507936,0.0011337868480725624,11.592106267658545,6.212654839941111,11.569410199057236,6.162074354555379,2.919903278531226,0.3134403160001966,150000.0,2900.0
29,29,8,known,3,280.0,10000.0,150.0,4651.111747339699,259.91556686709527,4643.843708001111,1485.0412195347512,149.37497905738218,1477.5095733526969,1.0,1.0,82.0,3734.7773931743236,66.10679429501947,205.08500970683068,882.0,882.0,4525.333906407524,433.811016264871,4504.492753534944,15306.273383686457,-10780.939477278933,106.69712966723256,-10798.284817917352,0.006802721088435374,0.0011337868480725624,11.102147301950778,5.0031383857424725,11.077910300816832,4.929081010761918,3.2303537424939432,0.2890961019984388,150000.0,2900.0
29,30,8,known,3,280.0,10000.0,150.0,3059.390428358988,201.23384335479153,3052.7650963386045,2241.8586095630717,119.10308486131296,2238.692582836819,1.0,1.0,33.0,2700.8805186750856,93.3162410088784,203.90078411979357,882.0,882.0,3632.252537302553,360.1075795925532,3614.3576228509573,18608.865853907093,-14976.61331660454,20.99925554934913,-14991.418198470607,0.018140589569160998,0.005668934240362812,11.598591177918616,6.481361137671154,11.573293824883322,6.440049872215485,2.001482437842895,0.2411081570025999,150000.0,2900.0
29,31,8,known,3,280.0,10000.0,150.0,2329.748754781823,250.14096738101676,2316.281234402495,1856.3413426093844,214.05006291305043,1843.9592595412,1.0,1.0,91.0,1374.774067152319,190.99005410436982,202.64177926574914,882.0,882.0,4826.393742784113,329.86201402557117,4815.108265874053,16693.13772075698,-11866.743977972867,-2.2911786083681704,-11874.724603893777,0.006802721088435374,0.0011337868480725624,12.190920192681677,7.756517385694936,12.168688134368278,7.723284984338473,2.222275752483074,0.3474242720003531,150000.0,2900.0
29,32,8,known,3,280.0,10000.0,150.0,6913.025653352043,509.98967708520695,6894.188437602354,2272.0437532640126,254.66330668905414,2257.7266036817255,1.0,1.0,83.0,3307.053373622454,82.81635986475531,266.5775187686719,882.0,882.0,4959.637843829539,489.1061928740811,4935.461748817262,15270.658687269295,-10311.020843439757,167.76953594365352,-10331.815660596181,0.011337868480725623,0.0011337868480725624,13.434065520949648,6.106353610254033,13.406816815052002,6.041824947351935,2.9007478816239605,0.3314787780000188,150000.0,2900.0
29,33,8,known,3,280.0,10000.0,150.0,5811.22159037604,469.54684360298677,5792.220829191089,2107.8981770128275,149.82992320094513,2102.566460012049,1.0,1.0,130.0,1925.1031738304575,138.30498763254533,253.89449008790703,882.0,882.0,7368.176696011546,507.1693905128147,7350.70112526516,15553.853972309887,-8185.677276298342,170.91364247926498,-8199.517698399493,0.003401360544217687,0.0,12.584046809277003,4.051944684276341,12.558590741371658,3.9727619313419984,6.494391908553295,0.34852108799896087,150000.0,2900.0
29,34,8,known,3,280.0,10000.0,150.0,1777.1755502642752,248.3312339936536,1759.7399054065684,1262.3652319209891,211.68366883933595,1244.4902583426078,1.0,1.0,57.0,1068.9370370408901,240.56827043469218,226.00047701208211,882.0,882.0,6734.597007466696,333.56683764066304,6726.331096356005,14759.758733822719,-8025.161726356023,25.723052681822196,-8030.216944589012,0.007936507936507936,0.003401360544217687,13.66431264311451,8.886616589843172,13.642598401875375,8.8472039487174,2.706556756034006,0.2655666739992739,150000.0,2900.0
29,35,8,known,3,280.0,10000.0,150.0,5667.903405874817,510.34552351929057,5644.880553647807,2534.672332445635,195.1346549475291,2527.1498371295493,1.0,1.0,42.0,2864.5625845883774,82.13679437468316,147.1614217657104,882.0,882.0,4900.726845865941,410.10924902284023,4883.537040061952,16779.230595575085,-11878.503749709143,89.68999687398741,-11892.633884268047,0.0045351473922902496,0.0022675736961451248,14.06725091843309,7.115261256048095,14.046678225917251,7.0648426170171525,2.4598669322528584,0.2501630680017115,150000.0,2900.0
29,36,8,known,3,280.0,10000.0,150.0,3212.605534798296,183.59764280972564,3207.355020538163,1603.9785924617213,142.01414645636314,1597.6793505837634,1.0,1.0,50.0,2146.4433337550686,132.88067608802334,186.41374378918687,882.0,882.0,5915.589263351181,413.8201780184378,5901.097287195032,18041.358804828444,-12125.769541477262,77.51433451165667,-12137.12673581189,0.006802721088435374,0.0,14.939142527374859,8.586110011090888,14.919397543345616,8.542527070671346,2.4606142344645137,0.2604224240021722,150000.0,2900.0
29,37,8,known,3,280.0,10000.0,150.0,1314.1250419356402,279.713573354043,1284.0112704816343,858.0202894237844,152.85417685543243,844.2952195060227,1.0,1.0,289.0,958.1670452021581,252.9281611065239,253.45821435667213,882.0,882.0,9743.785489741527,328.7262684658989,9738.23878894526,16338.432770926185,-6594.647281184658,9.828621353474318,-6597.081523210874,0.0022675736961451248,0.0,14.140336041707448,9.681412533550436,14.121962227834981,9.655443467412443,3.5944376681955323,0.491471201999957,150000.0,2900.0
29,38,8,known,3,280.0,10000.0,150.0,4790.244199739572,404.7844100396,4773.11104778922,1901.4142703276207,233.17999146334432,1887.0620866804231,1.0,1.0,71.0,1786.539943298157,133.5752734695032,201.16209719414834,882.0,882.0,7019.8210346941805,508.0433143401747,7001.412668161271,16584.243187498018,-9564.422152803836,187.09388805087775,-9579.7246139385,0.0045351473922902496,0.0011337868480725624,11.994796087513386,5.296442277395291,11.97116968591149,5.233220458094846,4.7335150836292135,0.28028905499741086,150000.0,2900.0
29,39,8,known,3,280.0,10000.0,150.0,4875.631595804356,317.18293071483777,4865.303530764435,1750.6321719070297,128.711179494232,1745.894164486819,1.0,1.0,29.0,2174.9073360038697,110.16977275186912,172.09999132173974,882.0,882.0,6402.408174762174,530.7737749065072,6380.369083065102,16664.70653036149,-10262.298355599316,185.7639141769239,-10280.76569038512,0.0045351473922902496,0.0011337868480725624,12.062576255602078,4.616023695604307,12.041368275317119,4.547491042581285,4.9535585146730945,0.2849083500004781,150000.0,2900.0
