condition_id,trial_id,n_anchors,gauge,dof,sigma_r_mm,sigma_deploy_mm,sigma_v_mm,rmse_anchor_abs_mm,rmse_anchor_abs_h_mm,rmse_anchor_abs_v_mm,rmse_anchor_shape_mm,rmse_anchor_shape_h_mm,rmse_anchor_shape_v_mm,converged,rigidity_ok,iterations,rigidity_min_singular,rigidity_cond,rms_residual_mm,compute_time_s,r_max_mm,known_z_max_mm
0,0,5,known,3,100.0,300.0,150.0,231.11679325430796,231.0807536539159,4.081349641081273,180.46966790209876,180.44822445374712,2.7819640874600156,1.0,0.0,1.0,0.0,inf,0.0,0.003050314000574872,23000.0,2900.0
0,1,5,known,3,100.0,300.0,150.0,158.09209115839244,157.73810928473875,10.573465189296902,133.3749917979712,133.21259164880095,6.579807240237961,1.0,0.0,1.0,0.0,inf,0.0,0.0017166340003313962,23000.0,2900.0
0,2,5,known,3,100.0,300.0,150.0,346.04236478176983,344.7949786882437,29.355423606771755,268.9657321229424,268.341689648696,18.311271198726985,1.0,0.0,1.0,0.0,inf,0.0,0.0011362010009179357,23000.0,2900.0
0,3,5,known,3,100.0,300.0,150.0,95.98445898357184,76.44560957520046,58.04382088599098,75.15099717014517,65.94054088826712,36.04882027237423,1.0,0.0,1.0,0.0,inf,0.0,0.0009531020004942548,23000.0,2900.0
0,4,5,known,3,100.0,300.0,150.0,346.7761399093987,346.66982427043075,8.586276886493488,273.31907598560764,273.26131871128564,5.618629174057167,1.0,0.0,1.0,0.0,inf,0.0,0.0009994410029321443,23000.0,2900.0
0,5,5,known,3,100.0,300.0,150.0,107.80038063373897,81.91480505945269,70.07771954659245,80.25661221116707,67.43062458292293,43.52280634300321,1.0,0.0,1.0,0.0,inf,0.0,0.0009565690015733708,23000.0,2900.0
0,6,5,known,3,100.0,300.0,150.0,354.8250171758562,351.3436871028238,49.58231889332762,277.3890939029579,275.6683807962731,30.84887753978993,1.0,0.0,1.0,0.0,inf,0.0,0.0017766650016710628,23000.0,2900.0
0,7,5,known,3,100.0,300.0,150.0,151.46754764119518,139.16591745432063,59.79352312362058,128.9992613730756,123.53776846076623,37.13797515392011,1.0,0.0,1.0,0.0,inf,0.0,0.0015216780011542141,23000.0,2900.0
0,8,5,known,3,100.0,300.0,150.0,409.6278157360053,404.4281847715446,65.05990152962214,324.3071701249972,321.7760657012227,40.438893856364096,1.0,0.0,1.0,0.0,inf,0.0,0.0011401720003050286,23000.0,2900.0
0,9,5,known,3,100.0,300.0,150.0,168.82539856857366,166.47009104762893,28.102028190717625,149.47164681102055,148.44834179625738,17.460326982620167,1.0,0.0,1.0,0.0,inf,0.0,0.0009534250020806212,23000.0,2900.0
0,10,5,known,3,100.0,300.0,150.0,138.0733624816727,137.0138538526229,17.072119945907954,122.84262575288902,122.38347421274825,10.611123478780952,1.0,0.0,1.0,0.0,inf,0.0,0.001108321001083823,23000.0,2900.0
0,11,5,known,3,100.0,300.0,150.0,185.25052081219533,158.97746615200634,95.09953058284412,137.675704591828,124.36143673979781,59.06634140413272,1.0,0.0,1.0,0.0,inf,0.0,0.0008675780009070877,23000.0,2900.0
0,12,5,known,3,100.0,300.0,150.0,284.86556462534105,274.47296455457877,76.24291205046758,224.3928492545986,219.33788980885436,47.36075264177994,1.0,0.0,1.0,0.0,inf,0.0,0.0009597440002835356,23000.0,2900.0
0,13,5,known,3,100.0,300.0,150.0,245.96881104044698,241.68733398243302,45.693419625970115,205.098464282632,203.12176909716723,28.406460003512358,1.0,0.0,1.0,0.0,inf,0.0,0.0012425489985616878,23000.0,2900.0
0,14,5,known,3,100.0,300.0,150.0,254.04826574890288,236.53698165397,92.68644798488428,209.9213994083356,201.87423420588252,57.56550610689049,1.0,0.0,1.0,0.0,inf,0.0,0.0009937329996319022,23000.0,2900.0
0,15,5,known,3,100.0,300.0,150.0,245.97123785072782,213.66272444809508,121.86094547161825,198.96095826816386,184.00414965195185,75.683127748846,1.0,0.0,1.0,0.0,inf,0.0,0.000857426999573363,23000.0,2900.0
0,16,5,known,3,100.0,300.0,150.0,117.2915289578634,88.47451076075751,77.00366037350375,89.76995436786422,75.96999567812921,47.82472649031518,1.0,0.0,1.0,0.0,inf,0.0,0.0009989979989768472,23000.0,2900.0
0,17,5,known,3,100.0,300.0,150.0,364.7006715041188,349.6140726274661,103.81030785231324,279.2926467277065,271.742894326404,64.4994720852527,1.0,0.0,1.0,0.0,inf,0.0,0.0009076950009330176,23000.0,2900.0
0,18,5,known,3,100.0,300.0,150.0,100.9883700449471,97.43364531325544,26.558155909360632,77.62301694935805,75.84912165803713,16.499803151086656,1.0,0.0,1.0,0.0,inf,0.0,0.0009478630017838441,23000.0,2900.0
0,19,5,known,3,100.0,300.0,150.0,65.81238165746025,5.296767481713417,65.59888591791687,40.970891359857276,4.334376702182339,40.7409759017234,1.0,0.0,1.0,0.0,inf,0.0,0.0008527980025974102,23000.0,2900.0
0,20,5,known,3,100.0,300.0,150.0,193.3611323452849,189.46494095448563,38.62076709445397,151.95727448143623,150.04894534989145,24.006817098729172,1.0,0.0,1.0,0.0,inf,0.0,0.0010964309985865839,23000.0,2900.0
0,21,5,known,3,100.0,300.0,150.0,277.83291686240267,268.64890223308265,70.84417422223483,217.80995617711665,213.3168637149664,44.01241489270861,1.0,0.0,1.0,0.0,inf,0.0,0.0018971019999298733,23000.0,2900.0
0,22,5,known,3,100.0,300.0,150.0,234.59695614478406,208.9613348563764,106.63438642126214,195.49663076933786,183.93745267767298,66.22647616030636,1.0,0.0,1.0,0.0,inf,0.0,0.0009895900002447888,23000.0,2900.0
0,23,5,known,3,100.0,300.0,150.0,189.07380544560255,185.47074933632447,36.73561005759752,146.0944803718983,144.2990834963778,22.833565145206034,1.0,0.0,1.0,0.0,inf,0.0,0.0010063150002679322,23000.0,2900.0
0,24,5,known,3,100.0,300.0,150.0,307.60754493119936,304.76639315467355,41.711476862978365,251.35359030334135,250.00977676496052,25.956480507082752,1.0,0.0,1.0,0.0,inf,0.0,0.0009366539998154622,23000.0,2900.0
0,25,5,known,3,100.0,300.0,150.0,26.66149917181676,21.822868600515193,15.316590486574807,21.734803791851633,19.54249632614092,9.512756341516202,1.0,0.0,1.0,0.0,inf,0.0,0.0009657959999458399,23000.0,2900.0
0,26,5,known,3,100.0,300.0,150.0,231.33822546986886,225.796765185857,50.33085927292366,197.26530322211383,194.76969484304126,31.27883990913175,1.0,0.0,1.0,0.0,inf,0.0,0.0008764260019233916,23000.0,2900.0
0,27,5,known,3,100.0,300.0,150.0,58.21322105311565,33.31377611247183,47.7385737795654,39.74753360016238,26.473096464050336,29.648635565589235,1.0,0.0,1.0,0.0,inf,0.0,0.0009580730002198834,23000.0,2900.0
0,28,5,known,3,100.0,300.0,150.0,49.81649281603861,47.48062075735691,15.075596471996537,38.76192677340868,37.61341588541644,9.365784143241799,1.0,0.0,1.0,0.0,inf,0.0,0.0012002399998891633,23000.0,2900.0
0,29,5,known,3,100.0,300.0,150.0,128.77758325525878,57.35348197389257,115.30066805762874,84.56215747349192,44.975471538638566,71.60981382777612,1.0,0.0,1.0,0.0,inf,0.0,0.0009266189990739804,23000.0,2900.0
0,30,5,known,3,100.0,300.0,150.0,143.59000695566715,139.6335302153008,33.47487620800437,113.6081488382471,111.68725977086847,20.80306437349692,1.0,0.0,1.0,0.0,inf,0.0,0.000966663003055146,23000.0,2900.0
0,31,5,known,3,100.0,300.0,150.0,320.33660574925125,319.84252848047026,17.784767588326734,265.9698876127517,265.7354847002379,11.163927976718655,1.0,0.0,1.0,0.0,inf,0.0,0.0011245859968767036,23000.0,2900.0
0,32,5,known,3,100.0,300.0,150.0,156.4887621077187,154.1298282271657,27.068962238522836,127.77742867121124,126.66582329367004,16.817862146040806,1.0,0.0,1.0,0.0,inf,0.0,0.0011306119995424524,23000.0,2900.0
0,33,5,known,3,100.0,300.0,150.0,244.08180566084928,243.87388932404394,10.072435684805974,203.58853018684846,203.49116808899876,6.295564582796416,1.0,0.0,1.0,0.0,inf,0.0,0.0010445469997648615,23000.0,2900.0
0,34,5,known,3,100.0,300.0,150.0,112.198506666421,111.70043022203956,10.560245564672634,87.72082702772225,87.47400361138891,6.575879152043969,1.0,0.0,1.0,0.0,inf,0.0,0.0020244799998181406,23000.0,2900.0
0,35,5,known,3,100.0,300.0,150.0,78.11076588854364,77.80266941428327,6.930828212170854,66.18163746354193,66.04045160798351,4.320635227519814,1.0,0.0,1.0,0.0,inf,0.0,0.0014451409988396335,23000.0,2900.0
0,36,5,known,3,100.0,300.0,150.0,143.84098707961135,134.58759785138454,50.75833004178642,120.76260591346768,116.57521741561517,31.52500073772486,1.0,0.0,1.0,0.0,inf,0.0,0.0011398429996916093,23000.0,2900.0
0,37,5,known,3,100.0,300.0,150.0,227.31641006698774,216.70087733112564,68.65478897836165,173.8928965467275,168.58177637836357,42.6488469073467,1.0,0.0,1.0,0.0,inf,0.0,0.0011647780011116993,23000.0,2900.0
0,38,5,known,3,100.0,300.0,150.0,295.90730633147416,294.59997290758565,27.78470628239008,262.07509307311,261.5050198495306,17.276544873784477,1.0,0.0,1.0,0.0,inf,0.0,0.000912255000002915,23000.0,2900.0
0,39,5,known,3,100.0,300.0,150.0,162.2809898404683,146.8299640219063,69.1091985840371,137.90313697180846,131.05340407474125,42.92179477943529,1.0,0.0,1.0,0.0,inf,0.0,0.0009389999977429397,23000.0,2900.0
0,40,5,known,3,100.0,300.0,150.0,110.52885169183863,43.331830851659376,101.68077247621419,73.57368657804876,37.75247158392811,63.14933290217444,1.0,0.0,1.0,0.0,inf,0.0,0.0017527849995531142,23000.0,2900.0
0,41,5,known,3,100.0,300.0,150.0,269.4174874956866,263.5397230089289,55.96960751037562,226.22476230068582,223.53688497212755,34.76929874126899,1.0,0.0,1.0,0.0,inf,0.0,0.0012910159966850188,23000.0,2900.0
0,42,5,known,3,100.0,300.0,150.0,76.38115073499083,71.80665067841265,26.036226799400257,61.773900070752084,59.61883087616919,16.17435423471367,1.0,0.0,1.0,0.0,inf,0.0,0.0010466029998497106,23000.0,2900.0
0,43,5,known,3,100.0,300.0,150.0,251.96454509428804,251.8659553839133,7.047872240619707,200.41943695183602,200.36749805015515,4.562502954743891,1.0,0.0,1.0,0.0,inf,0.0,0.0009871270012808964,23000.0,2900.0
0,44,5,known,3,100.0,300.0,150.0,239.93205290166742,239.86401399969253,5.71356259822518,186.96725136988647,186.92984813992476,3.7396469345358994,1.0,0.0,1.0,0.0,inf,0.0,0.0009620640012144577,23000.0,2900.0
0,45,5,known,3,100.0,300.0,150.0,80.42444804285788,78.54165182827508,17.300311300215377,64.92793468254736,64.03224801577,10.747460918191587,1.0,0.0,1.0,0.0,inf,0.0,0.0012523449986474589,23000.0,2900.0
0,46,5,known,3,100.0,300.0,150.0,348.3263047463122,347.9440613565633,16.31394326706017,283.8904452166579,283.7038403711124,10.291542352563024,1.0,0.0,1.0,0.0,inf,0.0,0.0011317419994156808,23000.0,2900.0
0,47,5,known,3,100.0,300.0,150.0,98.80045699200946,67.29140928191953,72.34221823170137,71.02608483839664,55.009387583482926,44.92963393086206,1.0,0.0,1.0,0.0,inf,0.0,0.0019140639997203834,23000.0,2900.0
0,48,5,known,3,100.0,300.0,150.0,242.78593834604362,242.7233124753709,5.514112762025748,194.30971424314157,194.27557298621085,3.6423605163134725,1.0,0.0,1.0,0.0,inf,0.0,0.0009805539993976709,23000.0,2900.0
0,49,5,known,3,100.0,300.0,150.0,87.45412891056391,82.53919411464811,28.90512235590726,66.73565361074745,64.27472592614183,17.955697423743285,1.0,0.0,1.0,0.0,inf,0.0,0.0010254609987896401,23000.0,2900.0
0,50,5,known,3,100.0,300.0,150.0,422.51078566839925,405.8882329336209,117.34609653563562,333.8633563528763,325.80767838228246,72.89785608887838,1.0,0.0,1.0,0.0,inf,0.0,0.0008616039995104074,23000.0,2900.0
0,51,5,known,3,100.0,300.0,150.0,162.16420967199238,161.17345728184748,17.898255958567393,138.9463694250219,138.50049681012098,11.122318092211401,1.0,0.0,1.0,0.0,inf,0.0,0.0010171600006287917,23000.0,2900.0
0,52,5,known,3,100.0,300.0,150.0,237.1867214967089,234.78777042806752,33.64882927791726,190.02301399517947,188.86865930406708,20.913521475266037,1.0,0.0,1.0,0.0,inf,0.0,0.0008777729999565054,23000.0,2900.0
0,53,5,known,3,100.0,300.0,150.0,347.7392921195595,346.01772547403476,34.559353894247444,274.90541287449,274.0610396436014,21.52980671446421,1.0,0.0,1.0,0.0,inf,0.0,0.0009501749991613906,23000.0,2900.0
0,54,5,known,3,100.0,300.0,150.0,216.302396557827,174.88473568400542,127.28729701504,169.7264030558711,150.18854991278633,79.05979616327436,1.0,0.0,1.0,0.0,inf,0.0,0.0010709989983297419,23000.0,2900.0
0,55,5,known,3,100.0,300.0,150.0,84.22934813850962,68.36407253044698,49.20301489634592,66.30695229265807,58.84466371945552,30.56006338483329,1.0,0.0,1.0,0.0,inf,0.0,0.0009734810009831563,23000.0,2900.0
0,56,5,known,3,100.0,300.0,150.0,173.05323215639362,165.4045756439823,50.8797358071836,145.97159600380417,142.50792188250685,31.61010978511691,1.0,0.0,1.0,0.0,inf,0.0,0.0009427420009160414,23000.0,2900.0
0,57,5,known,3,100.0,300.0,150.0,197.69040900822628,160.0211020816778,116.080768012643,147.9047656898282,129.14431599521987,72.09414234103751,1.0,0.0,1.0,0.0,inf,0.0,0.0009566449989506509,23000.0,2900.0
0,58,5,known,3,100.0,300.0,150.0,125.53648790962063,104.51706005504944,69.53843508543684,101.85302267902723,92.24350587199069,43.18765857624667,1.0,0.0,1.0,0.0,inf,0.0,0.0009686729972600006,23000.0,2900.0
0,59,5,known,3,100.0,300.0,150.0,141.02344335790127,120.75147097747343,72.84705782181993,111.72989314617102,102.15940824246597,45.24405297941344,1.0,0.0,1.0,0.0,inf,0.0,0.0008624430010968354,23000.0,2900.0
0,60,5,known,3,100.0,300.0,150.0,189.00274505529288,188.11541612654216,18.292836138060395,156.5940521739533,156.18035296830485,11.375171337369673,1.0,0.0,1.0,0.0,inf,0.0,0.0008434410010522697,23000.0,2900.0
0,61,5,known,3,100.0,300.0,150.0,93.59046107060163,91.29119436319547,20.617765037682123,82.27406496165895,81.27107616118687,12.807573732672447,1.0,0.0,1.0,0.0,inf,0.0,0.0009488579999015201,23000.0,2900.0
0,62,5,known,3,100.0,300.0,150.0,177.40647009833748,163.29274024631582,69.34361265179032,138.4835134881121,131.61567995305558,43.069667963741736,1.0,0.0,1.0,0.0,inf,0.0,0.0014211060006346088,23000.0,2900.0
0,63,5,known,3,100.0,300.0,150.0,193.35195848544336,192.9915256810124,11.800460392363966,172.76276347794087,172.606035818665,7.357230695083214,1.0,0.0,1.0,0.0,inf,0.0,0.001481843999499688,23000.0,2900.0
0,64,5,known,3,100.0,300.0,150.0,240.613363151479,228.9215591965239,74.09257899478142,198.12858054854547,192.70945653736658,46.02173172811178,1.0,0.0,1.0,0.0,inf,0.0,0.0009723680013848934,23000.0,2900.0
0,65,5,known,3,100.0,300.0,150.0,133.91196575089572,126.16189995491864,44.89531791884505,102.14879583001597,98.26798531926198,27.888699338900707,1.0,0.0,1.0,0.0,inf,0.0,0.0009535419994790573,23000.0,2900.0
0,66,5,known,3,100.0,300.0,150.0,190.1914235501293,145.04412669532076,123.02430208384199,138.87120824944176,115.96253544472401,76.40617026059445,1.0,0.0,1.0,0.0,inf,0.0,0.0008571149992349092,23000.0,2900.0
0,67,5,known,3,100.0,300.0,150.0,107.47969980231365,78.08754409927279,73.85270019531842,76.87318156095522,61.688825575662776,45.86910553301688,1.0,0.0,1.0,0.0,inf,0.0,0.0009336170005553868,23000.0,2900.0
0,68,5,known,3,100.0,300.0,150.0,160.85383111344981,160.75346963510444,5.681283670948266,132.22634350371308,132.1783231985329,3.563255924868532,1.0,0.0,1.0,0.0,inf,0.0,0.000986260001809569,23000.0,2900.0
0,69,5,known,3,100.0,300.0,150.0,176.51072343238582,158.26224533119384,78.16071384879494,148.88881190092764,140.7527787404945,48.54414059491844,1.0,0.0,1.0,0.0,inf,0.0,0.000985309001407586,23000.0,2900.0
0,70,5,known,3,100.0,300.0,150.0,219.05359863169576,215.35812955134247,40.0668829539218,192.90511304084114,191.29134811949385,24.899854857535203,1.0,0.0,1.0,0.0,inf,0.0,0.0008542569994460791,23000.0,2900.0
0,71,5,known,3,100.0,300.0,150.0,36.776015011511355,34.12323339068691,13.714234323928487,31.518664304555152,30.34579336407172,8.518158524487545,1.0,0.0,1.0,0.0,inf,0.0,0.0009389439983351622,23000.0,2900.0
0,72,5,known,3,100.0,300.0,150.0,97.4586164546266,84.53665372907136,48.49470174710943,74.13269519853966,67.73729723266997,30.12167095319427,1.0,0.0,1.0,0.0,inf,0.0,0.0013302650004334282,23000.0,2900.0
0,73,5,known,3,100.0,300.0,150.0,304.10058692975366,302.5555329140268,30.615624673194105,264.81259833443437,264.12544346642926,19.064688570667816,1.0,0.0,1.0,0.0,inf,0.0,0.0011399150025681593,23000.0,2900.0
0,74,5,known,3,100.0,300.0,150.0,112.66824209446861,110.17450909206192,23.573508923810127,91.44624658243312,90.26484574359695,14.65174518273536,1.0,0.0,1.0,0.0,inf,0.0,0.0009179770022456069,23000.0,2900.0
0,75,5,known,3,100.0,300.0,150.0,198.36467881699383,134.29852325668168,145.98785036174638,150.61957892082611,120.2740244998381,90.66651302933903,1.0,0.0,1.0,0.0,inf,0.0,0.0010136980017705355,23000.0,2900.0
0,76,5,known,3,100.0,300.0,150.0,289.0380188608239,274.535306310503,90.4065370202193,226.34061178784057,219.26291858792376,56.15910502135414,1.0,0.0,1.0,0.0,inf,0.0,0.0013571680028690025,23000.0,2900.0
0,77,5,known,3,100.0,300.0,150.0,108.35604324037479,107.78303021071002,11.128814191419613,86.40681494627553,86.1290375500124,6.9229011164727785,1.0,0.0,1.0,0.0,inf,0.0,0.001227934997586999,23000.0,2900.0
0,78,5,known,3,100.0,300.0,150.0,225.3640168530073,225.09505571105024,11.007088014627131,175.93715976321255,175.80164178091997,6.90412432385715,1.0,0.0,1.0,0.0,inf,0.0,0.0010099210012413096,23000.0,2900.0
0,79,5,known,3,100.0,300.0,150.0,190.1315750251294,148.20662910541034,119.10000382345812,142.3180812250372,121.58563732739732,73.9687031065632,1.0,0.0,1.0,0.0,inf,0.0,0.0009192240031552501,23000.0,2900.0
0,80,5,known,3,100.0,300.0,150.0,285.53752201285226,269.3291737516168,94.83392137580054,217.65662486266658,209.5333672442166,58.90818583106945,1.0,0.0,1.0,0.0,inf,0.0,0.0009404869997524656,23000.0,2900.0
0,81,5,known,3,100.0,300.0,150.0,222.24819234973327,202.66298277799442,91.22485633998213,180.15728830808382,171.01500218919503,56.661429180278006,1.0,0.0,1.0,0.0,inf,0.0,0.000898987000255147,23000.0,2900.0
0,82,5,known,3,100.0,300.0,150.0,310.10286612799814,298.0336086977801,85.67237400339529,246.38815813893385,240.57072398189382,53.2245360141706,1.0,0.0,1.0,0.0,inf,0.0,0.0009521129977656528,23000.0,2900.0
0,83,5,known,3,100.0,300.0,150.0,100.18608931031949,96.63860809048116,26.424078368596042,87.76010580051775,86.21171748820946,16.4126761331365,1.0,0.0,1.0,0.0,inf,0.0,0.0009301110003434587,23000.0,2900.0
0,84,5,known,3,100.0,300.0,150.0,76.56750052470382,73.80931633559793,20.365828209826294,66.8503463605019,65.64263144937883,12.649653944677311,1.0,0.0,1.0,0.0,inf,0.0,0.0009766000002855435,23000.0,2900.0
0,85,5,known,3,100.0,300.0,150.0,200.94611839643014,183.5636672521155,81.75403698623533,154.29827396868097,145.70290730527347,50.780115719689114,1.0,0.0,1.0,0.0,inf,0.0,0.0009881579971988685,23000.0,2900.0
0,86,5,known,3,100.0,300.0,150.0,251.6397732013798,250.57141042773839,23.163413675357532,196.18880055933263,195.6575299569308,14.42832062515663,1.0,0.0,1.0,0.0,inf,0.0,0.0009356990012747701,23000.0,2900.0
0,87,5,known,3,100.0,300.0,150.0,173.78398714762187,169.93028268717188,36.394686628444205,152.26191359044876,150.57440088294356,22.6061966940014,1.0,0.0,1.0,0.0,inf,0.0,0.0008473090019833762,23000.0,2900.0
0,88,5,known,3,100.0,300.0,150.0,153.7810032713401,141.459065296793,60.31525356406591,119.56036402956202,113.53931150499591,37.46338732486549,1.0,0.0,1.0,0.0,inf,0.0,0.0009570889997121412,23000.0,2900.0
0,89,5,known,3,100.0,300.0,150.0,209.50915753513638,194.86876090797867,76.94318107065521,168.04523645389386,161.10624687193095,47.79098987974138,1.0,0.0,1.0,0.0,inf,0.0,0.0009474329999648035,23000.0,2900.0
0,90,5,known,3,100.0,300.0,150.0,149.08344014204053,134.10747751272547,65.12339517991376,124.00615856822611,117.2242357724293,40.447569895087,1.0,0.0,1.0,0.0,inf,0.0,0.0009089980012504384,23000.0,2900.0
0,91,5,known,3,100.0,300.0,150.0,179.10813758954927,176.42909735956982,30.862575324887228,153.65188426531952,152.44988514187918,19.18160729738251,1.0,0.0,1.0,0.0,inf,0.0,0.0009226779984601308,23000.0,2900.0
0,92,5,known,3,100.0,300.0,150.0,121.33354444495492,120.75886770517882,11.795120946347655,104.68184222559687,104.42386642444119,7.344672403532957,1.0,0.0,1.0,0.0,inf,0.0,0.0016189430025406182,23000.0,2900.0
0,93,5,known,3,100.0,300.0,150.0,151.26402660574752,131.33729973562944,75.04211779486056,125.86802338978995,116.92005875021108,46.609646790121694,1.0,0.0,1.0,0.0,inf,0.0,0.0018625820011948235,23000.0,2900.0
0,94,5,known,3,100.0,300.0,150.0,23.300037208138658,14.882052493094573,17.928085438591133,16.740856244163208,12.501204781265036,11.134457634057188,1.0,0.0,1.0,0.0,inf,0.0,0.0010175200004596263,23000.0,2900.0
0,95,5,known,3,100.0,300.0,150.0,99.21598442364872,84.57461557823949,51.87432857345448,73.8267615615937,66.42474504906176,32.220241585679545,1.0,0.0,1.0,0.0,inf,0.0,0.0012596679989655968,23000.0,2900.0
0,96,5,known,3,100.0,300.0,150.0,109.26976514861742,107.61839657328578,18.925176211306407,86.2418829864836,85.43551758080983,11.765828349651603,1.0,0.0,1.0,0.0,inf,0.0,0.001146642000094289,23000.0,2900.0
0,97,5,known,3,100.0,300.0,150.0,143.2208961828396,132.92325841653138,53.325720579732796,120.19056706826625,115.53733937102719,33.11941459711353,1.0,0.0,1.0,0.0,inf,0.0,0.0028369120009301696,23000.0,2900.0
0,98,5,known,3,100.0,300.0,150.0,183.21442449015694,142.1958259379068,115.53299280766488,137.5515054368602,117.35250123334374,71.7551886780645,1.0,0.0,1.0,0.0,inf,0.0,0.0012363549976726063,23000.0,2900.0
0,99,5,known,3,100.0,300.0,150.0,292.82265204807385,276.19788971184795,97.2616639338911,246.67751607409826,239.16557669438214,60.412116838682486,1.0,0.0,1.0,0.0,inf,0.0,0.0009934400004567578,23000.0,2900.0
1,0,5,known,3,100.0,300.0,150.0,152.26107509958965,134.67972201456516,71.02680809780436,127.11627820768824,119.21537988131746,44.11622587130004,1.0,0.0,1.0,0.0,inf,0.0,0.001040186998579884,40000.0,2900.0
1,1,5,known,3,100.0,300.0,150.0,60.68939889825549,60.41122571452726,5.804045683832512,54.15655923507651,54.036139793381224,3.6095019618380237,1.0,0.0,1.0,0.0,inf,0.0,0.0008622460009064525,40000.0,2900.0
1,2,5,known,3,100.0,300.0,150.0,322.6740373017639,322.65616194115086,3.396396623767341,271.28405627806626,271.2743978164363,2.28916578928856,1.0,0.0,1.0,0.0,inf,0.0,0.0011415119988669176,40000.0,2900.0
1,3,5,known,3,100.0,300.0,150.0,174.72522586129452,174.52871899228438,8.28437077831607,136.13314435764732,136.0337433658143,5.201313159560457,1.0,0.0,1.0,0.0,inf,0.0,0.0017337479985144455,40000.0,2900.0
1,4,5,known,3,100.0,300.0,150.0,398.4337937890045,396.64449201513986,37.71783380777083,349.530908807037,348.7405646581485,23.492015098517445,1.0,0.0,1.0,0.0,inf,0.0,0.0016122170018206816,40000.0,2900.0
1,5,5,known,3,100.0,300.0,150.0,333.3466747355235,332.7240978263191,20.36370012775003,297.7513729986631,297.480384466416,12.700432288009116,1.0,0.0,1.0,0.0,inf,0.0,0.0013725349999731407,40000.0,2900.0
1,6,5,known,3,100.0,300.0,150.0,180.59086787649233,176.0973386283529,40.03484592696611,156.66158841743473,154.6751215533618,24.868857189796046,1.0,0.0,1.0,0.0,inf,0.0,0.0010168439985136501,40000.0,2900.0
1,7,5,known,3,100.0,300.0,150.0,79.69441149376541,69.77299788318277,38.508804054800024,66.9087205590212,62.48782244849984,23.917544449419278,1.0,0.0,1.0,0.0,inf,0.0,0.0010227769998891745,40000.0,2900.0
1,8,5,known,3,100.0,300.0,150.0,236.22986766089895,232.79323723673468,40.14796472957496,182.55236825708343,180.8385646554022,24.955574320053678,1.0,0.0,1.0,0.0,inf,0.0,0.000977150000835536,40000.0,2900.0
1,9,5,known,3,100.0,300.0,150.0,96.9628093640899,78.25926144755502,57.247483765315586,76.01436925964504,67.18569193186784,35.556534330243984,1.0,0.0,1.0,0.0,inf,0.0,0.0009882960002869368,40000.0,2900.0
1,10,5,known,3,100.0,300.0,150.0,201.15923651536363,200.66401741010026,14.106401110240238,163.69263441506547,163.45497153254672,8.817643848478838,1.0,0.0,1.0,0.0,inf,0.0,0.000860283002111828,40000.0,2900.0
1,11,5,known,3,100.0,300.0,150.0,195.52371567047754,195.4281330966418,6.112952146959115,152.0685860603489,152.0183177384291,3.9097235671798987,1.0,0.0,1.0,0.0,inf,0.0,0.001719468000374036,40000.0,2900.0
1,12,5,known,3,100.0,300.0,150.0,317.92722248059994,315.1671050300664,41.80208967499111,277.57090433778194,276.35273124432234,25.976429098269907,1.0,0.0,1.0,0.0,inf,0.0,0.0012047439995512832,40000.0,2900.0
1,13,5,known,3,100.0,300.0,150.0,81.95340511751283,81.95254896697973,0.3746040175527012,67.1182637909041,67.11735274838942,0.349706096101321,1.0,0.0,1.0,0.0,inf,0.0,0.0011789160016633105,40000.0,2900.0
1,14,5,known,3,100.0,300.0,150.0,134.77214846787797,131.62267813131444,28.965541669165148,116.8680828382229,115.47489643328882,17.991583587971107,1.0,0.0,1.0,0.0,inf,0.0,0.0009039289980137255,40000.0,2900.0
1,15,5,known,3,100.0,300.0,150.0,367.2028497059656,366.57156830308566,21.52250320009717,321.84304713847513,321.56131269500867,13.463623926773199,1.0,0.0,1.0,0.0,inf,0.0,0.0011841310006275307,40000.0,2900.0
1,16,5,known,3,100.0,300.0,150.0,152.92469181580182,115.62502974220286,100.08403401178764,117.669560153525,99.91249058468655,62.15802129965977,1.0,0.0,1.0,0.0,inf,0.0,0.0015637820033589378,40000.0,2900.0
1,17,5,known,3,100.0,300.0,150.0,131.6821508288716,130.7421886717219,15.705697954741495,103.06892109734544,102.60416902355358,9.776860189082566,1.0,0.0,1.0,0.0,inf,0.0,0.0009906390005198773,40000.0,2900.0
1,18,5,known,3,100.0,300.0,150.0,183.30124280721898,181.847457900631,23.04013172161334,146.41981945219018,145.7161462117569,14.33765188606058,1.0,0.0,1.0,0.0,inf,0.0,0.0009951050014933571,40000.0,2900.0
1,19,5,known,3,100.0,300.0,150.0,161.2357239919562,156.83237373976198,37.42412642082512,124.1928420679829,121.99599202022958,23.25596594259253,1.0,0.0,1.0,0.0,inf,0.0,0.0010805140009324532,40000.0,2900.0
1,20,5,known,3,100.0,300.0,150.0,320.4754716075107,319.3964846314556,26.275720867841727,271.8003657217708,271.30614890855446,16.383295483436488,1.0,0.0,1.0,0.0,inf,0.0,0.0008986270004243124,40000.0,2900.0
1,21,5,known,3,100.0,300.0,150.0,128.16903706637163,126.71582910858332,19.245797355403397,104.67328442616864,103.98786349511725,11.95912698663486,1.0,0.0,1.0,0.0,inf,0.0,0.0008379999999306165,40000.0,2900.0
1,22,5,known,3,100.0,300.0,150.0,279.8509088840375,279.8165367085736,4.3859990471224135,229.10819166110142,229.08757723731438,3.0733437421639564,1.0,0.0,1.0,0.0,inf,0.0,0.0012822419994336087,40000.0,2900.0
1,23,5,known,3,100.0,300.0,150.0,176.36853785194333,171.09795240233055,42.794296673297424,150.85461936824595,148.49263956708953,26.59045278171859,1.0,0.0,1.0,0.0,inf,0.0,0.0010141099992324598,40000.0,2900.0
1,24,5,known,3,100.0,300.0,150.0,97.08703912936069,90.55369880076053,35.013151820525266,76.99528429879783,73.85924422108276,21.7505367139102,1.0,0.0,1.0,0.0,inf,0.0,0.0008656039972265717,40000.0,2900.0
1,25,5,known,3,100.0,300.0,150.0,192.11872212402562,188.57420493730405,36.73380762774567,148.9472532694619,147.1865740344506,22.834112212179832,1.0,0.0,1.0,0.0,inf,0.0,0.0010585009986243676,40000.0,2900.0
1,26,5,known,3,100.0,300.0,150.0,238.4792110054332,228.77130669808656,67.35000603878191,208.90421884488146,204.67314345330797,41.831531171255826,1.0,0.0,1.0,0.0,inf,0.0,0.0009391290004714392,40000.0,2900.0
1,27,5,known,3,100.0,300.0,150.0,107.20145122610027,78.61484822989145,72.88248611822382,76.18739518249056,61.281932938798555,45.2663658799509,1.0,0.0,1.0,0.0,inf,0.0,0.0009355649999633897,40000.0,2900.0
1,28,5,known,3,100.0,300.0,150.0,197.17404901529582,186.7768636891106,63.18234560022034,160.21320860057284,155.33127345405154,39.248792302863656,1.0,0.0,1.0,0.0,inf,0.0,0.0008480139986204449,40000.0,2900.0
1,29,5,known,3,100.0,300.0,150.0,179.79910598887307,179.53466277019993,9.74799355706587,149.04236494261116,148.91843507228566,6.076696743126671,1.0,0.0,1.0,0.0,inf,0.0,0.0010517850023461506,40000.0,2900.0
1,30,5,known,3,100.0,300.0,150.0,148.37119446581974,137.47021728830092,55.82070141015276,124.62143028273206,119.70201193844115,34.66885091264409,1.0,0.0,1.0,0.0,inf,0.0,0.002047223999397829,40000.0,2900.0
1,31,5,known,3,100.0,300.0,150.0,207.22125709396082,196.61024646032163,65.46037258076815,178.83842436647836,174.1538026280752,40.66491190284362,1.0,0.0,1.0,0.0,inf,0.0,0.0010665509980753995,40000.0,2900.0
1,32,5,known,3,100.0,300.0,150.0,221.86249002018033,204.27178478464515,86.57945725661624,169.43609333881955,160.67501464944496,53.77852167289296,1.0,0.0,1.0,0.0,inf,0.0,0.0010336510022170842,40000.0,2900.0
1,33,5,known,3,100.0,300.0,150.0,228.1842167173437,214.20260446535667,78.6465574527305,178.48144195098632,171.66513951237826,48.85391485949724,1.0,0.0,1.0,0.0,inf,0.0,0.0009318820011685602,40000.0,2900.0
1,34,5,known,3,100.0,300.0,150.0,125.57726336939847,123.9258382400565,20.298662316680215,100.1472424193727,99.34954575050259,12.614988044916867,1.0,0.0,1.0,0.0,inf,0.0,0.0009472679994360078,40000.0,2900.0
1,35,5,known,3,100.0,300.0,150.0,163.80126395921778,163.78406546617046,2.3735993786909653,146.28734192415226,146.27883023128763,1.578047337683561,1.0,0.0,1.0,0.0,inf,0.0,0.000861431999510387,40000.0,2900.0
1,36,5,known,3,100.0,300.0,150.0,282.80536714941354,253.60475140968998,125.15392822817805,216.12615567139267,201.65955043897353,77.74278668819471,1.0,0.0,1.0,0.0,inf,0.0,0.001177258000097936,40000.0,2900.0
1,37,5,known,3,100.0,300.0,150.0,34.695827173340106,21.9676276488009,26.855609446183195,25.448267548842257,19.22047262501555,16.67896139777552,1.0,0.0,1.0,0.0,inf,0.0,0.0011078850002377294,40000.0,2900.0
1,38,5,known,3,100.0,300.0,150.0,282.5799428441377,281.7805826071176,21.239759023810052,239.75931455739274,239.39493378869045,13.213424739230977,1.0,0.0,1.0,0.0,inf,0.0,0.0013322490012797061,40000.0,2900.0
1,39,5,known,3,100.0,300.0,150.0,264.02942814120775,262.7227456462813,26.23543109332497,207.4407736070034,206.79592450491864,16.343811147588166,1.0,0.0,1.0,0.0,inf,0.0,0.0009541309991618618,40000.0,2900.0
1,40,5,known,3,100.0,300.0,150.0,178.98804888292304,132.71182661130632,120.10117701507434,127.59298265445643,103.51654619685719,74.59419472140142,1.0,0.0,1.0,0.0,inf,0.0,0.0009489420008321758,40000.0,2900.0
1,41,5,known,3,100.0,300.0,150.0,143.0971646632268,119.47664045397934,78.75360893625887,105.3662114554666,93.32518327031595,48.91266384117761,1.0,0.0,1.0,0.0,inf,0.0,0.0010021159978350624,40000.0,2900.0
1,42,5,known,3,100.0,300.0,150.0,91.79423772376607,66.99662863595883,62.75056836955902,71.03763584779757,59.39263069302347,38.972568894113486,1.0,0.0,1.0,0.0,inf,0.0,0.0009137470005953219,40000.0,2900.0
1,43,5,known,3,100.0,300.0,150.0,164.2964559009625,163.61735992435837,14.922632240992051,145.3091587346495,145.01277061875842,9.27620448475142,1.0,0.0,1.0,0.0,inf,0.0,0.0013483250004355796,40000.0,2900.0
1,44,5,known,3,100.0,300.0,150.0,207.3045861229967,202.85748631387543,42.70868382475397,160.36981509938823,158.1583130209684,26.541017640123542,1.0,0.0,1.0,0.0,inf,0.0,0.0019444190002104733,40000.0,2900.0
1,45,5,known,3,100.0,300.0,150.0,259.4963959571621,258.54572021844774,22.19211732756525,201.43005104517525,200.9543529176976,13.835227048781816,1.0,0.0,1.0,0.0,inf,0.0,0.0010975840013998095,40000.0,2900.0
1,46,5,known,3,100.0,300.0,150.0,63.36689666937823,61.54639153135815,15.079962963363764,55.85942103035277,55.06836544167601,9.367499422377445,1.0,0.0,1.0,0.0,inf,0.0,0.0010666590023902245,40000.0,2900.0
1,47,5,known,3,100.0,300.0,150.0,281.06020957787655,276.2279700484285,51.89364094842819,240.05489687442204,237.88085419144596,32.23434073371812,1.0,0.0,1.0,0.0,inf,0.0,0.000931321999814827,40000.0,2900.0
1,48,5,known,3,100.0,300.0,150.0,188.01294556826016,185.375346501142,31.382297730330468,166.64342244156583,165.4982890566019,19.50247580117994,1.0,0.0,1.0,0.0,inf,0.0,0.0008700720027263742,40000.0,2900.0
1,49,5,known,3,100.0,300.0,150.0,143.24192654068386,132.6270396143304,54.11393427043998,108.7402288640722,103.4145769164252,33.61342967635964,1.0,0.0,1.0,0.0,inf,0.0,0.0010334090002288576,40000.0,2900.0
1,50,5,known,3,100.0,300.0,150.0,216.40460734695833,216.17157137869364,10.040209592312914,185.18094138442154,185.07509091452212,6.260333457727114,1.0,0.0,1.0,0.0,inf,0.0,0.0009492379977018572,40000.0,2900.0
1,51,5,known,3,100.0,300.0,150.0,162.81276729692496,156.91197957529297,43.4353296366619,141.75682716382798,139.16606234815424,26.977863852889513,1.0,0.0,1.0,0.0,inf,0.0,0.000906991001102142,40000.0,2900.0
1,52,5,known,3,100.0,300.0,150.0,161.8903919040762,146.0273218850578,69.8893429210284,135.06878158855432,127.903409173912,43.408451728982875,1.0,0.0,1.0,0.0,inf,0.0,0.0009278359975724015,40000.0,2900.0
1,53,5,known,3,100.0,300.0,150.0,181.26805321649798,165.44076422286372,74.0773963517479,153.67135629638088,146.6220705359431,46.00928360366168,1.0,0.0,1.0,0.0,inf,0.0,0.0009771360018930864,40000.0,2900.0
1,54,5,known,3,100.0,300.0,150.0,139.41120928100392,132.26301629624672,44.067899807123226,120.82374013301117,117.68183617116085,27.374470133930863,1.0,0.0,1.0,0.0,inf,0.0,0.0009343650017399341,40000.0,2900.0
1,55,5,known,3,100.0,300.0,150.0,371.6356153556259,371.5814671343758,6.343806666309061,326.0603810972524,326.0327457241745,4.245095622156072,1.0,0.0,1.0,0.0,inf,0.0,0.0008889130003808532,40000.0,2900.0
1,56,5,known,3,100.0,300.0,150.0,125.4707323163009,113.1878733553658,54.14249710974278,104.11331698130074,98.53276811721011,33.628505467964345,1.0,0.0,1.0,0.0,inf,0.0,0.0008939719991758466,40000.0,2900.0
1,57,5,known,3,100.0,300.0,150.0,170.34107674013845,165.22472823115723,41.43514940156454,142.16290993245624,139.8138415726246,25.736795938280746,1.0,0.0,1.0,0.0,inf,0.0,0.0038185769990377594,40000.0,2900.0
1,58,5,known,3,100.0,300.0,150.0,238.973019130415,228.61923463036666,69.57980618923169,189.36274192567663,184.36172338547803,43.231967107071355,1.0,0.0,1.0,0.0,inf,0.0,0.0011525240006449167,40000.0,2900.0
1,59,5,known,3,100.0,300.0,150.0,317.5925064635556,316.03683525117725,31.396161010923628,281.3781153508712,280.70074724720195,19.512413824809975,1.0,0.0,1.0,0.0,inf,0.0,0.0010054690028482582,40000.0,2900.0
1,60,5,known,3,100.0,300.0,150.0,175.0370661493764,154.68466009673398,81.9184378326335,131.26358049694008,121.00113484153904,50.88077173094329,1.0,0.0,1.0,0.0,inf,0.0,0.0008696910008438863,40000.0,2900.0
1,61,5,known,3,100.0,300.0,150.0,77.58387043624145,72.71505560172321,27.05138888681693,66.78975162874383,64.64198346552209,16.801336145451554,1.0,0.0,1.0,0.0,inf,0.0,0.000925142001506174,40000.0,2900.0
1,62,5,known,3,100.0,300.0,150.0,138.94317640409105,136.42183527170806,26.349366792340792,113.04963292091502,111.8566721541065,16.379999943906203,1.0,0.0,1.0,0.0,inf,0.0,0.0009631410030124243,40000.0,2900.0
1,63,5,known,3,100.0,300.0,150.0,104.9986593867268,104.25231920539754,12.496896146874716,81.4884122901732,81.11664304200788,7.775060074927165,1.0,0.0,1.0,0.0,inf,0.0,0.001515700998425018,40000.0,2900.0
1,64,5,known,3,100.0,300.0,150.0,207.16790703424854,199.9619482322207,54.16420371542206,181.62343156935154,178.48016670099565,33.64373625820612,1.0,0.0,1.0,0.0,inf,0.0,0.001016545000311453,40000.0,2900.0
1,65,5,known,3,100.0,300.0,150.0,176.82394552953286,115.43683664053763,133.94418411807595,128.5681107105323,98.02585069213701,83.19069471857145,1.0,0.0,1.0,0.0,inf,0.0,0.0009723549992486369,40000.0,2900.0
1,66,5,known,3,100.0,300.0,150.0,124.10968562008628,122.44043805192213,20.286773877826683,100.59449308922964,99.80031750779322,12.615413795144816,1.0,0.0,1.0,0.0,inf,0.0,0.0009644279998610727,40000.0,2900.0
1,67,5,known,3,100.0,300.0,150.0,109.32707117561192,99.56576928463952,45.156019295275044,86.53358008057047,81.86257791483538,28.046012527594876,1.0,0.0,1.0,0.0,inf,0.0,0.0009400789967912715,40000.0,2900.0
1,68,5,known,3,100.0,300.0,150.0,339.0484774183783,338.88737247146753,10.450780789272907,288.44714441466243,288.36989225402385,6.675354850178749,1.0,0.0,1.0,0.0,inf,0.0,0.0009279279984184541,40000.0,2900.0
1,69,5,known,3,100.0,300.0,150.0,239.7865780195595,226.456883136276,78.83452973496655,194.4512322742159,188.18549482788123,48.96428565134538,1.0,0.0,1.0,0.0,inf,0.0,0.0009599010008969344,40000.0,2900.0
1,70,5,known,3,100.0,300.0,150.0,142.66718677544182,142.6168878560692,3.788070837270202,117.61098564591958,117.58525941098465,2.4598198828665763,1.0,0.0,1.0,0.0,inf,0.0,0.0009306520005338825,40000.0,2900.0
1,71,5,known,3,100.0,300.0,150.0,121.91867171061172,87.5606758266216,84.83684671453317,89.33996522771726,72.1491912199487,52.688932359623735,1.0,0.0,1.0,0.0,inf,0.0,0.0020105630028410815,40000.0,2900.0
1,72,5,known,3,100.0,300.0,150.0,227.70466140198033,215.91869086322666,72.30858704262498,174.2688771098805,168.3808995653532,44.91674732993342,1.0,0.0,1.0,0.0,inf,0.0,0.0015558270024484955,40000.0,2900.0
1,73,5,known,3,100.0,300.0,150.0,34.971038440186916,27.507231564512665,21.59457666270189,27.683546084328672,24.217655374179497,13.412080076581121,1.0,0.0,1.0,0.0,inf,0.0,0.002184306998969987,40000.0,2900.0
1,74,5,known,3,100.0,300.0,150.0,242.57981515934205,241.0191277939522,27.47265477130112,209.30549755822489,208.60794058140178,17.07391093107911,1.0,0.0,1.0,0.0,inf,0.0,0.0011332509966450743,40000.0,2900.0
1,75,5,known,3,100.0,300.0,150.0,257.8511429578451,220.63162755786132,133.44997881542082,202.4600220808156,184.7180946964612,82.88115607708144,1.0,0.0,1.0,0.0,inf,0.0,0.0011056779985665344,40000.0,2900.0
1,76,5,known,3,100.0,300.0,150.0,154.6346822855907,152.6514334171591,24.686531575987438,131.8853608643352,130.9890812366508,15.34956048536939,1.0,0.0,1.0,0.0,inf,0.0,0.0009345859980385285,40000.0,2900.0
1,77,5,known,3,100.0,300.0,150.0,181.4105373842523,173.0341057477721,54.48835951019296,146.78642931290074,142.83118584889107,33.84535683710172,1.0,0.0,1.0,0.0,inf,0.0,0.0010999500009347685,40000.0,2900.0
1,78,5,known,3,100.0,300.0,150.0,274.63669863427464,222.90577916030085,160.43169840674437,216.8314651798014,192.58255838487628,99.63855929285181,1.0,0.0,1.0,0.0,inf,0.0,0.0010195699978794437,40000.0,2900.0
1,79,5,known,3,100.0,300.0,150.0,135.08069183009198,130.84058739848336,33.57877297514186,114.64164828415332,112.72850881007011,20.856433606095298,1.0,0.0,1.0,0.0,inf,0.0,0.0009334899987152312,40000.0,2900.0
1,80,5,known,3,100.0,300.0,150.0,112.91966732655143,35.13682005887657,107.3138161901308,73.44815929575745,30.866038944388283,66.64772872212878,1.0,0.0,1.0,0.0,inf,0.0,0.0009020119978231378,40000.0,2900.0
1,81,5,known,3,100.0,300.0,150.0,216.1399332344904,188.78160116553028,105.25197290307018,163.7584647979345,150.1439522506518,65.37299439011757,1.0,0.0,1.0,0.0,inf,0.0,0.000931743998080492,40000.0,2900.0
1,82,5,known,3,100.0,300.0,150.0,176.33609070464942,175.46671731941757,17.488510461041276,154.77875951936866,154.39668475995268,10.868676712937255,1.0,0.0,1.0,0.0,inf,0.0,0.001373595998302335,40000.0,2900.0
1,83,5,known,3,100.0,300.0,150.0,342.12712544486556,315.7031852213381,131.8425910177293,271.2079348349832,258.5447018357061,81.90470725265007,1.0,0.0,1.0,0.0,inf,0.0,0.0026715089989011176,40000.0,2900.0
1,84,5,known,3,100.0,300.0,150.0,223.62803535118584,221.31359905888502,32.09032668319708,198.64481293012486,197.64171392159858,19.93776873617736,1.0,0.0,1.0,0.0,inf,0.0,0.0018294809997314587,40000.0,2900.0
1,85,5,known,3,100.0,300.0,150.0,163.8178009510556,161.79091187180165,25.68993468521468,128.7354040327279,127.74133467892871,15.96733120830226,1.0,0.0,1.0,0.0,inf,0.0,0.0015604999971401412,40000.0,2900.0
1,86,5,known,3,100.0,300.0,150.0,170.0782996746044,165.62950511796282,38.645763733988574,132.89028445698105,130.70195254509142,24.017229314765004,1.0,0.0,1.0,0.0,inf,0.0,0.0016129110008478165,40000.0,2900.0
1,87,5,known,3,100.0,300.0,150.0,183.94427799014514,182.46128501534238,23.310445638507034,162.84090309517742,162.1944658536366,14.495342952358072,1.0,0.0,1.0,0.0,inf,0.0,0.004150248001678847,40000.0,2900.0
1,88,5,known,3,100.0,300.0,150.0,237.68147560062195,218.3912663097044,93.796261350508,179.854690239129,170.15557805990085,58.264816623019044,1.0,0.0,1.0,0.0,inf,0.0,0.0011645390004559886,40000.0,2900.0
1,89,5,known,3,100.0,300.0,150.0,115.59502692459516,32.74159410044926,110.86116662501485,74.5672181073199,28.6327268429443,68.85083129347062,1.0,0.0,1.0,0.0,inf,0.0,0.0009242519990948495,40000.0,2900.0
1,90,5,known,3,100.0,300.0,150.0,208.95551319245385,135.19183407162961,159.32851123973614,147.17773180610854,108.94570617484224,98.95513046656929,1.0,0.0,1.0,0.0,inf,0.0,0.000925829001062084,40000.0,2900.0
1,91,5,known,3,100.0,300.0,150.0,133.19157172136238,102.70817163677876,84.79991896598023,104.54668155174105,90.3115820869781,52.66713172774997,1.0,0.0,1.0,0.0,inf,0.0,0.0009041670018632431,40000.0,2900.0
1,92,5,known,3,100.0,300.0,150.0,175.87352529603172,146.0581493203638,97.97200578310219,135.43836168083652,120.99804807516014,60.85246237244898,1.0,0.0,1.0,0.0,inf,0.0,0.001645907002966851,40000.0,2900.0
1,93,5,known,3,100.0,300.0,150.0,140.4974413994589,125.05753638268325,64.03236395517692,117.91200699275785,111.00203288636695,39.77172473195106,1.0,0.0,1.0,0.0,inf,0.0,0.001797106997400988,40000.0,2900.0
1,94,5,known,3,100.0,300.0,150.0,109.40213545007893,109.36904180611991,2.6907128142208308,85.06221124894299,85.04418920618723,1.750904001375515,1.0,0.0,1.0,0.0,inf,0.0,0.0011697959998855367,40000.0,2900.0
1,95,5,known,3,100.0,300.0,150.0,68.59567348623244,68.21202334728727,7.2447423624963205,57.49568271865597,57.31837463930335,4.511924200695618,1.0,0.0,1.0,0.0,inf,0.0,0.001026304998958949,40000.0,2900.0
1,96,5,known,3,100.0,300.0,150.0,228.6531598662934,219.55312204145991,63.864654690122116,196.34597195070674,192.2976262199865,39.665648254201855,1.0,0.0,1.0,0.0,inf,0.0,0.0009173819998977706,40000.0,2900.0
1,97,5,known,3,100.0,300.0,150.0,247.65264588356243,183.8348625885768,165.9414845967344,184.0305669162481,152.4665233715176,103.05924902946914,1.0,0.0,1.0,0.0,inf,0.0,0.0009180089982692152,40000.0,2900.0
1,98,5,known,3,100.0,300.0,150.0,162.31093048994933,161.95652124206666,10.720232445295839,144.71940684171972,144.56502642079892,6.68280274831618,1.0,0.0,1.0,0.0,inf,0.0,0.0009583339997334406,40000.0,2900.0
1,99,5,known,3,100.0,300.0,150.0,144.30274122650297,142.44630548327513,23.07230330176308,128.1134093529024,127.30894898911504,14.334474643712891,1.0,0.0,1.0,0.0,inf,0.0,0.0009837620018515736,40000.0,2900.0
2,0,5,known,3,100.0,300.0,150.0,163.37642812149733,149.06484095842637,66.86950318177811,133.95516303281047,127.37497056095586,41.468091079075016,1.0,0.0,24.0,0.0,inf,110.07717764903556,0.009512743003142532,70000.0,2900.0
2,1,5,known,3,100.0,300.0,150.0,82.923944970802,50.93790917047848,65.43477713617341,61.003131769774306,45.54546611249744,40.58315663321169,1.0,0.0,26.0,0.0,inf,144.00697669374557,0.009022704998642439,70000.0,2900.0
2,2,5,known,3,100.0,300.0,150.0,48.33793153829426,46.50931196101457,13.169644122520909,41.82844983674185,41.0214896699235,8.176588592144558,1.0,0.0,24.0,0.0,inf,71.40121613276072,0.009838376001425786,70000.0,2900.0
2,3,5,known,3,100.0,300.0,150.0,61.11658464305534,51.46705483239307,32.960266766383945,50.359889400074266,46.03045604290986,20.428303328212422,1.0,0.0,20.0,0.0,inf,79.67074847582977,0.006890418000693899,70000.0,2900.0
2,4,5,known,3,100.0,300.0,150.0,193.22845216375796,192.43399551893037,17.504059364101238,171.0346990184365,170.68561376864693,10.921974214740015,1.0,0.0,18.0,0.0,inf,109.3672626334029,0.006242486000701319,70000.0,2900.0
2,5,5,known,3,100.0,300.0,150.0,212.04506213387862,207.23594548290228,44.90402292855277,182.45787896033556,180.32485038851078,27.817726849361257,1.0,0.0,31.0,0.0,inf,137.15275642686666,0.006957755002076738,70000.0,2900.0
2,6,5,known,3,100.0,300.0,150.0,128.6717888003863,40.27294505275628,122.20687022368625,83.23141274502525,34.23838077032708,75.86304337263863,1.0,0.0,27.0,0.0,inf,98.61243961493713,0.00789470399831771,70000.0,2900.0
2,7,5,known,3,100.0,300.0,150.0,118.46293162682667,69.64825222110953,95.82581662666341,80.3304728579744,54.1471912818942,59.338575529479314,1.0,0.0,26.0,0.0,inf,19.7628104800538,0.007997651999176014,70000.0,2900.0
2,8,5,known,3,100.0,300.0,150.0,126.27506020651978,126.0209278779095,8.007282120103588,108.25087790272106,108.13622868450375,4.980824490235614,1.0,0.0,31.0,0.0,inf,30.017093711405746,0.01136017800308764,70000.0,2900.0
2,9,5,known,3,100.0,300.0,150.0,43.9216955866328,42.2284372462701,12.077848771311379,38.19135260297934,37.44760659932362,7.500411563867052,1.0,0.0,31.0,0.0,inf,117.72446646220402,0.009158463002677308,70000.0,2900.0
2,10,5,known,3,100.0,300.0,150.0,213.13055932166404,179.76062224586897,114.50220088078376,162.1025613869103,145.71076425355758,71.03248263182967,1.0,0.0,34.0,0.0,inf,42.7338920717003,0.013447695000650128,70000.0,2900.0
2,11,5,known,3,100.0,300.0,150.0,153.27215224780807,153.08183286974057,7.6357776235341825,126.69918740604778,126.6089001331175,4.782310784034755,1.0,0.0,30.0,0.0,inf,103.8442217852131,0.013748786001087865,70000.0,2900.0
2,12,5,known,3,100.0,300.0,150.0,34.246784900955475,33.89379393136819,4.904386708882323,27.67294718097321,27.505244113638504,3.0419651428127255,1.0,0.0,26.0,0.0,inf,85.73830715932384,0.010443291001138277,70000.0,2900.0
2,13,5,known,3,100.0,300.0,150.0,419.5067678792606,418.61516238373645,27.33631502126479,359.8383655052879,359.43839257729644,16.961463113968403,1.0,0.0,33.0,0.0,inf,79.53601892006996,0.009124985997914337,70000.0,2900.0
2,14,5,known,3,100.0,300.0,150.0,187.36120170178648,162.94061626151367,92.4909480730718,152.10378493241396,140.80307956877976,57.53307027018384,1.0,0.0,31.0,0.0,inf,64.29523468823142,0.011135654000099748,70000.0,2900.0
2,15,5,known,3,100.0,300.0,150.0,48.65272955402789,31.213971272171843,37.31991546717932,36.166410008109814,27.775186036318356,23.163511252023333,1.0,0.0,29.0,0.0,inf,82.57630505142612,0.008043452002311824,70000.0,2900.0
2,16,5,known,3,100.0,300.0,150.0,64.71075916204676,63.06779337469578,14.489161127377137,51.826379379982626,51.0387195566926,9.001261336677889,1.0,0.0,31.0,0.0,inf,94.9400109510088,0.011058453001169255,70000.0,2900.0
2,17,5,known,3,100.0,300.0,150.0,230.31383330453065,227.37665122397397,36.66497360695125,201.86203287106454,200.5746575737806,22.76152573970848,1.0,0.0,30.0,0.0,inf,12.573902875487086,0.009310552002716577,70000.0,2900.0
2,18,5,known,3,100.0,300.0,150.0,187.14564750699765,182.0717101511768,43.28262634636763,158.08348736496296,155.78933710851985,26.834146544214324,1.0,0.0,33.0,0.0,inf,91.95645347753376,0.011618956999882357,70000.0,2900.0
2,19,5,known,3,100.0,300.0,150.0,162.87964546959728,151.14516120048918,60.70353493808942,132.34204142857493,126.87828360403206,37.63398835065788,1.0,0.0,31.0,0.0,inf,103.9727058362991,0.013688467999600107,70000.0,2900.0
2,20,5,known,3,100.0,300.0,150.0,292.64919928275935,289.84663469676144,40.4039873750393,241.384750469449,240.07616611662166,25.100442664272656,1.0,0.0,28.0,0.0,inf,31.71468030150879,0.008548694000637624,70000.0,2900.0
2,21,5,known,3,100.0,300.0,150.0,32.506663627187976,31.565128911995952,7.766969611130373,27.77086044379795,27.34862037379223,4.824277504362516,1.0,0.0,32.0,0.0,inf,77.45438445476059,0.009439725999982329,70000.0,2900.0
2,22,5,known,3,100.0,300.0,150.0,258.33960539202724,249.39604507114933,67.38667833465013,218.40279979870783,214.36106148662415,41.82246140822173,1.0,0.0,24.0,0.0,inf,121.84210190778003,0.011705671000527218,70000.0,2900.0
2,23,5,known,3,100.0,300.0,150.0,144.7378573322729,120.99818616348988,79.42597994537329,117.3207096068067,106.45596077452099,49.30798432524202,1.0,0.0,27.0,0.0,inf,79.76588674924129,0.018524851999245584,70000.0,2900.0
2,24,5,known,3,100.0,300.0,150.0,63.83000052880048,58.10004485108567,26.432059242679202,52.75632951911405,50.13911824943323,16.410335934973904,1.0,0.0,20.0,0.0,inf,128.10560632223203,0.013456828997732373,70000.0,2900.0
2,25,5,known,3,100.0,300.0,150.0,96.28300548529506,86.11713205089463,43.06108118254973,72.98943187109639,67.92113971424575,26.72407051299127,1.0,0.0,34.0,0.0,inf,35.54420649383729,0.024222891999670537,70000.0,2900.0
2,26,5,known,3,100.0,300.0,150.0,111.39347453928127,103.67311057862706,40.74791176103716,95.7392450271849,92.33126459959874,25.31680500802247,1.0,0.0,25.0,0.0,inf,75.35043203266153,0.011977758000284666,70000.0,2900.0
2,27,5,known,3,100.0,300.0,150.0,155.1184633380333,130.23016442436366,84.27242693999025,124.83230831154067,113.41571296771299,52.15343948785049,1.0,0.0,27.0,0.0,inf,45.358297092801855,0.009628154999518301,70000.0,2900.0
2,28,5,known,3,100.0,300.0,150.0,104.52106530129663,53.66683544247915,89.69126972736966,72.06959203589287,45.7533568604098,55.683538251659456,1.0,0.0,36.0,0.0,inf,77.48879864683099,0.013784277998638572,70000.0,2900.0
2,29,5,known,3,100.0,300.0,150.0,60.31767601578782,60.115605853000766,4.933150400322769,47.88021156544115,47.78182311449708,3.0679047257562404,1.0,0.0,31.0,0.0,inf,39.875502181660984,0.010573499999736669,70000.0,2900.0
2,30,5,known,3,100.0,300.0,150.0,420.41726541908287,420.32808074669475,8.659191547690542,364.059880182539,364.0191745892787,5.443977393864524,1.0,0.0,27.0,0.0,inf,97.05762900083548,0.008610467000835342,70000.0,2900.0
2,31,5,known,3,100.0,300.0,150.0,115.40031410954414,98.01996597939838,60.90417691734314,85.26942242269938,76.42132891230001,37.823998831149616,1.0,0.0,26.0,0.0,inf,61.04857523071132,0.015874633001658367,70000.0,2900.0
2,32,5,known,3,100.0,300.0,150.0,230.5644885195576,230.47354021578263,6.475386219311254,188.7958424102688,188.75160478260406,4.086783991684112,1.0,0.0,27.0,0.0,inf,133.3754905444386,0.015111516000615666,70000.0,2900.0
2,33,5,known,3,100.0,300.0,150.0,202.64147533218596,190.0891398735038,70.21172570843454,165.36292974831076,159.47135315051088,43.74684056351732,1.0,0.0,26.0,0.0,inf,28.004785520700004,0.013207467000029283,70000.0,2900.0
2,34,5,known,3,100.0,300.0,150.0,490.50324004396305,487.41003713150997,54.99894723615783,413.27732470874923,411.86339790224696,34.15682343011904,1.0,0.0,33.0,0.0,inf,28.163419988303776,0.016154062002897263,70000.0,2900.0
2,35,5,known,3,100.0,300.0,150.0,105.61885068414674,70.48810705203275,78.6560130191027,78.96497301242212,62.07075550267033,48.81278801892263,1.0,0.0,26.0,0.0,inf,44.04156407220079,0.015269193001586245,70000.0,2900.0
2,36,5,known,3,100.0,300.0,150.0,121.03907278488887,120.55942024152974,10.764912059643361,103.99854032289038,103.78292641447212,6.6933231014287715,1.0,0.0,26.0,0.0,inf,15.93461958724538,0.018080236000969307,70000.0,2900.0
2,37,5,known,3,100.0,300.0,150.0,136.32344799018972,112.43578219757562,77.08616836731022,109.81002946115564,98.88517077350794,47.748985029569376,1.0,0.0,29.0,0.0,inf,80.10661089428154,0.013112734999594977,70000.0,2900.0
2,38,5,known,3,100.0,300.0,150.0,263.32853465947323,261.6500487456772,29.684493549496786,228.00710299779604,227.25991386187636,18.443713534429847,1.0,0.0,31.0,0.0,inf,72.9553022636593,0.017824719001509948,70000.0,2900.0
2,39,5,known,3,100.0,300.0,150.0,382.3605811978895,368.089271391632,103.4886580276567,320.72684238714675,314.166914337528,64.53570611115997,1.0,0.0,26.0,0.0,inf,29.294921497496265,0.014276179997978033,70000.0,2900.0
2,40,5,known,3,100.0,300.0,150.0,173.7881734119065,144.27733051679476,96.88333766336942,134.10736050307565,119.96269413440865,59.947778583665716,1.0,0.0,34.0,0.0,inf,80.21763578511971,0.012899343997560209,70000.0,2900.0
2,41,5,known,3,100.0,300.0,150.0,171.57702214096716,122.85401419375981,119.77297576348931,121.06942116285364,95.56657509720455,74.32923021866159,1.0,0.0,24.0,0.0,inf,65.29061567139001,0.009604178001609398,70000.0,2900.0
2,42,5,known,3,100.0,300.0,150.0,67.65628889075671,36.292723864118,57.09826285441975,48.04782549086563,32.45069301456076,35.43368534707354,1.0,0.0,27.0,0.0,inf,40.51887729450281,0.011693128999468172,70000.0,2900.0
2,43,5,known,3,100.0,300.0,150.0,266.006221202222,262.4528632977964,43.333638954900294,228.8972288254323,227.304827259934,26.952863823606688,1.0,0.0,31.0,0.0,inf,30.62213674238996,0.009952061001968104,70000.0,2900.0
2,44,5,known,3,100.0,300.0,150.0,131.9283478623123,29.086043360454855,128.68213182611262,84.23637615715393,25.94986912015326,80.13969903073287,1.0,0.0,34.0,0.0,inf,47.926700863156455,0.009664574998168973,70000.0,2900.0
2,45,5,known,3,100.0,300.0,150.0,292.88130049729676,292.88114925233344,0.2976468044794432,246.91492020928445,246.91358348955904,0.8124717237207612,1.0,0.0,23.0,0.0,inf,133.6591349360347,0.01014431300063734,70000.0,2900.0
2,46,5,known,3,100.0,300.0,150.0,197.5363318817197,197.53275591242624,1.1885936760483036,169.80187099067163,169.79955138562917,0.8875478419631793,1.0,0.0,34.0,0.0,inf,111.98932101610653,0.016979107000224758,70000.0,2900.0
2,47,5,known,3,100.0,300.0,150.0,145.18209569156946,145.08650933929133,5.267420349256808,121.19993982763883,121.15514479461734,3.294890592808765,1.0,0.0,27.0,0.0,inf,147.1962275717162,0.010672530002921121,70000.0,2900.0
2,48,5,known,3,100.0,300.0,150.0,54.81860798265218,29.779514929081653,46.02456161381985,38.43352963403868,25.725481872721538,28.554085216424014,1.0,0.0,32.0,0.0,inf,12.359304830487668,0.01343902599910507,70000.0,2900.0
2,49,5,known,3,100.0,300.0,150.0,257.7053460641621,197.88230742384653,165.08978708164784,201.04776859591422,173.0558173473393,102.33224975363635,1.0,0.0,26.0,0.0,inf,70.296537550144,0.010233351000351831,70000.0,2900.0
2,50,5,known,3,100.0,300.0,150.0,167.77591515541116,131.66012198804586,103.99216309092053,129.7226096015794,112.62382975501843,64.37257500796751,1.0,0.0,27.0,0.0,inf,68.08594900238973,0.0105320570000913,70000.0,2900.0
2,51,5,known,3,100.0,300.0,150.0,36.78529890445103,30.460732700302373,20.622850890469433,29.441287609519158,26.527771018340175,12.769760409065533,1.0,0.0,26.0,0.0,inf,89.95090734987528,0.008672977000969695,70000.0,2900.0
2,52,5,known,3,100.0,300.0,150.0,435.2629959566192,423.80110382345623,99.22953213208243,360.9607092692602,355.6762721945813,61.538792919047935,1.0,0.0,31.0,0.0,inf,12.937344705931388,0.009726575000968296,70000.0,2900.0
2,53,5,known,3,100.0,300.0,150.0,236.05718124039296,232.903097092039,38.45959152273961,199.192939826086,197.7563945958913,23.879607890265902,1.0,0.0,18.0,0.0,inf,33.5886481352614,0.0061110830029065255,70000.0,2900.0
2,54,5,known,3,100.0,300.0,150.0,40.70519043517913,22.421184533357227,33.9735634351968,27.43025033127917,17.537358793198326,21.09169693967914,1.0,0.0,28.0,0.0,inf,5.056384751870014,0.007916997998108855,70000.0,2900.0
2,55,5,known,3,100.0,300.0,150.0,244.27427961070822,241.23815134149507,38.39372366244739,211.91603167010862,210.56954852337168,23.850989779669646,1.0,0.0,21.0,0.0,inf,54.96588387675202,0.0060317409988783766,70000.0,2900.0
2,56,5,known,3,100.0,300.0,150.0,150.67449721420127,147.7330019969628,29.627086115879344,125.10048309237362,123.74698294178512,18.352522517376336,1.0,0.0,30.0,0.0,inf,117.21430882965372,0.011105800000223098,70000.0,2900.0
2,57,5,known,3,100.0,300.0,150.0,76.20526013769043,69.57793715834896,31.08299106331165,59.29197545682087,56.06176349398142,19.30329058780243,1.0,0.0,34.0,0.0,inf,120.68540548948609,0.009191420998831745,70000.0,2900.0
2,58,5,known,3,100.0,300.0,150.0,149.96538655962505,147.8068587324503,25.352508310288467,118.33650130874902,117.28474923471212,15.742145309526663,1.0,0.0,29.0,0.0,inf,71.48969721582843,0.00997951699901023,70000.0,2900.0
2,59,5,known,3,100.0,300.0,150.0,16.23807576401081,14.56036155941431,7.18825262333519,12.164601928253806,11.313802227559659,4.469386896269139,1.0,0.0,20.0,0.0,inf,108.88248841057933,0.005972155999188544,70000.0,2900.0
2,60,5,known,3,100.0,300.0,150.0,151.25597264227213,147.82918865541552,32.01406318231633,125.41264771599012,123.83011476834261,19.860384779609287,1.0,0.0,33.0,0.0,inf,80.91556864364588,0.009673259999544825,70000.0,2900.0
2,61,5,known,3,100.0,300.0,150.0,79.90001975658765,79.2575164960516,10.112330887644395,68.37880725210906,68.08971545525061,6.281077172276104,1.0,0.0,29.0,0.0,inf,148.40103394636697,0.010738508000940783,70000.0,2900.0
2,62,5,known,3,100.0,300.0,150.0,320.52036770252164,311.5552421331806,75.2770696261145,271.368144465593,267.30868757241365,46.7625424780638,1.0,0.0,27.0,0.0,inf,51.40461016428788,0.012431597999238875,70000.0,2900.0
2,63,5,known,3,100.0,300.0,150.0,60.71409825739069,55.677079761760965,24.212899793510868,46.281612477458104,43.77041469591947,15.03790048048071,1.0,0.0,26.0,0.0,inf,75.81018652042832,0.009890871999232331,70000.0,2900.0
2,64,5,known,3,100.0,300.0,150.0,31.81995848703128,31.36811172436357,5.343343987077609,24.616172039163033,24.391437825710558,3.318687489982769,1.0,0.0,23.0,0.0,inf,60.10056565515562,0.006423807997634867,70000.0,2900.0
2,65,5,known,3,100.0,300.0,150.0,73.77206560369915,42.939729334125055,59.98747626087107,50.39355101222609,33.94165214323913,37.248815194703624,1.0,0.0,28.0,0.0,inf,25.587282960475555,0.012951921999047045,70000.0,2900.0
2,66,5,known,3,100.0,300.0,150.0,184.62230125233114,172.97434564167224,64.53890198587065,155.7883122312557,150.57041654954716,39.981844479201555,1.0,0.0,18.0,0.0,inf,76.5548845186496,0.00606007500027772,70000.0,2900.0
2,67,5,known,3,100.0,300.0,150.0,239.38843065902336,212.02472645012318,111.14106400039758,197.5073980482794,184.91986754372695,69.38166091563372,1.0,0.0,33.0,0.0,inf,207.95267489738714,0.009284834999562008,70000.0,2900.0
2,68,5,known,3,100.0,300.0,150.0,356.66072385704723,352.90258074380154,51.63952407408055,303.33529654275793,301.63692737487105,32.0541131920642,1.0,0.0,29.0,0.0,inf,67.70718668544389,0.009848055997281335,70000.0,2900.0
2,69,5,known,3,100.0,300.0,150.0,131.0815921309907,77.41068188671926,105.78265512563279,93.11111599873001,66.03750472055114,65.6409010664246,1.0,0.0,33.0,0.0,inf,159.80807512776306,0.010921588000201155,70000.0,2900.0
2,70,5,known,3,100.0,300.0,150.0,56.381276874123316,48.16395577913144,29.310096309333808,42.73212495003511,38.66164251555792,18.201975188001356,1.0,0.0,26.0,0.0,inf,82.7041023655816,0.008425289997830987,70000.0,2900.0
2,71,5,known,3,100.0,300.0,150.0,111.05823355905504,111.04219440966962,1.8874061414430339,95.75444780463208,95.74684978154893,1.2062467738872826,1.0,0.0,31.0,0.0,inf,11.304153449010945,0.016861468000570312,70000.0,2900.0
2,72,5,known,3,100.0,300.0,150.0,296.4594131017371,276.25408112104986,107.57260934174091,246.74273680614243,237.4293804574864,67.1510793819389,1.0,0.0,26.0,0.0,inf,40.000076547476375,0.012032049999106675,70000.0,2900.0
2,73,5,known,3,100.0,300.0,150.0,203.69057470615715,86.68227815466669,184.32588770447188,135.44330774145874,72.21515185145402,114.58560753872597,1.0,0.0,30.0,0.0,inf,119.43392719092229,0.014674127000034787,70000.0,2900.0
2,74,5,known,3,100.0,300.0,150.0,444.4617080670456,444.2430050507156,13.941391658852783,376.00909128742416,375.9080700691389,8.715479773936165,1.0,0.0,24.0,0.0,inf,74.1556817977924,0.017146523998235352,70000.0,2900.0
2,75,5,known,3,100.0,300.0,150.0,76.73568246935037,32.29101465338272,69.61074153240997,50.88827564962636,26.698289888144544,43.32225658528135,1.0,0.0,29.0,0.0,inf,42.26479864211817,0.015645198000129312,70000.0,2900.0
2,76,5,known,3,100.0,300.0,150.0,54.684475819412064,43.8206128329658,32.713082804700264,40.324213460533414,34.81462227259681,20.346603333900006,1.0,0.0,23.0,0.0,inf,131.57831897019102,0.008438068001851207,70000.0,2900.0
2,77,5,known,3,100.0,300.0,150.0,213.23508003490377,203.1369598638833,64.8426934569415,182.02395352343348,177.5288452990075,40.20234748248086,1.0,0.0,29.0,0.0,inf,69.82456515208216,0.00768473399875802,70000.0,2900.0
2,78,5,known,3,100.0,300.0,150.0,434.33107788601416,414.8214781179868,128.7114078457519,362.041070805641,353.1271816244576,79.84316218726906,1.0,0.0,24.0,0.0,inf,36.228361943263515,0.013319539997610264,70000.0,2900.0
2,79,5,known,3,100.0,300.0,150.0,146.4551517082248,138.25746333964412,48.311337103894175,116.76858520839113,112.84816476884455,30.00323648996907,1.0,0.0,26.0,0.0,inf,61.00819367007378,0.013563874999817926,70000.0,2900.0
2,80,5,known,3,100.0,300.0,150.0,91.04583641830422,89.06652443970896,18.88116927892273,80.29924913509461,79.43568540838368,11.744841223290061,1.0,0.0,21.0,0.0,inf,17.3104459197466,0.0062032099995121825,70000.0,2900.0
2,81,5,known,3,100.0,300.0,150.0,156.17751518422833,14.618117442045296,155.49188689951137,97.38907721861709,12.693641208600678,96.55829241634856,1.0,0.0,25.0,0.0,inf,67.6286458348095,0.010248052996757906,70000.0,2900.0
2,82,5,known,3,100.0,300.0,150.0,349.9483602474186,341.172709320645,77.87834907512917,298.42861391569517,294.4647837400724,48.47812641341875,1.0,0.0,34.0,0.0,inf,45.88415033016241,0.013185066000005463,70000.0,2900.0
2,83,5,known,3,100.0,300.0,150.0,135.28688562792067,132.626075212588,26.699543003711323,104.54722016910497,103.22515020622335,16.57376269861311,1.0,0.0,20.0,0.0,inf,66.10869590655952,0.009898963999148691,70000.0,2900.0
2,84,5,known,3,100.0,300.0,150.0,189.48805135937795,187.94207861517484,24.15567622281954,163.93281790554826,163.24416359930424,15.010390974829525,1.0,0.0,23.0,0.0,inf,45.72828574669118,0.007770446998620173,70000.0,2900.0
2,85,5,known,3,100.0,300.0,150.0,198.7967176606129,193.7474295551624,44.5204278214038,162.2398736549653,159.86581284426248,27.65318222596353,1.0,0.0,29.0,0.0,inf,57.37895274717496,0.01401121000162675,70000.0,2900.0
2,86,5,known,3,100.0,300.0,150.0,313.9782065881576,313.516559357371,17.020024119601786,263.1431223014722,262.9274322052738,10.652145723219645,1.0,0.0,24.0,0.0,inf,23.244536663628384,0.010068611998576671,70000.0,2900.0
2,87,5,known,3,100.0,300.0,150.0,467.55716390416364,438.83460557391487,161.35021062549453,398.0964513669565,385.417359868556,99.67067423728798,1.0,0.0,37.0,0.0,inf,102.27321719731569,0.0172148189994914,70000.0,2900.0
2,88,5,known,3,100.0,300.0,150.0,178.50664629499522,138.67848950220616,112.3961712909876,140.9777768002796,122.33158877563397,70.06936519748585,1.0,0.0,28.0,0.0,inf,67.82169619965704,0.012833624001359567,70000.0,2900.0
2,89,5,known,3,100.0,300.0,150.0,404.99938591762236,388.4815117894733,114.48413685492196,335.04128676856095,327.4484623057743,70.92367991804278,1.0,0.0,26.0,0.0,inf,37.62403185314825,0.011497856998175848,70000.0,2900.0
2,90,5,known,3,100.0,300.0,150.0,58.242762371319216,16.319367297257017,55.9097274153539,37.082826070903906,12.880906795243241,34.77381528588956,1.0,0.0,25.0,0.0,inf,25.178235343308344,0.008852276998368325,70000.0,2900.0
2,91,5,known,3,100.0,300.0,150.0,155.01297601933862,143.92252457917087,57.5788993740763,120.04702205206267,114.59848594580941,35.75576208804036,1.0,0.0,25.0,0.0,inf,65.37418810522344,0.014333192000776762,70000.0,2900.0
2,92,5,known,3,100.0,300.0,150.0,155.3760434260928,154.010511485679,20.554250720145852,124.29272540659517,123.63517194392531,12.76815755680097,1.0,0.0,23.0,0.0,inf,58.396350651615165,0.008661219999339664,70000.0,2900.0
2,93,5,known,3,100.0,300.0,150.0,94.02627134114223,83.42529048478283,43.37234844745795,79.34567345035438,74.59652185697699,27.038765173946587,1.0,0.0,20.0,0.0,inf,66.64094893011247,0.007159598000725964,70000.0,2900.0
2,94,5,known,3,100.0,300.0,150.0,310.234426513859,309.9905619059492,12.298411426555543,262.58226407993465,262.47051737319003,7.659825010695127,1.0,0.0,26.0,0.0,inf,113.11704382687975,0.01644468899758067,70000.0,2900.0
2,95,5,known,3,100.0,300.0,150.0,230.53519169002539,230.52770848882483,1.8574785188893914,197.24755585572072,197.2432391308509,1.304955258098809,1.0,0.0,26.0,0.0,inf,84.29524744322626,0.01631170399923576,70000.0,2900.0
2,96,5,known,3,100.0,300.0,150.0,433.87301415514577,430.9959405144236,49.882779314697096,367.35912414771036,366.0393773229984,31.111096791410393,1.0,0.0,24.0,0.0,inf,51.670910102878636,0.015220804001728538,70000.0,2900.0
2,97,5,known,3,100.0,300.0,150.0,323.02386190448635,320.24479599256296,42.28103593066735,280.0674534522429,278.8379570995619,26.213968867134977,1.0,0.0,33.0,0.0,inf,16.18607016060086,0.01208387299993774,70000.0,2900.0
2,98,5,known,3,100.0,300.0,150.0,115.7513577525179,113.42448001860902,23.092512943799555,97.40013820862163,96.32972449291425,14.400385487126059,1.0,0.0,28.0,0.0,inf,50.00415137112096,0.020918725000228733,70000.0,2900.0
2,99,5,known,3,100.0,300.0,150.0,201.36950542164743,186.4109980606303,76.16178514057148,159.38967207009722,152.15862765344804,47.46387671937981,1.0,0.0,34.0,0.0,inf,75.0028751151634,0.013417165999271674,70000.0,2900.0
3,0,5,known,3,100.0,300.0,150.0,98.96120736300938,35.014084624209374,92.5598965031468,63.76897278766427,27.46642389591743,57.55065115846772,1.0,1.0,5.0,1445.1856221694504,80.72970629545277,40.52436951910778,0.002550965000409633,110000.0,2900.0
3,1,5,known,3,100.0,300.0,150.0,769.7688917803862,26.685883546462687,769.3061876601205,479.4564061788323,21.7301986130778,478.96371876600176,1.0,1.0,30.0,0.0064514254986576475,18106539.60438518,35.373071750390594,0.01109769899994717,110000.0,2900.0
3,2,5,known,3,100.0,300.0,150.0,124.52902516663426,56.55997270999767,110.94344323120924,84.57835969712367,49.05187287139457,68.90147093396902,1.0,1.0,9.0,1121.9954153996555,104.44754292406533,70.2764994361186,0.008132900999044068,110000.0,2900.0
3,3,5,known,3,100.0,300.0,150.0,769.6487590708585,50.06208700025296,768.0188798359658,479.09769629608854,49.57862825033678,476.52551056269175,1.0,1.0,19.0,0.007873643683058163,14906229.115683055,64.58009040230564,0.01086972700068145,110000.0,2900.0
3,4,5,known,3,100.0,300.0,150.0,770.0835194592089,83.73967989431566,765.5170102315685,479.91957709607567,76.1323511090308,473.84244807181153,1.0,1.0,29.0,0.0021562319985740565,54346513.16003063,87.74282016638516,0.014904752002621535,110000.0,2900.0
3,5,5,known,3,100.0,300.0,150.0,711.6109412846706,20.58810346127289,711.3130546755929,442.96230963925245,12.93395592552372,442.77344155341746,1.0,1.0,6.0,2199.4332454781925,52.986905597055724,71.1096012949667,0.003058926002267981,110000.0,2900.0
3,6,5,known,3,100.0,300.0,150.0,237.84841992538003,133.70403334295924,196.71070720432266,162.25241110434354,106.48291158925876,122.42236090129536,1.0,1.0,5.0,1440.4909914944947,81.20910658607524,102.19134531636816,0.0057186939993698616,110000.0,2900.0
3,7,5,known,3,100.0,300.0,150.0,793.9226739747794,36.858024082577806,793.0666417849081,492.5616963196285,27.223650329442513,491.8088018163259,1.0,1.0,30.0,0.004283156797676538,27318737.510119583,126.24445871913453,0.008203084998967825,110000.0,2900.0
3,8,5,known,3,100.0,300.0,150.0,2400.092627738093,176.55101541396394,2393.5902658306086,1495.1217089509905,101.15672110694256,1491.6957606534327,1.0,1.0,7.0,4642.258385606062,25.082356794310886,79.47882624510244,0.0026509950002946425,110000.0,2900.0
3,9,5,known,3,100.0,300.0,150.0,1777.429848385836,54.13665719661291,1776.6052145258586,1099.5694328536176,25.91515589755108,1099.2640003023987,1.0,1.0,9.0,3656.2811232236945,32.190375851448316,51.2556398468247,0.0028532409996842034,110000.0,2900.0
3,10,5,known,3,100.0,300.0,150.0,662.1648180493082,72.76050413164366,658.1551149241207,413.67629245275884,66.42151586770522,408.3090216579798,1.0,1.0,11.0,2015.5343393947182,58.21339007854593,54.97129067937196,0.008467159001156688,110000.0,2900.0
3,11,5,known,3,100.0,300.0,150.0,828.6220605179444,62.91242064630543,826.2303229157268,514.5032789908801,50.86738944379144,511.98255124910366,1.0,1.0,24.0,0.0012764935948327968,91834317.86459742,73.96684826395762,0.008067856000707252,110000.0,2900.0
3,12,5,known,3,100.0,300.0,150.0,100.89306539694198,59.75343291931787,81.29537440437917,73.36090735583622,53.15702195918162,50.55841912582581,1.0,1.0,9.0,1301.4045355562646,89.75630040300321,76.04431589361404,0.0040459000010741875,110000.0,2900.0
3,13,5,known,3,100.0,300.0,150.0,120.50897141408676,25.3343658213931,117.81588220485814,76.12751275741861,21.277480800858825,73.09354971131185,1.0,1.0,9.0,1315.4837074507773,89.05438536722978,70.73478958808285,0.002647729001182597,110000.0,2900.0
3,14,5,known,3,100.0,300.0,150.0,144.79057076894273,78.72669684961907,121.51714523779923,97.66304885740172,61.83764014514769,75.59217799086395,1.0,1.0,9.0,1065.7963148217948,109.94175830662897,25.29939703444742,0.002786876000755001,110000.0,2900.0
3,15,5,known,3,100.0,300.0,150.0,1742.659602392049,25.357626700857534,1742.4751018529114,1080.9904956650855,47.363767327160026,1079.9523717566558,1.0,1.0,8.0,3526.871080797569,33.28762403607759,100.92092580767982,0.0035751420000451617,110000.0,2900.0
3,16,5,known,3,100.0,300.0,150.0,725.5939960438969,47.25744525703934,724.05343791928,452.826073120948,38.361514054552146,451.19823441319073,1.0,1.0,24.0,0.00258138831905,45105226.56635786,100.20227499308965,0.0069320650000008754,110000.0,2900.0
3,17,5,known,3,100.0,300.0,150.0,816.4937457426731,72.77612935645864,813.2439190260159,508.5085514821095,58.11467497446865,505.17683189458035,1.0,1.0,28.0,0.005481104209085723,21310814.20293463,77.79487402718138,0.008993017003376735,110000.0,2900.0
3,18,5,known,3,100.0,300.0,150.0,1524.8016026569478,73.8429176448228,1523.0125248923255,944.0057771857695,42.75217935233115,943.0371989061379,1.0,1.0,9.0,3270.2835179856424,35.96072900447016,72.52522835578989,0.002798195000650594,110000.0,2900.0
3,19,5,known,3,100.0,300.0,150.0,489.7427381185137,22.015387677744652,489.2476594172093,304.45419773676844,20.443774586076756,303.76703343222243,1.0,1.0,8.0,1702.1622439348962,68.83045462505548,61.70807987942454,0.004829646000871435,110000.0,2900.0
3,20,5,known,3,100.0,300.0,150.0,786.4178237347422,44.24009505095228,785.1724698928069,488.47715837449846,35.24768414645553,487.2037920787733,1.0,1.0,32.0,0.003800210669874209,30828960.61521437,75.25071395998319,0.010900399000092875,110000.0,2900.0
3,21,5,known,3,100.0,300.0,150.0,707.359049709552,41.77026634659997,706.1246844965374,439.38782858577025,32.96340768118835,438.1496064854583,1.0,1.0,31.0,0.00014971988580343622,783790943.8353132,46.8988201396203,0.012253608998435084,110000.0,2900.0
3,22,5,known,3,100.0,300.0,150.0,1920.6493319710494,63.50573970304042,1919.5991449846001,1195.5416883975386,28.739435155658537,1195.1962071406397,1.0,1.0,7.0,3960.0656774608224,29.43285552246925,71.66652096329697,0.0028472459998738486,110000.0,2900.0
3,23,5,known,3,100.0,300.0,150.0,794.9467544046043,76.91654590410496,791.2169028178026,495.0809077250084,59.05490629793998,491.54615575341427,1.0,1.0,26.0,3.141959110528433e-05,3726644146.602163,98.97884601488042,0.010225341997283977,110000.0,2900.0
3,24,5,known,3,100.0,300.0,150.0,1010.9182135958413,32.22302265200533,1010.4045285879192,629.1497657716696,25.991666295833383,628.612647863303,1.0,1.0,6.0,2613.488115216269,44.73193143625741,67.22842853848582,0.0028278049976506736,110000.0,2900.0
3,25,5,known,3,100.0,300.0,150.0,733.150955181967,61.894377635643146,730.5336467961807,456.56417132591514,50.77794882678436,453.7316855273214,1.0,1.0,21.0,0.001711966930104775,68293525.34361754,102.24506302907619,0.005237550001766067,110000.0,2900.0
3,26,5,known,3,100.0,300.0,150.0,845.5062259078143,64.20869005666496,843.0646607289875,527.5185358045917,62.26397920120045,523.8310820402439,1.0,1.0,27.0,0.0006422766413149675,181859602.3129045,62.660934856070384,0.014717948997713393,110000.0,2900.0
3,27,5,known,3,100.0,300.0,150.0,725.5524713460912,27.31097638343189,725.0382743313654,450.33609646341534,17.484574196328975,449.99654381237156,1.0,1.0,6.0,2341.955703564521,49.92995035514196,81.0797804957476,0.0026377739995950833,110000.0,2900.0
3,28,5,known,3,100.0,300.0,150.0,2402.9087983593045,151.27318207591742,2398.142430636092,1490.1534812114887,78.95949906300865,1488.0600777772506,1.0,1.0,7.0,4539.486957485598,25.834629186071858,66.1538352363414,0.004213156000332674,110000.0,2900.0
3,29,5,known,3,100.0,300.0,150.0,2606.012394038427,129.34756768696695,2602.800377404183,1618.7001425103783,57.065374794093145,1617.6939433535408,1.0,1.0,7.0,4891.353167623405,23.970288198051815,40.091800059981814,0.0030284140011644922,110000.0,2900.0
3,30,5,known,3,100.0,300.0,150.0,698.288898344627,46.61571089665674,696.7311971262318,435.1126285382011,35.19520578426824,433.68686514952884,1.0,1.0,6.0,2172.4027662513968,53.66357694291855,86.29600989047297,0.003335404999234015,110000.0,2900.0
3,31,5,known,3,100.0,300.0,150.0,795.0879340263305,23.560419022854173,794.7387806630087,495.62602599056993,16.88289116497844,495.33839506454234,1.0,1.0,31.0,0.002134136295147777,54468297.744089656,83.24621067587549,0.008765301001403714,110000.0,2900.0
3,32,5,known,3,100.0,300.0,150.0,755.990412215378,38.016643952014505,755.0339317833357,469.590557072275,34.594961887083926,468.3145096017,1.0,1.0,26.0,0.010231727270589614,11459002.06763974,83.18959890408253,0.005875193000974832,110000.0,2900.0
3,33,5,known,3,100.0,300.0,150.0,849.7746267041031,98.84117461893513,844.006717028986,529.9797263163712,77.77935056127285,524.241244974718,1.0,1.0,28.0,0.0038996884282324535,30009109.367713537,77.44126596672494,0.005938449001405388,110000.0,2900.0
3,34,5,known,3,100.0,300.0,150.0,1544.2632409019982,81.81746521134743,1542.0943095633072,962.156941219635,47.39485204834289,960.988921651254,1.0,1.0,8.0,3422.5360188694135,34.09815344898171,136.06454082533062,0.00314956100191921,110000.0,2900.0
3,35,5,known,3,100.0,300.0,150.0,886.6712788757246,14.693653291700945,886.5495210850075,552.2909117749273,14.322543973624686,552.1051674846958,1.0,1.0,29.0,0.0011348072961664274,102575262.3154987,75.95505102391267,0.010673222001059912,110000.0,2900.0
3,36,5,known,3,100.0,300.0,150.0,778.5540042351874,21.70918621608875,778.251276095632,485.26591155814697,24.553398931194014,484.6443392027652,1.0,1.0,23.0,0.0036539740053090596,31863526.77396775,129.80876357948506,0.007991380000021309,110000.0,2900.0
3,37,5,known,3,100.0,300.0,150.0,1383.8491451790092,79.17598537570198,1381.5822885201087,861.9684977088423,70.1861246931199,859.1062791896009,1.0,1.0,8.0,3106.098661585274,37.714784772471965,41.679167568288754,0.00292323399844463,110000.0,2900.0
3,38,5,known,3,100.0,300.0,150.0,1471.0414453463277,46.46246800577144,1470.3075096704858,915.6396155760515,23.271576156534163,915.3438366840354,1.0,1.0,10.0,3269.2333321339615,35.6174854416775,87.33379122653781,0.0042045659974974114,110000.0,2900.0
3,39,5,known,3,100.0,300.0,150.0,707.1540668407803,71.89660489486413,703.4896960539269,439.530387316508,54.78622646046502,436.1025461572337,1.0,1.0,30.0,0.0019305396996363753,61027381.450186305,57.713208254017715,0.012340802997641731,110000.0,2900.0
3,40,5,known,3,100.0,300.0,150.0,997.1935005054601,61.57995044756397,995.2903029534692,620.5411881234286,45.44404560124069,618.8749509206434,1.0,1.0,6.0,2376.2883888132383,49.30192169651449,37.881790333222476,0.0042853239974647295,110000.0,2900.0
3,41,5,known,3,100.0,300.0,150.0,810.6566283762648,23.057777985868917,810.3286419748026,503.15442684050527,15.282999307128062,502.92226753383636,1.0,1.0,28.0,0.001994869071092967,58769641.96976492,44.102744313237416,0.008734055001696106,110000.0,2900.0
3,42,5,known,3,100.0,300.0,150.0,1451.4558272988024,87.37492089119918,1448.8235371496792,901.309977582636,56.05187544911953,899.5653744718326,1.0,1.0,9.0,3173.5377794805668,36.93811010085342,98.1833036686161,0.004450238000572426,110000.0,2900.0
3,43,5,known,3,100.0,300.0,150.0,2128.2384570355343,156.2656743646536,2122.493808947473,1322.6790235741453,89.51573859878005,1319.646442023836,1.0,1.0,7.0,4460.979413404132,26.250642300266367,86.94839502552097,0.0035261619996163063,110000.0,2900.0
3,44,5,known,3,100.0,300.0,150.0,737.5106906329117,27.050700596814558,737.014435676165,459.09962282189,21.350316408411487,458.60290847797995,1.0,1.0,26.0,0.000576867052587321,202086995.8020391,77.646716481575,0.009399664002557984,110000.0,2900.0
3,45,5,known,3,100.0,300.0,150.0,866.9168982877694,74.11935262071019,863.7425716635562,540.1234850961213,61.067063600041116,536.6602210856032,1.0,1.0,29.0,0.014084825142591803,8290798.219961002,80.05199514370307,0.007750526998279383,110000.0,2900.0
3,46,5,known,3,100.0,300.0,150.0,71.01967226647368,45.135419602356784,54.83236039198494,49.08905513282419,35.36397728642087,34.04591670551642,1.0,1.0,4.0,1101.246511165532,106.46243356589777,48.13401732173178,0.002052526000625221,110000.0,2900.0
3,47,5,known,3,100.0,300.0,150.0,657.5775001410002,60.30098880968037,654.8068107772413,409.0492111484259,47.36006386075987,406.29826666164143,1.0,1.0,29.0,0.0028575772960051137,40941905.13158426,61.16534024022347,0.008350861000508303,110000.0,2900.0
3,48,5,known,3,100.0,300.0,150.0,253.89445530137937,48.500155454162226,249.21903890695475,161.16187525771454,42.04139435302526,155.58171871218212,1.0,1.0,8.0,1560.7047098654305,74.44046925227043,73.47004176663074,0.00384542999745463,110000.0,2900.0
3,49,5,known,3,100.0,300.0,150.0,450.75987344044273,17.235303914568238,450.4302474335137,279.61292296286473,15.041885048400768,279.2080378177312,1.0,1.0,5.0,1755.5707610703355,66.92270949125924,88.51185844651975,0.002698873999179341,110000.0,2900.0
3,50,5,known,3,100.0,300.0,150.0,859.6136487063137,63.85699074772266,857.2385372665108,535.9347396336301,50.99524826316518,533.5030738437644,1.0,1.0,32.0,0.0020229648572417476,57630335.49044679,70.08658276913809,0.01573048399950494,110000.0,2900.0
3,51,5,known,3,100.0,300.0,150.0,1428.5133609852492,18.61332497421831,1428.3920913554432,889.9161558178191,38.06962178177782,889.101494927861,1.0,1.0,9.0,3304.5044765458047,35.350849477755276,59.714946291214126,0.003135838000162039,110000.0,2900.0
3,52,5,known,3,100.0,300.0,150.0,743.2766656405349,53.00577865926542,741.3842385122821,463.36774123062924,46.28158705709879,461.0506244575009,1.0,1.0,24.0,0.00039401129841509325,296876360.5671157,96.6887016684899,0.007275108000612818,110000.0,2900.0
3,53,5,known,3,100.0,300.0,150.0,2059.6707770566045,96.44137493705792,2057.411667863582,1280.0325334320096,49.42932770120628,1279.0778038131127,1.0,1.0,7.0,4089.3760351508217,28.584050956216284,68.74520866121243,0.002924522999819601,110000.0,2900.0
3,54,5,known,3,100.0,300.0,150.0,783.7492275061926,42.44830695602941,782.5988709761343,486.3006484420737,31.901538329646613,485.25314272798215,1.0,1.0,27.0,0.0033401059004246753,35036675.624100946,90.48046282533112,0.007850119000067934,110000.0,2900.0
3,55,5,known,3,100.0,300.0,150.0,2512.24364765382,97.49582217815286,2510.3511128594696,1559.161726506749,54.48734908541468,1558.2093627600723,1.0,1.0,7.0,4775.736091204781,24.544835219436653,53.017024441645695,0.0035926030031987466,110000.0,2900.0
3,56,5,known,3,100.0,300.0,150.0,1388.9965809133862,102.42052491260527,1385.2153398896878,865.6825400211144,69.02917624562777,862.9259718679572,1.0,1.0,7.0,3284.7835401640214,35.462574681062,61.72722898410953,0.003080890997807728,110000.0,2900.0
3,57,5,known,3,100.0,300.0,150.0,986.8972671490193,100.13057896751621,981.8045034841879,615.3801394894317,77.54859958545754,610.4743489945887,1.0,1.0,6.0,2588.3469848038076,45.07085081487061,63.69412329947336,0.003070446000492666,110000.0,2900.0
3,58,5,known,3,100.0,300.0,150.0,2656.7357822616696,148.37920256071615,2652.5890426142105,1650.2805711870599,69.74324692064307,1648.8061872598776,1.0,1.0,7.0,5032.433911266404,23.230515427793303,70.69656755595211,0.00284685100268689,110000.0,2900.0
3,59,5,known,3,100.0,300.0,150.0,104.32154017736626,23.98720054894024,101.5263411869194,66.13013807537818,20.342119972674507,62.92371029179621,1.0,1.0,5.0,973.3301486686521,120.75174464465756,100.23763245791886,0.002454804998706095,110000.0,2900.0
3,60,5,known,3,100.0,300.0,150.0,766.3640045331837,33.01869509362698,765.6523710003461,475.34671876352127,24.600452142075522,474.7097226660221,1.0,1.0,6.0,2282.9017557573447,51.338793891753866,37.643117862832064,0.0040441050005028956,110000.0,2900.0
3,61,5,known,3,100.0,300.0,150.0,751.537641372449,21.92604334169535,751.2177281075319,465.6868288519978,15.402099692779561,465.43205507494173,1.0,1.0,24.0,0.0004976301275398377,236405183.7834796,53.77626164041359,0.010607699998217868,110000.0,2900.0
3,62,5,known,3,100.0,300.0,150.0,756.1408610078647,66.98477172592939,753.1680038627106,471.3287148392411,63.950360556031974,466.97013696462886,1.0,1.0,31.0,0.00262001251040827,44771815.56330797,133.13543239953069,0.008858013999997638,110000.0,2900.0
3,63,5,known,3,100.0,300.0,150.0,806.6272335803055,16.603377304365605,806.4563359633958,501.2642733465115,20.341252336236025,500.851380338519,1.0,1.0,21.0,0.0006576712117229784,177648181.59183833,58.564218728704475,0.005620285999611951,110000.0,2900.0
3,64,5,known,3,100.0,300.0,150.0,695.8612765492182,70.88662305786664,692.2412894881087,433.4246187199488,52.71020145924021,430.2075484863781,1.0,1.0,6.0,2276.160417455852,51.32158508977074,63.47380690251301,0.0024222569991252385,110000.0,2900.0
3,65,5,known,3,100.0,300.0,150.0,2149.6873153508013,142.20026355823006,2144.978936685418,1340.2107640790714,81.95554545453513,1337.7025755834734,1.0,1.0,7.0,4382.230072970192,26.538005271492143,64.05224419636706,0.004545993000647286,110000.0,2900.0
3,66,5,known,3,100.0,300.0,150.0,758.1909950520516,12.18097725651805,758.093139905049,472.25475883953754,14.693330663606504,472.0261256335286,1.0,1.0,26.0,0.001497370561689366,77750503.87038623,76.98231119810518,0.007423730003210949,110000.0,2900.0
3,67,5,known,3,100.0,300.0,150.0,461.81719301751855,53.95922109769063,458.6540332593953,286.8992134451929,42.050649417636315,283.80081317541254,1.0,1.0,10.0,1901.1158162004274,61.76925436902014,75.64130641103493,0.002833739999914542,110000.0,2900.0
3,68,5,known,3,100.0,300.0,150.0,713.0984953666926,90.59357727606101,707.3204845404714,446.73574297574817,72.52906645793169,440.80875509775734,1.0,1.0,27.0,0.0027630396576216014,42114902.32392256,97.36962377665189,0.013904621999245137,110000.0,2900.0
3,69,5,known,3,100.0,300.0,150.0,2921.749821514376,182.68212592463706,2916.03313773814,1815.404404615935,84.84145741317121,1813.4208224796985,1.0,1.0,7.0,5324.976429506181,22.01626639514544,122.94851704070749,0.0031217420000757556,110000.0,2900.0
3,70,5,known,3,100.0,300.0,150.0,783.997908364503,43.97865666190075,782.7634368556891,487.9923863676828,43.81043705440262,486.0218253925723,1.0,1.0,26.0,0.018670102512046816,6259340.969703099,52.14262746420233,0.013021665999985998,110000.0,2900.0
3,71,5,known,3,100.0,300.0,150.0,813.1365035197555,21.48301802527182,812.8526639513825,505.7049797461532,19.89686872052161,505.3134088416569,1.0,1.0,26.0,0.0027256920528471768,42956886.28118347,73.46764744919288,0.00844213899836177,110000.0,2900.0
3,72,5,known,3,100.0,300.0,150.0,1123.6549603519243,77.92382190974537,1120.9497526216164,700.5785972697793,54.53371547927013,698.452893779185,1.0,1.0,6.0,2780.8496476632836,41.79700208846969,89.99424202144385,0.004269390999979805,110000.0,2900.0
3,73,5,known,3,100.0,300.0,150.0,854.2356305804824,79.21583107585865,850.5547393673118,531.3103698606883,60.079284628177426,527.9026318177131,1.0,1.0,27.0,0.0004114970488958756,284550263.74927485,46.23497265780778,0.006647287998930551,110000.0,2900.0
3,74,5,known,3,100.0,300.0,150.0,797.9787614869307,48.43025217201381,796.5077617065454,494.9461292153763,33.68364081213782,493.7986261290354,1.0,1.0,6.0,2406.3388250509192,48.889419834164585,52.38114938677654,0.003206302000762662,110000.0,2900.0
3,75,5,known,3,100.0,300.0,150.0,780.8183959314332,9.48007220232795,780.760844084778,486.02196283742256,8.0175586461409,485.9558283565459,1.0,1.0,27.0,0.014759807280559308,7919532.335184833,131.31713106495502,0.006109532001573825,110000.0,2900.0
3,76,5,known,3,100.0,300.0,150.0,1568.405747021248,37.527988303169884,1567.9567077515874,976.1507419615464,21.854479792167727,975.9060675828853,1.0,1.0,9.0,3540.099295579388,32.963866792468345,53.01590618392611,0.002820607001922326,110000.0,2900.0
3,77,5,known,3,100.0,300.0,150.0,857.3698885588398,51.759635030789575,855.8060913483127,532.154416304532,41.24763854343881,530.5534422723191,1.0,1.0,33.0,0.000247579866472191,474586411.23523635,98.20176136707317,0.008043185000133235,110000.0,2900.0
3,78,5,known,3,100.0,300.0,150.0,797.0133387625573,39.81468889087666,796.0182489830001,495.679797744689,32.436647877267916,494.6173528766474,1.0,1.0,31.0,0.0007696456337861635,151880992.4893408,68.48509303748509,0.00710943499871064,110000.0,2900.0
3,79,5,known,3,100.0,300.0,150.0,2142.805376871319,93.25671570176199,2140.7751091894625,1330.295605261543,42.34335640159594,1329.6215392158863,1.0,1.0,7.0,4313.099827251337,27.23799701154459,49.32023186912412,0.011765754003135953,110000.0,2900.0
3,80,5,known,3,100.0,300.0,150.0,789.7615754376358,37.730091139372874,788.8598013971501,489.9187080321963,37.78405942463869,488.4595227174222,1.0,1.0,6.0,2374.1467909575117,49.52868467332744,63.46717342783151,0.014528339997923467,110000.0,2900.0
3,81,5,known,3,100.0,300.0,150.0,804.717783976868,23.261335890677433,804.3815152657488,498.50579992025354,21.935304110446218,498.02296632556425,1.0,1.0,25.0,0.005641232919965643,20894053.8346454,94.90891947397097,0.013778790998912882,110000.0,2900.0
3,82,5,known,3,100.0,300.0,150.0,656.3559758278149,56.008030753728875,653.9619771026237,408.0889650399503,45.57983473087034,405.5355496787974,1.0,1.0,27.0,0.00017999609187255658,650023210.7532202,106.33538095137351,0.022494894001283683,110000.0,2900.0
3,83,5,known,3,100.0,300.0,150.0,641.0463391294945,4.652844199826238,641.0294532641843,397.78859425952004,5.2409724075302595,397.7540671460049,1.0,1.0,25.0,0.0012530181765727534,93569803.44347829,72.9314105860651,0.01922569099770044,110000.0,2900.0
3,84,5,known,3,100.0,300.0,150.0,707.7755027580417,78.86765859558304,703.3676526056976,441.7327086088141,60.22469795506958,437.60801136530864,1.0,1.0,22.0,0.0007027089849345071,166269960.26782808,38.06632844830108,0.018134713001927594,110000.0,2900.0
3,85,5,known,3,100.0,300.0,150.0,764.0524883993576,42.85353113475254,762.8497754463414,475.7603097945664,43.33625241651185,473.7824834270619,1.0,1.0,29.0,0.0006940828488267996,169018675.7796751,37.15990403233752,0.017387490002874983,110000.0,2900.0
3,86,5,known,3,100.0,300.0,150.0,768.9502634850352,21.28467796828125,768.6556252298501,478.7779244351825,14.150576015219317,478.56876425953556,1.0,1.0,32.0,0.0037816378002030397,30868847.949841492,62.017709818578965,0.01961412200034829,110000.0,2900.0
3,87,5,known,3,100.0,300.0,150.0,1259.676082775016,89.27877262197175,1256.5083104677515,782.1661838464383,61.27213167162274,779.76256965394,1.0,1.0,8.0,3013.2966004709483,38.948531779685716,74.70156353208118,0.007369678998657037,110000.0,2900.0
3,88,5,known,3,100.0,300.0,150.0,1641.1654850467598,58.10446673912878,1640.1365858530587,1024.2957116976684,30.430523281844213,1023.8435858347827,1.0,1.0,7.0,3562.425593213152,32.618273419539804,50.985364173942514,0.010464611001225421,110000.0,2900.0
3,89,5,known,3,100.0,300.0,150.0,1645.6085735328606,74.4972923514336,1643.9214490714457,1020.8966830824678,36.9803701173763,1020.2266854747363,1.0,1.0,8.0,3728.033082515735,31.491445635581186,66.04591996338412,0.006585398001334397,110000.0,2900.0
3,90,5,known,3,100.0,300.0,150.0,53.16321934978869,52.39894469776201,8.982120361842473,46.01703664112708,45.67851540859752,5.571435299575096,1.0,1.0,9.0,1116.5054040633809,105.02838014381994,66.50537174055022,0.027712955001334194,110000.0,2900.0
3,91,5,known,3,100.0,300.0,150.0,510.3572103879765,53.19023168817774,507.5778575233117,317.8998490042795,44.56596652530963,314.76052583608487,1.0,1.0,9.0,1744.8100755526784,67.06512468368953,63.10451539092873,0.025470110998867312,110000.0,2900.0
3,92,5,known,3,100.0,300.0,150.0,880.3194534945984,43.1274909608764,879.2623952634661,547.2179243860699,39.7356601862735,545.7733358079702,1.0,1.0,26.0,0.00948930102320311,12339812.403703678,68.91005331238267,0.02840756200021133,110000.0,2900.0
3,93,5,known,3,100.0,300.0,150.0,1714.6867559547377,63.87532673058409,1713.4966045141855,1063.8148836640657,56.59965888615499,1062.3081404748627,1.0,1.0,9.0,3586.3812572177862,32.794357837766924,25.270531986614383,0.02197124200029066,110000.0,2900.0
3,94,5,known,3,100.0,300.0,150.0,382.84147266256196,23.8341632365074,382.098843040979,238.1864496536508,17.703684816107703,237.52760753761456,1.0,1.0,9.0,1810.2179513046556,64.49699408288393,68.41471322317443,0.009586845997546334,110000.0,2900.0
3,95,5,known,3,100.0,300.0,150.0,823.4957221729497,66.78017031453759,820.7835361956946,512.3147065874892,52.022568537458824,509.6665684038837,1.0,1.0,29.0,0.009567693290768248,12232306.951386405,85.52535619020061,0.006784690001950366,110000.0,2900.0
3,96,5,known,3,100.0,300.0,150.0,1214.585664844732,26.96371514247745,1214.28633168295,752.8640300249486,29.567037589970226,752.2832166103137,1.0,1.0,6.0,2770.445111096161,42.340545210807704,112.98240241109131,0.002422779998596525,110000.0,2900.0
3,97,5,known,3,100.0,300.0,150.0,752.36372094931,62.158065160819866,749.7916667556092,469.6118457236686,50.42531777425442,466.8967476555776,1.0,1.0,30.0,0.0025011767116213056,46802138.14783263,95.01971601182163,0.009431271002540598,110000.0,2900.0
3,98,5,known,3,100.0,300.0,150.0,547.4320227900251,28.180178876376115,546.7062255859851,340.0608846805237,20.365794408352297,339.4504966969664,1.0,1.0,9.0,1911.6818125678258,61.21323764667229,62.82640161569355,0.0026927170001727063,110000.0,2900.0
3,99,5,known,3,100.0,300.0,150.0,1094.8838138939916,42.559860861417384,1094.0563167271187,682.7460820552752,25.43157386115163,682.2722679493675,1.0,1.0,6.0,2751.9596894335687,42.29010737306963,41.23451234436224,0.002770394999970449,110000.0,2900.0
4,0,5,known,3,100.0,300.0,150.0,1116.4825378601747,64.05097359053666,1114.6437682635653,692.7610139800126,44.266318193643954,691.3452940204297,1.0,1.0,10.0,2909.6158814077853,54.11167655110617,89.15748125435013,0.0030752659986319486,150000.0,2900.0
4,1,5,known,3,100.0,300.0,150.0,324.12692820585954,65.36287785995168,317.4680452991001,203.87696621327882,50.952293581666574,197.4073988762784,1.0,1.0,17.0,1737.5901869100865,90.22573416417195,73.60857831528628,0.005074937002063962,150000.0,2900.0
4,2,5,known,3,100.0,300.0,150.0,1297.6845905769203,37.67311316090612,1297.137630772292,517.3954543801387,43.562604664170095,515.5582951404268,1.0,1.0,34.0,1362.2053686552276,116.22472787075894,86.40486689079258,0.007209949999378296,150000.0,2900.0
4,3,5,known,3,100.0,300.0,150.0,2135.2443375139856,85.6152653947341,2133.527222047314,771.2878812251913,34.06613155780087,770.5351999782563,1.0,1.0,14.0,2772.0283854930967,56.69808057196009,96.30611467397962,0.004498174999753246,150000.0,2900.0
4,4,5,known,3,100.0,300.0,150.0,290.42533967449435,19.80221031146819,289.74946141766304,180.6818942255289,15.280126407696896,180.0346206647211,1.0,1.0,12.0,859.458562901857,182.64016488129022,109.42522160176681,0.004472926000744337,150000.0,2900.0
4,5,5,known,3,100.0,300.0,150.0,245.21814095901132,13.828811196958814,244.82790003647952,151.94681215126164,12.940837476490366,151.39474379362667,1.0,1.0,35.0,1563.9891060524878,101.13894534935991,113.98895102321993,0.009952112999599194,150000.0,2900.0
4,6,5,known,3,100.0,300.0,150.0,472.3626750313258,78.84269157765385,465.73632749393823,294.5656808999366,60.12973178052289,288.3632357289078,1.0,1.0,21.0,574.6563421473808,274.78502945017516,109.74128466669202,0.0068425350000325125,150000.0,2900.0
4,7,5,known,3,100.0,300.0,150.0,1062.4607567557991,52.89284120331733,1061.1433489380904,530.7917605316198,34.071490068531,529.6971083673825,1.0,1.0,23.0,1273.3191034301528,123.48185754082083,83.57232793867918,0.005264541003271006,150000.0,2900.0
4,8,5,known,3,100.0,300.0,150.0,740.8791021606711,43.288516156171696,739.6133776422645,460.0557738285708,34.64930955152865,458.74910395619025,1.0,1.0,24.0,696.2916083236967,226.11964421078946,68.00440465204188,0.007208260998595506,150000.0,2900.0
4,9,5,known,3,100.0,300.0,150.0,1705.0287624885045,85.51532146009458,1702.882911626239,1057.3716097114525,47.93314307964583,1056.2845898801584,1.0,1.0,10.0,3988.0478612884413,39.47715156787542,49.46817140181213,0.005766780999692855,150000.0,2900.0
4,10,5,known,3,100.0,300.0,150.0,536.3034971576909,34.10519489395058,535.2179712461223,333.554117829925,29.149902974007897,332.2779449164591,1.0,1.0,32.0,572.6343145678838,274.478506392221,58.48624420529628,0.0088534009992145,150000.0,2900.0
4,11,5,known,3,100.0,300.0,150.0,586.3304873644213,1.6030835875658789,586.3282958684589,365.0383870760852,4.239025069465777,365.01377330940574,1.0,1.0,28.0,582.7005297136875,268.59107474515184,100.10889966353673,0.014524746999086346,150000.0,2900.0
4,12,5,known,3,100.0,300.0,150.0,1257.2262085507198,37.214660902968454,1256.6752995426841,780.5586795082447,20.821231452482028,780.2809292020771,1.0,1.0,10.0,3400.9223215190873,46.230995149223276,76.25548708247398,0.004991174999304349,150000.0,2900.0
4,13,5,known,3,100.0,300.0,150.0,611.0993941647953,52.09080646625158,608.8752067790865,381.2002767150177,44.43390860562568,378.6017415882195,1.0,1.0,27.0,572.4688675712245,273.9591887508134,82.35862774507638,0.007522752999648219,150000.0,2900.0
4,14,5,known,3,100.0,300.0,150.0,763.6112771114435,32.64577412009066,762.9131247814981,475.6559308017967,29.506347309614743,474.7398655846884,1.0,1.0,26.0,616.9308838805299,253.87830491880302,87.02919668656004,0.006297299998550443,150000.0,2900.0
4,15,5,known,3,100.0,300.0,150.0,2314.4531803807045,78.6668771332719,2313.115874014196,1431.3469279680462,35.23930408521566,1430.913072010719,1.0,1.0,12.0,5195.170018712261,30.44945716880413,90.69701989444354,0.008590114000980975,150000.0,2900.0
4,16,5,known,3,100.0,300.0,150.0,599.3819445247225,24.76858171626593,598.8699631656293,372.09300878085094,23.844781249154344,371.3282019868224,1.0,1.0,24.0,575.9270480769834,273.54960862012484,96.14191312279114,0.010711612001614412,150000.0,2900.0
4,17,5,known,3,100.0,300.0,150.0,1546.4414701350197,42.790347839286774,1545.8493479913086,960.1037844391453,40.25047243102156,959.259702251402,1.0,1.0,9.0,3901.483921998764,40.33347129134506,90.91197355499716,0.005446205999760423,150000.0,2900.0
4,18,5,known,3,100.0,300.0,150.0,1318.391347129363,34.61404180507721,1317.9368772044788,819.849846341203,36.259338932745806,819.0476365180809,1.0,1.0,8.0,3337.3572442570307,47.03748342779749,74.00816691579324,0.003065452001465019,150000.0,2900.0
4,19,5,known,3,100.0,300.0,150.0,800.801269812014,83.42125329189076,796.4443283944862,498.7965920825579,70.21053199067056,493.83045822504783,1.0,1.0,19.0,2491.112011581116,63.227862977494375,101.4178125038966,0.009045744001923595,150000.0,2900.0
4,20,5,known,3,100.0,300.0,150.0,1056.2464089582013,31.63547715884059,1055.7725479581427,655.0645061277067,21.8247066174828,654.7008395972905,1.0,1.0,13.0,2706.323752368139,58.205822500203816,107.40878469791308,0.00395681099689682,150000.0,2900.0
4,21,5,known,3,100.0,300.0,150.0,1089.8808047962145,68.46913748575405,1087.727974208258,675.6335824316322,57.703924814813156,673.1649090455976,1.0,1.0,16.0,2851.4927401592627,55.40238306163098,78.39292791342122,0.003664546999061713,150000.0,2900.0
4,22,5,known,3,100.0,300.0,150.0,306.48995332340854,48.86675944265093,302.5692173863019,191.33849793135818,38.661957156082885,187.39176571954695,1.0,1.0,14.0,765.1697489225888,206.21727165939419,71.94759265175651,0.004017761002614861,150000.0,2900.0
4,23,5,known,3,100.0,300.0,150.0,315.88601049471845,62.434847112410246,309.6544226913598,198.7764437196276,49.652468102763144,192.47521136272684,1.0,1.0,22.0,649.9581403386036,241.3498557323579,73.34148137227623,0.006259821002458921,150000.0,2900.0
4,24,5,known,3,100.0,300.0,150.0,841.9412815412398,84.81902785711368,837.6579576871932,525.3773246723172,63.49055442443411,521.5268763723681,1.0,1.0,16.0,2605.89824015557,60.04280038483914,106.72977922511272,0.006510222996439552,150000.0,2900.0
4,25,5,known,3,100.0,300.0,150.0,795.0805819369604,36.661543959432926,794.2348915577345,495.3801956156991,38.788903871843914,493.859250338261,1.0,1.0,16.0,2434.4337144291253,64.39808122073394,46.14840906784415,0.005085171000246191,150000.0,2900.0
4,26,5,known,3,100.0,300.0,150.0,1051.3045310756831,47.780999482018444,1050.2181645490432,652.7149663156039,36.367063249991844,651.70105413675,1.0,1.0,7.0,3047.2268806926486,51.62564719429735,64.60372996909143,0.0031315730011556298,150000.0,2900.0
4,27,5,known,3,100.0,300.0,150.0,1442.5559425476208,60.95146149607795,1441.2676943305664,898.002520902957,33.132035482944715,897.3911052449889,1.0,1.0,9.0,3646.7722087284,42.90454840555465,74.41408928476207,0.0032420149982499424,150000.0,2900.0
4,28,5,known,3,100.0,300.0,150.0,1131.165781785533,30.634632423758124,1130.75087670925,705.2183312611138,44.50887562482272,703.8123718274097,1.0,1.0,9.0,2987.7354443545432,52.38649632851841,85.80772704947482,0.002999636002641637,150000.0,2900.0
4,29,5,known,3,100.0,300.0,150.0,1028.8031815485988,60.70568465371152,1027.010616408245,513.1428382589518,44.3362762408766,511.22389132898064,1.0,1.0,21.0,1091.982856251282,143.24667640035904,63.42398187317371,0.006108671001129551,150000.0,2900.0
4,30,5,known,3,100.0,300.0,150.0,2838.233899556594,85.92728924929307,2836.9328806925446,1120.0618388088265,76.34603388577376,1117.4568474288938,1.0,1.0,12.0,3970.5556401206973,39.5940681506259,102.80150399730073,0.004854463000810938,150000.0,2900.0
4,31,5,known,3,100.0,300.0,150.0,633.6786514079223,42.844430283272004,632.2285884423962,393.3298943402924,34.01702175443249,391.85615729844545,1.0,1.0,14.0,2404.9040684855468,65.54389543426824,61.52325687977371,0.004171781001787167,150000.0,2900.0
4,32,5,known,3,100.0,300.0,150.0,917.3274949879136,38.26058677293764,916.5292469750167,535.0200439069567,40.72545397631912,533.4677916993908,1.0,1.0,25.0,821.5116622631343,192.23438637058277,114.12193129490615,0.006058648999896832,150000.0,2900.0
4,33,5,known,3,100.0,300.0,150.0,569.9671608079404,32.364490087560796,569.0475412308157,354.9196249013075,33.89196241888155,353.2977144328589,1.0,1.0,18.0,2101.137713786422,74.7924827682209,93.22801600710481,0.0046760759978496935,150000.0,2900.0
4,34,5,known,3,100.0,300.0,150.0,497.4462346042832,49.336043038929894,494.993647615038,310.44558241168653,43.58326690953314,307.3710436661587,1.0,1.0,15.0,1853.7797994433522,84.75707274938304,130.82548950966455,0.004043420998641523,150000.0,2900.0
4,35,5,known,3,100.0,300.0,150.0,1140.914243026605,41.09547691284821,1140.1738778441984,709.6314611504969,26.357810286327076,709.1417887076598,1.0,1.0,13.0,3026.405825178977,51.79840896546818,71.67169532864965,0.0038361820006684866,150000.0,2900.0
4,36,5,known,3,100.0,300.0,150.0,1162.727963487187,60.592709471401065,1161.1480700728807,722.2996024262484,39.67469451531247,721.2091473908475,1.0,1.0,7.0,3022.6333168696974,51.960171841404076,117.71472475654618,0.004902479999145726,150000.0,2900.0
4,37,5,known,3,100.0,300.0,150.0,2240.005611986362,73.85726318875315,2238.787673363569,1391.6420391195807,41.95378994470834,1391.0095055585277,1.0,1.0,9.0,5153.757178688868,30.484807023604628,94.3302033974278,0.0035612680003396235,150000.0,2900.0
4,38,5,known,3,100.0,300.0,150.0,530.9618236163792,51.940516344137194,528.41521637812,330.90768703640157,39.37224676826491,328.5570323767244,1.0,1.0,26.0,582.4448229229847,269.2475598291782,89.43286306067554,0.008238510999944992,150000.0,2900.0
4,39,5,known,3,100.0,300.0,150.0,1694.7540995412455,67.7513243694533,1693.3993078887338,1054.1971697935558,38.46781636700672,1053.4950877458791,1.0,1.0,10.0,4025.4570323006956,38.92100229241746,50.11851540168515,0.00327546100015752,150000.0,2900.0
4,40,5,known,3,100.0,300.0,150.0,1379.039323030728,88.23788396993436,1376.213475554413,859.5387197696094,75.87009967146844,856.1837061980453,1.0,1.0,13.0,3395.846743315525,46.141065447082,75.83295185021343,0.0035428599985607434,150000.0,2900.0
4,41,5,known,3,100.0,300.0,150.0,1785.7838208948533,100.17454481737302,1782.9719334696365,1113.015698996717,60.29929859691464,1111.3810961150411,1.0,1.0,11.0,4398.195765688932,35.51879275932526,115.38076653291306,0.004497294001339469,150000.0,2900.0
4,42,5,known,3,100.0,300.0,150.0,610.5789805021683,38.828898141031885,609.3430955547298,380.34087063839524,34.026652759363415,378.8157398788574,1.0,1.0,31.0,582.2186085126704,269.39383204684856,69.85745815174207,0.007517723999626469,150000.0,2900.0
4,43,5,known,3,100.0,300.0,150.0,1384.6062591043126,25.86510496879747,1384.3646517792167,853.936666761914,16.447952898391875,853.7782473721735,1.0,1.0,8.0,3613.4787866393795,43.98432328191613,55.302710070240295,0.003425507999054389,150000.0,2900.0
4,44,5,known,3,100.0,300.0,150.0,334.82944316737365,29.347213133109342,333.5408477129801,208.74619683567425,23.00294174302299,207.47491261481508,1.0,1.0,29.0,733.8529562147619,213.5342559477216,84.78900889216983,0.00876298000002862,150000.0,2900.0
4,45,5,known,3,100.0,300.0,150.0,1318.0060794269439,77.29207032219813,1315.7378011107273,818.8469541831621,50.383543291453314,817.2954379784827,1.0,1.0,16.0,3275.0134553183148,47.95939773068632,47.324304404236784,0.005711072000849526,150000.0,2900.0
4,46,5,known,3,100.0,300.0,150.0,428.3604765036583,42.99721796248734,426.19706366647756,266.8290057275655,32.993500056899144,264.7813196801402,1.0,1.0,20.0,2069.137114198506,75.87794949483889,106.2453542348546,0.004167294002400013,150000.0,2900.0
4,47,5,known,3,100.0,300.0,150.0,1915.3759260626177,103.75570997067962,1912.5636435916874,733.7222142591728,58.368255040928524,731.3969062696812,1.0,1.0,14.0,2507.4025721706903,62.65323641120324,59.74682664790374,0.005240006001258735,150000.0,2900.0
4,48,5,known,3,100.0,300.0,150.0,543.238467000442,54.00936548828453,540.5469641655045,338.35575232243366,48.219110295386024,334.9022731066504,1.0,1.0,32.0,572.3317348152906,275.58795833298205,113.89176970643025,0.007393422998575261,150000.0,2900.0
4,49,5,known,3,100.0,300.0,150.0,552.8782697343667,76.59490127447434,547.5468950174228,345.45613394063696,59.52591226867573,340.28900400364574,1.0,1.0,22.0,2033.609519035981,77.14853436424676,73.91708745139002,0.005695735999324825,150000.0,2900.0
4,50,5,known,3,100.0,300.0,150.0,1934.5995671271792,72.12004234060787,1933.254816267493,1199.5727682721422,33.26678557571128,1199.1113990608003,1.0,1.0,11.0,4547.538472312407,34.634948166842506,85.79383459665365,0.006588279000425246,150000.0,2900.0
4,51,5,known,3,100.0,300.0,150.0,1269.6899158311583,72.0861073476165,1267.6419350474334,531.8762033582216,51.9259459957207,529.3354246894928,1.0,1.0,34.0,1441.895866005017,108.60410893357928,100.88114563353585,0.01086844800011022,150000.0,2900.0
4,52,5,known,3,100.0,300.0,150.0,1961.1261543278245,72.86569188162139,1959.7720235107079,1220.9089595699322,35.69781000478934,1220.3869689237902,1.0,1.0,9.0,4532.409447185392,34.51970926643504,72.5397808153365,0.0032837359976838343,150000.0,2900.0
4,53,5,known,3,100.0,300.0,150.0,604.3181842891689,19.41222575704688,604.0063189683659,375.0685943865137,15.61767179502088,374.74329723529166,1.0,1.0,29.0,588.2906800222278,267.521198650699,89.59309212865936,0.008245369001087965,150000.0,2900.0
4,54,5,known,3,100.0,300.0,150.0,1633.658012262735,85.47315849474171,1631.4204976667306,600.9843280494298,67.23117210238958,597.2119657699128,1.0,1.0,27.0,1962.3039854470421,80.52156899811055,94.55643151614852,0.00728501900084666,150000.0,2900.0
4,55,5,known,3,100.0,300.0,150.0,896.1130999781146,87.20557575475752,891.8597846689062,545.4099455978882,70.95641378807193,540.7746259759488,1.0,1.0,26.0,785.6815649671316,199.67381830108258,124.61629233725336,0.007537197998317424,150000.0,2900.0
4,56,5,known,3,100.0,300.0,150.0,1253.6678494320556,36.418236255578464,1253.138774744293,779.1029040480796,20.339558219140947,778.8373626551319,1.0,1.0,15.0,3165.951562441656,49.56202136775035,42.370071057642015,0.004019938001874834,150000.0,2900.0
4,57,5,known,3,100.0,300.0,150.0,994.5808522428234,63.296100759086144,992.5646957638362,615.6872535033733,43.43356899944173,614.1533352596058,1.0,1.0,9.0,2939.562690364735,53.7730794615499,58.446497285097884,0.0029777639974781778,150000.0,2900.0
4,58,5,known,3,100.0,300.0,150.0,1769.4869792754587,9.159835592198062,1769.463270948937,1098.8649468859307,39.65210272350332,1098.1492987040622,1.0,1.0,18.0,4159.817472983008,37.817581402381855,86.2194401245974,0.004452346998732537,150000.0,2900.0
4,59,5,known,3,100.0,300.0,150.0,1917.5363707730164,120.64263347550859,1913.737465857176,1191.428855661633,71.22501857672466,1189.297992444254,1.0,1.0,18.0,4453.257245398323,35.25257181030645,89.0640854575446,0.004345229001046391,150000.0,2900.0
4,60,5,known,3,100.0,300.0,150.0,898.702961384333,33.014105825699374,898.0963654405352,535.8680293713481,32.59346310268325,534.8758837948352,1.0,1.0,20.0,809.7659467011911,193.2180646085175,73.15415794418102,0.006533902000228409,150000.0,2900.0
4,61,5,known,3,100.0,300.0,150.0,804.3282194624328,62.42172033085917,801.9023715232069,502.11948174978437,64.8327218373615,497.91635053674565,1.0,1.0,20.0,2466.678040132959,63.72611013507365,53.35484281663264,0.004871318997174967,150000.0,2900.0
4,62,5,known,3,100.0,300.0,150.0,462.35621169255006,56.630128149957976,458.8750320908793,287.90055850505706,43.287046262793815,284.6277625485022,1.0,1.0,26.0,606.5308736470888,259.60581353996554,90.42451322364279,0.0072196010005427524,150000.0,2900.0
4,63,5,known,3,100.0,300.0,150.0,298.21900795442184,42.498506011510415,295.17529316002907,186.1714987255302,33.76980117626863,183.0831162784416,1.0,1.0,30.0,673.2791022602324,233.81464489186612,81.64521917995057,0.00901471799807041,150000.0,2900.0
4,64,5,known,3,100.0,300.0,150.0,673.1872482738036,89.87841937786466,667.1603562627148,421.0154966815037,73.36139758095923,414.57466612293337,1.0,1.0,26.0,682.3618131134768,230.03631794038054,68.09002372674553,0.009693937001429731,150000.0,2900.0
4,65,5,known,3,100.0,300.0,150.0,1005.5839479694272,30.411850309694124,1005.1239703511803,626.8056623551712,25.14538657748086,626.3010840597148,1.0,1.0,18.0,2841.1367233116166,55.000912777964906,82.14910576812863,0.0037108489996171556,150000.0,2900.0
4,66,5,known,3,100.0,300.0,150.0,467.4190978271443,48.55302224409786,464.8905430792346,292.94349378658467,39.007222858911675,290.33485343087204,1.0,1.0,30.0,2027.2779614579863,76.79094210751056,94.54468517179144,0.007849259000067832,150000.0,2900.0
4,67,5,known,3,100.0,300.0,150.0,1847.9176386262857,93.56707361793143,1845.547290610762,1148.9246583598078,51.10259554750738,1147.7876089745475,1.0,1.0,8.0,4171.327122244695,37.58215398221013,76.49137292314727,0.004442474000825314,150000.0,2900.0
4,68,5,known,3,100.0,300.0,150.0,716.3655606376266,17.972806190574804,716.140066401327,444.48868117725164,19.58648933370562,444.05693005545254,1.0,1.0,29.0,605.182247763307,260.2671140915965,114.70676643417413,0.00948791599876131,150000.0,2900.0
4,69,5,known,3,100.0,300.0,150.0,907.1976130295526,40.86682194567728,906.2766751663524,561.3241685367191,27.376046238040246,560.6561997122761,1.0,1.0,20.0,2732.7410825159277,57.855283470614296,98.40877427183663,0.007726775002083741,150000.0,2900.0
4,70,5,known,3,100.0,300.0,150.0,1574.750352917708,60.46693361359691,1573.5890263832594,978.2740389150849,42.57372041214219,977.3472123792557,1.0,1.0,13.0,3662.8339207290205,42.897508561855425,112.80840048433191,0.004324908000853611,150000.0,2900.0
4,71,5,known,3,100.0,300.0,150.0,830.7302084558501,18.118072720006676,830.5326090419404,514.9021965836941,15.261460582760533,514.6759756075603,1.0,1.0,29.0,679.1407431693293,232.14043933241348,71.01483474284359,0.008763480000197887,150000.0,2900.0
4,72,5,known,3,100.0,300.0,150.0,418.3038160454763,27.433749851127228,417.40324853469156,260.50668228611414,23.823173346924605,259.41508808741406,1.0,1.0,23.0,605.4252310043926,259.2097894903966,54.301275915353365,0.005796239998744568,150000.0,2900.0
4,73,5,known,3,100.0,300.0,150.0,276.340888515281,20.999818953695634,275.54181945637026,172.01336929421572,18.808386278339306,170.98199853070207,1.0,1.0,30.0,815.3595085161073,192.91585943285293,77.73916945715179,0.014007235997269163,150000.0,2900.0
4,74,5,known,3,100.0,300.0,150.0,1317.335997931654,39.25065560480643,1316.7511220732565,820.6288941051531,36.2614914045994,819.8273513864738,1.0,1.0,8.0,3369.258483950985,46.45929271788774,98.41295637411636,0.0031078749998414423,150000.0,2900.0
4,75,5,known,3,100.0,300.0,150.0,805.7158272442938,20.171797704888228,805.4632783990278,499.48875653554865,14.369765951763549,499.2820122254757,1.0,1.0,8.0,2558.103644341457,61.602701787782095,61.026293577555265,0.0026415399988763966,150000.0,2900.0
4,76,5,known,3,100.0,300.0,150.0,1219.2907790936638,23.65054995246616,1219.061382978634,759.0963503249947,14.339655365194666,758.9608971223315,1.0,1.0,17.0,3154.52194797117,49.614050728071824,83.38484079215388,0.0071222939986910205,150000.0,2900.0
4,77,5,known,3,100.0,300.0,150.0,2203.372400134788,65.53535645301659,2202.3975687260267,1366.79559820289,40.0700809700683,1366.2081085536888,1.0,1.0,8.0,4889.073378280691,32.206072082724,76.95999816163632,0.0028909440006827936,150000.0,2900.0
4,78,5,known,3,100.0,300.0,150.0,279.5293744995718,29.201301497390997,277.9999194226148,174.59895131106975,23.60274191925485,172.9962553722431,1.0,1.0,27.0,704.8753660684445,222.1744394379631,77.35313645121224,0.006607502997212578,150000.0,2900.0
4,79,5,known,3,100.0,300.0,150.0,1309.4313114548333,61.3495365546164,1307.9933462303463,814.6358651257608,38.401364325946744,813.7302550397782,1.0,1.0,12.0,3254.0583881876983,48.14877964897358,62.48433761239475,0.007726511001237668,150000.0,2900.0
4,80,5,known,3,100.0,300.0,150.0,886.1669305575602,50.76789093171179,884.7115066868712,527.2139166382498,33.838958211845664,526.1268276795819,1.0,1.0,36.0,831.6812595354077,189.30278820798017,72.49611169201444,0.009762975001649465,150000.0,2900.0
4,81,5,known,3,100.0,300.0,150.0,1455.835035876958,54.45789303363709,1454.8161360024849,904.8888867270235,58.65644662755428,902.9857798388083,1.0,1.0,9.0,3405.441422019614,46.18048771058329,59.93642589520382,0.004770904000906739,150000.0,2900.0
4,82,5,known,3,100.0,300.0,150.0,1838.9710918984576,117.13196897846956,1835.2369816133914,1146.122060088312,82.03754332320395,1143.1822331135882,1.0,1.0,10.0,4447.8019905549845,35.16175695860791,109.32902534452775,0.003798109999479493,150000.0,2900.0
4,83,5,known,3,100.0,300.0,150.0,510.8323627021709,72.15889588047379,505.7101902564286,319.6097465955646,55.0746131761899,314.82880602380413,1.0,1.0,26.0,592.4413931597237,264.14832473198754,71.30695451876288,0.013118333998136222,150000.0,2900.0
4,84,5,known,3,100.0,300.0,150.0,969.9241703153839,35.32591208458878,969.2806487789683,537.2308857624557,21.582145570146338,536.797201566571,1.0,1.0,26.0,847.0615923618863,185.3611704552963,67.3799699347102,0.012999644000956323,150000.0,2900.0
4,85,5,known,3,100.0,300.0,150.0,758.9129528571164,69.04284642822512,755.7658072256221,474.5511809903276,51.6966043900379,471.7269172666052,1.0,1.0,29.0,703.8450553203567,221.4172125355763,108.52759070423618,0.009197082999889972,150000.0,2900.0
4,86,5,known,3,100.0,300.0,150.0,490.09629553958604,38.831833197347976,488.5554908422979,304.45407663072626,29.15917773819374,303.0544953151175,1.0,1.0,24.0,597.4801594723299,263.49999123160075,58.5169473163868,0.007529359998443397,150000.0,2900.0
4,87,5,known,3,100.0,300.0,150.0,466.3503233602803,51.19275679408799,463.53201156992316,290.95334773138296,41.00126685278827,288.04990309417826,1.0,1.0,32.0,657.5893818949047,238.65956623297114,73.61729340850589,0.009928200001013465,150000.0,2900.0
4,88,5,known,3,100.0,300.0,150.0,247.2472464995202,36.43030756502644,244.54863236647242,155.31975092088416,33.186739590484436,151.73287495292135,1.0,1.0,29.0,1453.9636282079828,108.21694136713695,94.71738255926732,0.0068665540020447224,150000.0,2900.0
4,89,5,known,3,100.0,300.0,150.0,763.3624414202297,11.004829470515078,763.2831130710141,472.80098090827136,7.53947168996018,472.7408633854915,1.0,1.0,17.0,2517.1124509854544,62.68449669768799,84.41942963622967,0.006336102997011039,150000.0,2900.0
4,90,5,known,3,100.0,300.0,150.0,1322.6766477178876,79.94417148301497,1320.258476156894,824.3356360322732,51.77938481573525,822.7078072686782,1.0,1.0,8.0,3496.207789307592,44.69285088128726,70.75901601732704,0.003212479998182971,150000.0,2900.0
4,91,5,known,3,100.0,300.0,150.0,1672.6240328945855,49.06070783847732,1671.9043640002064,1043.5528553811012,25.581742282910415,1043.23925177105,1.0,1.0,12.0,4057.3076159713937,38.43519480296574,57.562052127895555,0.003536423999321414,150000.0,2900.0
4,92,5,known,3,100.0,300.0,150.0,768.1959048250976,35.83135301691354,767.359799788227,477.3422386252917,27.29248310600066,476.56136345880327,1.0,1.0,23.0,812.9610773070788,193.29935052150879,93.75104520270962,0.006637122998654377,150000.0,2900.0
4,93,5,known,3,100.0,300.0,150.0,304.04702887844206,46.95066260107244,300.40011826084293,190.9895762971852,42.37406773330573,186.22958045893665,1.0,1.0,26.0,721.4365060697542,218.38967260943943,95.9719767280256,0.0073607209997135215,150000.0,2900.0
4,94,5,known,3,100.0,300.0,150.0,1225.333644183621,114.60992215425301,1219.961927812548,539.4838883504275,79.1154127959459,533.6512131044242,1.0,1.0,23.0,1419.0218515596148,110.82929615287276,63.21746055879198,0.005350469000404701,150000.0,2900.0
4,95,5,known,3,100.0,300.0,150.0,129.19225727978127,38.70676870372171,123.25755716207338,82.25653454813754,30.359461211229245,76.44894107070947,1.0,1.0,5.0,1326.4921425455125,118.6745650570598,59.70062701507119,0.005399184999987483,150000.0,2900.0
4,96,5,known,3,100.0,300.0,150.0,323.67179271555193,5.804494571600624,323.6197417378419,201.2451873636757,5.643506744953126,201.1660415394721,1.0,1.0,32.0,769.8434229781213,203.791382330639,82.27257634297737,0.007243725001899293,150000.0,2900.0
4,97,5,known,3,100.0,300.0,150.0,278.8769565203781,48.7195556831948,274.58834966564206,176.3599887095834,43.1705857115946,170.99457929116423,1.0,1.0,32.0,682.7662027467675,229.09539867689472,66.23132511501797,0.008652360000269255,150000.0,2900.0
4,98,5,known,3,100.0,300.0,150.0,327.41462293197844,15.136218038044408,327.0645658172013,203.06316721575973,13.24792826745495,202.63055612694737,1.0,1.0,25.0,771.3864883095413,204.4467760751019,49.92395745238084,0.00568434500019066,150000.0,2900.0
4,99,5,known,3,100.0,300.0,150.0,2218.661522897353,94.8381027028529,2216.6336385295886,1380.2317063240548,69.93968705827655,1378.4585606090602,1.0,1.0,9.0,4991.345541838457,31.42870453722291,59.37707806683577,0.003201993000402581,150000.0,2900.0
5,0,6,known,3,100.0,300.0,150.0,143.2935883439094,143.1746177330848,5.837918932189343,140.51940736195095,140.46077031727108,4.059045113414234,1.0,0.0,1.0,0.0,inf,0.0,0.0011715649998222943,23000.0,2900.0
5,1,6,known,3,100.0,300.0,150.0,205.38067091998914,201.900422519322,37.64889605372403,189.79735056715901,188.63966117738067,20.931137408083508,1.0,0.0,1.0,0.0,inf,0.0,0.002704157002881402,23000.0,2900.0
5,2,6,known,3,100.0,300.0,150.0,215.66351503790077,210.9682741866577,44.756440935423676,159.51486115622546,157.69766438974963,24.009114429894648,1.0,0.0,1.0,0.0,inf,0.0,0.002618991999042919,23000.0,2900.0
5,3,6,known,3,100.0,300.0,150.0,177.20313893948952,176.97629992744064,8.963353948193841,140.74574144504962,140.5707677912498,7.0159088859023315,1.0,0.0,1.0,0.0,inf,0.0,0.0014310769984149374,23000.0,2900.0
5,4,6,known,3,100.0,300.0,150.0,260.19181503696024,258.86445660727355,26.248308853118708,212.04808967344255,211.41720996159148,16.34489725304725,1.0,0.0,1.0,0.0,inf,0.0,0.0010723300001700409,23000.0,2900.0
5,5,6,known,3,100.0,300.0,150.0,210.90122864805141,195.9404011525041,78.01722528681366,196.18604224247704,184.14523569657294,67.67196865039898,1.0,0.0,1.0,0.0,inf,0.0,0.001001472002826631,23000.0,2900.0
5,6,6,known,3,100.0,300.0,150.0,273.209557876222,227.914063285055,150.6606858865864,258.52507243085864,215.04085743797663,143.50136831306008,1.0,0.0,1.0,0.0,inf,0.0,0.0010182039986830205,23000.0,2900.0
5,7,6,known,3,100.0,300.0,150.0,361.5302095932052,330.4913214304578,146.55913109614406,332.0108744576678,320.54639936179416,86.49408427363339,1.0,0.0,1.0,0.0,inf,0.0,0.001010935000522295,23000.0,2900.0
5,8,6,known,3,100.0,300.0,150.0,228.38160848689827,221.98853236602793,53.65864881861876,203.83377169963612,199.77572150051483,40.470576771873475,1.0,0.0,1.0,0.0,inf,0.0,0.0010573489998932928,23000.0,2900.0
5,9,6,known,3,100.0,300.0,150.0,170.94746229000978,162.66248214046934,52.57329899574316,143.93728477297438,139.28789655244634,36.28806720963969,1.0,0.0,1.0,0.0,inf,0.0,0.0009560770013194997,23000.0,2900.0
5,10,6,known,3,100.0,300.0,150.0,207.44353984481353,207.23538493527877,9.290718705976166,201.1864441558954,201.13978459408543,4.33270879913907,1.0,0.0,1.0,0.0,inf,0.0,0.0010058500010927673,23000.0,2900.0
5,11,6,known,3,100.0,300.0,150.0,240.156120728152,130.6855701437309,201.48509642006454,138.6422471450484,98.12596844613715,97.94369305849348,1.0,0.0,1.0,0.0,inf,0.0,0.0012627220021386165,23000.0,2900.0
5,12,6,known,3,100.0,300.0,150.0,236.72243610112392,208.0974736123506,112.8403882916385,200.95844873232596,185.95972256069936,76.17926031440973,1.0,0.0,1.0,0.0,inf,0.0,0.0011406409976189025,23000.0,2900.0
5,13,6,known,3,100.0,300.0,150.0,328.27340469693223,327.09785284869184,27.756492809636256,309.59100959060964,309.0228078180217,18.748265722432667,1.0,0.0,1.0,0.0,inf,0.0,0.0013134860018908512,23000.0,2900.0
5,14,6,known,3,100.0,300.0,150.0,329.03791938853516,288.9873964079891,157.32843707628936,250.75158158401223,231.68063535823347,95.91891819077604,1.0,0.0,1.0,0.0,inf,0.0,0.0018428029979986604,23000.0,2900.0
5,15,6,known,3,100.0,300.0,150.0,477.22599340883,424.5306241970136,217.98715077714724,397.10222674451046,386.52523317870316,91.0407743903672,1.0,0.0,1.0,0.0,inf,0.0,0.0016427750015282072,23000.0,2900.0
5,16,6,known,3,100.0,300.0,150.0,139.80071305042995,101.0749720094435,96.58203457527112,114.82302419921751,98.4599063457484,59.075999599165016,1.0,0.0,1.0,0.0,inf,0.0,0.0018272439992870204,23000.0,2900.0
5,17,6,known,3,100.0,300.0,150.0,215.421003775571,204.79977353308033,66.80764648207253,182.3400986095805,174.7137129358315,52.18266065588654,1.0,0.0,1.0,0.0,inf,0.0,0.0019465100012894254,23000.0,2900.0
5,18,6,known,3,100.0,300.0,150.0,383.8700408902364,380.70329736097557,49.205768681653176,371.6755146268899,369.40903583043473,40.983562802568024,1.0,0.0,1.0,0.0,inf,0.0,0.0035761090002779383,23000.0,2900.0
5,19,6,known,3,100.0,300.0,150.0,234.7013260592389,211.52262540831782,101.70000685515045,182.25752085767968,176.68914944118518,44.70736381110023,1.0,0.0,1.0,0.0,inf,0.0,0.001539114000479458,23000.0,2900.0
5,20,6,known,3,100.0,300.0,150.0,165.90986244857731,160.88616907817666,40.518181808346206,142.18083262411818,138.93061544702067,30.227028587004146,1.0,0.0,1.0,0.0,inf,0.0,0.0015276740014087409,23000.0,2900.0
5,21,6,known,3,100.0,300.0,150.0,199.8542722444875,180.87283007531695,85.01029040603999,176.30420915656623,157.16024424844397,79.8988848113144,1.0,0.0,1.0,0.0,inf,0.0,0.0016507399996044114,23000.0,2900.0
5,22,6,known,3,100.0,300.0,150.0,213.45234125697593,175.79104911930082,121.07604650640059,197.44619518112697,170.12195422100817,100.21736717520015,1.0,0.0,1.0,0.0,inf,0.0,0.001529244997072965,23000.0,2900.0
5,23,6,known,3,100.0,300.0,150.0,187.06424825504567,162.86882815439947,92.01509545089893,144.6358860176103,138.63096579193888,41.2431187920291,1.0,0.0,1.0,0.0,inf,0.0,0.001553218000481138,23000.0,2900.0
5,24,6,known,3,100.0,300.0,150.0,318.4468674121349,298.15902623505315,111.84633404437851,243.79982498342608,221.20212490944814,102.50841232549696,1.0,0.0,1.0,0.0,inf,0.0,0.0014177369994285982,23000.0,2900.0
5,25,6,known,3,100.0,300.0,150.0,238.69975749521547,231.83657469268698,56.82760652215477,179.5665242020038,177.80971631352173,25.056763527912846,1.0,0.0,1.0,0.0,inf,0.0,0.0014177970006130636,23000.0,2900.0
5,26,6,known,3,100.0,300.0,150.0,383.3779631200623,380.9594073742371,42.99526182218085,349.9830351290402,348.3464427723394,33.80651839501189,1.0,0.0,1.0,0.0,inf,0.0,0.001054747997841332,23000.0,2900.0
5,27,6,known,3,100.0,300.0,150.0,239.547444771981,239.03411962767254,15.673798218964457,218.61504271062572,218.37381997270734,10.267017575533039,1.0,0.0,1.0,0.0,inf,0.0,0.0010436360025778413,23000.0,2900.0
5,28,6,known,3,100.0,300.0,150.0,296.5392874299118,289.95157176955206,62.15814522495136,241.34621412644478,235.43708756674854,53.07893057753616,1.0,0.0,1.0,0.0,inf,0.0,0.0017097540003305767,23000.0,2900.0
5,29,6,known,3,100.0,300.0,150.0,278.3304374221184,263.75679447252884,88.88298917770459,252.45354617162636,248.41464031770983,44.97732151265047,1.0,0.0,1.0,0.0,inf,0.0,0.0022005630016792566,23000.0,2900.0
5,30,6,known,3,100.0,300.0,150.0,386.3838137150903,384.6106101511026,36.974721908543856,318.88711513313166,317.52507533495367,29.441785466631952,1.0,0.0,1.0,0.0,inf,0.0,0.003489642000204185,23000.0,2900.0
5,31,6,known,3,100.0,300.0,150.0,352.8879472933277,349.90882279510976,45.75717512083657,334.017986043925,331.25898609910536,42.84272551358543,1.0,0.0,1.0,0.0,inf,0.0,0.0011269890019320883,23000.0,2900.0
5,32,6,known,3,100.0,300.0,150.0,316.6481926329041,301.1632043226718,97.81003148852064,209.91273422891922,203.61922958426854,51.015344113019765,1.0,0.0,1.0,0.0,inf,0.0,0.0010974039978464134,23000.0,2900.0
5,33,6,known,3,100.0,300.0,150.0,234.40889124778195,229.31178660663826,48.617207028849975,189.75134753694033,188.40534704897138,22.56100829841979,1.0,0.0,1.0,0.0,inf,0.0,0.0009966889992938377,23000.0,2900.0
5,34,6,known,3,100.0,300.0,150.0,307.85467630618297,292.20715452219116,96.89933214232694,252.0817997515822,242.0930440327804,70.25803724086688,1.0,0.0,1.0,0.0,inf,0.0,0.0009281269994971808,23000.0,2900.0
5,35,6,known,3,100.0,300.0,150.0,310.1022858228631,277.33221217531917,138.7453486157587,268.6486481225007,262.0384267364281,59.22802589606352,1.0,0.0,1.0,0.0,inf,0.0,0.0012357009982224554,23000.0,2900.0
5,36,6,known,3,100.0,300.0,150.0,195.40881752105435,191.31047624106148,39.81089857557819,164.68362144407797,161.89821248626768,30.160636029230247,1.0,0.0,1.0,0.0,inf,0.0,0.000921408998692641,23000.0,2900.0
5,37,6,known,3,100.0,300.0,150.0,227.8038064184904,212.96016512163925,80.88598327347707,161.39991699142692,155.8417660521235,41.99139386344184,1.0,0.0,1.0,0.0,inf,0.0,0.0013889799993194174,23000.0,2900.0
5,38,6,known,3,100.0,300.0,150.0,233.4263960261171,180.10442900454004,148.49335680322622,171.76392424743253,159.36629311480064,64.07207107410517,1.0,0.0,1.0,0.0,inf,0.0,0.0012003350020677317,23000.0,2900.0
5,39,6,known,3,100.0,300.0,150.0,330.78672795075215,322.0486231462918,75.52842986546605,294.07070419591514,290.7745785625114,43.9058484495551,1.0,0.0,1.0,0.0,inf,0.0,0.0009558820020174608,23000.0,2900.0
5,40,6,known,3,100.0,300.0,150.0,123.8758371553045,117.2287233561615,40.03310444135042,91.11639070028797,88.98779268466926,19.579821433247215,1.0,0.0,1.0,0.0,inf,0.0,0.000989396998193115,23000.0,2900.0
5,41,6,known,3,100.0,300.0,150.0,397.53978897897764,390.75906184603855,73.11114420287737,356.2250101000818,354.7242949315866,32.663931271238305,1.0,0.0,1.0,0.0,inf,0.0,0.0009049030013557058,23000.0,2900.0
5,42,6,known,3,100.0,300.0,150.0,215.20806345044613,171.62012243343523,129.85008336548714,174.805908808901,148.64096933365573,91.99439107933173,1.0,0.0,1.0,0.0,inf,0.0,0.001069547997758491,23000.0,2900.0
5,43,6,known,3,100.0,300.0,150.0,314.54056976695205,269.4052195581318,162.34715182026946,231.56239027914594,214.65516624069468,86.85793111726315,1.0,0.0,1.0,0.0,inf,0.0,0.0011763990005420055,23000.0,2900.0
5,44,6,known,3,100.0,300.0,150.0,196.31584444715836,185.89300682755493,63.11656512843121,172.92053539938811,170.3903811396152,29.4725224218712,1.0,0.0,1.0,0.0,inf,0.0,0.00228397599857999,23000.0,2900.0
5,45,6,known,3,100.0,300.0,150.0,288.31125172415256,275.5214821109153,84.91931915737558,270.56003587920196,258.1976262265909,80.8499772783439,1.0,0.0,1.0,0.0,inf,0.0,0.0011552309988474008,23000.0,2900.0
5,46,6,known,3,100.0,300.0,150.0,245.97037129815826,224.04035843427837,101.52507743997987,198.44701250318244,185.5597322110445,70.34772599881033,1.0,0.0,1.0,0.0,inf,0.0,0.0010512790031498298,23000.0,2900.0
5,47,6,known,3,100.0,300.0,150.0,388.90883714715005,355.0939232528386,158.6139630677439,340.7665003256629,327.17031815719923,95.29633078517259,1.0,0.0,1.0,0.0,inf,0.0,0.0011249219969613478,23000.0,2900.0
5,48,6,known,3,100.0,300.0,150.0,218.38363579420815,193.86934407972188,100.52904957670565,162.83194233202224,153.5269562348596,54.25601490045615,1.0,0.0,1.0,0.0,inf,0.0,0.0011372199987818021,23000.0,2900.0
5,49,6,known,3,100.0,300.0,150.0,336.7183335004749,325.7424462033107,85.27071511849933,293.8634229168619,291.427648981951,37.757605025573234,1.0,0.0,1.0,0.0,inf,0.0,0.0009892500020214356,23000.0,2900.0
5,50,6,known,3,100.0,300.0,150.0,259.90556339810405,256.3680826931364,42.735325686498165,220.8863186128006,220.10164124867586,18.601969518168005,1.0,0.0,1.0,0.0,inf,0.0,0.0010098439997818787,23000.0,2900.0
5,51,6,known,3,100.0,300.0,150.0,246.4621502884376,240.36110340215842,54.49891279738795,233.51683908926364,232.38783490846325,22.934871370859533,1.0,0.0,1.0,0.0,inf,0.0,0.0010462770005688071,23000.0,2900.0
5,52,6,known,3,100.0,300.0,150.0,304.2106192184397,299.3442281353586,54.195331231692855,232.1002954989725,230.76533952703937,24.85769988716967,1.0,0.0,1.0,0.0,inf,0.0,0.0010558869980741292,23000.0,2900.0
5,53,6,known,3,100.0,300.0,150.0,199.02570767271865,171.41593413947388,101.13263487973614,187.3719323723134,160.8762462499695,96.0576620236718,1.0,0.0,1.0,0.0,inf,0.0,0.0009593579998181667,23000.0,2900.0
5,54,6,known,3,100.0,300.0,150.0,268.1341333854829,262.77766910206566,53.327386094475465,241.09885122494788,236.54918917165227,46.61691929142694,1.0,0.0,1.0,0.0,inf,0.0,0.001108707998355385,23000.0,2900.0
5,55,6,known,3,100.0,300.0,150.0,219.45537157836316,219.43356528767157,3.093628894781593,170.59772659987416,170.59232048142923,1.3581287887257705,1.0,0.0,1.0,0.0,inf,0.0,0.0010220469994237646,23000.0,2900.0
5,56,6,known,3,100.0,300.0,150.0,252.6106139812152,237.82421152650966,85.15730566287613,209.5201338138491,198.86018217048039,65.97965156392219,1.0,0.0,1.0,0.0,inf,0.0,0.0010245669982396066,23000.0,2900.0
5,57,6,known,3,100.0,300.0,150.0,358.42785464117816,337.39474144972,120.97650773912315,288.1157069747944,266.4350581267869,109.64953445665553,1.0,0.0,1.0,0.0,inf,0.0,0.0024322839999513235,23000.0,2900.0
5,58,6,known,3,100.0,300.0,150.0,279.83556067900236,262.9146195826907,95.83237360214257,256.74421206252083,247.69829903926046,67.55104055942996,1.0,0.0,1.0,0.0,inf,0.0,0.0010332899983040988,23000.0,2900.0
5,59,6,known,3,100.0,300.0,150.0,267.4389983130777,240.1581817173229,117.67610451120358,225.75537879251368,198.59660185075805,107.35399753657437,1.0,0.0,1.0,0.0,inf,0.0,0.0010551480008871295,23000.0,2900.0
5,60,6,known,3,100.0,300.0,150.0,414.1658287551042,395.31369233558206,123.53306585854274,292.28875374827487,287.88387523942055,50.552843093671754,1.0,0.0,1.0,0.0,inf,0.0,0.0009604759979993105,23000.0,2900.0
5,61,6,known,3,100.0,300.0,150.0,202.7686668605764,202.03047194692604,17.286430091772715,193.1425666858423,192.74422332411618,12.398203143127953,1.0,0.0,1.0,0.0,inf,0.0,0.001111374000174692,23000.0,2900.0
5,62,6,known,3,100.0,300.0,150.0,339.4099059572529,319.65071629444276,114.11618568091419,280.5038862204127,276.32761351322296,48.22323293642956,1.0,0.0,1.0,0.0,inf,0.0,0.0009192209981847554,23000.0,2900.0
5,63,6,known,3,100.0,300.0,150.0,281.20456692815804,254.81384979584578,118.93658147715972,264.334482822617,241.1643392155381,108.22421309408207,1.0,0.0,1.0,0.0,inf,0.0,0.0009683880016382318,23000.0,2900.0
5,64,6,known,3,100.0,300.0,150.0,228.51355719981277,188.72710292143591,128.84303026160873,216.19576149069542,184.1136661286491,113.32592479750608,1.0,0.0,1.0,0.0,inf,0.0,0.000899670001672348,23000.0,2900.0
5,65,6,known,3,100.0,300.0,150.0,251.27523625041184,233.90413460803077,91.80468488028544,228.27552610406136,222.8592615639796,49.431420708328005,1.0,0.0,1.0,0.0,inf,0.0,0.0011230900017835665,23000.0,2900.0
5,66,6,known,3,100.0,300.0,150.0,171.24521688354693,166.2906237731792,40.894409772241396,140.2603537687644,138.98693979326063,18.85729053293399,1.0,0.0,1.0,0.0,inf,0.0,0.0009771069999260362,23000.0,2900.0
5,67,6,known,3,100.0,300.0,150.0,129.614096315981,119.07496561316694,51.19537604150892,118.28303916877664,115.00972919755891,27.634028749107767,1.0,0.0,1.0,0.0,inf,0.0,0.0009587629974703304,23000.0,2900.0
5,68,6,known,3,100.0,300.0,150.0,266.1810220527744,237.792408349709,119.61231973465274,247.51344589823373,219.69088908179143,114.01236404386101,1.0,0.0,1.0,0.0,inf,0.0,0.0011452899998403154,23000.0,2900.0
5,69,6,known,3,100.0,300.0,150.0,240.05501029871945,228.85561072564033,72.46735409073844,207.624154314629,198.1075452622787,62.13847411241341,1.0,0.0,1.0,0.0,inf,0.0,0.0009413510015292559,23000.0,2900.0
5,70,6,known,3,100.0,300.0,150.0,239.39353260983546,186.76817619342935,149.7561745531599,226.3224399348673,176.51056049451475,141.6540463664341,1.0,0.0,1.0,0.0,inf,0.0,0.0013424010030576028,23000.0,2900.0
5,71,6,known,3,100.0,300.0,150.0,264.12779541691015,251.50620878309718,80.67291525258209,211.42093584993765,207.32138691144652,41.43253123787797,1.0,0.0,1.0,0.0,inf,0.0,0.0017951440022443421,23000.0,2900.0
5,72,6,known,3,100.0,300.0,150.0,414.1686837747848,397.3616700567188,116.78784949417063,349.7768440475891,339.50619270989597,84.13908570648034,1.0,0.0,1.0,0.0,inf,0.0,0.0010798080002132338,23000.0,2900.0
5,73,6,known,3,100.0,300.0,150.0,233.1251388284683,229.08834435741696,43.195611274412784,175.56633256358776,171.94960387307967,35.45237450043757,1.0,0.0,1.0,0.0,inf,0.0,0.0009454569990339223,23000.0,2900.0
5,74,6,known,3,100.0,300.0,150.0,129.71256369742954,119.33498269417672,50.838086965780505,104.04316414898238,100.56448412789256,26.678915611826138,1.0,0.0,1.0,0.0,inf,0.0,0.0010686929999792483,23000.0,2900.0
5,75,6,known,3,100.0,300.0,150.0,137.11307912486086,112.01791017913091,79.06949010965303,129.3825399768412,105.38657968948628,75.0567150374333,1.0,0.0,1.0,0.0,inf,0.0,0.001019253999402281,23000.0,2900.0
5,76,6,known,3,100.0,300.0,150.0,193.8730128534818,137.74750205912628,136.4271629454975,168.94478523450127,110.84835053242548,127.49503379415326,1.0,0.0,1.0,0.0,inf,0.0,0.0009891959998640232,23000.0,2900.0
5,77,6,known,3,100.0,300.0,150.0,318.45960424601765,284.7557362741234,142.5857292842171,273.5227390119961,238.14230496030027,134.5471342869104,1.0,0.0,1.0,0.0,inf,0.0,0.0008984599990071729,23000.0,2900.0
5,78,6,known,3,100.0,300.0,150.0,173.72031936345132,152.74522143199167,82.75050869590686,160.19550167800958,142.73051866886027,72.73649564274659,1.0,0.0,1.0,0.0,inf,0.0,0.0010640049986250233,23000.0,2900.0
5,79,6,known,3,100.0,300.0,150.0,295.31046413730957,293.35725309654504,33.90858718146202,199.88822020178492,199.1639836633916,17.00024078551656,1.0,0.0,1.0,0.0,inf,0.0,0.0011568729969440028,23000.0,2900.0
5,80,6,known,3,100.0,300.0,150.0,133.58678450936404,53.471070154275566,122.41843673282143,112.60770122991539,53.23701280297822,99.22859892239444,1.0,0.0,1.0,0.0,inf,0.0,0.0010549150028964505,23000.0,2900.0
5,81,6,known,3,100.0,300.0,150.0,139.685963462252,111.22071497046481,84.51106998397447,96.7704707082714,89.67530274252738,36.37119848364188,1.0,0.0,1.0,0.0,inf,0.0,0.0009119660026044585,23000.0,2900.0
5,82,6,known,3,100.0,300.0,150.0,208.65801699152243,206.77870019797876,27.941674954606487,185.3584218461596,185.00644601950071,11.41750763224726,1.0,0.0,1.0,0.0,inf,0.0,0.0009719100016809534,23000.0,2900.0
5,83,6,known,3,100.0,300.0,150.0,243.3916153059949,221.4587473605176,100.97277662207695,167.8143628504787,162.6587698923934,41.276930070022665,1.0,0.0,1.0,0.0,inf,0.0,0.0010855369982891716,23000.0,2900.0
5,84,6,known,3,100.0,300.0,150.0,311.1017681014822,277.86440103171094,139.91313289022196,235.43536937353448,222.172751596556,77.90431053585952,1.0,0.0,1.0,0.0,inf,0.0,0.0013148870020813774,23000.0,2900.0
5,85,6,known,3,100.0,300.0,150.0,227.55848003472417,222.10550114676644,49.51775637140372,194.45039301503672,191.09566208217942,35.9639163200526,1.0,0.0,1.0,0.0,inf,0.0,0.0019666480002342723,23000.0,2900.0
5,86,6,known,3,100.0,300.0,150.0,315.144945944497,312.9699917389141,36.961077166446366,274.8092910755067,274.3926927278138,15.126025221520843,1.0,0.0,1.0,0.0,inf,0.0,0.0017833829988376237,23000.0,2900.0
5,87,6,known,3,100.0,300.0,150.0,132.6000361676644,126.24955988678272,40.544028167654545,124.53886860514108,123.23033024996147,18.005985114234363,1.0,0.0,1.0,0.0,inf,0.0,0.0015424360026372597,23000.0,2900.0
5,88,6,known,3,100.0,300.0,150.0,263.9159427333864,261.94452620278,32.19767105324796,234.71061988504064,232.84002749372235,29.573580837339588,1.0,0.0,1.0,0.0,inf,0.0,0.001537628999358276,23000.0,2900.0
5,89,6,known,3,100.0,300.0,150.0,236.61758580334114,202.2722202625779,122.77553022263308,184.74014569393873,171.98729937794457,67.448426843767,1.0,0.0,1.0,0.0,inf,0.0,0.0016595480010437313,23000.0,2900.0
5,90,6,known,3,100.0,300.0,150.0,223.6250338365096,123.18939339126013,186.63474787475513,172.97678442018614,101.64919642822035,139.95859678435124,1.0,0.0,1.0,0.0,inf,0.0,0.0010364379995735362,23000.0,2900.0
5,91,6,known,3,100.0,300.0,150.0,375.7574905609116,365.9525418408268,85.27853676553944,295.789484681994,290.8152604637517,54.017622400840864,1.0,0.0,1.0,0.0,inf,0.0,0.0009883099992293864,23000.0,2900.0
5,92,6,known,3,100.0,300.0,150.0,138.4177649591723,109.48145420728478,84.69527047569349,119.13255094126635,98.32245837665708,67.27004439231445,1.0,0.0,1.0,0.0,inf,0.0,0.001093407001462765,23000.0,2900.0
5,93,6,known,3,100.0,300.0,150.0,329.60719076841633,327.7784456690747,34.67262264399185,270.8271167933989,269.4249207051075,27.523431720477973,1.0,0.0,1.0,0.0,inf,0.0,0.0010079310013679788,23000.0,2900.0
5,94,6,known,3,100.0,300.0,150.0,277.9413308446665,271.80809822778497,58.066695527636,255.24661757892994,250.11510024894127,50.92418298752136,1.0,0.0,1.0,0.0,inf,0.0,0.000995114998659119,23000.0,2900.0
5,95,6,known,3,100.0,300.0,150.0,305.468306991634,299.73714164931795,58.89424837988712,244.85641727345686,241.82700764666475,38.39744070446839,1.0,0.0,1.0,0.0,inf,0.0,0.0009259969992854167,23000.0,2900.0
5,96,6,known,3,100.0,300.0,150.0,140.75376679087918,126.01686902247476,62.70065061539349,114.4356057600883,105.47908529878725,44.380969234678915,1.0,0.0,1.0,0.0,inf,0.0,0.0011915689974557608,23000.0,2900.0
5,97,6,known,3,100.0,300.0,150.0,192.98104113419544,188.5090978288586,41.30378037163004,159.28836364830974,154.8285246489532,37.428742281629795,1.0,0.0,1.0,0.0,inf,0.0,0.008384912001929479,23000.0,2900.0
5,98,6,known,3,100.0,300.0,150.0,266.13310429050205,249.0896461672754,93.70793654520834,242.07663804234312,226.50956386970083,85.40793968619973,1.0,0.0,1.0,0.0,inf,0.0,0.0016298709997499827,23000.0,2900.0
5,99,6,known,3,100.0,300.0,150.0,243.3622120360544,229.1819560428404,81.85839768441033,210.26231299732478,203.86562676650433,51.46888856469818,1.0,0.0,1.0,0.0,inf,0.0,0.0014765529995202087,23000.0,2900.0
6,0,6,known,3,100.0,300.0,150.0,290.6483794183032,283.14197191437626,65.6285318967635,274.1802853913887,269.66687532783527,49.54397287486245,1.0,0.0,1.0,0.0,inf,0.0,0.001207342000270728,40000.0,2900.0
6,1,6,known,3,100.0,300.0,150.0,192.76580024716404,162.61724425585953,103.50983342446101,177.70136139988128,154.63565364140152,87.55334640245181,1.0,0.0,1.0,0.0,inf,0.0,0.001163033000921132,40000.0,2900.0
6,2,6,known,3,100.0,300.0,150.0,315.02230819476966,267.0625016668955,167.08283832811756,220.15502084906328,199.09295567217526,93.96929395695564,1.0,0.0,1.0,0.0,inf,0.0,0.001281651002500439,40000.0,2900.0
6,3,6,known,3,100.0,300.0,150.0,205.07048675915763,199.6965770661133,46.63884269271399,177.17179050226983,174.41087134885151,31.15591926287134,1.0,0.0,1.0,0.0,inf,0.0,0.0018885099998442456,40000.0,2900.0
6,4,6,known,3,100.0,300.0,150.0,171.5143867077002,107.45744500823344,133.67902737535536,151.90086682988874,87.4523630892826,124.2012783097335,1.0,0.0,1.0,0.0,inf,0.0,0.0030072430017753504,40000.0,2900.0
6,5,6,known,3,100.0,300.0,150.0,296.07293415681846,291.79749234872634,50.133878757011956,249.12946919519365,247.57029725281484,27.828768201841765,1.0,0.0,1.0,0.0,inf,0.0,0.0011706100012816023,40000.0,2900.0
6,6,6,known,3,100.0,300.0,150.0,231.85294477883443,225.58233805515962,53.55741554803517,217.0820887626813,214.98545116005158,30.097990814632837,1.0,0.0,1.0,0.0,inf,0.0,0.0011390299987397157,40000.0,2900.0
6,7,6,known,3,100.0,300.0,150.0,383.27724427714656,380.82568311886547,43.281001117499436,318.22325989549915,315.61020517871856,40.696947374042146,1.0,0.0,1.0,0.0,inf,0.0,0.0010365080015617423,40000.0,2900.0
6,8,6,known,3,100.0,300.0,150.0,222.8358760981746,200.79788610825116,96.62316808560364,202.86371823933817,181.2802348616277,91.05583246779251,1.0,0.0,1.0,0.0,inf,0.0,0.0012179900004412048,40000.0,2900.0
6,9,6,known,3,100.0,300.0,150.0,260.7998097733256,248.33293786962562,79.6698986245336,248.52823527721577,239.25081424721458,67.27058504318161,1.0,0.0,1.0,0.0,inf,0.0,0.0011829979994217865,40000.0,2900.0
6,10,6,known,3,100.0,300.0,150.0,228.32871297326943,208.26664817693626,93.5895529702643,167.8640493312256,158.74851593941122,54.56416172645417,1.0,0.0,1.0,0.0,inf,0.0,0.0012895670006400906,40000.0,2900.0
6,11,6,known,3,100.0,300.0,150.0,364.1331704117864,336.1641949010247,139.9521341769569,285.5493394153426,252.94116613202593,132.511100351289,1.0,0.0,1.0,0.0,inf,0.0,0.0011365909995220136,40000.0,2900.0
6,12,6,known,3,100.0,300.0,150.0,248.74443088576834,237.57035978375444,73.71645711035124,209.35745678506578,203.73875271674254,48.17743613909645,1.0,0.0,1.0,0.0,inf,0.0,0.0009887180021905806,40000.0,2900.0
6,13,6,known,3,100.0,300.0,150.0,302.1228319640374,294.3585406716222,68.05332561780429,234.47104473680454,228.45922215973965,52.75466453438338,1.0,0.0,1.0,0.0,inf,0.0,0.0011495190010464285,40000.0,2900.0
6,14,6,known,3,100.0,300.0,150.0,200.72306320685306,194.04396976663955,51.34866989850667,155.08920013553941,153.59074787296473,21.506793496585896,1.0,0.0,1.0,0.0,inf,0.0,0.0017025460001605097,40000.0,2900.0
6,15,6,known,3,100.0,300.0,150.0,239.00127740857477,215.4618409934568,103.4301971314029,212.39165372513622,199.96816341276374,71.57477344305319,1.0,0.0,1.0,0.0,inf,0.0,0.001225375999638345,40000.0,2900.0
6,16,6,known,3,100.0,300.0,150.0,205.6456802290809,187.68313165808812,84.05467201705186,168.89533416735821,164.80531200702436,36.94378212596749,1.0,0.0,1.0,0.0,inf,0.0,0.0011274130010860972,40000.0,2900.0
6,17,6,known,3,100.0,300.0,150.0,389.6371595380833,386.2761659746223,51.067011786982974,380.8331494106968,380.1949560961197,22.038217921141474,1.0,0.0,1.0,0.0,inf,0.0,0.001037969999742927,40000.0,2900.0
6,18,6,known,3,100.0,300.0,150.0,252.64017081080567,233.48333723736368,96.50174682261755,220.91994775113113,207.64075719445924,75.43831431092653,1.0,0.0,1.0,0.0,inf,0.0,0.0011645680024230387,40000.0,2900.0
6,19,6,known,3,100.0,300.0,150.0,307.52627843110855,277.94661526331976,131.59821803258507,293.19834554033923,272.1322743147083,109.12971686894691,1.0,0.0,1.0,0.0,inf,0.0,0.0011498300009407103,40000.0,2900.0
6,20,6,known,3,100.0,300.0,150.0,277.84319553633287,258.8437534146108,100.97897119735896,259.79947784519214,245.5050793970359,84.98837966974993,1.0,0.0,1.0,0.0,inf,0.0,0.0010413889976916835,40000.0,2900.0
6,21,6,known,3,100.0,300.0,150.0,218.97005183983921,199.77221209843574,89.66017441450516,213.21942152927656,195.88363131693956,84.21475345430046,1.0,0.0,1.0,0.0,inf,0.0,0.0011957040005654562,40000.0,2900.0
6,22,6,known,3,100.0,300.0,150.0,404.6276867515947,397.32635760697025,76.52013092464405,376.7468214237626,375.44869849067163,31.2480760138794,1.0,0.0,1.0,0.0,inf,0.0,0.001098981996619841,40000.0,2900.0
6,23,6,known,3,100.0,300.0,150.0,232.81193459443037,223.87655019457998,63.88025643792474,223.43831624488365,216.46808767375154,55.373713847074185,1.0,0.0,1.0,0.0,inf,0.0,0.0021777620022476185,40000.0,2900.0
6,24,6,known,3,100.0,300.0,150.0,75.21520852182432,69.88440283973245,27.81182900701625,71.25299778473968,69.25364502788827,16.76073815985924,1.0,0.0,1.0,0.0,inf,0.0,0.0017959420001716353,40000.0,2900.0
6,25,6,known,3,100.0,300.0,150.0,244.03140668749566,156.88066796409018,186.92186460930353,206.78479517293707,155.81314567097976,135.94931096120928,1.0,0.0,1.0,0.0,inf,0.0,0.002022443000896601,40000.0,2900.0
6,26,6,known,3,100.0,300.0,150.0,245.48954333572425,232.6802410751673,78.26251529553898,202.67146672836463,194.81061134285662,55.89766662436879,1.0,0.0,1.0,0.0,inf,0.0,0.0013344689978112,40000.0,2900.0
6,27,6,known,3,100.0,300.0,150.0,293.69580059618136,272.48170698561165,109.59444623720302,283.1288016474713,263.48877412790796,103.61266443299988,1.0,0.0,1.0,0.0,inf,0.0,0.00116890100252931,40000.0,2900.0
6,28,6,known,3,100.0,300.0,150.0,235.73530449154205,184.56102674724082,146.657291635037,227.36053611320247,182.37403512133537,135.766434346803,1.0,0.0,1.0,0.0,inf,0.0,0.0010792029970616568,40000.0,2900.0
6,29,6,known,3,100.0,300.0,150.0,279.8118047150828,271.62934026153704,67.17252092183062,258.5141105497511,253.71124633327915,49.599887473088536,1.0,0.0,1.0,0.0,inf,0.0,0.0011026590000255965,40000.0,2900.0
6,30,6,known,3,100.0,300.0,150.0,211.95050930268368,200.45863169510457,68.84297620377419,203.17676841457643,194.76648633971337,57.85166395422581,1.0,0.0,1.0,0.0,inf,0.0,0.0009530549978080671,40000.0,2900.0
6,31,6,known,3,100.0,300.0,150.0,223.39087066388203,201.17972743244727,97.10920845199749,189.57664105661803,165.61815347362233,92.24928224272244,1.0,0.0,1.0,0.0,inf,0.0,0.001012726999761071,40000.0,2900.0
6,32,6,known,3,100.0,300.0,150.0,277.46775238937585,273.8216051244715,44.833940079698365,200.10853360274632,196.0780908514898,39.96007393231858,1.0,0.0,1.0,0.0,inf,0.0,0.000950957000895869,40000.0,2900.0
6,33,6,known,3,100.0,300.0,150.0,252.46711085559213,227.9581490473037,108.5114019202458,209.42465889571264,183.111863499522,101.63037537723659,1.0,0.0,1.0,0.0,inf,0.0,0.00100262100022519,40000.0,2900.0
6,34,6,known,3,100.0,300.0,150.0,261.0955828766609,228.89892147679143,125.60329272939052,222.27063931753986,195.42780363190718,105.88772672145069,1.0,0.0,1.0,0.0,inf,0.0,0.000907453999388963,40000.0,2900.0
6,35,6,known,3,100.0,300.0,150.0,228.2781251479105,203.27479260164594,103.8761816481666,204.1810715257132,180.32279641632854,95.77890718724946,1.0,0.0,1.0,0.0,inf,0.0,0.0011011390015482903,40000.0,2900.0
6,36,6,known,3,100.0,300.0,150.0,216.08175814640765,197.0916536918332,88.57881376864955,176.11638804994286,156.05341071541721,81.63525674513042,1.0,0.0,1.0,0.0,inf,0.0,0.0009381009986100253,40000.0,2900.0
6,37,6,known,3,100.0,300.0,150.0,180.8304842867231,146.83697344983338,105.53941100585953,168.22715177006623,138.8390619235402,94.99520765207193,1.0,0.0,1.0,0.0,inf,0.0,0.0009974700005841441,40000.0,2900.0
6,38,6,known,3,100.0,300.0,150.0,229.6279185228455,219.06412258921023,68.84686746217328,187.44342175120883,175.57591844324173,65.6363711718866,1.0,0.0,1.0,0.0,inf,0.0,0.0009624550002627075,40000.0,2900.0
6,39,6,known,3,100.0,300.0,150.0,316.14654026727703,266.4563517394135,170.14595951914634,286.743003068325,250.4353628425364,139.65557220021174,1.0,0.0,1.0,0.0,inf,0.0,0.003240961999836145,40000.0,2900.0
6,40,6,known,3,100.0,300.0,150.0,404.3604110070824,401.9726408225804,43.87867386256565,349.4178560164176,348.88527351816595,19.284813332373172,1.0,0.0,1.0,0.0,inf,0.0,0.0014204360013536643,40000.0,2900.0
6,41,6,known,3,100.0,300.0,150.0,286.82136916919535,265.3109183678154,108.97988074373292,249.28820858486085,241.14916244717608,63.17984164648225,1.0,0.0,1.0,0.0,inf,0.0,0.0011593849994824268,40000.0,2900.0
6,42,6,known,3,100.0,300.0,150.0,312.9241685403962,295.76257775717903,102.20583571952675,252.45568249176577,235.1587830615447,91.83800069359418,1.0,0.0,1.0,0.0,inf,0.0,0.0011434540028858464,40000.0,2900.0
6,43,6,known,3,100.0,300.0,150.0,142.36647662357595,78.87304133379861,118.52112477093733,93.74621870492514,75.12319229076284,56.07904690271336,1.0,0.0,1.0,0.0,inf,0.0,0.0010358239997003693,40000.0,2900.0
6,44,6,known,3,100.0,300.0,150.0,274.636527309165,266.3214297839221,67.06801152774084,226.34757962974732,223.81863487312032,33.74085783997852,1.0,0.0,1.0,0.0,inf,0.0,0.0010804529993038159,40000.0,2900.0
6,45,6,known,3,100.0,300.0,150.0,170.68548458221426,154.89609632496854,71.69891205835255,120.17362177389916,115.89252857639102,31.79026880079125,1.0,0.0,1.0,0.0,inf,0.0,0.0010744680002972018,40000.0,2900.0
6,46,6,known,3,100.0,300.0,150.0,350.2193706786038,325.3290836442081,129.67110292481186,317.47197035377417,292.5097280063479,123.39574944851225,1.0,0.0,1.0,0.0,inf,0.0,0.0013112230008118786,40000.0,2900.0
6,47,6,known,3,100.0,300.0,150.0,252.67861536909393,251.347561148414,25.90147041360412,240.2048219722007,239.8408832427823,13.21768603117385,1.0,0.0,1.0,0.0,inf,0.0,0.0010792129978653975,40000.0,2900.0
6,48,6,known,3,100.0,300.0,150.0,211.23889676552693,200.30588502577902,67.07774542093918,170.98576615219966,168.65833270922244,28.115814667192755,1.0,0.0,1.0,0.0,inf,0.0,0.00100201500026742,40000.0,2900.0
6,49,6,known,3,100.0,300.0,150.0,379.84453952648965,375.0551917006038,60.128839889975346,333.9830074005431,333.07669061396757,24.58795237425385,1.0,0.0,1.0,0.0,inf,0.0,0.001062760999047896,40000.0,2900.0
6,50,6,known,3,100.0,300.0,150.0,304.52500203243903,295.82400982737033,72.27469870233202,246.7768975786221,243.24991422269278,41.57302501842204,1.0,0.0,1.0,0.0,inf,0.0,0.0009768930030986667,40000.0,2900.0
6,51,6,known,3,100.0,300.0,150.0,327.79277445673466,325.379927476776,39.69893929630512,310.86077050598584,308.5482010137389,37.84740797941924,1.0,0.0,1.0,0.0,inf,0.0,0.0031246079997799825,40000.0,2900.0
6,52,6,known,3,100.0,300.0,150.0,204.28816583236107,199.01142953132185,46.131395112764224,186.1472249611505,184.46512047469085,24.968153495902722,1.0,0.0,1.0,0.0,inf,0.0,0.0011713200001395307,40000.0,2900.0
6,53,6,known,3,100.0,300.0,150.0,386.03296946593014,375.9734549808195,87.55235384882249,290.54417967495647,279.2594190752624,80.1878868704019,1.0,0.0,1.0,0.0,inf,0.0,0.0013681709970114753,40000.0,2900.0
6,54,6,known,3,100.0,300.0,150.0,194.2327464831125,179.01403755902487,75.36799163563455,159.49587073422933,155.1760654418712,36.86897740987806,1.0,0.0,1.0,0.0,inf,0.0,0.0011042290025216062,40000.0,2900.0
6,55,6,known,3,100.0,300.0,150.0,272.2977301798174,261.5322871672182,75.80842057558196,218.29131886494926,216.07961804665723,30.995137628500284,1.0,0.0,1.0,0.0,inf,0.0,0.0010656330014171544,40000.0,2900.0
6,56,6,known,3,100.0,300.0,150.0,187.6432900843075,185.9149030929709,25.409705263832077,151.83845256634586,151.10247445787672,14.93177452445515,1.0,0.0,1.0,0.0,inf,0.0,0.001140689000749262,40000.0,2900.0
6,57,6,known,3,100.0,300.0,150.0,236.99970785578324,236.0631720690739,21.048522903363637,227.95315485116356,227.76293018528924,9.310662705179062,1.0,0.0,1.0,0.0,inf,0.0,0.0010848239980987273,40000.0,2900.0
6,58,6,known,3,100.0,300.0,150.0,291.0562426763222,278.20027819281745,85.5473062948047,266.7143444680782,259.07517311075026,63.37662205160087,1.0,0.0,1.0,0.0,inf,0.0,0.0010828599988599308,40000.0,2900.0
6,59,6,known,3,100.0,300.0,150.0,134.24907569685254,130.22693869451055,32.615314864576035,125.14733878123725,124.42223999807143,13.452233936714062,1.0,0.0,1.0,0.0,inf,0.0,0.0009608699983800761,40000.0,2900.0
6,60,6,known,3,100.0,300.0,150.0,196.34795496934402,126.26944094315091,150.36139033856955,169.32606358879553,116.6189811380486,122.76534139894814,1.0,0.0,1.0,0.0,inf,0.0,0.001236817999597406,40000.0,2900.0
6,61,6,known,3,100.0,300.0,150.0,231.4861433764586,162.1632388764843,165.19357896841706,172.32946226916096,154.46407230814825,76.40872942250333,1.0,0.0,1.0,0.0,inf,0.0,0.0010683740001695696,40000.0,2900.0
6,62,6,known,3,100.0,300.0,150.0,275.4531187015425,256.5785955213037,100.20900619565731,247.7844637380026,243.2506087624605,47.183490827003084,1.0,0.0,1.0,0.0,inf,0.0,0.0018345879980188329,40000.0,2900.0
6,63,6,known,3,100.0,300.0,150.0,141.71173824943347,90.51345387266542,109.03912795743011,123.0050988467904,80.36154556134122,93.12505751569314,1.0,0.0,1.0,0.0,inf,0.0,0.002123262001987314,40000.0,2900.0
6,64,6,known,3,100.0,300.0,150.0,157.07937910575066,125.0407968810438,95.07223809084165,96.59111208180599,88.28684302309426,39.18260177955924,1.0,0.0,1.0,0.0,inf,0.0,0.0021315209996828344,40000.0,2900.0
6,65,6,known,3,100.0,300.0,150.0,221.3615411108056,203.66919129416215,86.71673656528398,203.12118616344742,193.59929246773962,61.46161586255666,1.0,0.0,1.0,0.0,inf,0.0,0.0018291320011485368,40000.0,2900.0
6,66,6,known,3,100.0,300.0,150.0,159.61321163379367,157.67043556019476,24.827627319433436,117.74306607268986,115.41468136537613,23.299805439670642,1.0,0.0,1.0,0.0,inf,0.0,0.0015361149999080226,40000.0,2900.0
6,67,6,known,3,100.0,300.0,150.0,318.3343589077021,317.74835229875833,19.30670019972001,266.6044705483041,265.96667912315263,18.430119710504954,1.0,0.0,1.0,0.0,inf,0.0,0.0010897610009124037,40000.0,2900.0
6,68,6,known,3,100.0,300.0,150.0,308.5387867204284,302.348189420074,61.49597763526531,295.9185776268867,293.1776549437037,40.18292207431362,1.0,0.0,1.0,0.0,inf,0.0,0.0010695710006984882,40000.0,2900.0
6,69,6,known,3,100.0,300.0,150.0,344.00630604740076,336.66088772868983,70.70915976101321,299.62841553640266,296.3274388694543,44.35353841493386,1.0,0.0,1.0,0.0,inf,0.0,0.0009523200023977552,40000.0,2900.0
6,70,6,known,3,100.0,300.0,150.0,279.5938541173664,276.9543950651473,38.32735725694464,221.50884357888768,220.77328300799238,18.03677614012632,1.0,0.0,1.0,0.0,inf,0.0,0.0011677319998852909,40000.0,2900.0
6,71,6,known,3,100.0,300.0,150.0,172.59007026710432,119.58757301493202,124.44333945696857,126.98952061165838,112.6345326945474,58.64981150745278,1.0,0.0,1.0,0.0,inf,0.0,0.0010019559995271266,40000.0,2900.0
6,72,6,known,3,100.0,300.0,150.0,336.2656885020069,320.86016040979587,100.61496273183639,295.0929126611148,279.10509802098255,95.81321078806421,1.0,0.0,1.0,0.0,inf,0.0,0.0011747389980882872,40000.0,2900.0
6,73,6,known,3,100.0,300.0,150.0,127.80790194533736,126.09834300718153,20.83429121693756,112.75046976516269,111.12715603562448,19.06367288060816,1.0,0.0,1.0,0.0,inf,0.0,0.0017441540003346745,40000.0,2900.0
6,74,6,known,3,100.0,300.0,150.0,133.128231376194,118.06257523114186,61.51710590676721,126.20089422297272,116.19804219763733,49.2410468218746,1.0,0.0,1.0,0.0,inf,0.0,0.0027750320004997775,40000.0,2900.0
6,75,6,known,3,100.0,300.0,150.0,195.4627682660951,174.01810560242248,89.0134411243006,182.1856840680397,171.18632278686016,62.344738110385,1.0,0.0,1.0,0.0,inf,0.0,0.008070404001045972,40000.0,2900.0
6,76,6,known,3,100.0,300.0,150.0,188.04494723091858,174.92554556881933,69.00692491721293,152.03778743629843,145.84192914096383,42.96068566686467,1.0,0.0,1.0,0.0,inf,0.0,0.001799614998162724,40000.0,2900.0
6,77,6,known,3,100.0,300.0,150.0,263.89485681686585,255.2694388446044,66.91792769023048,220.18208881366866,218.3957890451763,27.98984747520307,1.0,0.0,1.0,0.0,inf,0.0,0.0014455759992415551,40000.0,2900.0
6,78,6,known,3,100.0,300.0,150.0,459.3079233665123,423.5457212369352,177.68733913574792,384.7640340434754,360.0694444178842,135.6221113609611,1.0,0.0,1.0,0.0,inf,0.0,0.0013116890004312154,40000.0,2900.0
6,79,6,known,3,100.0,300.0,150.0,183.6293168843074,174.2539650334034,57.92479339224968,174.90051366564393,166.22124310931943,54.41220469433881,1.0,0.0,1.0,0.0,inf,0.0,0.001254322000022512,40000.0,2900.0
6,80,6,known,3,100.0,300.0,150.0,170.78206234831669,93.49433739975777,142.91718474041036,115.6537500937755,87.20098213495824,75.97222272286214,1.0,0.0,1.0,0.0,inf,0.0,0.0010378029983257875,40000.0,2900.0
6,81,6,known,3,100.0,300.0,150.0,344.93655305113043,329.49007804844126,102.0662240823447,302.34542001067535,293.27518369125676,73.50115395210678,1.0,0.0,1.0,0.0,inf,0.0,0.001048039997840533,40000.0,2900.0
6,82,6,known,3,100.0,300.0,150.0,212.8065626438927,193.73808460073155,88.04650861646255,196.19209070078406,177.95102081621812,82.6121700720335,1.0,0.0,1.0,0.0,inf,0.0,0.007359320999967167,40000.0,2900.0
6,83,6,known,3,100.0,300.0,150.0,184.51702487788972,157.76924811104763,95.68383782155932,129.0568753324254,118.76322289856095,50.50716738558914,1.0,0.0,1.0,0.0,inf,0.0,0.001453546999982791,40000.0,2900.0
6,84,6,known,3,100.0,300.0,150.0,174.15832225887155,168.36165446293313,44.55866378751565,155.43449713030677,149.6226592039775,42.10632673223515,1.0,0.0,1.0,0.0,inf,0.0,0.0011071310000261292,40000.0,2900.0
6,85,6,known,3,100.0,300.0,150.0,391.7273668806298,368.9464638517882,131.63903970514465,358.210113324942,335.7856308186745,124.7497311579172,1.0,0.0,1.0,0.0,inf,0.0,0.0015920110017759725,40000.0,2900.0
6,86,6,known,3,100.0,300.0,150.0,296.2643194916687,274.95679407800156,110.32365292270283,234.76820187414836,220.0672887753391,81.77100355439192,1.0,0.0,1.0,0.0,inf,0.0,0.0015562070002488326,40000.0,2900.0
6,87,6,known,3,100.0,300.0,150.0,417.0538165621598,416.1522543668746,27.40779258589959,361.4732773761008,360.86633886467615,20.93837938867814,1.0,0.0,1.0,0.0,inf,0.0,0.0018591750013001729,40000.0,2900.0
6,88,6,known,3,100.0,300.0,150.0,260.5883157694326,221.81367776042615,136.7660874410881,211.00807357806332,203.28381356091586,56.569410985586416,1.0,0.0,1.0,0.0,inf,0.0,0.0013053709990344942,40000.0,2900.0
6,89,6,known,3,100.0,300.0,150.0,333.615125149635,330.06220066397464,48.55919502484316,315.2462799776801,312.190481504359,43.787216146294654,1.0,0.0,1.0,0.0,inf,0.0,0.0030093440000200644,40000.0,2900.0
6,90,6,known,3,100.0,300.0,150.0,151.72073304957107,104.31429786293718,110.17126711834452,97.91369195043349,81.85251197382551,53.73320532909918,1.0,0.0,1.0,0.0,inf,0.0,0.001699024000117788,40000.0,2900.0
6,91,6,known,3,100.0,300.0,150.0,224.15375548946338,212.60684665170118,71.01573668455582,215.65365621645753,209.4832227401206,51.21795417565071,1.0,0.0,1.0,0.0,inf,0.0,0.0016005590005079284,40000.0,2900.0
6,92,6,known,3,100.0,300.0,150.0,348.57849391033915,346.2897386671736,39.87961021149761,325.64739491113875,323.56791036281675,36.74279787728968,1.0,0.0,1.0,0.0,inf,0.0,0.001203179002914112,40000.0,2900.0
6,93,6,known,3,100.0,300.0,150.0,244.85136862291716,233.53422707700435,73.5795997546999,196.44026871033958,187.08701881571474,59.89346009072117,1.0,0.0,1.0,0.0,inf,0.0,0.0010372910001024138,40000.0,2900.0
6,94,6,known,3,100.0,300.0,150.0,213.484163762405,204.04527695911514,62.777489022828455,191.71352787786927,189.80205065688432,27.004783609947353,1.0,0.0,1.0,0.0,inf,0.0,0.001365167998301331,40000.0,2900.0
6,95,6,known,3,100.0,300.0,150.0,241.68290180527637,237.8934319376094,42.630271708785514,204.8112088298574,203.97495910936865,18.489113517928438,1.0,0.0,1.0,0.0,inf,0.0,0.001095663999876706,40000.0,2900.0
6,96,6,known,3,100.0,300.0,150.0,160.08185154162047,151.2180103310682,52.52915899294761,121.22673072585356,111.1098329988015,48.48221584722639,1.0,0.0,1.0,0.0,inf,0.0,0.0014729239992448129,40000.0,2900.0
6,97,6,known,3,100.0,300.0,150.0,257.21041273173523,180.3935436484951,183.34493673829144,216.95314171259014,134.12271901213677,170.52789198179468,1.0,0.0,1.0,0.0,inf,0.0,0.0013539940009650309,40000.0,2900.0
6,98,6,known,3,100.0,300.0,150.0,359.5667190762688,356.0381564354246,50.24994158540406,337.02261160530696,334.7969449355762,38.66841598858577,1.0,0.0,1.0,0.0,inf,0.0,0.0011474470011307858,40000.0,2900.0
6,99,6,known,3,100.0,300.0,150.0,215.92558761629877,191.77352151751765,99.23092175433075,187.85052472606546,162.88410994744225,93.57663365652601,1.0,0.0,1.0,0.0,inf,0.0,0.0009884249993774574,40000.0,2900.0
7,0,6,known,3,100.0,300.0,150.0,3065.931947280582,716.1180978447217,2981.1262259916066,1785.5955778546993,622.1863371773329,1673.6892571454568,1.0,0.0,25.0,0.0,inf,108.949545762843,0.008445552000921452,70000.0,2900.0
7,1,6,known,3,100.0,300.0,150.0,422.1095956591587,160.13430277322627,390.55539405169037,324.1452747505353,125.96200469873004,298.6699390889166,1.0,0.0,25.0,0.0,inf,43.16026511061987,0.007501879001210909,70000.0,2900.0
7,2,6,known,3,100.0,300.0,150.0,1402.369783555012,1226.5717955803455,679.8254482695825,1234.2133797156605,1100.0617146310294,559.5952918602808,1.0,0.0,28.0,0.0,inf,44.96941499797389,0.007474035999621265,70000.0,2900.0
7,3,6,known,3,100.0,300.0,150.0,1484.9911348062294,758.8746816767213,1276.4434527087944,898.7933155533657,665.8561690744456,603.7093557241889,1.0,0.0,26.0,0.0,inf,71.96561549641916,0.006989010002143914,70000.0,2900.0
7,4,6,known,3,100.0,300.0,150.0,2893.6238877434844,1908.9577931891645,2174.6124591618786,2075.2034519561926,1671.7854940295063,1229.4725002875898,1.0,0.0,28.0,0.0,inf,103.9060822497017,0.008745213999645784,70000.0,2900.0
7,5,6,known,3,100.0,300.0,150.0,2025.7441408345474,1012.5418033128698,1754.536525886372,1540.9554040744138,912.9294269774012,1241.4118650572234,1.0,0.0,25.0,0.0,inf,46.28533284136953,0.007352404998528073,70000.0,2900.0
7,6,6,known,3,100.0,300.0,150.0,2869.3399849233588,1929.659137441005,2123.5648241507524,2231.1367898917883,1693.4947759605186,1452.6000203094682,1.0,0.0,28.0,0.0,inf,62.25102650085766,0.010724185998697067,70000.0,2900.0
7,7,6,known,3,100.0,300.0,150.0,584.9477854501035,255.79961996635012,526.0517713381937,403.5883465636394,229.38737161344594,332.06172201301246,1.0,0.0,25.0,0.0,inf,58.780563689800445,0.006799265000154264,70000.0,2900.0
7,8,6,known,3,100.0,300.0,150.0,2906.4926047227195,1504.6384683688707,2486.717181509075,1999.1677641068852,1287.4502571904277,1529.425900233295,1.0,0.0,28.0,0.0,inf,59.08077043353003,0.017889044996991288,70000.0,2900.0
7,9,6,known,3,100.0,300.0,150.0,3295.7298789484926,951.7137568300635,3155.3250799330094,2544.980882103883,847.7064225698635,2399.650289398033,1.0,0.0,26.0,0.0,inf,46.34597144389086,0.010951258998829871,70000.0,2900.0
7,10,6,known,3,100.0,300.0,150.0,783.5528120966992,662.349372060787,418.62670564039075,659.7501500772564,582.1571229782726,310.42445891492326,1.0,0.0,26.0,0.0,inf,52.034034925682505,0.014466970998910256,70000.0,2900.0
7,11,6,known,3,100.0,300.0,150.0,2277.2780036859103,1855.5058020450779,1320.2625968528905,1741.878155234449,1628.177125282425,619.014342636764,1.0,0.0,28.0,0.0,inf,49.20661407299704,0.007705373001954285,70000.0,2900.0
7,12,6,known,3,100.0,300.0,150.0,681.5302473332074,478.80251252056814,485.0068371003176,561.0804331705416,436.05577417003815,353.0815972262097,1.0,0.0,25.0,0.0,inf,59.6302876901002,0.006170242999360198,70000.0,2900.0
7,13,6,known,3,100.0,300.0,150.0,1328.1132437305093,744.9306976033844,1099.5285553092792,971.6450957099904,653.0003560856431,719.5031111602644,1.0,0.0,24.0,0.0,inf,166.20408111526768,0.006420391000574455,70000.0,2900.0
7,14,6,known,3,100.0,300.0,150.0,4262.878207008488,824.381444682582,4182.406704452707,3041.148337243175,556.7816902914699,2989.7453668286034,1.0,0.0,26.0,0.0,inf,40.04594833618517,0.008263886997156078,70000.0,2900.0
7,15,6,known,3,100.0,300.0,150.0,1520.1731635361825,599.9971611878962,1396.7569057291505,1275.8008935838773,544.4772928198814,1153.7817807856707,1.0,0.0,28.0,0.0,inf,36.04915869486254,0.007576337000500644,70000.0,2900.0
7,16,6,known,3,100.0,300.0,150.0,4239.771742734812,812.8910933351212,4161.1143340298895,3092.2295756502112,601.2056090655168,3033.221977395332,1.0,0.0,26.0,0.0,inf,38.09112939706943,0.008538709000276867,70000.0,2900.0
7,17,6,known,3,100.0,300.0,150.0,1000.4839727942261,48.37352866889367,999.3138553738949,705.5587101899713,30.7819141371035,704.8869180847322,1.0,0.0,26.0,0.0,inf,37.32888787788046,0.006936611000128323,70000.0,2900.0
7,18,6,known,3,100.0,300.0,150.0,2604.6420916296956,2142.206575281527,1481.5908390340799,2279.0089314264906,1924.5622376927247,1220.6317637882796,1.0,0.0,27.0,0.0,inf,51.288336173153915,0.011996121000265703,70000.0,2900.0
7,19,6,known,3,100.0,300.0,150.0,2341.553456568867,2194.217769407085,817.4845383172741,2045.4675527311786,1988.95027441112,477.50844515674027,1.0,0.0,28.0,0.0,inf,77.18069316530072,0.008484433998091845,70000.0,2900.0
7,20,6,known,3,100.0,300.0,150.0,3267.325178127003,3089.814495866265,1062.2900737356765,2860.2430166936465,2780.0876351634383,672.385942265401,1.0,0.0,26.0,0.0,inf,80.0834091470805,0.006810094997490523,70000.0,2900.0
7,21,6,known,3,100.0,300.0,150.0,2280.389139344368,1742.709686424785,1470.7608832441026,1761.2706627870361,1526.9563998078213,877.7690474607903,1.0,0.0,26.0,0.0,inf,51.226570723077614,0.007697626002482139,70000.0,2900.0
7,22,6,known,3,100.0,300.0,150.0,534.5171326406513,453.5215922421356,282.8899617458028,428.3202796068001,379.3711179662873,198.83615560419784,1.0,0.0,25.0,0.0,inf,42.12552166501796,0.006750086999090854,70000.0,2900.0
7,23,6,known,3,100.0,300.0,150.0,1294.2021461826785,1254.6956125679942,317.32966294766254,1152.3476729602507,1136.0588737870657,193.0683678559726,1.0,0.0,26.0,0.0,inf,105.11347459443701,0.00812311600020621,70000.0,2900.0
7,24,6,known,3,100.0,300.0,150.0,2319.51291868441,923.1408117748653,2127.8983109113824,1718.61563853309,801.1068520991703,1520.4826616999808,1.0,0.0,26.0,0.0,inf,44.57299287549606,0.009044349000760121,70000.0,2900.0
7,25,6,known,3,100.0,300.0,150.0,831.5509975656688,574.5457835366673,601.1440793792251,635.8378632366804,504.87927034466173,386.5057705929234,1.0,0.0,25.0,0.0,inf,60.42230610633717,0.008920092001062585,70000.0,2900.0
7,26,6,known,3,100.0,300.0,150.0,1174.7372296188732,1009.3188693168668,601.0681980387473,1007.7174957428404,919.5608124169975,412.19226520304005,1.0,0.0,28.0,0.0,inf,17.219380532669422,0.007705520001763944,70000.0,2900.0
7,27,6,known,3,100.0,300.0,150.0,1651.684733198469,1610.7107734725957,365.6135420087868,1465.799441710179,1449.0720659329118,220.8124793819308,1.0,0.0,26.0,0.0,inf,38.72254311811686,0.0075722649999079295,70000.0,2900.0
7,28,6,known,3,100.0,300.0,150.0,1960.4785847742621,683.0947386225054,1837.6228828094042,1485.5803106918409,601.7824041794231,1358.2366500486207,1.0,0.0,24.0,0.0,inf,84.27460285989069,0.007444543000019621,70000.0,2900.0
7,29,6,known,3,100.0,300.0,150.0,2203.843324090489,1461.563498594366,1649.4718963094865,1541.628359211683,1279.94180002187,859.2828326473656,1.0,0.0,26.0,0.0,inf,61.46286909591246,0.007223828997666715,70000.0,2900.0
7,30,6,known,3,100.0,300.0,150.0,1884.1457289226216,864.8092259945561,1673.9504563911244,1240.6101740917654,794.1805151448408,953.0954377313301,1.0,0.0,24.0,0.0,inf,101.05082134395337,0.008482629000354791,70000.0,2900.0
7,31,6,known,3,100.0,300.0,150.0,4183.723038779266,3974.914874708835,1305.2165353039557,3688.331502404602,3582.618655959117,876.7170795666505,1.0,0.0,26.0,0.0,inf,31.663456373227135,0.008506823000061559,70000.0,2900.0
7,32,6,known,3,100.0,300.0,150.0,1287.9460011794838,1203.1727721925263,459.54344975070023,1098.1676777572281,1062.9242115617367,275.97892844665495,1.0,0.0,28.0,0.0,inf,60.14295583526006,0.008503993001795607,70000.0,2900.0
7,33,6,known,3,100.0,300.0,150.0,1258.857883561802,255.57286150394523,1232.6417498480184,963.3877075433217,216.22677590169937,938.8087432638946,1.0,0.0,28.0,0.0,inf,59.34319360670813,0.00939300599929993,70000.0,2900.0
7,34,6,known,3,100.0,300.0,150.0,1633.1351892513833,1336.0984209753033,939.1334068376295,1331.498642078494,1204.2540701924227,568.0323655231781,1.0,0.0,26.0,0.0,inf,45.45929395751183,0.01876231300047948,70000.0,2900.0
7,35,6,known,3,100.0,300.0,150.0,835.5397084100522,144.11482856428503,823.0173269851866,659.7586727649607,108.6839373379792,650.7451944142936,1.0,0.0,24.0,0.0,inf,102.26310516466324,0.00921634399855975,70000.0,2900.0
7,36,6,known,3,100.0,300.0,150.0,1543.918646386337,137.50938847479753,1537.7828048006998,708.5867078327061,90.69644927126188,702.7583344271188,1.0,0.0,28.0,0.0,inf,54.73411873349442,0.009339254000224173,70000.0,2900.0
7,37,6,known,3,100.0,300.0,150.0,3767.071654887762,784.5788728408905,3684.4626264016497,2735.332338147155,652.7313782300486,2656.31036364117,1.0,0.0,26.0,0.0,inf,58.57303673651805,0.0088010409999697,70000.0,2900.0
7,38,6,known,3,100.0,300.0,150.0,1651.7387242196812,48.71968331619427,1651.0200500128487,991.3965974954039,40.96819200829787,990.5497568365937,1.0,0.0,30.0,0.0,inf,24.211619416861748,0.009790642998268595,70000.0,2900.0
7,39,6,known,3,100.0,300.0,150.0,2123.6697421007534,1452.5838391953105,1549.184741605369,1764.532277287373,1317.1307857158001,1174.1978755340353,1.0,0.0,26.0,0.0,inf,51.07202966498939,0.012535247999039711,70000.0,2900.0
7,40,6,known,3,100.0,300.0,150.0,1998.1525587996985,598.8883610450011,1906.2912629613072,1425.86240790399,537.4370697883763,1320.6986795976775,1.0,0.0,25.0,0.0,inf,44.81802449821774,0.007772990000376012,70000.0,2900.0
7,41,6,known,3,100.0,300.0,150.0,2439.087898659425,735.8978617260707,2325.425577070538,1603.1710706587153,600.008943655345,1486.656231053638,1.0,0.0,28.0,0.0,inf,52.277562259093756,0.011815308000223013,70000.0,2900.0
7,42,6,known,3,100.0,300.0,150.0,2973.151751967306,2904.034396220788,637.3504262121627,2660.683065323867,2606.999727143847,531.7770179061115,1.0,0.0,24.0,0.0,inf,121.92056045462513,0.0068472910024866,70000.0,2900.0
7,43,6,known,3,100.0,300.0,150.0,1996.6408070745072,1775.6596928525958,913.0209020902884,1693.390251745646,1591.6061520680603,578.2390521283439,1.0,0.0,26.0,0.0,inf,80.50899764737179,0.007053961999190506,70000.0,2900.0
7,44,6,known,3,100.0,300.0,150.0,1261.3408585656193,1258.8769250928656,78.80132585043062,1105.6820675306067,1103.6670224746003,66.72284436987903,1.0,0.0,26.0,0.0,inf,105.19436616982411,0.008046226997976191,70000.0,2900.0
7,45,6,known,3,100.0,300.0,150.0,1877.540234510799,1645.0003236777916,905.0587093149413,1667.1023329504849,1473.3357480292107,780.0717672805214,1.0,0.0,28.0,0.0,inf,81.96566861138031,0.007908592997409869,70000.0,2900.0
7,46,6,known,3,100.0,300.0,150.0,1948.8080403498864,1677.8123316574763,991.3619711641489,1655.2334111881028,1519.0631150709537,657.4533427889262,1.0,0.0,26.0,0.0,inf,48.89667232875743,0.007827466000890126,70000.0,2900.0
7,47,6,known,3,100.0,300.0,150.0,3319.8869880561792,3078.4870370794256,1242.8061699229966,2885.765833115571,2770.5534271770252,807.2658488594972,1.0,0.0,26.0,0.0,inf,80.95549308775512,0.007395915999950375,70000.0,2900.0
7,48,6,known,3,100.0,300.0,150.0,856.3326516307555,791.3781351728956,327.14867785034863,786.7727467699854,724.265682031119,307.3281257743675,1.0,0.0,26.0,0.0,inf,58.84069496091153,0.01887320300011197,70000.0,2900.0
7,49,6,known,3,100.0,300.0,150.0,2101.9705515464743,1405.383235738568,1563.0669084442877,1655.9710347842647,1242.3246060063902,1094.9290576816088,1.0,0.0,28.0,0.0,inf,45.550798111202205,0.00886754299790482,70000.0,2900.0
7,50,6,known,3,100.0,300.0,150.0,1867.6144414037644,1038.0064163429383,1552.5869963936918,1455.8562250617051,933.2733270584764,1117.371131295292,1.0,0.0,26.0,0.0,inf,80.05554399537206,0.00932721500066691,70000.0,2900.0
7,51,6,known,3,100.0,300.0,150.0,2322.0651656737964,852.7159037898799,2159.829211085794,1454.9624540039188,773.1758586557203,1232.5237661615677,1.0,0.0,26.0,0.0,inf,55.763028123414955,0.008118501002172707,70000.0,2900.0
7,52,6,known,3,100.0,300.0,150.0,1417.823024917572,1392.71572895144,265.6407881287681,1259.6481567151745,1244.7134452331345,193.3957547925941,1.0,0.0,28.0,0.0,inf,63.75339653140392,0.008064424000622239,70000.0,2900.0
7,53,6,known,3,100.0,300.0,150.0,1598.9799700150909,1043.7705870926843,1211.3132980487148,1274.0453081892147,914.0291226270897,887.5484270215927,1.0,0.0,25.0,0.0,inf,44.21783929385671,0.007636941998498514,70000.0,2900.0
7,54,6,known,3,100.0,300.0,150.0,3095.7278938686172,2146.8438203114156,2230.3795201863986,2271.0858513888934,1907.0973825816843,1233.211465130334,1.0,0.0,28.0,0.0,inf,46.57099014811193,0.008196411003154935,70000.0,2900.0
7,55,6,known,3,100.0,300.0,150.0,1800.014151280795,779.6702882109391,1622.3948922787545,1013.1537667854573,678.5472705839197,752.3657067774113,1.0,0.0,23.0,0.0,inf,78.13292078832502,0.00743672199678258,70000.0,2900.0
7,56,6,known,3,100.0,300.0,150.0,1888.1288613517972,1027.4048814769942,1584.1306153808398,1330.5276997091196,925.8993489398929,955.5178466810148,1.0,0.0,28.0,0.0,inf,38.27627884645242,0.007834198997443309,70000.0,2900.0
7,57,6,known,3,100.0,300.0,150.0,2463.8433668614457,949.4282436332014,2273.567713224904,1342.8071681646134,806.9313944209122,1073.3092823469808,1.0,0.0,28.0,0.0,inf,100.62244850656508,0.007430084002407966,70000.0,2900.0
7,58,6,known,3,100.0,300.0,150.0,4575.997451398122,2470.2233780552583,3851.979898404375,3359.9890671951803,2103.7072220569053,2619.9126808992614,1.0,0.0,26.0,0.0,inf,68.64966054025521,0.008692556999449152,70000.0,2900.0
7,59,6,known,3,100.0,300.0,150.0,1476.507400335024,1206.9756417112114,850.4609947316219,1226.9737566030376,1084.8771846157115,573.1545111859957,1.0,0.0,28.0,0.0,inf,97.70539531157971,0.00768104099915945,70000.0,2900.0
7,60,6,known,3,100.0,300.0,150.0,3129.6845122945756,1976.804282151276,2426.34910442931,2493.813112974214,1809.6308483476553,1715.9079331801827,1.0,0.0,28.0,0.0,inf,54.10528664074573,0.012592819999554195,70000.0,2900.0
7,61,6,known,3,100.0,300.0,150.0,1431.2275488824932,801.324135026115,1185.8718005353016,1110.787696028436,701.8706468845141,860.9453529057895,1.0,0.0,24.0,0.0,inf,104.38345097328289,0.009900843997456832,70000.0,2900.0
7,62,6,known,3,100.0,300.0,150.0,2159.552124049564,1193.9398012450845,1799.4924638602497,1492.8232204819983,1048.47918114457,1062.6441428421167,1.0,0.0,24.0,0.0,inf,101.12910986113508,0.00942606200260343,70000.0,2900.0
7,63,6,known,3,100.0,300.0,150.0,2818.503319885309,1745.7073695515714,2212.7961370397047,2028.0512037690519,1525.68026595202,1336.147975036326,1.0,0.0,28.0,0.0,inf,56.25157340150167,0.009230345000105444,70000.0,2900.0
7,64,6,known,3,100.0,300.0,150.0,1411.4986447113731,1387.572282937508,258.7886853122361,1246.5459966841474,1242.003248414297,106.32428122309776,1.0,0.0,27.0,0.0,inf,36.80321255654286,0.0075405059978947975,70000.0,2900.0
7,65,6,known,3,100.0,300.0,150.0,2277.1391388579423,504.83368086678763,2220.4741863802833,1664.9634506394307,397.2683569304959,1616.873880222853,1.0,0.0,26.0,0.0,inf,60.15323100515873,0.007737845997326076,70000.0,2900.0
7,66,6,known,3,100.0,300.0,150.0,2140.587799337688,179.2395568744693,2133.0703945076,1228.540919087364,119.88273462939392,1222.677766138652,1.0,0.0,27.0,0.0,inf,40.158641907628954,0.007067653001286089,70000.0,2900.0
7,67,6,known,3,100.0,300.0,150.0,2250.2118491740225,1867.9445426374016,1254.6858378870477,1864.0683394054977,1667.212192861636,833.7591246561955,1.0,0.0,28.0,0.0,inf,28.88026458692163,0.008099595001112903,70000.0,2900.0
7,68,6,known,3,100.0,300.0,150.0,3613.7418016285446,2141.418780880983,2910.920028741381,2584.1150614653516,1857.9670685151175,1795.9980576841997,1.0,0.0,26.0,0.0,inf,56.37843780820277,0.00760361300126533,70000.0,2900.0
7,69,6,known,3,100.0,300.0,150.0,3296.293628278531,1484.0651540609008,2943.314849337705,2485.014926755287,1343.3275104103575,2090.638750710246,1.0,0.0,28.0,0.0,inf,73.92953116751075,0.007994399999006419,70000.0,2900.0
7,70,6,known,3,100.0,300.0,150.0,1914.0141593732305,582.3697689654172,1823.2651081168588,1316.4370024667646,499.1471172941109,1218.1373226203439,1.0,0.0,28.0,0.0,inf,66.82250616890741,0.00828543999887188,70000.0,2900.0
7,71,6,known,3,100.0,300.0,150.0,2412.1918348830786,1943.998241798787,1428.1247439071349,1978.9599461577934,1746.4665644066592,930.6648203872634,1.0,0.0,28.0,0.0,inf,81.8366285365442,0.00897645800068858,70000.0,2900.0
7,72,6,known,3,100.0,300.0,150.0,1955.0388143866078,680.8328862172377,1832.660183122692,1169.0261842793693,583.2248932504715,1013.149023304942,1.0,0.0,23.0,0.0,inf,127.56598048623555,0.006459033997089136,70000.0,2900.0
7,73,6,known,3,100.0,300.0,150.0,2199.926480246667,1788.0368343897696,1281.639885988221,1822.6546266400142,1605.008812756011,863.7225243026777,1.0,0.0,26.0,0.0,inf,41.45024354143885,0.009152533999440493,70000.0,2900.0
7,74,6,known,3,100.0,300.0,150.0,1008.0197530124498,900.7726459802284,452.45161367494137,864.8262271051555,798.0943442170601,333.121330475367,1.0,0.0,28.0,0.0,inf,79.18653841612372,0.014151663999655284,70000.0,2900.0
7,75,6,known,3,100.0,300.0,150.0,3116.121532611867,2257.3179145490008,2148.192086072259,2334.493586908587,1988.5886531122496,1222.8554599912984,1.0,0.0,28.0,0.0,inf,95.76354729536276,0.012053166999976384,70000.0,2900.0
7,76,6,known,3,100.0,300.0,150.0,2728.9734665454143,2388.9225244800905,1319.2214951025348,2322.04288027192,2142.7395830053924,894.734718921419,1.0,0.0,28.0,0.0,inf,63.080625844336346,0.009061638000275707,70000.0,2900.0
7,77,6,known,3,100.0,300.0,150.0,2546.547611192566,2348.2310186445757,985.2491152728954,2230.151846168497,2098.112980654548,755.9756460215115,1.0,0.0,26.0,0.0,inf,50.6759644415979,0.007970752001710935,70000.0,2900.0
7,78,6,known,3,100.0,300.0,150.0,492.14338747050385,227.87885162908435,436.20676612261786,429.3643180211827,209.7667326407093,374.63533665023715,1.0,0.0,25.0,0.0,inf,32.89402921885913,0.010214945999905467,70000.0,2900.0
7,79,6,known,3,100.0,300.0,150.0,1581.7992839797437,482.081624927438,1506.5478026621495,892.8748390199262,415.5108433944862,790.3013458020062,1.0,0.0,26.0,0.0,inf,82.92825779091875,0.008868501001416007,70000.0,2900.0
7,80,6,known,3,100.0,300.0,150.0,3408.239877280891,532.0482564774759,3366.45566046353,2243.724062686628,398.8092824750766,2207.9965637859814,1.0,0.0,26.0,0.0,inf,28.815962168568777,0.014857758000289323,70000.0,2900.0
7,81,6,known,3,100.0,300.0,150.0,1851.3570300615415,1788.7497182829027,477.38590060990276,1636.5687524909586,1614.2624845587825,269.28407412232775,1.0,0.0,26.0,0.0,inf,141.6459761572107,0.009852602997852955,70000.0,2900.0
7,82,6,known,3,100.0,300.0,150.0,1613.559660339834,173.10319570447567,1604.2475061887733,753.5764021910409,151.57445234525113,738.1751684630353,1.0,0.0,26.0,0.0,inf,44.17863248465419,0.0071041449991753325,70000.0,2900.0
7,83,6,known,3,100.0,300.0,150.0,3747.820680463193,3704.5457327637664,567.8915096824064,3367.643099097202,3326.6694037145153,523.7277167447957,1.0,0.0,24.0,0.0,inf,129.11550293417002,0.009556376000546152,70000.0,2900.0
7,84,6,known,3,100.0,300.0,150.0,2104.546025470704,1019.2479649766057,1841.2624905796524,1598.8081459850869,927.6995850945553,1302.1370770712508,1.0,0.0,26.0,0.0,inf,122.61819550578277,0.007283630999154411,70000.0,2900.0
7,85,6,known,3,100.0,300.0,150.0,2583.3399677290286,2121.0218460083065,1474.7581895421822,2101.5695636328924,1884.1287541513643,930.9422477082956,1.0,0.0,26.0,0.0,inf,98.8378808673725,0.009801508000236936,70000.0,2900.0
7,86,6,known,3,100.0,300.0,150.0,1931.856778851797,1867.5611027416965,494.25311483273407,1739.9846555761223,1675.0434553219638,470.9310187526541,1.0,0.0,28.0,0.0,inf,40.83931075785445,0.012349612999969395,70000.0,2900.0
7,87,6,known,3,100.0,300.0,150.0,1759.919489224958,668.4633084904959,1628.0274609955989,1306.0587591908325,593.7281996304923,1163.3040477117886,1.0,0.0,26.0,0.0,inf,52.420093483551476,0.008162099002220202,70000.0,2900.0
7,88,6,known,3,100.0,300.0,150.0,1545.2535600323465,412.8712229065969,1489.0755246421359,1141.8627454335142,343.43744990996936,1088.9909308200413,1.0,0.0,25.0,0.0,inf,67.73973911153882,0.008498495000822004,70000.0,2900.0
7,89,6,known,3,100.0,300.0,150.0,2067.539707526218,172.97701200123439,2060.291094849639,1511.008094686727,106.34093124730889,1507.2614466476173,1.0,0.0,25.0,0.0,inf,94.51276155353837,0.008128977999149356,70000.0,2900.0
7,90,6,known,3,100.0,300.0,150.0,3268.8959177776596,1213.6944132156516,3035.2308631457613,2477.83510214852,1084.3459448527738,2227.9723214889164,1.0,0.0,26.0,0.0,inf,77.76085425860657,0.008332848999998532,70000.0,2900.0
7,91,6,known,3,100.0,300.0,150.0,4036.231180144258,1869.6646879020784,3577.082064250237,3056.0537116588202,1692.5460876792076,2544.553404750126,1.0,0.0,27.0,0.0,inf,33.150949020960496,0.007781575000990415,70000.0,2900.0
7,92,6,known,3,100.0,300.0,150.0,2842.353902078697,2139.024418156766,1871.777295297467,2281.6687860364436,1912.4293705789353,1244.4381670939204,1.0,0.0,28.0,0.0,inf,58.013660116599254,0.01047993600150221,70000.0,2900.0
7,93,6,known,3,100.0,300.0,150.0,2968.05044216803,1524.5168335399105,2546.600057234603,2240.3559285145852,1377.1135516783156,1767.1312775836395,1.0,0.0,28.0,0.0,inf,48.90041698043388,0.0075616220019583125,70000.0,2900.0
7,94,6,known,3,100.0,300.0,150.0,304.38842834414544,219.48921159593178,210.89523774332895,215.29650787288685,166.6986026751621,136.2503657551365,1.0,0.0,25.0,0.0,inf,87.83431932348573,0.008464870999887353,70000.0,2900.0
7,95,6,known,3,100.0,300.0,150.0,2660.2678865891294,376.2397110256673,2633.527844596429,1873.4370860248696,287.2048146781064,1851.2914167464476,1.0,0.0,28.0,0.0,inf,33.10184354736397,0.006921790998603683,70000.0,2900.0
7,96,6,known,3,100.0,300.0,150.0,1746.996933080206,1204.7246346541983,1265.162771681555,1305.577995407877,1081.7839191297887,730.9428530367102,1.0,0.0,26.0,0.0,inf,67.5079342006851,0.016352909999113763,70000.0,2900.0
7,97,6,known,3,100.0,300.0,150.0,1584.8932928098072,506.4541511649336,1501.7959056946854,962.9066936865083,443.22857792922173,854.8319884358112,1.0,0.0,28.0,0.0,inf,44.30016836490799,0.008819654998660553,70000.0,2900.0
7,98,6,known,3,100.0,300.0,150.0,2932.4435914445107,1401.4216463837283,2575.896501424524,2198.7538633095523,1270.927703272099,1794.2300087988133,1.0,0.0,26.0,0.0,inf,100.90577773548073,0.006684759002382634,70000.0,2900.0
7,99,6,known,3,100.0,300.0,150.0,2888.8995608555215,2171.007977012036,1905.9026828412127,2362.467361827485,1941.0206711573005,1346.7333774137253,1.0,0.0,26.0,0.0,inf,69.39728317416457,0.008829469999909634,70000.0,2900.0
8,0,6,known,3,100.0,300.0,150.0,171.95352643257436,49.61229600112721,164.64092850228522,79.51476041909194,42.19183161957912,67.39767406291315,1.0,1.0,61.0,754.5024859002874,216.83139718108058,112.64113194208034,0.03371012299976428,110000.0,2900.0
8,1,6,known,3,100.0,300.0,150.0,1861.8153446714382,58.25471301589471,1860.9037498122952,953.5650331044151,28.09870585770696,953.1509508407083,1.0,1.0,34.0,2636.602816316654,62.181002267717375,65.10936545206911,0.016607852001470746,110000.0,2900.0
8,2,6,known,3,100.0,300.0,150.0,1581.6237768681503,50.11374275638535,1580.8296506396948,1341.612405548949,27.908777033624954,1341.3220891669998,1.0,1.0,23.0,2304.1558282636133,71.47548471739404,67.99334557975271,0.012239110998052638,110000.0,2900.0
8,3,6,known,3,100.0,300.0,150.0,2852.803671517402,131.79968938622292,2849.75746864551,1481.635448353029,57.64761119621695,1480.5135442607916,1.0,1.0,14.0,3495.2462067839465,46.90665809145536,57.50818224163077,0.012723495001409901,110000.0,2900.0
8,4,6,known,3,100.0,300.0,150.0,1092.6229272764049,58.333223600144514,1091.0646618026246,1041.6158908708317,54.32948653738747,1040.1980441277615,1.0,1.0,33.0,1590.619555237875,102.94159217892302,94.58642512323912,0.011824186996818753,110000.0,2900.0
8,5,6,known,3,100.0,300.0,150.0,1540.2583221469426,86.8209793902694,1537.8094213785496,836.5263561744418,56.88228639736186,834.5901689264603,1.0,1.0,26.0,2356.0703327564233,69.97999946426549,57.50661435418407,0.006902301000081934,110000.0,2900.0
8,6,6,known,3,100.0,300.0,150.0,1263.9133320887543,85.7873508266063,1260.9985890039095,1203.9628477436424,67.11274744211822,1202.0908525888347,1.0,1.0,33.0,1766.6861508777336,92.97107634211271,44.48874100180977,0.014120255000307225,110000.0,2900.0
8,7,6,known,3,100.0,300.0,150.0,1041.4789325431946,20.979761803135613,1041.267600824109,430.1827948859782,27.683379539999738,429.29112209916,1.0,1.0,59.0,1992.805593206912,82.56385290415177,92.97509554615928,0.02675371700024698,110000.0,2900.0
8,8,6,known,3,100.0,300.0,150.0,2222.348269903703,94.72745334341093,2220.3284762230687,342.5881499633011,41.61477685092803,340.0512473773987,1.0,1.0,31.0,1475.7795403325397,111.07376362489043,49.75375344922591,0.0128915870009223,110000.0,2900.0
8,9,6,known,3,100.0,300.0,150.0,1494.2511041586308,132.39783646599676,1488.3740037968987,1414.4221029267435,89.01026379407253,1411.6185951548744,1.0,1.0,19.0,2080.739328818152,79.12938445283088,81.97597691708832,0.006943420001334744,110000.0,2900.0
8,10,6,known,3,100.0,300.0,150.0,757.1321736655991,70.75731713854002,753.8186323453083,550.1346872953475,61.041076964204194,546.7377443423857,1.0,1.0,33.0,1492.4308390564224,109.97443671137745,83.39405675259691,0.01121463399977074,110000.0,2900.0
8,11,6,known,3,100.0,300.0,150.0,2524.2154474032623,70.85626201987199,2523.220762248485,488.4254722158844,43.1149088248715,486.51880389799186,1.0,1.0,37.0,1765.787429989467,93.13375613091605,100.12683345651237,0.018786335000186227,110000.0,2900.0
8,12,6,known,3,100.0,300.0,150.0,2832.845818623739,59.33509803237966,2832.22435167758,590.2682866048814,24.064993795566604,589.7775226685751,1.0,1.0,61.0,2082.0559445343356,79.10997627382702,88.5579654251554,0.027798803999758093,110000.0,2900.0
8,13,6,known,3,100.0,300.0,150.0,1710.8452159632127,34.89327385271733,1710.4893488192351,273.7208941451994,38.50710870921113,270.99876470291235,1.0,1.0,36.0,925.7625393377257,178.5271756803287,57.94084838798459,0.01284111099812435,110000.0,2900.0
8,14,6,known,3,100.0,300.0,150.0,699.7558889170887,44.23835577103507,698.356121153685,313.3441311174461,34.742143030231986,311.4121513419381,1.0,1.0,35.0,324.5741744185356,505.7340212235546,106.27690497991787,0.022419703997002216,110000.0,2900.0
8,15,6,known,3,100.0,300.0,150.0,1652.3409456137724,70.81899161962735,1650.8226043333048,982.7921844827906,40.858056250211426,981.9425121257915,1.0,1.0,19.0,2394.9374997302743,68.80220238435697,58.26967592697631,0.009507981001661392,110000.0,2900.0
8,16,6,known,3,100.0,300.0,150.0,411.8560234955669,77.71806513174126,404.4567794483848,262.86393301951074,75.36585211222376,251.82818670252988,1.0,1.0,140.0,539.3903913932317,306.0760807977126,50.92786714935928,0.06567222500234493,110000.0,2900.0
8,17,6,known,3,100.0,300.0,150.0,2318.8010634100774,91.72215219844904,2316.986279300719,523.8915583043361,68.6283045374752,519.3770505893162,1.0,1.0,25.0,1573.7311671481425,104.77712679824519,67.58358295231118,0.011611486999754561,110000.0,2900.0
8,18,6,known,3,100.0,300.0,150.0,1053.047159346173,69.62706831387293,1050.7427806866244,500.82588363912265,63.713330751456894,496.75665793974366,1.0,1.0,30.0,1862.312588684602,88.45303482519991,79.3467428100901,0.007463444002496544,110000.0,2900.0
8,19,6,known,3,100.0,300.0,150.0,2084.895225667849,113.14306691557184,2081.8229387778224,1397.9762129778817,68.007711148906,1396.3210387573004,1.0,1.0,28.0,1753.3692970786374,93.78567912235205,64.15033419439256,0.010119185000803554,110000.0,2900.0
8,20,6,known,3,100.0,300.0,150.0,1855.62608536589,61.83312251852376,1854.5955984122108,1119.55121953396,45.34302117590338,1118.6326222628315,1.0,1.0,19.0,2546.7044955041483,64.54740848705725,48.41091666553817,0.00522246399850701,110000.0,2900.0
8,21,6,known,3,100.0,300.0,150.0,1367.559925470834,36.16249211270514,1367.081718083448,594.7208872626434,29.043475088545716,594.0112880251072,1.0,1.0,33.0,2235.4103720840767,73.30656992815501,64.86212289114351,0.019305605001136428,110000.0,2900.0
8,22,6,known,3,100.0,300.0,150.0,670.0688557177239,89.52387261820856,664.0615541004453,294.2608486923512,76.99781484948284,284.00842167363203,1.0,1.0,46.0,324.3451081923442,507.6119907781248,104.50370989804219,0.01600219100146205,110000.0,2900.0
8,23,6,known,3,100.0,300.0,150.0,794.1966647375841,64.08546941486944,791.6068436352596,666.9544234958092,45.48673525115485,665.401502806252,1.0,1.0,29.0,1385.7756082184978,118.87967378498935,105.28554930094596,0.008554252999601886,110000.0,2900.0
8,24,6,known,3,100.0,300.0,150.0,1292.4093291555116,27.002594385752307,1292.1272127714972,952.1799666362401,19.33160256872913,951.9837067962436,1.0,1.0,26.0,1141.6082283499888,144.51623438794613,91.69455489282436,0.014464945001236629,110000.0,2900.0
8,25,6,known,3,100.0,300.0,150.0,1511.046113215393,106.96070988747366,1507.255705845466,658.2461168100484,67.82610778320314,654.7423687210787,1.0,1.0,28.0,2451.356048750762,67.24256501877385,70.41763588965462,0.014285201999882702,110000.0,2900.0
8,26,6,known,3,100.0,300.0,150.0,2412.4457867911046,70.7258855653358,2411.4088254207645,1214.720245892548,38.482084202345,1214.110540674405,1.0,1.0,24.0,3248.9033910359194,50.464315856864395,49.149163048937616,0.00767529700169689,110000.0,2900.0
8,27,6,known,3,100.0,300.0,150.0,1945.6721650737663,100.66736238221442,1943.066199616947,1493.7298013336897,60.48633096306315,1492.5046476172229,1.0,1.0,35.0,1747.9849859350877,93.79029389494985,65.71525216025105,0.012911255998915294,110000.0,2900.0
8,28,6,known,3,100.0,300.0,150.0,1213.6816023038493,55.08303217116483,1212.430984154426,705.366608604799,40.19159152068288,704.2206248794978,1.0,1.0,29.0,1972.6251453643774,83.42050965254207,91.95931585942128,0.01748235500053852,110000.0,2900.0
8,29,6,known,3,100.0,300.0,150.0,2392.976885820768,51.545979644615585,2392.421657662992,1180.2715355007392,32.132886518908485,1179.8340455832065,1.0,1.0,38.0,1809.3200065239503,91.02479080890608,48.33333999417275,0.019133282999973744,110000.0,2900.0
8,30,6,known,3,100.0,300.0,150.0,1515.7144058016333,36.811025104650184,1515.2673389159231,1289.5206793900243,15.44992482098305,1289.4281222299815,1.0,1.0,32.0,1968.114357349447,83.48256675929585,92.01344838455351,0.010294640000211075,110000.0,2900.0
8,31,6,known,3,100.0,300.0,150.0,1023.0876615823172,61.35479763647606,1021.2462739657664,354.3540739187426,46.57852020285825,351.2794488132228,1.0,1.0,133.0,381.95814814830027,430.97340534784234,96.05855762545679,0.07257964599921252,110000.0,2900.0
8,32,6,known,3,100.0,300.0,150.0,583.0931309157015,57.5900509694293,580.2421781897744,243.90083931312472,57.36968801651179,237.05766875284752,1.0,1.0,59.0,445.7332735163769,368.81588803074413,98.03226397641549,0.035591748001024825,110000.0,2900.0
8,33,6,known,3,100.0,300.0,150.0,1652.4831003357872,38.439590359077116,1652.035954447845,1309.666344695223,29.3146018492971,1309.3382254199119,1.0,1.0,18.0,2254.6559941682235,72.76329391038347,87.15633856728581,0.013152965999324806,110000.0,2900.0
8,34,6,known,3,100.0,300.0,150.0,2526.340644695012,86.3671528437325,2524.863910777703,1074.2800516632237,67.94708137262256,1072.1291076798918,1.0,1.0,39.0,3459.3360434015913,47.32004593105462,99.66474405314867,0.012025639000057708,110000.0,2900.0
8,35,6,known,3,100.0,300.0,150.0,2099.924885109866,108.12307006206906,2097.1394624163736,1134.3259777511078,55.11927226838204,1132.9860059266446,1.0,1.0,38.0,2750.9010469767773,59.358785136951234,82.46393235344979,0.01305890200092108,110000.0,2900.0
8,36,6,known,3,100.0,300.0,150.0,2236.0335822588477,103.64349949613342,2233.630275135419,1116.0701833825153,54.61164504633691,1114.7332517067991,1.0,1.0,18.0,3051.658814176724,53.69116897845544,53.12394295611031,0.0059312739977031015,110000.0,2900.0
8,37,6,known,3,100.0,300.0,150.0,733.4580768834347,59.745265179630394,731.0206931641279,317.67143892881245,54.55319870410399,312.9522193917991,1.0,1.0,34.0,324.1263833793599,507.4257747056169,87.21160965895041,0.013060982997558312,110000.0,2900.0
8,38,6,known,3,100.0,300.0,150.0,2326.5605471307526,88.6137653662736,2324.872379304498,1055.5115821941095,38.22512044828509,1054.8191979257042,1.0,1.0,36.0,3072.1011196373343,53.67834887473321,93.04744689044456,0.013469599998643389,110000.0,2900.0
8,39,6,known,3,100.0,300.0,150.0,920.5271190771145,68.76848687976364,917.9548312246524,406.56546937654963,43.97180657188811,404.18060457693736,1.0,1.0,91.0,320.8392480620469,514.0730001287426,96.45159938262258,0.03829110900187516,110000.0,2900.0
8,40,6,known,3,100.0,300.0,150.0,2084.571342584537,82.06675957422462,2082.955287397616,1346.2879866994979,26.686172563063405,1346.0234735417216,1.0,1.0,34.0,1692.961007046893,97.25323244459368,60.066133209215,0.012544177003292134,110000.0,2900.0
8,41,6,known,3,100.0,300.0,150.0,2342.3717067642065,109.27487031203941,2339.8214067248273,1207.1485275195453,53.53457734030942,1205.9608685697892,1.0,1.0,19.0,3103.2142760963316,53.01071710942082,42.79859607937745,0.00707042499925592,110000.0,2900.0
8,42,6,known,3,100.0,300.0,150.0,1715.8147230034995,91.23526614129855,1713.3873729801157,1193.2437771576265,60.529779132779915,1191.7075386031324,1.0,1.0,12.0,2234.339613760797,73.66555642412585,63.90320741122794,0.004559706998406909,110000.0,2900.0
8,43,6,known,3,100.0,300.0,150.0,2950.1420416431215,128.30883077839917,2947.3504898153064,1205.3743059583287,59.44989719937455,1203.907358224671,1.0,1.0,33.0,3939.7152832342313,41.66214342091503,61.84091601509499,0.011027890999685042,110000.0,2900.0
8,44,6,known,3,100.0,300.0,150.0,2825.3918281843753,156.60816670992944,2821.0481854960935,1246.9064434818406,71.7653081469798,1244.839515497119,1.0,1.0,34.0,3721.8290037267357,44.047133231460215,68.20643559577036,0.01486075299908407,110000.0,2900.0
8,45,6,known,3,100.0,300.0,150.0,1053.3654090419243,42.92827512128319,1052.4903078704203,337.04116221567386,35.43686981682559,335.17304975978834,1.0,1.0,56.0,428.66256506004,383.0840076391455,63.222596082359544,0.027717229000700172,110000.0,2900.0
8,46,6,known,3,100.0,300.0,150.0,1964.442462035288,68.37954410332631,1963.2520023154148,1209.6127225733298,39.16830993859654,1208.978404318215,1.0,1.0,25.0,1536.2760744281172,107.31832687571794,55.87316407781268,0.008456225998088485,110000.0,2900.0
8,47,6,known,3,100.0,300.0,150.0,822.3471172244017,22.349970022179594,822.0433443847664,335.77747195846644,23.00236530305997,334.9886593084657,1.0,1.0,34.0,365.8397090490901,451.46833574238065,62.31770118311422,0.009706758002721472,110000.0,2900.0
8,48,6,known,3,100.0,300.0,150.0,475.6083578359539,48.653115843939986,473.113289141289,325.636861914843,37.206967319378016,323.50426182763226,1.0,1.0,37.0,598.8493389046627,274.255822058952,45.41512779042693,0.017592293999769026,110000.0,2900.0
8,49,6,known,3,100.0,300.0,150.0,1537.9930311227365,86.85172918931823,1535.5387787089353,733.9109027361002,54.30104115573684,731.8993169038488,1.0,1.0,36.0,2326.4149179535048,70.71431621355289,105.24680389089269,0.024062995002168464,110000.0,2900.0
8,50,6,known,3,100.0,300.0,150.0,2683.4879190593515,154.42351104486767,2679.041020771064,1485.714882488401,71.95724705479584,1483.9713159774408,1.0,1.0,18.0,3461.087334074981,47.45601894892825,58.19522771565309,0.00861139100015862,110000.0,2900.0
8,51,6,known,3,100.0,300.0,150.0,1688.21831595103,93.37153453044846,1685.634254176143,996.2301208552688,53.91982375780225,994.7698760543722,1.0,1.0,28.0,2540.9781729936894,64.75861450542837,94.53621308503699,0.009488077001151396,110000.0,2900.0
8,52,6,known,3,100.0,300.0,150.0,1101.6203273584094,41.4177718239621,1100.8414571710077,972.4856093642588,29.564071153487987,972.0361238747279,1.0,1.0,33.0,1815.0059695042507,90.36791696859794,88.29783210392084,0.00947223299954203,110000.0,2900.0
8,53,6,known,3,100.0,300.0,150.0,863.7179977661162,50.78979483221364,862.22339124267,804.2407686728999,45.56618995569107,802.9489001975771,1.0,1.0,31.0,1107.3835480522057,148.7489391689694,65.61884591911836,0.011248856000747764,110000.0,2900.0
8,54,6,known,3,100.0,300.0,150.0,1253.1205967019423,20.69885745633093,1252.9496347334295,1163.529178223831,31.893534050022843,1163.0919787635128,1.0,1.0,28.0,1480.5842000987682,111.34253337704995,99.0328304534718,0.00960262299850001,110000.0,2900.0
8,55,6,known,3,100.0,300.0,150.0,273.88773327094,40.83143455507139,270.82703777220706,143.16956475615012,34.346488367200635,138.98864345444636,1.0,1.0,49.0,739.5803560102846,222.41044980145386,59.36249357027775,0.022427022999181645,110000.0,2900.0
8,56,6,known,3,100.0,300.0,150.0,1827.5696404256653,80.9448047941342,1825.7761990951778,770.6337205306388,58.29912454625154,768.4253661195962,1.0,1.0,56.0,2623.317142797875,62.50873257570037,75.72370134265462,0.02064122500087251,110000.0,2900.0
8,57,6,known,3,100.0,300.0,150.0,2495.665886789742,127.63739871652947,2492.3998300703897,1044.406809653151,95.87728591570341,1039.996697155963,1.0,1.0,40.0,3565.0265727380693,46.05651490323995,95.53045191199114,0.011095921003288822,110000.0,2900.0
8,58,6,known,3,100.0,300.0,150.0,2032.1038222327581,56.75354095165262,2031.311147983596,851.4710638331159,59.26005260343676,849.4063919647274,1.0,1.0,30.0,3151.9825224100364,52.35735858917406,50.09976019951174,0.014684151999972528,110000.0,2900.0
8,59,6,known,3,100.0,300.0,150.0,910.8697086428677,46.92540572190793,909.6601741425076,396.15405437843265,36.57579975560765,394.46196986871604,1.0,1.0,46.0,327.0851367887217,503.7499282427807,113.34070006091964,0.014770174002478598,110000.0,2900.0
8,60,6,known,3,100.0,300.0,150.0,1585.6607057180643,24.159987265215563,1585.4766376940577,899.0198322571669,45.57219480489728,897.8640397367349,1.0,1.0,25.0,2288.054177730912,71.9301484289076,73.2422462006813,0.009209484000166412,110000.0,2900.0
8,61,6,known,3,100.0,300.0,150.0,955.0316986858361,68.61533279802886,952.5636365092724,789.311284164872,51.72251460781445,787.6148073726418,1.0,1.0,31.0,878.3058274825945,187.2183558231663,71.51037859553058,0.010887234999245265,110000.0,2900.0
8,62,6,known,3,100.0,300.0,150.0,951.3979020501492,78.28554165201105,948.1715783515539,397.85081989663934,74.78359654592029,390.75911835820955,1.0,1.0,56.0,1835.749775218778,90.01847856694185,86.42314924123751,0.026948694998282008,110000.0,2900.0
8,63,6,known,3,100.0,300.0,150.0,879.6307825981302,18.74414621992656,879.4310494158625,543.5025747413629,15.889778910845713,543.2702492099628,1.0,1.0,37.0,1576.02869573856,104.22939040828886,104.27137758385807,0.015208847999019781,110000.0,2900.0
8,64,6,known,3,100.0,300.0,150.0,1337.6683941222898,67.06898481477467,1335.9859594732352,293.524540272705,60.722615311510026,287.17489397931917,1.0,1.0,41.0,609.5124731960927,270.1984806039982,53.84060059029895,0.01916301599703729,110000.0,2900.0
8,65,6,known,3,100.0,300.0,150.0,130.5637987783618,30.670927840188824,126.91020343872466,114.25330498515679,25.66139624846074,111.33422853107996,1.0,1.0,32.0,811.3817737332472,202.43095477843232,71.64766343438342,0.018454129000019748,110000.0,2900.0
8,66,6,known,3,100.0,300.0,150.0,2278.073196636599,99.18428608507251,2275.912996278172,954.454485169764,43.63947959990696,953.4563231113045,1.0,1.0,31.0,3121.6216581531967,52.963293929314496,51.78646906340591,0.01179700899956515,110000.0,2900.0
8,67,6,known,3,100.0,300.0,150.0,910.8705788379933,50.63800855612473,909.4619307492375,868.354586117173,37.49802974142682,867.544572339795,1.0,1.0,34.0,1228.5649635194789,133.4492641734808,88.92333507304129,0.01276788099858095,110000.0,2900.0
8,68,6,known,3,100.0,300.0,150.0,1331.5119572849385,75.39788188365829,1329.3755119604941,549.9419926076878,75.97056724111695,544.6693199973513,1.0,1.0,32.0,2196.8294345812405,75.05771472258526,65.17240101094305,0.010137291999853915,110000.0,2900.0
8,69,6,known,3,100.0,300.0,150.0,888.2933868419849,19.99993500815263,888.0682089270362,415.04440949013724,26.331441124251164,414.2083015311702,1.0,1.0,57.0,1687.7690012261585,97.38113491301874,122.2461260332187,0.020622767999157077,110000.0,2900.0
8,70,6,known,3,100.0,300.0,150.0,839.0610103689968,46.44020501317842,837.7748423531084,398.3597211099154,34.515601834250994,396.861613957295,1.0,1.0,18.0,1717.1597409945448,95.78805239412183,71.91309066855678,0.00781926099807606,110000.0,2900.0
8,71,6,known,3,100.0,300.0,150.0,2483.00891322662,105.0798202771555,2480.784451445421,436.33661372047953,50.850553819741634,433.36342906304463,1.0,1.0,53.0,1788.9836436526514,91.77796488105223,114.1839962434158,0.020149085998127703,110000.0,2900.0
8,72,6,known,3,100.0,300.0,150.0,1370.8590655654552,24.72317616309425,1370.6361086019156,652.2636030186954,29.042284390979088,651.616722882619,1.0,1.0,28.0,810.1334003381231,204.18146816443394,99.98753219193543,0.009035839997522999,110000.0,2900.0
8,73,6,known,3,100.0,300.0,150.0,1112.6034080181064,100.38794729997785,1108.0652523973495,814.1073466368391,62.646666577304444,811.6933947093734,1.0,1.0,29.0,966.7164366157928,169.78217932993084,58.11492971370456,0.009952804997737985,110000.0,2900.0
8,74,6,known,3,100.0,300.0,150.0,666.1562413668297,33.6714373618587,665.3047213254753,291.4270420837083,31.640393842290152,289.7043429691109,1.0,1.0,38.0,366.89658205027627,446.46523499398916,93.35222200960318,0.020368240999232512,110000.0,2900.0
8,75,6,known,3,100.0,300.0,150.0,1310.7039469483523,36.74013442274233,1310.1889173201657,749.8981366960855,23.22498621346649,749.5384015750262,1.0,1.0,21.0,2028.9184957148286,80.88853986725042,70.89242941742535,0.010990247999870917,110000.0,2900.0
8,76,6,known,3,100.0,300.0,150.0,878.5297285108214,53.3892933271326,876.9059625953782,769.3777749550637,40.212258731903944,768.3261903921297,1.0,1.0,31.0,1422.3257836004543,115.47646535190978,76.17523316382835,0.014457425997534301,110000.0,2900.0
8,77,6,known,3,100.0,300.0,150.0,605.7370813860573,39.79980314870241,604.4281491090761,382.45255305356926,36.61479651245154,380.69582610470655,1.0,1.0,29.0,1390.8563987907637,118.50980558673271,75.18811033348935,0.009462975998758338,110000.0,2900.0
8,78,6,known,3,100.0,300.0,150.0,780.9193138021171,69.89075645137633,777.7854825283279,365.51028659378653,49.90826235360662,362.08691629871896,1.0,1.0,38.0,339.60933613035905,486.1277692476475,91.42407279460369,0.01540061499690637,110000.0,2900.0
8,79,6,known,3,100.0,300.0,150.0,1848.0479781104045,64.72997537689216,1846.9140098244045,698.8457492930954,44.75871580468976,697.4109539321439,1.0,1.0,37.0,1187.4797195325311,139.27968471326267,44.28860461103633,0.01045801600048435,110000.0,2900.0
8,80,6,known,3,100.0,300.0,150.0,769.0528446181312,63.73353983844016,766.4074071372885,321.4410381503573,42.73022057302637,318.58824406584745,1.0,1.0,37.0,349.740530707763,470.47260933351987,51.37218344056164,0.010871924001548905,110000.0,2900.0
8,81,6,known,3,100.0,300.0,150.0,2499.0727695754836,93.56562427813836,2497.3206004810672,1023.1895268795683,67.26180911430431,1020.9763253624961,1.0,1.0,44.0,3634.6036323524627,45.33763525155613,92.53165979237171,0.014733411997440271,110000.0,2900.0
8,82,6,known,3,100.0,300.0,150.0,1162.3525831271772,56.87248264235704,1160.9603990750572,879.4049954713453,39.56725766273467,878.5144154656812,1.0,1.0,7.0,1778.1119277204682,92.5400837880771,45.490913756460095,0.0039007089981168974,110000.0,2900.0
8,83,6,known,3,100.0,300.0,150.0,2375.613006888842,63.82907504744442,2374.7553574374847,601.9140432843191,22.708244014982597,601.4855369471765,1.0,1.0,51.0,1601.6595448066894,102.86072040233084,73.49961290752768,0.025787508999201236,110000.0,2900.0
8,84,6,known,3,100.0,300.0,150.0,629.895936688811,44.984865085030165,628.287555956949,274.66963028647575,30.847698923624346,272.93190592678366,1.0,1.0,40.0,436.85789394642575,377.4712255126075,79.39761597065244,0.016009158996894257,110000.0,2900.0
8,85,6,known,3,100.0,300.0,150.0,1113.5364639106235,27.039530029037618,1113.2081208266425,999.4121586601511,18.92093061559258,999.2330365146975,1.0,1.0,36.0,1694.9476189362563,97.02110557924928,60.95382239758723,0.01370452100309194,110000.0,2900.0
8,86,6,known,3,100.0,300.0,150.0,843.3992378055021,54.64921141468705,841.6268401272947,771.5590119888561,47.75130699867361,770.0799449804796,1.0,1.0,35.0,1163.4228147616702,141.51359899396417,64.14851213735774,0.009987965000618715,110000.0,2900.0
8,87,6,known,3,100.0,300.0,150.0,430.6132760906484,88.79484296036259,421.35883687086186,406.5998956401614,68.84108386353171,400.7298096062786,1.0,1.0,31.0,1109.494779128735,148.0690478909566,74.5735190012522,0.011027231998014031,110000.0,2900.0
8,88,6,known,3,100.0,300.0,150.0,1878.1762230127783,98.3473231519402,1875.5995651309458,1330.2609996722842,56.746457294861955,1329.0500994445572,1.0,1.0,33.0,2512.2094820173475,65.67863733165586,95.56382155813037,0.012209829998027999,110000.0,2900.0
8,89,6,known,3,100.0,300.0,150.0,473.98514464245295,43.69666168703794,471.9666504098946,317.9023386874039,37.078407751265374,315.732622042056,1.0,1.0,34.0,720.6025331729826,229.5092190827889,79.25481126433728,0.010918002997641452,110000.0,2900.0
8,90,6,known,3,100.0,300.0,150.0,396.1855163108655,64.26180933772787,390.93910420313364,211.60211119300882,41.7886747530329,207.43471291884518,1.0,1.0,30.0,605.4700655512605,271.5787160291445,65.16794163733495,0.013162940998881822,110000.0,2900.0
8,91,6,known,3,100.0,300.0,150.0,738.8314176157486,23.244146435534276,738.4656886495,366.58349367592666,19.94202781821238,366.0406717321804,1.0,1.0,65.0,331.53024694525607,496.8882334677376,83.50515506461772,0.03630443400106742,110000.0,2900.0
8,92,6,known,3,100.0,300.0,150.0,1259.7121225589951,76.02089775208744,1257.4161820284705,1051.7232349601102,51.954294673248576,1050.439200629891,1.0,1.0,29.0,2002.6005876211805,82.32144172529662,62.40229144445995,0.010951617001410341,110000.0,2900.0
8,93,6,known,3,100.0,300.0,150.0,2655.1245665810748,163.01269781145598,2650.1157190610697,1097.8704907749836,70.20584358292817,1095.6234544958013,1.0,1.0,29.0,3548.8975171556144,46.30196984542324,80.42381948468821,0.01271502999952645,110000.0,2900.0
8,94,6,known,3,100.0,300.0,150.0,1743.2151939380078,85.79274780939517,1741.1027588283353,1388.1614815427733,53.92068219649725,1387.1138593751027,1.0,1.0,15.0,1707.9044454119178,95.96343634352519,92.81604138424342,0.00585738100198796,110000.0,2900.0
8,95,6,known,3,100.0,300.0,150.0,897.9662997869809,27.535009302070737,897.544037257146,496.52540052093747,16.53094549126231,496.25013975176097,1.0,1.0,33.0,1767.6895070307742,92.9544173765186,100.5768684111836,0.009417646000656532,110000.0,2900.0
8,96,6,known,3,100.0,300.0,150.0,1060.2447372490976,37.16038779067222,1059.593322196613,467.8233654618722,28.54949091916975,466.95141914371425,1.0,1.0,32.0,1859.7234150461088,88.61564770249643,81.50606455684377,0.01111635000052047,110000.0,2900.0
8,97,6,known,3,100.0,300.0,150.0,1175.0733175257058,29.750634879541572,1174.6966422379576,483.79187718628987,43.01141251673525,481.8761239413605,1.0,1.0,35.0,2193.907222907086,75.00225526608611,68.78208257662315,0.010875411000597524,110000.0,2900.0
8,98,6,known,3,100.0,300.0,150.0,1732.403303564953,50.411943050187986,1731.6696689035894,472.943363184836,40.49693599732211,471.2063485941297,1.0,1.0,28.0,1033.9110494555268,157.71401763521368,73.676783957931,0.009134083000390092,110000.0,2900.0
8,99,6,known,3,100.0,300.0,150.0,2277.0554755301487,86.41664464492608,2275.415083489196,1066.4038497849103,40.275016277889115,1065.6430424395844,1.0,1.0,13.0,2967.4573509222328,55.48207296501552,118.11691998681316,0.0055042969979695044,110000.0,2900.0
9,0,6,known,3,100.0,300.0,150.0,868.6889428992991,75.57089662036141,865.3955853247096,805.5617535791355,67.27841352865944,802.7473786332524,1.0,1.0,27.0,1508.328339152795,108.54790363701726,144.10687628390508,0.009275660002458608,150000.0,2900.0
9,1,6,known,3,100.0,300.0,150.0,965.6210851106872,30.71406012736367,965.1324916926349,441.3346146188073,30.26717103798179,440.29551487391814,1.0,1.0,37.0,319.2544374810341,513.3161521007265,75.6798793265033,0.018644168998434907,150000.0,2900.0
9,2,6,known,3,100.0,300.0,150.0,948.6576561193393,59.57394896055875,946.785241287106,426.8370989768981,56.436575058847744,423.0896146901284,1.0,1.0,25.0,328.23943463232405,501.2151429918729,80.47414988976509,0.008818131002044538,150000.0,2900.0
9,3,6,known,3,100.0,300.0,150.0,2347.09637352028,78.78263504448739,2345.7737919517085,981.6553060627914,45.121750038173445,980.6177479500997,1.0,1.0,22.0,3185.186897977408,51.48405407584253,51.72403100948328,0.010700423998059705,150000.0,2900.0
9,4,6,known,3,100.0,300.0,150.0,1651.8415400040403,37.36507748105878,1651.4188821337104,769.5300742738327,37.26966149048139,768.6270275915853,1.0,1.0,29.0,2429.693868389592,67.58553454036563,80.25276149067419,0.013522282002668362,150000.0,2900.0
9,5,6,known,3,100.0,300.0,150.0,1166.5117346724342,36.749445823627916,1165.9327190537829,280.14995575021345,27.23473771505644,278.82300258127674,1.0,1.0,146.0,590.5248860831856,279.13402967725665,68.84955946476872,0.0566960719988856,150000.0,2900.0
9,6,6,known,3,100.0,300.0,150.0,754.5384406485081,30.955186805661132,753.90319990441,611.9929242462456,26.536295232565422,611.4173405807206,1.0,1.0,16.0,1514.3958033931156,108.72233133662543,72.15790659168171,0.00905263599997852,150000.0,2900.0
9,7,6,known,3,100.0,300.0,150.0,1099.94617071369,85.69168703783299,1096.6031703585031,391.84519244874235,66.44490899223014,386.170595610549,1.0,1.0,40.0,369.881584444444,445.17949349652423,78.17416999071706,0.027331748999131378,150000.0,2900.0
9,8,6,known,3,100.0,300.0,150.0,964.5630381551986,45.43337564053174,963.4924301483086,390.81144887474426,42.53165194184286,388.4902150050562,1.0,1.0,37.0,338.0191201482794,486.7850273803488,81.21041513976695,0.01780323999992106,150000.0,2900.0
9,9,6,known,3,100.0,300.0,150.0,938.6999133913969,99.87995986200738,933.3710521646682,807.0482689089861,65.7479445767392,804.3656607121696,1.0,1.0,31.0,1084.7457723797522,151.10768051883193,89.66610563584696,0.014310848000604892,150000.0,2900.0
9,10,6,known,3,100.0,300.0,150.0,1463.541496987383,91.1068029910386,1460.7030033010892,1345.7732541720934,77.50090635852105,1343.539824924648,1.0,1.0,33.0,1689.9327759504424,97.52881811996961,79.36563486225425,0.019868268998834537,150000.0,2900.0
9,11,6,known,3,100.0,300.0,150.0,2720.3515248781914,149.3466390517739,2716.2488840883193,1108.1142014233035,66.68673336105367,1106.105764829764,1.0,1.0,35.0,3722.9274226455755,44.204718277351816,84.35931028137392,0.022195434001332615,150000.0,2900.0
9,12,6,known,3,100.0,300.0,150.0,886.9973396382708,75.18929558668819,883.8047580515436,377.56008497310034,62.80176984033889,372.30035652657637,1.0,1.0,53.0,380.5219610093874,432.3936956645956,55.71904547803259,0.03392827700008638,150000.0,2900.0
9,13,6,known,3,100.0,300.0,150.0,2262.6120564613584,107.7862694744254,2260.0432381167147,1166.1141541079858,47.65685431036555,1165.1399249224205,1.0,1.0,32.0,3037.6902718302013,54.185720896123875,84.85717975745096,0.020733928999106865,150000.0,2900.0
9,14,6,known,3,100.0,300.0,150.0,1046.3616844435671,13.65614714200978,1046.2725669331176,669.4264670302914,21.359978505774883,669.0856044475107,1.0,1.0,27.0,1808.5213172006358,91.16177216870396,94.52573890273767,0.021182012002100237,150000.0,2900.0
9,15,6,known,3,100.0,300.0,150.0,2112.0907390702464,82.59101927879713,2110.4753051388184,399.7868455751154,33.1289448209859,398.4118408254821,1.0,1.0,48.0,1461.8261764123615,112.16831537894105,117.69684704397936,0.024984732001030352,150000.0,2900.0
9,16,6,known,3,100.0,300.0,150.0,780.0740175932724,59.292267688068804,777.817394969099,330.2870670281577,51.90123477122704,326.18370357098576,1.0,1.0,64.0,1763.9527647604802,92.94383488272095,64.7799595802418,0.023398488003294915,150000.0,2900.0
9,17,6,known,3,100.0,300.0,150.0,1925.3182511647442,55.186429278518546,1924.5271695384185,927.1136280361692,39.20445668562314,926.2843461196857,1.0,1.0,22.0,2670.0884348757713,61.49211630357282,50.63763549332211,0.00628011699882336,150000.0,2900.0
9,18,6,known,3,100.0,300.0,150.0,1564.2144817015671,98.4314430812743,1561.114408292307,673.1515023198766,58.86923873062899,670.5724105618895,1.0,1.0,35.0,2465.7114007049245,66.58376387711793,79.06435213045151,0.010559246999036986,150000.0,2900.0
9,19,6,known,3,100.0,300.0,150.0,1374.4208812663396,54.75376705039724,1373.3298161238372,1184.155190497572,45.20095953786598,1183.292182193053,1.0,1.0,34.0,2085.909661761783,78.71278688412,46.955440608405304,0.015006886002083775,150000.0,2900.0
9,20,6,known,3,100.0,300.0,150.0,1920.2642458778005,94.4931240863659,1917.9379091871135,1061.4430086239076,82.88873625520955,1058.2016433357996,1.0,1.0,40.0,1465.4729371014605,112.02711433026737,62.186261815599934,0.017665119001321727,150000.0,2900.0
9,21,6,known,3,100.0,300.0,150.0,1063.2240182421249,56.089504068971664,1061.7435097518737,351.2521499959812,53.39424817846842,347.1701702886574,1.0,1.0,30.0,402.8319226133943,410.1235316485968,79.95172447888437,0.013128865997714456,150000.0,2900.0
9,22,6,known,3,100.0,300.0,150.0,859.4479095692543,43.786480523970994,858.3317851427181,510.41393890598425,31.727902596044842,509.426863471468,1.0,1.0,28.0,1827.260356464919,89.84433117325193,72.71330072102143,0.013544194000132848,150000.0,2900.0
9,23,6,known,3,100.0,300.0,150.0,2157.7066205059555,119.31930680812643,2154.4049673165114,1403.1173725878227,70.08338028593427,1401.366005390973,1.0,1.0,24.0,2794.207864266283,59.08654848215782,80.55727444433325,0.006613425000978168,150000.0,2900.0
9,24,6,known,3,100.0,300.0,150.0,1435.4212513578632,64.81554329523,1433.9571521482496,1246.4992600678222,48.80704096158579,1245.5433666084061,1.0,1.0,31.0,1551.700099789256,105.58916525885701,79.67180960939055,0.011186081002961146,150000.0,2900.0
9,25,6,known,3,100.0,300.0,150.0,791.5681738001457,25.883081135428654,791.1448918398162,347.2956619268486,26.796933741196998,346.2603083451492,1.0,1.0,48.0,317.29995464141234,515.5463998838279,74.27658818371312,0.01992488600080833,150000.0,2900.0
9,26,6,known,3,100.0,300.0,150.0,478.36065297271983,48.11411928633385,475.9348125928459,209.1957431371704,38.12375214165012,205.6925824363995,1.0,1.0,147.0,422.2929419320443,387.5291554010506,90.01007955274275,0.08363993400053005,150000.0,2900.0
9,27,6,known,3,100.0,300.0,150.0,1450.6336052430988,62.37457299346148,1449.2919889740901,620.2535612894357,34.87203335213391,619.2724938039113,1.0,1.0,24.0,2397.6280238879613,68.61148158267373,80.57693443933202,0.011712739000358852,150000.0,2900.0
9,28,6,known,3,100.0,300.0,150.0,2999.336449845462,85.51812888496936,2998.117040577901,1229.4581424052062,57.51542360238368,1228.112087707917,1.0,1.0,24.0,4089.2649844790644,40.19258121289951,56.1734124505027,0.011083396999310935,150000.0,2900.0
9,29,6,known,3,100.0,300.0,150.0,1567.364333653152,65.53334838364249,1565.9937211424628,1065.6186915663445,49.46030824595058,1064.4702314878436,1.0,1.0,26.0,1198.8782286513215,137.26676955972513,80.53175711166251,0.007957156998600112,150000.0,2900.0
9,30,6,known,3,100.0,300.0,150.0,1811.8776103228433,93.95900254703878,1809.4397421935837,698.2681912515104,56.051562591766285,696.0148628044356,1.0,1.0,17.0,1188.9829923773764,138.4644096194601,77.57637535293162,0.008782054999755928,150000.0,2900.0
9,31,6,known,3,100.0,300.0,150.0,345.63142776745474,76.32504442992882,337.098756232263,151.2041401702909,60.3541374691683,138.63646740663052,1.0,1.0,161.0,1261.896421996215,130.07922322958237,84.31344852731864,0.07564893000017037,150000.0,2900.0
9,32,6,known,3,100.0,300.0,150.0,786.8750431578649,50.95510988142038,785.2234779485799,655.2077179297106,42.53097287879046,653.8258712995707,1.0,1.0,19.0,1399.9094809711382,117.40603808063604,93.4964287496238,0.006196700000145938,150000.0,2900.0
9,33,6,known,3,100.0,300.0,150.0,506.3010693808834,51.55588647931224,503.669299665523,211.05317352736014,45.188856102731826,206.15869940435834,1.0,1.0,27.0,470.56496666076237,349.45407273810434,72.79322277888059,0.007791402000293601,150000.0,2900.0
9,34,6,known,3,100.0,300.0,150.0,152.03908810761857,32.578042723898875,148.5077622377902,71.52275766000744,31.024696280467698,64.44356510930231,1.0,1.0,51.0,871.9988080993454,188.54219723792622,86.19332600038777,0.032649603999743704,150000.0,2900.0
9,35,6,known,3,100.0,300.0,150.0,356.7715371022013,46.156072013517445,353.77329845898544,199.48607381011,42.24932476095893,194.96073502481389,1.0,1.0,39.0,585.0605302526304,280.15822791693944,70.1323278498912,0.02104598400183022,150000.0,2900.0
9,36,6,known,3,100.0,300.0,150.0,3087.462495691937,121.95648210933726,3085.0528810339374,1497.9960529973298,21.491129717258694,1497.8418828898646,1.0,1.0,16.0,2432.3768016555987,67.62186217165566,99.5109392510905,0.012895144998765318,150000.0,2900.0
9,37,6,known,3,100.0,300.0,150.0,917.9027820384333,51.4273657921254,916.4609884340841,815.6196977844171,41.572756585977785,814.5595112229596,1.0,1.0,26.0,1619.8174722806432,101.57091722221811,109.86592361689888,0.008708198998647276,150000.0,2900.0
9,38,6,known,3,100.0,300.0,150.0,1105.065893977054,57.58643954514716,1103.5644213238386,798.3608009974234,56.116044871191114,796.3861865183637,1.0,1.0,25.0,1683.5578870002337,97.6593776960953,70.450297714724,0.008695989999978337,150000.0,2900.0
9,39,6,known,3,100.0,300.0,150.0,260.9532370279749,45.93244843076333,256.8789639042749,237.17273114355692,46.17196320409679,232.63502361418728,1.0,1.0,26.0,1153.5172282172625,142.24783307980067,76.03223997018928,0.009266539000236662,150000.0,2900.0
9,40,6,known,3,100.0,300.0,150.0,2097.665581646283,69.90546277551783,2096.5004456707325,856.8057529795117,36.84338837042136,856.0132376734451,1.0,1.0,35.0,3153.966891574199,52.027107582689716,65.5128176127742,0.01412691900259233,150000.0,2900.0
9,41,6,known,3,100.0,300.0,150.0,1021.0122471686041,88.91312353606068,1017.133455025123,947.7482891090913,74.27309713100468,944.8334914426869,1.0,1.0,33.0,1405.1295988913018,117.5261658236855,67.90222052263027,0.012839762999647064,150000.0,2900.0
9,42,6,known,3,100.0,300.0,150.0,1526.869365580185,71.89699009810587,1525.1756890148981,1412.0567889346564,46.94690211661888,1411.2761471654317,1.0,1.0,31.0,2159.6117246371746,76.32742833312308,75.81855440674036,0.01406517699797405,150000.0,2900.0
9,43,6,known,3,100.0,300.0,150.0,2630.902764163556,101.36534231442589,2628.949299979161,1019.849603122744,43.01204605522941,1018.9421852508419,1.0,1.0,9.0,1857.5003318613833,88.65180972147601,106.32861354212187,0.006406630000128644,150000.0,2900.0
9,44,6,known,3,100.0,300.0,150.0,1328.7243967165825,57.994336680117975,1327.4581648183416,1150.4087182530218,49.44278442040979,1149.34574001965,1.0,1.0,38.0,1989.186600899418,82.78181226476163,109.71518686101676,0.022273436003160896,150000.0,2900.0
9,45,6,known,3,100.0,300.0,150.0,561.8109252162959,60.236810516289204,558.5723250853152,289.6905661998063,55.144904298098275,284.39350146428797,1.0,1.0,70.0,443.18789786775045,371.10826676572054,90.37759888195063,0.03586000200084527,150000.0,2900.0
9,46,6,known,3,100.0,300.0,150.0,822.2393541003846,26.020203921398533,821.8275393410145,751.0267969219055,19.62058952673704,750.7704590361827,1.0,1.0,27.0,1355.953533865778,120.89634645213914,74.46401678076946,0.008650226001918782,150000.0,2900.0
9,47,6,known,3,100.0,300.0,150.0,2058.631284819736,145.80935391160114,2053.4610780704948,1157.7920136349549,109.2687462418963,1152.6242613842587,1.0,1.0,31.0,2647.9662437416614,62.22780783734388,68.09110753723644,0.010765420000097947,150000.0,2900.0
9,48,6,known,3,100.0,300.0,150.0,1116.8301262959133,68.70086600469344,1114.7150855767363,348.0198880911354,61.36411796813957,342.5672014845535,1.0,1.0,31.0,478.50398911566384,343.8372547772156,109.13864631557709,0.010165395000512945,150000.0,2900.0
9,49,6,known,3,100.0,300.0,150.0,1700.3325879119998,51.1244427221485,1699.563826654318,694.0670616453012,37.545446792748486,693.0508101763356,1.0,1.0,18.0,2636.442323598649,62.616330211197315,80.47545366273627,0.005849536999448901,150000.0,2900.0
9,50,6,known,3,100.0,300.0,150.0,2382.5044101102394,43.166614042905806,2382.113328040211,1032.6937903002033,57.42733362758613,1031.0958082918514,1.0,1.0,34.0,3228.246216499112,50.93804789393258,111.20531958332103,0.010318459000700386,150000.0,2900.0
9,51,6,known,3,100.0,300.0,150.0,3229.5871735830046,109.04480359375634,3227.745736978218,698.5223957405199,31.142902102858585,697.8278132889855,1.0,1.0,45.0,2557.1881763845267,64.23682162275004,97.855951571724,0.022002198002155637,150000.0,2900.0
9,52,6,known,3,100.0,300.0,150.0,2088.709868434002,122.90451818270664,2085.090739968854,1026.6280224975428,67.8538954724333,1024.3832024425387,1.0,1.0,19.0,2938.3123640898343,55.92463267164231,77.06230473500695,0.007184117999713635,150000.0,2900.0
9,53,6,known,3,100.0,300.0,150.0,684.4362727010866,77.421429901131,680.0433321348138,499.8928649419712,55.208574879647806,496.83487164212835,1.0,1.0,30.0,818.8798463855202,200.12127725842714,84.12068071476727,0.012196316998597467,150000.0,2900.0
9,54,6,known,3,100.0,300.0,150.0,932.4462125713545,27.13722637751635,932.0512380138761,382.55272659643305,21.61531061464939,381.94157534025743,1.0,1.0,47.0,314.8834560260282,521.4734785028658,82.3743867643028,0.017527012998471037,150000.0,2900.0
9,55,6,known,3,100.0,300.0,150.0,1495.823317305167,41.53357909935628,1495.246587824574,662.9320100149082,35.17963488023297,661.9979178155319,1.0,1.0,55.0,898.1285424061284,182.49661477294444,94.58507721187436,0.03273997600263101,150000.0,2900.0
9,56,6,known,3,100.0,300.0,150.0,3189.8981442157183,159.85075532697067,3185.8904416963683,1301.0194629788393,61.70308714555734,1299.5554517166458,1.0,1.0,43.0,4253.877329159031,38.6629619756623,72.87699710139786,0.02214041000115685,150000.0,2900.0
9,57,6,known,3,100.0,300.0,150.0,1070.9247486318206,87.74842040721845,1067.3237709093553,608.4360888574898,62.812791681316895,605.1851183112476,1.0,1.0,23.0,1893.9308696996936,86.86166882490103,72.42508310612754,0.012356087001535343,150000.0,2900.0
9,58,6,known,3,100.0,300.0,150.0,3072.0861817132327,87.20999905093726,3070.848078941536,1347.7705669080729,69.3162191160958,1345.9869103342564,1.0,1.0,21.0,3889.7382794674045,42.51286018268953,101.61848762397923,0.010849515998415882,150000.0,2900.0
9,59,6,known,3,100.0,300.0,150.0,2674.443924351706,147.30618564220353,2670.384090757975,1463.739459608426,75.58919969292626,1461.7863997535856,1.0,1.0,20.0,3346.6514256781975,49.20448271762344,56.0744475635174,0.006618142000661464,150000.0,2900.0
9,60,6,known,3,100.0,300.0,150.0,1085.313453034282,54.13363450518896,1083.9625643685558,336.43596921093445,38.773466359943306,334.19422449428293,1.0,1.0,53.0,450.67911475855453,363.8270609302557,76.08448097010455,0.03570802999820444,150000.0,2900.0
9,61,6,known,3,100.0,300.0,150.0,1081.2185146106574,40.1623455083868,1080.4723329822662,374.48390069421674,38.95149571633629,372.45264512500944,1.0,1.0,67.0,378.5338846547846,435.7164988766575,82.35660980882736,0.04036313200049335,150000.0,2900.0
9,62,6,known,3,100.0,300.0,150.0,273.340691847724,38.50059451117111,270.61566481280937,231.76595893781797,29.732216860596118,229.85094083540488,1.0,1.0,220.0,1072.613919342674,153.05274529771665,102.292530187853,0.1644307669994305,150000.0,2900.0
9,63,6,known,3,100.0,300.0,150.0,1667.7545712187396,80.58495633128524,1665.8065237698183,1076.0642607398988,49.6455630213256,1074.9184207715489,1.0,1.0,20.0,1370.0761650752372,119.71246184142211,81.70423689070087,0.009495002999756252,150000.0,2900.0
9,64,6,known,3,100.0,300.0,150.0,2411.3510099243417,107.44554807514491,2408.9560285032135,990.1974541920725,78.53072466931644,987.0784789323358,1.0,1.0,36.0,3457.501019199927,47.505471637254175,61.054935242512535,0.015049507997900946,150000.0,2900.0
9,65,6,known,3,100.0,300.0,150.0,1290.6198927607054,88.51090266861608,1287.581270327602,537.241849860946,81.8523794083192,530.9698609405318,1.0,1.0,64.0,2146.499104378456,76.78935806882468,110.45753302375748,0.04281267600163119,150000.0,2900.0
9,66,6,known,3,100.0,300.0,150.0,1968.756687496483,70.48539398732743,1967.4945244641915,973.5331362631667,44.13852519053079,972.5320344319782,1.0,1.0,11.0,2670.281259589406,61.660460694075525,43.1993424423853,0.007238482998218387,150000.0,2900.0
9,67,6,known,3,100.0,300.0,150.0,1111.406322213382,39.27796876606404,1110.7120482940159,370.1156705863931,21.156504235207166,369.5105031554058,1.0,1.0,129.0,428.52045384261515,384.83585574249906,85.24259597550471,0.11099636500148335,150000.0,2900.0
9,68,6,known,3,100.0,300.0,150.0,1947.170907422759,71.27008833538252,1945.86616117919,807.7390709522598,39.66399059981257,806.7646339500249,1.0,1.0,27.0,2823.1803106406865,58.29938833271999,62.99441707493885,0.02244839999912074,150000.0,2900.0
9,69,6,known,3,100.0,300.0,150.0,1392.988897004575,49.12719571027479,1392.1223314851559,635.4818279134105,34.01084943499191,634.5710486059696,1.0,1.0,30.0,2218.9960983342016,73.85293012319853,107.48394890398474,0.024342450997210108,150000.0,2900.0
9,70,6,known,3,100.0,300.0,150.0,2298.8918195058004,109.18564888827039,2296.297474602874,1201.5697320104377,45.44428085422775,1200.7100558508193,1.0,1.0,26.0,3140.983224356163,52.216866342976154,68.12297292888996,0.03415482200216502,150000.0,2900.0
9,71,6,known,3,100.0,300.0,150.0,725.7969375049335,58.03701536920073,723.4728048369029,336.49252488973445,47.49702697944065,333.1234782100818,1.0,1.0,45.0,1595.732507440915,103.19474380153488,71.55302739245747,0.02332874199782964,150000.0,2900.0
9,72,6,known,3,100.0,300.0,150.0,2345.991697812647,79.27720286068094,2344.6518230458983,967.371084618256,56.287447803672734,965.732125682505,1.0,1.0,38.0,3359.6382905616642,48.83579262679328,75.81734263265324,0.018968471998960013,150000.0,2900.0
9,73,6,known,3,100.0,300.0,150.0,2122.7514180091066,63.74254941611717,2121.794162979436,1148.765160280371,56.663866803890485,1147.366811300038,1.0,1.0,19.0,2948.3964004752947,55.86500312955374,86.4319218365398,0.006679653000901453,150000.0,2900.0
9,74,6,known,3,100.0,300.0,150.0,1930.9097013275027,103.46179838786497,1928.1358694228513,996.5377416673414,81.13527045844711,993.2293483657637,1.0,1.0,18.0,2754.2511170540256,59.63858704701753,37.599694648562576,0.008026332998269936,150000.0,2900.0
9,75,6,known,3,100.0,300.0,150.0,1849.283277703312,31.09053220732938,1849.0219090103208,758.2039910965472,66.73203388419307,755.2616286879744,1.0,1.0,38.0,2935.61608797198,56.14163598966947,139.94841962512658,0.012539875999209471,150000.0,2900.0
9,76,6,known,3,100.0,300.0,150.0,2125.4963229321816,74.59683059807847,2124.186887178938,870.4929449918557,30.996850590664824,869.9408960004431,1.0,1.0,14.0,3128.0948577495733,52.60195361581441,83.45502636811715,0.008974453998234821,150000.0,2900.0
9,77,6,known,3,100.0,300.0,150.0,150.6242956135909,49.25036924930209,142.34493161998364,125.42009876416938,42.868760993964685,117.8663247278727,1.0,1.0,32.0,694.3068011825832,235.7659272579458,101.70630552291047,0.015482116999919526,150000.0,2900.0
9,78,6,known,3,100.0,300.0,150.0,635.5509908532669,44.819991451895675,633.9686351396425,348.22285276222095,34.79896710279143,346.47970658386083,1.0,1.0,60.0,345.8200168660813,475.2647725352164,90.14198745163559,0.03550908299803268,150000.0,2900.0
9,79,6,known,3,100.0,300.0,150.0,2596.012702611261,120.05818264306818,2593.2350423552944,1061.2180801318545,64.92821541235186,1059.2299752377228,1.0,1.0,33.0,3494.4226538348134,47.067656576369565,57.55840381858299,0.01638099299816531,150000.0,2900.0
9,80,6,known,3,100.0,300.0,150.0,790.0649010358137,70.49722335932117,786.9133938035088,350.8755930383899,51.28512392611273,347.1073578216472,1.0,1.0,29.0,314.0246116065893,524.770047353142,70.10244811826642,0.010936241000308655,150000.0,2900.0
9,81,6,known,3,100.0,300.0,150.0,501.5709709501665,65.6916987516062,497.2504797534347,471.6870480971038,56.775349840802804,468.2576544948454,1.0,1.0,41.0,1028.9600241832036,159.2713926420016,91.54999361998028,0.013002484000026016,150000.0,2900.0
9,82,6,known,3,100.0,300.0,150.0,588.6651395104418,46.6076931303219,586.8171516033913,391.4736591835138,42.46109714470267,389.16407987351306,1.0,1.0,31.0,738.0626364423988,223.30868133042617,80.69751472510262,0.008848975001455983,150000.0,2900.0
9,83,6,known,3,100.0,300.0,150.0,1203.878355308799,46.66155966262914,1202.973729235543,1147.7128269955203,51.86496004321844,1146.5403434549369,1.0,1.0,15.0,1662.0339682797455,99.24693149353944,46.14737521256266,0.008288123000966152,150000.0,2900.0
9,84,6,known,3,100.0,300.0,150.0,1725.9515503051982,105.22043176210586,1722.7412500839216,1334.7071119207296,68.06395095737564,1332.970507247571,1.0,1.0,34.0,2379.1286142735466,68.95583506341359,84.96310318721233,0.013938822001364315,150000.0,2900.0
9,85,6,known,3,100.0,300.0,150.0,2387.6133628797606,86.45686478256485,2386.047522815497,1074.1324098644664,39.44797160480151,1073.4077936448537,1.0,1.0,18.0,3252.7280447712733,50.612898425891565,89.69881835231905,0.007264269999723183,150000.0,2900.0
9,86,6,known,3,100.0,300.0,150.0,953.6132340371589,66.72975568285914,951.2756382023641,481.50583003558074,43.7153138307275,479.5172944690677,1.0,1.0,24.0,354.62423559781837,464.37234509321564,92.32529512273507,0.00921974599987152,150000.0,2900.0
9,87,6,known,3,100.0,300.0,150.0,644.7009509794141,57.098170682353604,642.1675132693101,283.82364106541627,43.84614728132086,280.41643068161136,1.0,1.0,27.0,355.7593294111995,461.436655611378,101.3745792607933,0.009262346997275017,150000.0,2900.0
9,88,6,known,3,100.0,300.0,150.0,950.4995253724601,36.8440682832546,949.7851664274458,389.0539945221225,27.89667464253345,388.0525559734253,1.0,1.0,35.0,368.0633875470587,445.05796207602106,73.37628618739052,0.026820465998753207,150000.0,2900.0
9,89,6,known,3,100.0,300.0,150.0,1255.7378717215634,29.726636146256446,1255.3859683695807,1165.2485926679603,18.067563141138308,1165.1085124900612,1.0,1.0,30.0,1626.5881118805487,101.5211328393532,78.71267525797596,0.010464841998327756,150000.0,2900.0
9,90,6,known,3,100.0,300.0,150.0,2578.9990283963143,62.504062154958135,2578.2414996821503,718.3887484026279,54.126717178297916,716.3467682058703,1.0,1.0,42.0,1830.5178108369453,89.83688734432234,91.75797194813649,0.01674164599899086,150000.0,2900.0
9,91,6,known,3,100.0,300.0,150.0,2058.8452629683607,83.42625084007717,2057.1543154362594,333.2211749335427,52.13340769261844,329.11769813616206,1.0,1.0,33.0,1360.2799397608787,121.57744337274076,51.89487701222952,0.011718289999407716,150000.0,2900.0
9,92,6,known,3,100.0,300.0,150.0,1495.0557746862505,49.09325451572764,1494.249517913176,682.2103670436576,25.9080959770577,681.7182375913716,1.0,1.0,19.0,2384.58981581764,68.86739852634805,108.87705653785312,0.011386219000996789,150000.0,2900.0
9,93,6,known,3,100.0,300.0,150.0,821.3792313071515,44.97140784902448,820.147190508389,337.90064448066704,44.11590330776309,335.00840678375556,1.0,1.0,27.0,1564.539768647224,105.49979234124862,56.56751483118139,0.019610149996879045,150000.0,2900.0
9,94,6,known,3,100.0,300.0,150.0,438.8092791940495,76.755012875206,432.04427030725475,188.9573189448493,61.04457685941722,178.82513251464462,1.0,1.0,112.0,559.3820282831742,292.6471149901734,88.77066253494698,0.055445848000090336,150000.0,2900.0
9,95,6,known,3,100.0,300.0,150.0,1837.6909923168844,61.95310656414702,1836.6463992368444,324.66004593641946,55.30838649507697,319.91425071532717,1.0,1.0,88.0,992.6187301854106,165.3276016779495,81.92687553953776,0.04686875799961854,150000.0,2900.0
9,96,6,known,3,100.0,300.0,150.0,1376.0163550887357,61.80419948283767,1374.6276770085692,366.0984277994052,38.722819594276736,364.0447803222364,1.0,1.0,82.0,522.3222158496903,313.2113905977913,62.94294525629337,0.035612793999462156,150000.0,2900.0
9,97,6,known,3,100.0,300.0,150.0,1047.5899024382456,21.153319588441608,1047.3763128699077,930.864460438535,29.459511244079813,930.3981840614183,1.0,1.0,28.0,1535.6633062663748,107.4445629618901,64.98054121804306,0.011050514000089606,150000.0,2900.0
9,98,6,known,3,100.0,300.0,150.0,1482.1199870839557,54.99068449085775,1481.099483739351,667.6080662726139,36.42083007334352,666.6138712095836,1.0,1.0,45.0,2432.54807952721,67.76568911722275,82.74011725213838,0.018965897997986758,150000.0,2900.0
9,99,6,known,3,100.0,300.0,150.0,854.3351710177652,41.05672783084748,853.3480705654509,355.02561902069857,42.178590669026235,352.51121492826996,1.0,1.0,458.0,322.4319458552317,512.7245611403126,62.376506950936125,0.27042106299995794,150000.0,2900.0
10,0,8,known,3,100.0,300.0,150.0,190.47649618072649,161.8660261470974,100.4026153874166,175.29364565299085,150.97772631019302,89.07069307309091,1.0,0.0,1.0,0.0,inf,0.0,0.0019229489989811555,23000.0,2900.0
10,1,8,known,3,100.0,300.0,150.0,283.01031478677737,282.5851537866537,15.5070672625129,249.34134274822043,248.87971644492822,15.1654853459322,1.0,0.0,1.0,0.0,inf,0.0,0.001954237999598263,23000.0,2900.0
10,2,8,known,3,100.0,300.0,150.0,309.0937948279545,287.34144172865166,113.9028966552014,280.8360550765908,265.35040772877244,91.9676625187145,1.0,0.0,1.0,0.0,inf,0.0,0.0016291380015900359,23000.0,2900.0
10,3,8,known,3,100.0,300.0,150.0,426.25894809752697,411.0286298991649,112.9254454780919,388.59546473354635,372.63928901126906,110.21068685321205,1.0,0.0,1.0,0.0,inf,0.0,0.0012977549995412119,23000.0,2900.0
10,4,8,known,3,100.0,300.0,150.0,223.0302297475397,214.68854265964075,60.42609562035229,184.6812876290579,178.25510813755048,48.29383421511488,1.0,0.0,1.0,0.0,inf,0.0,0.0012270109982637223,23000.0,2900.0
10,5,8,known,3,100.0,300.0,150.0,315.98219180891687,309.9613226337381,61.38993412205999,295.3664062831336,291.0360863027767,50.391571023097384,1.0,0.0,1.0,0.0,inf,0.0,0.0011819920000561979,23000.0,2900.0
10,6,8,known,3,100.0,300.0,150.0,303.74942057199615,298.7316730027022,54.98270676158108,274.15877567345876,272.0988979667022,33.54435875189836,1.0,0.0,1.0,0.0,inf,0.0,0.0013386380014708266,23000.0,2900.0
10,7,8,known,3,100.0,300.0,150.0,417.59600483268895,392.4092915071908,142.83336861898803,367.56324369523696,345.7038389690113,124.86630385276918,1.0,0.0,1.0,0.0,inf,0.0,0.0012288770012673922,23000.0,2900.0
10,8,8,known,3,100.0,300.0,150.0,220.30759956416532,137.0736153697259,172.47104799124128,203.2973494425067,125.30909162520908,160.0857390475917,1.0,0.0,1.0,0.0,inf,0.0,0.001188584999908926,23000.0,2900.0
10,9,8,known,3,100.0,300.0,150.0,350.4076983862838,342.8371022306783,72.44498893950015,304.03016311351405,297.1054792874782,64.51878997770986,1.0,0.0,1.0,0.0,inf,0.0,0.0010681210005714092,23000.0,2900.0
10,10,8,known,3,100.0,300.0,150.0,235.17792042904702,227.70406365631658,58.817630449817536,170.55561764821346,169.82316640712955,15.789580831040933,1.0,0.0,1.0,0.0,inf,0.0,0.0018435530000715517,23000.0,2900.0
10,11,8,known,3,100.0,300.0,150.0,223.6565714033834,211.04045842962967,74.05529581149815,211.1782655796853,203.26151796313758,57.28014637346165,1.0,0.0,1.0,0.0,inf,0.0,0.0018417739993310533,23000.0,2900.0
10,12,8,known,3,100.0,300.0,150.0,285.84808162649875,224.96947081262965,176.34586179390456,259.17787834548534,216.23219212537154,142.88740921552048,1.0,0.0,1.0,0.0,inf,0.0,0.001874805002444191,23000.0,2900.0
10,13,8,known,3,100.0,300.0,150.0,363.365236683799,351.4492615977526,92.29145005182107,350.0617367249558,341.1065917036548,78.67345559468221,1.0,0.0,1.0,0.0,inf,0.0,0.004024838999612257,23000.0,2900.0
10,14,8,known,3,100.0,300.0,150.0,339.6746704923129,335.7901956196256,51.22329840799904,322.29860308663626,319.63479408240454,41.35200071938409,1.0,0.0,1.0,0.0,inf,0.0,0.003402673999516992,23000.0,2900.0
10,15,8,known,3,100.0,300.0,150.0,245.22906289309987,216.4803642011418,115.21087276281233,210.44991779839606,202.5073878836828,57.27063605268665,1.0,0.0,1.0,0.0,inf,0.0,0.00197982499958016,23000.0,2900.0
10,16,8,known,3,100.0,300.0,150.0,187.40837319763813,168.05636076062078,82.93948367624003,165.09389118089362,148.3944068012518,72.35394208578649,1.0,0.0,1.0,0.0,inf,0.0,0.001920064001751598,23000.0,2900.0
10,17,8,known,3,100.0,300.0,150.0,305.922035695628,287.2712200472299,105.18335446606136,289.77629730627376,280.6877730263089,72.00469813883859,1.0,0.0,1.0,0.0,inf,0.0,0.0021783390002383385,23000.0,2900.0
10,18,8,known,3,100.0,300.0,150.0,360.0162353596657,357.5308779512502,42.229859506685806,355.96630883537,354.985835281008,26.402079003803102,1.0,0.0,1.0,0.0,inf,0.0,0.00135688500085962,23000.0,2900.0
10,19,8,known,3,100.0,300.0,150.0,446.77793453183904,439.3718320392142,81.01182626654445,413.8112769247734,406.13625618938477,79.32915175761029,1.0,0.0,1.0,0.0,inf,0.0,0.0016706630012777168,23000.0,2900.0
10,20,8,known,3,100.0,300.0,150.0,324.93625643778194,305.6360464463715,110.3185290893212,297.48644117155914,281.9729386416024,94.81268140253505,1.0,0.0,1.0,0.0,inf,0.0,0.0018682979971345048,23000.0,2900.0
10,21,8,known,3,100.0,300.0,150.0,286.47358707442055,259.478107443472,121.40110316154312,278.4773330303905,256.93788190284465,107.38971019142804,1.0,0.0,1.0,0.0,inf,0.0,0.0014041840004210826,23000.0,2900.0
10,22,8,known,3,100.0,300.0,150.0,371.2998167444225,332.28582875026495,165.6794553533762,319.1261522564808,296.0516530608602,119.14243481630977,1.0,0.0,1.0,0.0,inf,0.0,0.001669326000410365,23000.0,2900.0
10,23,8,known,3,100.0,300.0,150.0,225.82343625552008,190.0347648020185,121.99595292013773,190.8469890124348,187.27555639434357,36.7483223059427,1.0,0.0,1.0,0.0,inf,0.0,0.0017969179971260019,23000.0,2900.0
10,24,8,known,3,100.0,300.0,150.0,161.55359367237716,144.55212606687567,72.14046352779852,137.34682655307395,126.43985064147961,53.63874470903009,1.0,0.0,1.0,0.0,inf,0.0,0.0013253500001155771,23000.0,2900.0
10,25,8,known,3,100.0,300.0,150.0,336.9559798018277,313.57234859723684,123.33577955898562,271.2094294152806,260.29650579008006,76.15959346816983,1.0,0.0,1.0,0.0,inf,0.0,0.0024371210020035505,23000.0,2900.0
10,26,8,known,3,100.0,300.0,150.0,391.45232641266585,377.56033041906164,103.35918318048618,359.657942296159,347.4642038296077,92.85721573342623,1.0,0.0,1.0,0.0,inf,0.0,0.001392620997648919,23000.0,2900.0
10,27,8,known,3,100.0,300.0,150.0,340.39422685737793,325.42278482888315,99.84107767871143,298.07545318571886,289.9077551061278,69.29985080212744,1.0,0.0,1.0,0.0,inf,0.0,0.0012673839992203284,23000.0,2900.0
10,28,8,known,3,100.0,300.0,150.0,252.86925217218376,237.9696916080872,85.51774418254574,229.13253360644097,226.9781718647946,31.34688906131763,1.0,0.0,1.0,0.0,inf,0.0,0.001429380998160923,23000.0,2900.0
10,29,8,known,3,100.0,300.0,150.0,362.19377506518026,353.1927712786281,80.24460737326271,348.5747168175882,343.8560172549706,57.160935979138415,1.0,0.0,1.0,0.0,inf,0.0,0.0015486699994653463,23000.0,2900.0
10,30,8,known,3,100.0,300.0,150.0,252.837602853018,237.54202055293456,86.60624624176764,194.48345867447588,178.96673121283357,76.12308990693926,1.0,0.0,1.0,0.0,inf,0.0,0.0013005979999434203,23000.0,2900.0
10,31,8,known,3,100.0,300.0,150.0,410.84435154844533,358.3709002750171,200.90639371442683,377.36095444920545,330.2184599409302,182.63914875254875,1.0,0.0,1.0,0.0,inf,0.0,0.0013015670010645408,23000.0,2900.0
10,32,8,known,3,100.0,300.0,150.0,320.1029343626845,294.172570391243,126.20771536245418,303.06503153020446,280.9385462691113,113.6747401870892,1.0,0.0,1.0,0.0,inf,0.0,0.00180811600148445,23000.0,2900.0
10,33,8,known,3,100.0,300.0,150.0,371.52645432291723,360.82388829005686,88.53263749038136,331.61302294850066,320.9242951316711,83.51523084613288,1.0,0.0,1.0,0.0,inf,0.0,0.001193162999697961,23000.0,2900.0
10,34,8,known,3,100.0,300.0,150.0,380.5695412053817,374.09311375098343,69.91078555822739,356.9892425087851,354.2466368870249,44.16604489003367,1.0,0.0,1.0,0.0,inf,0.0,0.0038042310006858315,23000.0,2900.0
10,35,8,known,3,100.0,300.0,150.0,252.37511021679046,240.39731325435707,76.82661021432394,225.52798306325408,220.8688388165253,45.60512234847292,1.0,0.0,1.0,0.0,inf,0.0,0.002809364003041992,23000.0,2900.0
10,36,8,known,3,100.0,300.0,150.0,393.1983289581124,379.3588704053494,103.40103162072063,255.75647855847097,247.02832251026007,66.24488057500419,1.0,0.0,1.0,0.0,inf,0.0,0.002123144000506727,23000.0,2900.0
10,37,8,known,3,100.0,300.0,150.0,236.68814446978374,179.3261987723994,154.4778047694591,200.98210872654903,163.13864453928085,117.38650129404382,1.0,0.0,1.0,0.0,inf,0.0,0.002203748001193162,23000.0,2900.0
10,38,8,known,3,100.0,300.0,150.0,296.10718693531516,278.6900355799021,100.05663507843236,288.04003180258655,271.25951076128064,96.87795281892448,1.0,0.0,1.0,0.0,inf,0.0,0.0021895780009799637,23000.0,2900.0
10,39,8,known,3,100.0,300.0,150.0,446.7030170870526,437.9815878800252,87.83913793274267,419.0843105054779,415.08810492664566,57.736682102956564,1.0,0.0,1.0,0.0,inf,0.0,0.0013821639986417722,23000.0,2900.0
10,40,8,known,3,100.0,300.0,150.0,306.63513220095,299.3417671805911,66.48015283597714,295.97487676764086,292.24004170094037,46.87094733683982,1.0,0.0,1.0,0.0,inf,0.0,0.0011840650004160125,23000.0,2900.0
10,41,8,known,3,100.0,300.0,150.0,382.9736839163173,340.4174537521237,175.45597668177638,343.04154976457636,306.6777939942147,153.70828063485823,1.0,0.0,1.0,0.0,inf,0.0,0.0014344910014187917,23000.0,2900.0
10,42,8,known,3,100.0,300.0,150.0,259.1839505607614,235.49472321255092,108.25227742328215,216.34033726921615,195.769307837365,92.0734469792307,1.0,0.0,1.0,0.0,inf,0.0,0.0011890950008819345,23000.0,2900.0
10,43,8,known,3,100.0,300.0,150.0,241.93311959927877,213.28691423744843,114.19424930400939,197.49013887521426,185.5689080094809,67.57614470447561,1.0,0.0,1.0,0.0,inf,0.0,0.0011507119997986592,23000.0,2900.0
10,44,8,known,3,100.0,300.0,150.0,250.0865209523634,238.97880654259907,73.70480300178478,228.82800260900925,218.19705446006458,68.93692916703179,1.0,0.0,1.0,0.0,inf,0.0,0.0013070960012555588,23000.0,2900.0
10,45,8,known,3,100.0,300.0,150.0,279.349695582282,254.71390682963045,114.70430719680911,217.2557504768325,194.55298098641697,96.69125454016293,1.0,0.0,1.0,0.0,inf,0.0,0.0011796750004577916,23000.0,2900.0
10,46,8,known,3,100.0,300.0,150.0,465.70892305117985,443.81488667231525,141.1139517465573,429.95737627098214,415.1822684770965,111.74537731843341,1.0,0.0,1.0,0.0,inf,0.0,0.0011976120003964752,23000.0,2900.0
10,47,8,known,3,100.0,300.0,150.0,328.1832704747993,294.604201904911,144.6119747445062,284.25659967492214,279.05874975872706,54.1112616914918,1.0,0.0,1.0,0.0,inf,0.0,0.004157983999903081,23000.0,2900.0
10,48,8,known,3,100.0,300.0,150.0,450.4311291133109,439.03077356938877,100.69847036254441,441.9642848131719,435.17175068690045,77.18792946126204,1.0,0.0,1.0,0.0,inf,0.0,0.0013180209971324075,23000.0,2900.0
10,49,8,known,3,100.0,300.0,150.0,240.75299563866145,201.66032356931314,131.51090755868609,217.20310572007753,196.9011044922072,91.69048033572558,1.0,0.0,1.0,0.0,inf,0.0,0.0011918519994651433,23000.0,2900.0
10,50,8,known,3,100.0,300.0,150.0,239.95785811586086,224.83473443663965,83.83982265222974,226.97534047675757,218.64446798165577,60.92948223609597,1.0,0.0,1.0,0.0,inf,0.0,0.0013449869984469842,23000.0,2900.0
10,51,8,known,3,100.0,300.0,150.0,287.093034334736,274.02583613731355,85.62856703677872,232.61818141917615,221.3479293523481,71.52840343662552,1.0,0.0,1.0,0.0,inf,0.0,0.0011226059978071135,23000.0,2900.0
10,52,8,known,3,100.0,300.0,150.0,261.5575863037435,244.40686102796008,93.15394374635797,246.24901118917072,240.882359083628,51.129879659064606,1.0,0.0,1.0,0.0,inf,0.0,0.0011348389998602215,23000.0,2900.0
10,53,8,known,3,100.0,300.0,150.0,324.42021266552587,321.45721498055474,43.746237814130154,306.4746872511591,304.637177541096,33.510057975039715,1.0,0.0,1.0,0.0,inf,0.0,0.0013204000024416018,23000.0,2900.0
10,54,8,known,3,100.0,300.0,150.0,309.68041649154543,299.5883258804115,78.41425479177495,299.954654094434,292.57132354224734,66.14238545478347,1.0,0.0,1.0,0.0,inf,0.0,0.001204984997457359,23000.0,2900.0
10,55,8,known,3,100.0,300.0,150.0,270.96051627008734,249.3209481359714,106.10686216231494,241.38821314702002,231.0334986309887,69.94134654577438,1.0,0.0,1.0,0.0,inf,0.0,0.0011842210005852394,23000.0,2900.0
10,56,8,known,3,100.0,300.0,150.0,234.3288629253814,216.7557034209821,89.03359497615179,215.58364765062785,206.12922499623323,63.143105219828435,1.0,0.0,1.0,0.0,inf,0.0,0.0010882809983741026,23000.0,2900.0
10,57,8,known,3,100.0,300.0,150.0,407.06964684970796,386.4428348228236,127.93604965155755,362.1389226042897,342.50116104344517,117.63313287032594,1.0,0.0,1.0,0.0,inf,0.0,0.004798780999408336,23000.0,2900.0
10,58,8,known,3,100.0,300.0,150.0,465.38937707083954,455.04450494378585,97.57956144013436,420.87376203117174,418.96365223623116,40.05223678085614,1.0,0.0,1.0,0.0,inf,0.0,0.0019968349988630507,23000.0,2900.0
10,59,8,known,3,100.0,300.0,150.0,393.8385381067793,375.8723054849173,117.59593559106555,316.90636925306774,305.7037704177851,83.51557714290105,1.0,0.0,1.0,0.0,inf,0.0,0.0020587979997799266,23000.0,2900.0
10,60,8,known,3,100.0,300.0,150.0,326.55357376875406,320.0349016315422,64.9222479496376,285.3045203609064,283.25941287512495,34.09947735679182,1.0,0.0,1.0,0.0,inf,0.0,0.0018655060011951718,23000.0,2900.0
10,61,8,known,3,100.0,300.0,150.0,304.4316289796315,287.9967630351626,98.67360946301915,269.6756211449048,259.6997374512829,72.67039980366802,1.0,0.0,1.0,0.0,inf,0.0,0.0019189749982615467,23000.0,2900.0
10,62,8,known,3,100.0,300.0,150.0,356.7594637240256,345.81674570805853,87.68177316034571,334.13277582684816,326.5699424237741,70.6879380593863,1.0,0.0,1.0,0.0,inf,0.0,0.0014096069971856195,23000.0,2900.0
10,63,8,known,3,100.0,300.0,150.0,333.4826767491777,314.175043198173,111.82458550436351,240.65849260078582,215.98416977249224,106.14776713887927,1.0,0.0,1.0,0.0,inf,0.0,0.002501592000044184,23000.0,2900.0
10,64,8,known,3,100.0,300.0,150.0,176.4731148834523,164.15015990052316,64.78800260311182,146.32863121758726,139.4942623817227,44.197500795766146,1.0,0.0,1.0,0.0,inf,0.0,0.0023574799997732043,23000.0,2900.0
10,65,8,known,3,100.0,300.0,150.0,322.80821058462465,282.86107688918224,155.54662324184193,299.6185273669087,280.3423162678811,105.73290713431827,1.0,0.0,1.0,0.0,inf,0.0,0.0018172419986512978,23000.0,2900.0
10,66,8,known,3,100.0,300.0,150.0,432.1093941476133,429.0366372775287,51.4401825833425,418.82760849620524,416.77825940406973,41.381736633019464,1.0,0.0,1.0,0.0,inf,0.0,0.0020969659999536816,23000.0,2900.0
10,67,8,known,3,100.0,300.0,150.0,279.1398335740097,261.15031960744005,98.58781495021451,220.18427360663426,201.7035811160041,88.29937547152153,1.0,0.0,1.0,0.0,inf,0.0,0.002231585000117775,23000.0,2900.0
10,68,8,known,3,100.0,300.0,150.0,361.85591903882687,343.5055921105484,113.77000629434623,289.15992890663705,272.4428472331549,96.89354713696461,1.0,0.0,1.0,0.0,inf,0.0,0.0024100490009004716,23000.0,2900.0
10,69,8,known,3,100.0,300.0,150.0,260.06335441574487,248.6176520737849,76.3034166160845,216.96020762730112,211.80843779152246,46.99912099174154,1.0,0.0,1.0,0.0,inf,0.0,0.0021324299996194895,23000.0,2900.0
10,70,8,known,3,100.0,300.0,150.0,350.1481583885361,322.2332517353138,137.00169451130625,303.4160685378133,285.20491920021465,103.53484780952778,1.0,0.0,1.0,0.0,inf,0.0,0.0015308639995055273,23000.0,2900.0
10,71,8,known,3,100.0,300.0,150.0,348.7358707566356,331.47979460062,108.3413740171301,344.20283068088077,327.46162629133056,106.03995452360415,1.0,0.0,1.0,0.0,inf,0.0,0.0016083990012702998,23000.0,2900.0
10,72,8,known,3,100.0,300.0,150.0,403.39342930666123,361.1139075598082,179.78599660339123,367.03878780088564,329.2165500750479,162.27733947482315,1.0,0.0,1.0,0.0,inf,0.0,0.0016819960001157597,23000.0,2900.0
10,73,8,known,3,100.0,300.0,150.0,353.11073731644916,331.6880996634165,121.12059011513215,292.0945826137169,288.94482297000485,42.780070957328675,1.0,0.0,1.0,0.0,inf,0.0,0.0012450720023480244,23000.0,2900.0
10,74,8,known,3,100.0,300.0,150.0,294.75803955735813,256.8421656658976,144.6181310201066,262.9564834699788,221.80429314906942,141.24081470856396,1.0,0.0,1.0,0.0,inf,0.0,0.001208223999128677,23000.0,2900.0
10,75,8,known,3,100.0,300.0,150.0,242.75550784013862,231.79076483508297,72.1337502414152,220.32902226725062,216.64951596921946,40.09819551483013,1.0,0.0,1.0,0.0,inf,0.0,0.0030878969992045313,23000.0,2900.0
10,76,8,known,3,100.0,300.0,150.0,331.81135212014976,286.44120690186264,167.4819643555876,310.76822679247294,268.7782189531,155.99730702847828,1.0,0.0,1.0,0.0,inf,0.0,0.0012723519976134412,23000.0,2900.0
10,77,8,known,3,100.0,300.0,150.0,313.1072084296686,296.818436954074,99.67416643624546,292.8069151266873,280.6541732619899,83.48128279222838,1.0,0.0,1.0,0.0,inf,0.0,0.0015007479996711481,23000.0,2900.0
10,78,8,known,3,100.0,300.0,150.0,365.4557260497982,358.6509247779546,70.19545468549344,344.58524117384763,342.77672205732785,35.25772611034564,1.0,0.0,1.0,0.0,inf,0.0,0.0015507620009884704,23000.0,2900.0
10,79,8,known,3,100.0,300.0,150.0,219.62614270766468,195.57732304148834,99.92573878922687,191.93082744724995,189.89724105345763,27.86539726741845,1.0,0.0,1.0,0.0,inf,0.0,0.0019528299999365117,23000.0,2900.0
10,80,8,known,3,100.0,300.0,150.0,385.14923970046664,364.108013704052,125.5599107929654,268.1993274211539,254.64661660521773,84.17826251874389,1.0,0.0,1.0,0.0,inf,0.0,0.0019441840013314504,23000.0,2900.0
10,81,8,known,3,100.0,300.0,150.0,253.38989548879638,233.5788035021703,98.22108577244325,217.92923493956195,202.01926305574875,81.73964029621729,1.0,0.0,1.0,0.0,inf,0.0,0.0038805320000392385,23000.0,2900.0
10,82,8,known,3,100.0,300.0,150.0,301.12831940762413,270.73182357739233,131.8428778953184,287.9182184903584,262.1742864563051,119.00228594354424,1.0,0.0,1.0,0.0,inf,0.0,0.0045756750005239155,23000.0,2900.0
10,83,8,known,3,100.0,300.0,150.0,364.2311544570827,344.3120389408678,118.80047860813326,302.91714502614707,282.3591542640984,109.69095110379386,1.0,0.0,1.0,0.0,inf,0.0,0.0022082200011936948,23000.0,2900.0
10,84,8,known,3,100.0,300.0,150.0,185.4931157224523,177.37122869972524,54.28759720205757,162.81724958994548,157.73767277967883,40.351993136468025,1.0,0.0,1.0,0.0,inf,0.0,0.0020054980013810564,23000.0,2900.0
10,85,8,known,3,100.0,300.0,150.0,362.903465006501,346.2374177583699,108.71327176449425,301.6924893766968,289.2138566865813,85.87026986554744,1.0,0.0,1.0,0.0,inf,0.0,0.0020070989994565025,23000.0,2900.0
10,86,8,known,3,100.0,300.0,150.0,278.10614904344226,276.4191284874942,30.58587160745077,268.66535765917735,267.814360510384,21.366860100345388,1.0,0.0,1.0,0.0,inf,0.0,0.0020388239972817246,23000.0,2900.0
10,87,8,known,3,100.0,300.0,150.0,285.1246036654003,227.11363627961666,172.38165746738136,260.5880740272933,208.24200098392032,156.65699266699534,1.0,0.0,1.0,0.0,inf,0.0,0.0012795340007869527,23000.0,2900.0
10,88,8,known,3,100.0,300.0,150.0,256.28990602269727,250.97837742887953,51.907321181986426,229.01115988181238,225.59296221212531,39.41987760980027,1.0,0.0,1.0,0.0,inf,0.0,0.002731929998844862,23000.0,2900.0
10,89,8,known,3,100.0,300.0,150.0,277.0914778404295,265.5869769401206,79.01420613789053,256.1376245517334,246.69846630203966,68.89375468956614,1.0,0.0,1.0,0.0,inf,0.0,0.002168409002479166,23000.0,2900.0
10,90,8,known,3,100.0,300.0,150.0,347.5889862849434,342.31345394970094,60.329119267734676,304.6294444070484,300.1273735980658,52.179095592718426,1.0,0.0,1.0,0.0,inf,0.0,0.00756677299796138,23000.0,2900.0
10,91,8,known,3,100.0,300.0,150.0,158.61077194796673,136.23763736259522,81.21996764212544,146.46353183539532,127.79162973990191,71.56022307202291,1.0,0.0,1.0,0.0,inf,0.0,0.002465321998897707,23000.0,2900.0
10,92,8,known,3,100.0,300.0,150.0,253.62464510933287,241.4070988814985,77.76935911047131,244.93232804864755,237.31836729022325,60.59569184383489,1.0,0.0,1.0,0.0,inf,0.0,0.0015329029993154109,23000.0,2900.0
10,93,8,known,3,100.0,300.0,150.0,242.18217687865638,228.93374905703305,79.00345144597303,181.82785896148357,169.42115633579502,66.01395367919768,1.0,0.0,1.0,0.0,inf,0.0,0.0015417260001413524,23000.0,2900.0
10,94,8,known,3,100.0,300.0,150.0,375.4322825653405,363.2865823301858,94.72200320450777,329.6909964430789,320.5732421256544,76.99967252317902,1.0,0.0,1.0,0.0,inf,0.0,0.0011893679984495975,23000.0,2900.0
10,95,8,known,3,100.0,300.0,150.0,270.1093743908142,259.0762101312169,76.41067646502401,225.85901965053793,215.610911900222,67.26240723507293,1.0,0.0,1.0,0.0,inf,0.0,0.0012146310000389349,23000.0,2900.0
10,96,8,known,3,100.0,300.0,150.0,307.4507033435277,290.1476028223462,101.68728319153749,253.7215825168779,234.30532637370302,97.3429785232678,1.0,0.0,1.0,0.0,inf,0.0,0.0012043569986417424,23000.0,2900.0
10,97,8,known,3,100.0,300.0,150.0,368.99466155007707,348.45553439111234,121.39110677747468,327.7966712857824,316.68423233016637,84.6271510774911,1.0,0.0,1.0,0.0,inf,0.0,0.001081624002836179,23000.0,2900.0
10,98,8,known,3,100.0,300.0,150.0,348.7019979546911,316.0673165163885,147.2906473871388,308.4748383276206,299.90989202129606,72.18575031837105,1.0,0.0,1.0,0.0,inf,0.0,0.0012604399998963345,23000.0,2900.0
10,99,8,known,3,100.0,300.0,150.0,191.19782759762492,164.36022277893602,97.68483222133118,169.93757874030246,155.0433817716824,69.57248333153584,1.0,0.0,1.0,0.0,inf,0.0,0.0030171460020937957,23000.0,2900.0
11,0,8,known,3,100.0,300.0,150.0,284.633454830406,275.3272586033381,72.1879787683748,254.28292013426065,245.00157675485153,68.07371636427214,1.0,0.0,1.0,0.0,inf,0.0,0.0019559140018827748,40000.0,2900.0
11,1,8,known,3,100.0,300.0,150.0,250.7997830649382,223.21663445958,114.34537719539996,181.8570415843897,160.5356657389257,85.4416970781032,1.0,0.0,1.0,0.0,inf,0.0,0.0033296229994448368,40000.0,2900.0
11,2,8,known,3,100.0,300.0,150.0,210.0869749143616,198.66571495622003,68.32620821911266,186.63043049515784,184.62500345916106,27.285997957060207,1.0,0.0,1.0,0.0,inf,0.0,0.0013704160010092892,40000.0,2900.0
11,3,8,known,3,100.0,300.0,150.0,343.04876437264994,311.19800837647387,144.3546130891493,246.35901417829297,235.28613648616184,73.02874669823915,1.0,0.0,1.0,0.0,inf,0.0,0.0013034100011282135,40000.0,2900.0
11,4,8,known,3,100.0,300.0,150.0,345.2002200073648,327.3709881101234,109.50537903196596,326.2014661912662,308.30523082745543,106.5611617324116,1.0,0.0,1.0,0.0,inf,0.0,0.0012705349981843028,40000.0,2900.0
11,5,8,known,3,100.0,300.0,150.0,300.9715490638292,245.3615450159675,174.30314275209804,282.8031368300228,237.6547140956018,153.29008796735158,1.0,0.0,1.0,0.0,inf,0.0,0.00114336899787304,40000.0,2900.0
11,6,8,known,3,100.0,300.0,150.0,314.94577365709563,292.77270101556513,116.08180686273361,293.97859517968925,281.9668838951704,83.17506122793728,1.0,0.0,1.0,0.0,inf,0.0,0.001183174998004688,40000.0,2900.0
11,7,8,known,3,100.0,300.0,150.0,383.9138932750683,368.7739450593469,106.75043276252467,277.3843772559653,264.27198764059386,84.27579304978072,1.0,0.0,1.0,0.0,inf,0.0,0.0012530530002550222,40000.0,2900.0
11,8,8,known,3,100.0,300.0,150.0,346.07410170149956,330.3445847804973,103.14911136166275,330.59013447211214,328.3358381152081,38.54107444627141,1.0,0.0,1.0,0.0,inf,0.0,0.0012243400014995132,40000.0,2900.0
11,9,8,known,3,100.0,300.0,150.0,161.4967846038655,119.09439349251502,109.07674764145348,144.4870533831889,103.54243532660978,100.77436520262141,1.0,0.0,1.0,0.0,inf,0.0,0.0011247319998801686,40000.0,2900.0
11,10,8,known,3,100.0,300.0,150.0,241.84155214475462,226.76841264304585,84.04417511724023,224.86919649040155,209.80951069107414,80.90812538806512,1.0,0.0,1.0,0.0,inf,0.0,0.0013701280004170258,40000.0,2900.0
11,11,8,known,3,100.0,300.0,150.0,288.2659950275419,284.3080830279972,47.604598666140056,262.50487978154956,261.4333355648243,23.694365671520888,1.0,0.0,1.0,0.0,inf,0.0,0.002092147999064764,40000.0,2900.0
11,12,8,known,3,100.0,300.0,150.0,220.6541623810237,207.72383552873046,74.42491202080187,199.55940223172595,192.40938191680786,52.93944436311893,1.0,0.0,1.0,0.0,inf,0.0,0.0014226460007193964,40000.0,2900.0
11,13,8,known,3,100.0,300.0,150.0,237.49830822708606,228.02190720189984,66.4187943788214,205.87303068654782,195.36420970458886,64.93481601241113,1.0,0.0,1.0,0.0,inf,0.0,0.001211500999488635,40000.0,2900.0
11,14,8,known,3,100.0,300.0,150.0,410.0645307892706,404.81347206229896,65.41385364195357,372.9094548882825,372.04483946933664,25.379104974594892,1.0,0.0,1.0,0.0,inf,0.0,0.0021947970017208718,40000.0,2900.0
11,15,8,known,3,100.0,300.0,150.0,336.440885776829,330.1197710251977,64.91075720224148,323.7324015718249,319.79562123537755,50.33317460820682,1.0,0.0,1.0,0.0,inf,0.0,0.0018677340012800414,40000.0,2900.0
11,16,8,known,3,100.0,300.0,150.0,292.685676180762,288.54347848572365,49.06695491620206,274.03115874676325,273.13941748646226,22.089241255639354,1.0,0.0,1.0,0.0,inf,0.0,0.0013080959979561158,40000.0,2900.0
11,17,8,known,3,100.0,300.0,150.0,267.1110391170267,235.34775183386563,126.33187612365681,248.52210893395144,226.35699644640567,102.59507195153539,1.0,0.0,1.0,0.0,inf,0.0,0.0012386069975036662,40000.0,2900.0
11,18,8,known,3,100.0,300.0,150.0,318.484731900912,297.3830629155527,113.99929098446268,316.4360536557434,296.0242364018316,111.80978273806387,1.0,0.0,1.0,0.0,inf,0.0,0.0014402219967450947,40000.0,2900.0
11,19,8,known,3,100.0,300.0,150.0,363.7477830786971,348.66145023504134,103.67083878634672,285.2538082920273,274.2454759566664,78.48027817487797,1.0,0.0,1.0,0.0,inf,0.0,0.0012023010021948721,40000.0,2900.0
11,20,8,known,3,100.0,300.0,150.0,422.7398107752506,404.53258067610534,122.72872029734934,388.87398136815875,374.48987216013404,104.78696977491788,1.0,0.0,1.0,0.0,inf,0.0,0.0013036730015301146,40000.0,2900.0
11,21,8,known,3,100.0,300.0,150.0,308.14703395018233,296.12555783181216,85.23056101594585,289.04571077648586,280.27222208263595,70.67463793430782,1.0,0.0,1.0,0.0,inf,0.0,0.0016237269992416259,40000.0,2900.0
11,22,8,known,3,100.0,300.0,150.0,313.0889636744487,246.16988793642068,193.4556420684347,226.05931665919636,179.12545834063826,137.90172160882938,1.0,0.0,1.0,0.0,inf,0.0,0.0019961390025855508,40000.0,2900.0
11,23,8,known,3,100.0,300.0,150.0,247.74630510850582,234.37170647695592,80.30027956362593,200.46104963543505,193.4322631137458,52.61741163944655,1.0,0.0,1.0,0.0,inf,0.0,0.0013023169994994532,40000.0,2900.0
11,24,8,known,3,100.0,300.0,150.0,251.05454603727935,223.55833882943134,114.236833927633,241.1603116404167,220.33601468914503,98.0323239620879,1.0,0.0,1.0,0.0,inf,0.0,0.0012189430017315317,40000.0,2900.0
11,25,8,known,3,100.0,300.0,150.0,280.135464557566,265.0609045093845,90.65646917650322,272.3512426224625,262.0635699071437,74.1477220521511,1.0,0.0,1.0,0.0,inf,0.0,0.0012850439998146612,40000.0,2900.0
11,26,8,known,3,100.0,300.0,150.0,347.1609790615541,334.74348405036403,92.01926574799701,323.32812797048314,313.0243546619028,80.97426582190418,1.0,0.0,1.0,0.0,inf,0.0,0.0011489940006867982,40000.0,2900.0
11,27,8,known,3,100.0,300.0,150.0,276.2647950016929,272.47499947485846,45.60275889135747,193.79051619644815,188.98482766830492,42.889381889541355,1.0,0.0,1.0,0.0,inf,0.0,0.001160059000540059,40000.0,2900.0
11,28,8,known,3,100.0,300.0,150.0,287.5726653489052,270.71968861551477,96.99942294566573,270.882073946632,256.5458605560657,86.95584751571496,1.0,0.0,1.0,0.0,inf,0.0,0.0012012670013064053,40000.0,2900.0
11,29,8,known,3,100.0,300.0,150.0,290.42628562165953,288.46795127518214,33.669993571322635,270.27943781157325,268.9264218132273,27.010260170428243,1.0,0.0,1.0,0.0,inf,0.0,0.0014192899980116636,40000.0,2900.0
11,30,8,known,3,100.0,300.0,150.0,342.1491974509398,325.76459099700406,104.61120670787065,303.68456714007203,286.0408231220737,102.0047245312661,1.0,0.0,1.0,0.0,inf,0.0,0.0011803199995483737,40000.0,2900.0
11,31,8,known,3,100.0,300.0,150.0,263.6500641799218,245.57030135307735,95.95094285850283,248.19332172740698,235.77274078409235,77.53153973217182,1.0,0.0,1.0,0.0,inf,0.0,0.0011738190005416982,40000.0,2900.0
11,32,8,known,3,100.0,300.0,150.0,388.7975844074059,381.4696014148209,75.12991972211609,356.5245809324995,353.3496683773419,47.47408415880054,1.0,0.0,1.0,0.0,inf,0.0,0.0012030939979013056,40000.0,2900.0
11,33,8,known,3,100.0,300.0,150.0,335.9025631435799,313.8087543050867,119.81067418187932,300.20548796522746,283.266489390016,99.41544645122451,1.0,0.0,1.0,0.0,inf,0.0,0.0011810549985966645,40000.0,2900.0
11,34,8,known,3,100.0,300.0,150.0,210.55972542935436,189.36719994060297,92.06227001079647,192.16284337562445,176.89306108034006,75.06932340065313,1.0,0.0,1.0,0.0,inf,0.0,0.0012358619969745632,40000.0,2900.0
11,35,8,known,3,100.0,300.0,150.0,346.9651872940555,342.9812505489965,52.428074214541844,277.888476051528,273.9782501900515,46.45345568456868,1.0,0.0,1.0,0.0,inf,0.0,0.0011376160000509117,40000.0,2900.0
11,36,8,known,3,100.0,300.0,150.0,367.35247691913395,361.6863251724786,64.27164601790523,341.0309554844578,335.9698255756483,58.53536453555836,1.0,0.0,1.0,0.0,inf,0.0,0.00114133700117236,40000.0,2900.0
11,37,8,known,3,100.0,300.0,150.0,280.451141450782,266.19124002420295,88.28967366246006,222.61205489105114,208.61433372460988,77.69290023839672,1.0,0.0,1.0,0.0,inf,0.0,0.0011857690005854238,40000.0,2900.0
11,38,8,known,3,100.0,300.0,150.0,218.57782454327787,198.33932266744392,91.85738111818523,197.77866468343845,186.02131480945133,67.1749256830776,1.0,0.0,1.0,0.0,inf,0.0,0.0011841080013255123,40000.0,2900.0
11,39,8,known,3,100.0,300.0,150.0,315.9386362353623,291.3632890097117,122.1665080277889,245.0902741783391,241.83403128353766,39.81888760332667,1.0,0.0,1.0,0.0,inf,0.0,0.001192658000945812,40000.0,2900.0
11,40,8,known,3,100.0,300.0,150.0,206.02692832365867,202.30685750142686,38.97474313423174,199.63984709663802,196.05524678902785,37.661767819134425,1.0,0.0,1.0,0.0,inf,0.0,0.0012849060003645718,40000.0,2900.0
11,41,8,known,3,100.0,300.0,150.0,377.440726200553,354.51628855831575,129.5364927023957,346.2280096787671,324.3465618282013,121.13274749771509,1.0,0.0,1.0,0.0,inf,0.0,0.002063323998299893,40000.0,2900.0
11,42,8,known,3,100.0,300.0,150.0,504.2558484966288,487.9507816185388,127.19274924661421,477.2280478205955,464.119337788372,111.08487708747609,1.0,0.0,1.0,0.0,inf,0.0,0.0016370570010622032,40000.0,2900.0
11,43,8,known,3,100.0,300.0,150.0,271.30227587249885,254.03168946493818,95.25138130854938,215.2989460271783,201.5748710829365,75.63866410977495,1.0,0.0,1.0,0.0,inf,0.0,0.0014392310004041065,40000.0,2900.0
11,44,8,known,3,100.0,300.0,150.0,279.6600502036288,260.28261192589986,102.28736778765797,242.85864403761985,223.89163824844906,94.08961316860098,1.0,0.0,1.0,0.0,inf,0.0,0.0012710139999398962,40000.0,2900.0
11,45,8,known,3,100.0,300.0,150.0,334.5930952964392,320.2871608664102,96.79191084066,286.5939068680379,276.529042407451,75.28450145351111,1.0,0.0,1.0,0.0,inf,0.0,0.0014724770007887855,40000.0,2900.0
11,46,8,known,3,100.0,300.0,150.0,329.18634701538167,321.2465477040506,71.86311049182613,275.12991669205127,272.47159285757596,38.15366489120586,1.0,0.0,1.0,0.0,inf,0.0,0.0011871599999722093,40000.0,2900.0
11,47,8,known,3,100.0,300.0,150.0,347.37565748298937,343.43244953048116,52.19195360620882,333.39808186259836,331.55314814284105,35.02557560171051,1.0,0.0,1.0,0.0,inf,0.0,0.0011059470016334672,40000.0,2900.0
11,48,8,known,3,100.0,300.0,150.0,296.7840367419027,274.3619906736637,113.16475837646425,239.74226635184692,235.73468003563693,43.652203884979265,1.0,0.0,1.0,0.0,inf,0.0,0.0012159409998275805,40000.0,2900.0
11,49,8,known,3,100.0,300.0,150.0,262.261866882535,186.92761493335084,183.9547596449774,245.28285357137165,171.35112890208833,175.50632148186244,1.0,0.0,1.0,0.0,inf,0.0,0.0011041049983759876,40000.0,2900.0
11,50,8,known,3,100.0,300.0,150.0,231.0810985107622,218.63761340293058,74.80687197317674,194.47441526109893,182.9484699948769,65.95570875731663,1.0,0.0,1.0,0.0,inf,0.0,0.0011823519998870324,40000.0,2900.0
11,51,8,known,3,100.0,300.0,150.0,316.84963960905793,301.38253153361615,97.78682839104013,278.9454479908878,265.07470257547004,86.86751411985485,1.0,0.0,1.0,0.0,inf,0.0,0.0013725149983656593,40000.0,2900.0
11,52,8,known,3,100.0,300.0,150.0,273.6231787261734,242.21558414503482,127.28414957682273,233.13174201594074,226.94024836497738,53.371647973709116,1.0,0.0,1.0,0.0,inf,0.0,0.0019392789981793612,40000.0,2900.0
11,53,8,known,3,100.0,300.0,150.0,257.8763475856328,248.9498309902273,67.26211633634016,224.64966514355763,216.09620203080794,61.39954003877238,1.0,0.0,1.0,0.0,inf,0.0,0.0011789439995482098,40000.0,2900.0
11,54,8,known,3,100.0,300.0,150.0,344.15009869040244,338.92626710231355,59.735047473865244,300.52448489555223,295.46236210049716,54.92684774981816,1.0,0.0,1.0,0.0,inf,0.0,0.0011460499990789685,40000.0,2900.0
11,55,8,known,3,100.0,300.0,150.0,303.09540518821416,265.9751368991719,145.34115452160984,274.36900967425595,247.4932747664418,118.42901846682042,1.0,0.0,1.0,0.0,inf,0.0,0.0012029919998894911,40000.0,2900.0
11,56,8,known,3,100.0,300.0,150.0,371.54587339006883,366.7001600535374,59.81077369420254,321.0120442728517,315.8279656246725,57.45806033635291,1.0,0.0,1.0,0.0,inf,0.0,0.0012186050007585436,40000.0,2900.0
11,57,8,known,3,100.0,300.0,150.0,273.26663799009094,262.3217490410531,76.56340782939432,243.23881217093614,231.52220178250062,74.58277165747481,1.0,0.0,1.0,0.0,inf,0.0,0.0013224909998825751,40000.0,2900.0
11,58,8,known,3,100.0,300.0,150.0,467.82862924141295,456.696769165641,101.44795400383715,440.03722598884934,431.83081091319,84.58670700540601,1.0,0.0,1.0,0.0,inf,0.0,0.0012016779983241577,40000.0,2900.0
11,59,8,known,3,100.0,300.0,150.0,229.6297953272006,196.6657969463308,118.54284969358808,186.2159972513574,159.45404468091914,96.18110660214406,1.0,0.0,1.0,0.0,inf,0.0,0.0011435800006438512,40000.0,2900.0
11,60,8,known,3,100.0,300.0,150.0,351.8821419499569,320.47721220569986,145.3113838629047,346.0965616329828,317.62949438364654,137.45666324977523,1.0,0.0,1.0,0.0,inf,0.0,0.0012406380010361318,40000.0,2900.0
11,61,8,known,3,100.0,300.0,150.0,421.71937948375967,399.13129004948786,136.16698695204687,392.42604957867627,383.61330261671407,82.69847908772581,1.0,0.0,1.0,0.0,inf,0.0,0.0011076250011683442,40000.0,2900.0
11,62,8,known,3,100.0,300.0,150.0,385.57805441639306,376.83466356867575,81.64601876768947,349.2665145344901,343.83268711187037,61.3692223227718,1.0,0.0,1.0,0.0,inf,0.0,0.0011882119979418349,40000.0,2900.0
11,63,8,known,3,100.0,300.0,150.0,366.2868446387818,283.67203539848583,231.72446760822496,314.5912900070229,266.82092967487307,166.65614670848242,1.0,0.0,1.0,0.0,inf,0.0,0.0012353540005278774,40000.0,2900.0
11,64,8,known,3,100.0,300.0,150.0,490.960866324511,469.48559807463425,143.61700965629853,436.8339392769884,420.09369829861237,119.77134529613524,1.0,0.0,1.0,0.0,inf,0.0,0.0036644079991674516,40000.0,2900.0
11,65,8,known,3,100.0,300.0,150.0,379.3571990205702,363.1385280919325,109.73738589905088,348.3447266606193,335.07204118891406,95.24062056578737,1.0,0.0,1.0,0.0,inf,0.0,0.003999445998488227,40000.0,2900.0
11,66,8,known,3,100.0,300.0,150.0,438.17849691907674,414.6437733376555,141.67193227514147,367.91190099417196,361.17325086720484,70.09315052956653,1.0,0.0,1.0,0.0,inf,0.0,0.00322944200161146,40000.0,2900.0
11,67,8,known,3,100.0,300.0,150.0,321.7485284044467,308.49390337322075,91.39817893142605,308.66133243871235,302.2272357245908,62.69382847708319,1.0,0.0,1.0,0.0,inf,0.0,0.003119064000202343,40000.0,2900.0
11,68,8,known,3,100.0,300.0,150.0,254.76001658583203,251.91856459917415,37.943416571325336,248.9001959448718,246.2344107228276,36.33073791402292,1.0,0.0,1.0,0.0,inf,0.0,0.0031537709983240347,40000.0,2900.0
11,69,8,known,3,100.0,300.0,150.0,302.2758105508437,284.7868200561333,101.32686103144162,285.28495072596826,272.3581181152242,84.9032308422459,1.0,0.0,1.0,0.0,inf,0.0,0.006715704999805894,40000.0,2900.0
11,70,8,known,3,100.0,300.0,150.0,312.043681967463,286.27504770324475,124.1686615789835,251.5174431103813,234.56738853326164,90.76984314996787,1.0,0.0,1.0,0.0,inf,0.0,0.011569238999072695,40000.0,2900.0
11,71,8,known,3,100.0,300.0,150.0,314.5261820050865,281.8317215390416,139.6338064404065,271.5500641032034,262.2384246019404,70.50138989230172,1.0,0.0,1.0,0.0,inf,0.0,0.025893272999383043,40000.0,2900.0
11,72,8,known,3,100.0,300.0,150.0,378.3957200472463,341.942967265878,162.04421645798004,356.4202057176095,331.0847565153656,131.97820671210894,1.0,0.0,1.0,0.0,inf,0.0,0.0018085459996655118,40000.0,2900.0
11,73,8,known,3,100.0,300.0,150.0,344.9450498478416,326.5684922513662,111.08603550041418,321.4764103163122,310.11740642124283,84.7011016718413,1.0,0.0,1.0,0.0,inf,0.0,0.00208360600299784,40000.0,2900.0
11,74,8,known,3,100.0,300.0,150.0,394.2378644541514,389.983814841034,57.759137211387774,289.44957623308403,286.6402088226384,40.229937454912545,1.0,0.0,1.0,0.0,inf,0.0,0.0015146030018513557,40000.0,2900.0
11,75,8,known,3,100.0,300.0,150.0,453.23406128905407,445.22431937331356,84.83171430037078,385.85798169675,382.8833535396821,47.81965726870325,1.0,0.0,1.0,0.0,inf,0.0,0.0016889510006876662,40000.0,2900.0
11,76,8,known,3,100.0,300.0,150.0,266.2038157275119,245.05055270073638,103.99374081621794,219.68137929199722,193.90276219772488,103.25515589900051,1.0,0.0,1.0,0.0,inf,0.0,0.002086428998154588,40000.0,2900.0
11,77,8,known,3,100.0,300.0,150.0,387.8050267988094,373.61329084522345,103.9511794749234,363.90609719653054,356.50754121707405,73.00699029659387,1.0,0.0,1.0,0.0,inf,0.0,0.0021928999994997866,40000.0,2900.0
11,78,8,known,3,100.0,300.0,150.0,320.77865344903813,304.96833758970536,99.46485598617048,289.3298754375303,280.1115929909331,72.45186190001365,1.0,0.0,1.0,0.0,inf,0.0,0.0019039319995499682,40000.0,2900.0
11,79,8,known,3,100.0,300.0,150.0,404.2814613150804,388.96138392724,110.23856755447738,363.2477778991078,354.77499954503367,77.99774257285203,1.0,0.0,1.0,0.0,inf,0.0,0.0017937310003617313,40000.0,2900.0
11,80,8,known,3,100.0,300.0,150.0,376.1905879906855,363.84719247809863,95.57499159604008,343.9853153211374,342.86255592195454,27.769856017756183,1.0,0.0,1.0,0.0,inf,0.0,0.001503729999967618,40000.0,2900.0
11,81,8,known,3,100.0,300.0,150.0,247.86307738864588,228.33257796573255,96.4382650823444,228.72796820135514,216.10249400154547,74.94128050568743,1.0,0.0,1.0,0.0,inf,0.0,0.002972798996779602,40000.0,2900.0
11,82,8,known,3,100.0,300.0,150.0,155.9379994087904,154.61785641458195,20.247916865091025,147.20490802261935,146.47596384681458,14.631369077925747,1.0,0.0,1.0,0.0,inf,0.0,0.005558298002142692,40000.0,2900.0
11,83,8,known,3,100.0,300.0,150.0,339.22550297712274,313.1007781442535,130.54441617911053,260.3558124819087,241.0628636887539,98.3557056976973,1.0,0.0,1.0,0.0,inf,0.0,0.0028880089994345326,40000.0,2900.0
11,84,8,known,3,100.0,300.0,150.0,218.40446654396925,194.24803289935656,99.84093710040125,198.56440144686906,190.40399273181936,56.33951609425361,1.0,0.0,1.0,0.0,inf,0.0,0.0023443200007022824,40000.0,2900.0
11,85,8,known,3,100.0,300.0,150.0,197.65249414859113,169.80183290437515,101.16247320757591,172.7074602790153,144.980788151798,93.853278594363,1.0,0.0,1.0,0.0,inf,0.0,0.0014608929996029474,40000.0,2900.0
11,86,8,known,3,100.0,300.0,150.0,384.1697446185394,360.5309303074124,132.67946703218826,337.0224223540193,330.27618105628386,67.09513690460565,1.0,0.0,1.0,0.0,inf,0.0,0.0014673669975309167,40000.0,2900.0
11,87,8,known,3,100.0,300.0,150.0,320.2692896800134,302.2607955407639,105.8812041450457,305.4188698958539,294.1781116247538,82.09704458355611,1.0,0.0,1.0,0.0,inf,0.0,0.0011422079987823963,40000.0,2900.0
11,88,8,known,3,100.0,300.0,150.0,352.09770724326984,339.6940551363265,92.63230727454523,306.752715689424,301.83260887513177,54.72024125009287,1.0,0.0,1.0,0.0,inf,0.0,0.0012166990018158685,40000.0,2900.0
11,89,8,known,3,100.0,300.0,150.0,259.97140752061443,245.41230386798318,85.77839960303564,241.38826561588795,237.60937925130267,42.545007566776675,1.0,0.0,1.0,0.0,inf,0.0,0.00123479700050666,40000.0,2900.0
11,90,8,known,3,100.0,300.0,150.0,291.35252539743254,256.6473990738869,137.90723912859175,208.1823415717826,203.1881226318117,45.3263076333182,1.0,0.0,1.0,0.0,inf,0.0,0.0027361380016373005,40000.0,2900.0
11,91,8,known,3,100.0,300.0,150.0,325.0462780724165,304.24960500977335,114.39956617106375,301.1450859142757,289.4703836682749,83.03770077054264,1.0,0.0,1.0,0.0,inf,0.0,0.0019492930005071685,40000.0,2900.0
11,92,8,known,3,100.0,300.0,150.0,335.61579169824415,315.78106564865857,113.66740172554663,312.85358138593523,303.764919656747,74.86145184229356,1.0,0.0,1.0,0.0,inf,0.0,0.0017406560000381432,40000.0,2900.0
11,93,8,known,3,100.0,300.0,150.0,173.93061928239462,152.24385120753408,84.1051133609338,161.87834950601462,140.36416743642667,80.63808367434216,1.0,0.0,1.0,0.0,inf,0.0,0.001232741000421811,40000.0,2900.0
11,94,8,known,3,100.0,300.0,150.0,381.0992191141808,347.506229959313,156.44818614769395,309.04207754579386,275.1538480318239,140.7031115757588,1.0,0.0,1.0,0.0,inf,0.0,0.0012107430011383258,40000.0,2900.0
11,95,8,known,3,100.0,300.0,150.0,314.56415578190365,306.76453452650554,69.6141397958643,289.95260763743624,283.39716074170275,61.307128127898494,1.0,0.0,1.0,0.0,inf,0.0,0.001213601997733349,40000.0,2900.0
11,96,8,known,3,100.0,300.0,150.0,338.91081452286096,333.66149456959135,59.41840827669185,298.7568765367186,295.4958825314063,44.0210709202017,1.0,0.0,1.0,0.0,inf,0.0,0.0012960280000697821,40000.0,2900.0
11,97,8,known,3,100.0,300.0,150.0,485.18780274740607,484.5117450644774,25.604156487388234,455.88377447876604,455.3200012765645,22.66522160746999,1.0,0.0,1.0,0.0,inf,0.0,0.0011449260018707719,40000.0,2900.0
11,98,8,known,3,100.0,300.0,150.0,298.9108665875878,252.02761200967916,160.71648623847318,256.53037078160435,233.0293195992982,107.26214309081998,1.0,0.0,1.0,0.0,inf,0.0,0.0011553610020200722,40000.0,2900.0
11,99,8,known,3,100.0,300.0,150.0,397.067611434519,388.97139277332775,79.77432954460829,378.65030137631754,374.7406084739881,54.27271038856673,1.0,0.0,1.0,0.0,inf,0.0,0.0011685749996104278,40000.0,2900.0
12,0,8,known,3,100.0,300.0,150.0,3966.0105610734854,3964.0586417851605,124.41404677451264,2343.7568272004305,2341.7838779890194,96.14745882932746,1.0,0.0,29.0,0.0,inf,81.05914963082323,0.011492169000121066,70000.0,2900.0
12,1,8,known,3,100.0,300.0,150.0,1464.5248215381005,1434.7533624089006,293.795408333009,1027.8043025484367,1007.2386264570438,204.57769602282224,1.0,0.0,28.0,0.0,inf,60.60886208649252,0.012128777998441365,70000.0,2900.0
12,2,8,known,3,100.0,300.0,150.0,917.2297751964941,714.7704580208264,574.816190488498,652.1348223245612,535.650211243882,371.9659630701062,1.0,0.0,27.0,0.0,inf,35.672097500852786,0.010337117000744911,70000.0,2900.0
12,3,8,known,3,100.0,300.0,150.0,2180.2464523708227,1903.8329540869584,1062.4945534016083,1937.7995076024267,1770.798437444634,786.9814645897646,1.0,0.0,29.0,0.0,inf,43.62925434522183,0.01179503299863427,70000.0,2900.0
12,4,8,known,3,100.0,300.0,150.0,4342.739857872309,4341.14520397223,117.67663821550323,2871.4883835540872,2870.4627990403033,76.73888331069243,1.0,0.0,28.0,0.0,inf,40.85519465897973,0.018418596999254078,70000.0,2900.0
12,5,8,known,3,100.0,300.0,150.0,4913.793623230779,4789.554781467525,1097.9675619184059,3084.1466331174256,2982.941319383399,783.5952652261096,1.0,0.0,27.0,0.0,inf,73.18724071773852,0.012731857001199387,70000.0,2900.0
12,6,8,known,3,100.0,300.0,150.0,701.9096260739215,686.841838871905,144.65618393381007,650.5417342160921,646.4763487698339,72.61458832841139,1.0,0.0,30.0,0.0,inf,51.46356530313698,0.016866410998773063,70000.0,2900.0
12,7,8,known,3,100.0,300.0,150.0,1790.110737890485,1776.1102652858794,223.44748702310287,1047.0309285442895,1029.3882663088784,191.39896163229034,1.0,0.0,28.0,0.0,inf,50.49807134885246,0.014728976999322185,70000.0,2900.0
12,8,8,known,3,100.0,300.0,150.0,3408.876347811497,3397.006974936994,284.22098250844044,2113.9928791510024,2104.4010183960204,201.15229771230253,1.0,0.0,26.0,0.0,inf,62.49817560625538,0.018947968001157278,70000.0,2900.0
12,9,8,known,3,100.0,300.0,150.0,4675.133445319817,4613.78527893808,754.889482906079,2710.0131658039054,2656.366483849041,536.5523854331379,1.0,0.0,27.0,0.0,inf,46.9499594613573,0.016255667000223184,70000.0,2900.0
12,10,8,known,3,100.0,300.0,150.0,1675.8468394174251,1663.553181533597,202.61648845743056,1106.7879134091804,1096.8341094791244,148.10273985238598,1.0,0.0,26.0,0.0,inf,58.993805533702975,0.00908033799714758,70000.0,2900.0
12,11,8,known,3,100.0,300.0,150.0,2606.6598029197453,2449.4454982840757,891.5672039131322,1831.2818211238134,1727.8653572216735,606.6913677412673,1.0,0.0,22.0,0.0,inf,79.19128027374198,0.009579582998412661,70000.0,2900.0
12,12,8,known,3,100.0,300.0,150.0,4007.440700934078,3987.7713394784723,396.56111198286385,2693.053619658971,2677.447704581534,289.5023101623961,1.0,0.0,29.0,0.0,inf,85.99381879728948,0.01305257499916479,70000.0,2900.0
12,13,8,known,3,100.0,300.0,150.0,5175.858188171616,5171.312186745559,216.88303594339405,3187.3583403164776,3182.7900405265896,170.58941206815646,1.0,0.0,26.0,0.0,inf,61.78128593371296,0.009560153001075378,70000.0,2900.0
12,14,8,known,3,100.0,300.0,150.0,2390.653739388892,2383.4870166639803,184.97281705248648,2179.5199433801854,2174.989595790525,140.45441180302785,1.0,0.0,25.0,0.0,inf,31.410951132332013,0.009471634999499656,70000.0,2900.0
12,15,8,known,3,100.0,300.0,150.0,676.2667964947946,512.6736080123186,441.0244343445876,507.6631760986259,434.06143428607555,263.2728083795579,1.0,0.0,28.0,0.0,inf,50.117262481001646,0.01214208799865446,70000.0,2900.0
12,16,8,known,3,100.0,300.0,150.0,1456.409714624586,1454.4290642086653,75.92992847339127,1020.9882690330198,1018.8744684252229,65.6647781863426,1.0,0.0,24.0,0.0,inf,50.35509788499963,0.008695219999935944,70000.0,2900.0
12,17,8,known,3,100.0,300.0,150.0,3318.926027047287,3312.3796446758397,208.3532158356323,1909.0656552582313,1904.1412697229157,137.03175188452758,1.0,0.0,27.0,0.0,inf,100.12371174489385,0.011624087997915922,70000.0,2900.0
12,18,8,known,3,100.0,300.0,150.0,987.2930516124651,975.147110490971,154.38809106716553,747.6882035526456,734.758772345985,138.44564345765227,1.0,0.0,23.0,0.0,inf,74.58760650485256,0.01110347699795966,70000.0,2900.0
12,19,8,known,3,100.0,300.0,150.0,4425.948644532632,4321.523093520728,955.7507814316838,2760.7985270882727,2668.246307863394,708.8512874687772,1.0,0.0,27.0,0.0,inf,64.68113759894806,0.00900885000010021,70000.0,2900.0
12,20,8,known,3,100.0,300.0,150.0,5024.456390295687,5016.354472211491,285.21891085082757,3345.172774807737,3339.343174359647,197.40328561736217,1.0,0.0,30.0,0.0,inf,18.26260078019507,0.01908340099907946,70000.0,2900.0
12,21,8,known,3,100.0,300.0,150.0,932.0376392408748,917.3293366487234,164.92740550107578,571.515765604308,557.2234578437552,127.01294565093353,1.0,0.0,29.0,0.0,inf,24.627013303479494,0.012446897999325301,70000.0,2900.0
12,22,8,known,3,100.0,300.0,150.0,4856.910474533152,4854.686259798099,146.97168624397398,3036.894673968187,3034.7942110548415,112.93076341000136,1.0,0.0,26.0,0.0,inf,35.55054738560162,0.014771006000955822,70000.0,2900.0
12,23,8,known,3,100.0,300.0,150.0,900.8946000514748,766.9225948550749,472.69526536941896,817.0325729413615,733.7679703277045,359.3421641949943,1.0,0.0,29.0,0.0,inf,58.85689167141651,0.011834848999569658,70000.0,2900.0
12,24,8,known,3,100.0,300.0,150.0,2578.4981913226325,2573.8586051132725,154.61178331047435,2168.4511137604777,2165.112821136097,120.27761438084791,1.0,0.0,29.0,0.0,inf,45.38770801848797,0.011282573999778833,70000.0,2900.0
12,25,8,known,3,100.0,300.0,150.0,861.9386054710747,832.0809553606604,224.89874016434962,641.2155135364367,620.0616152950321,163.3429767009034,1.0,0.0,29.0,0.0,inf,87.70315559112326,0.01250260199958575,70000.0,2900.0
12,26,8,known,3,100.0,300.0,150.0,5169.189940384942,5168.1374076575885,104.30903770613774,3268.064174155774,3267.0725380725835,80.5014122387072,1.0,0.0,29.0,0.0,inf,88.8096140798907,0.012241516000358388,70000.0,2900.0
12,27,8,known,3,100.0,300.0,150.0,1889.794939775127,1808.9018800156239,546.9907703751654,1702.4191540038157,1662.644143029751,365.84891631373387,1.0,0.0,26.0,0.0,inf,69.37522906798576,0.016497876000357792,70000.0,2900.0
12,28,8,known,3,100.0,300.0,150.0,762.907316547587,756.5421493187799,98.34403869051351,709.9965301294309,704.769162718403,85.99709342200497,1.0,0.0,24.0,0.0,inf,76.76303523964154,0.010474522998265456,70000.0,2900.0
12,29,8,known,3,100.0,300.0,150.0,2888.1259065984364,2885.415811996757,125.08734645892201,1933.0199202180122,1930.1738760660833,104.85618776058121,1.0,0.0,29.0,0.0,inf,53.293955202523215,0.01893714800098678,70000.0,2900.0
12,30,8,known,3,100.0,300.0,150.0,1689.9481333642473,1686.3507836770852,110.20765786906306,1135.4396412351425,1130.8989014737786,101.44384423704653,1.0,0.0,27.0,0.0,inf,38.92784697462013,0.009597529999155086,70000.0,2900.0
12,31,8,known,3,100.0,300.0,150.0,2345.128861609667,2322.697091658729,323.58553421736224,1679.4852703011088,1665.1899798918869,218.6620772471672,1.0,0.0,29.0,0.0,inf,92.92013751261685,0.015922888000204694,70000.0,2900.0
12,32,8,known,3,100.0,300.0,150.0,3407.865998179769,3265.913172725753,973.3251305530958,2915.5537919069693,2843.161242819996,645.6686927746788,1.0,0.0,26.0,0.0,inf,53.136345489506716,0.015367895997769665,70000.0,2900.0
12,33,8,known,3,100.0,300.0,150.0,2936.8798488684174,2897.6682957710523,478.31129442306354,2715.479315300301,2701.4423782527315,275.74805312824907,1.0,0.0,29.0,0.0,inf,39.30993799242605,0.01390425099816639,70000.0,2900.0
12,34,8,known,3,100.0,300.0,150.0,1746.6701289505854,1681.9376607373995,471.10746625526866,1027.6682534551694,975.5461264174994,323.1281392751344,1.0,0.0,27.0,0.0,inf,77.6663889599196,0.01196879000053741,70000.0,2900.0
12,35,8,known,3,100.0,300.0,150.0,2040.0229201790617,2037.573853903241,99.93150026793907,1205.3326766535754,1202.8411801692928,77.45938740924261,1.0,0.0,28.0,0.0,inf,68.31989617563293,0.009948371000064071,70000.0,2900.0
12,36,8,known,3,100.0,300.0,150.0,2690.256811985142,2449.6058499224328,1112.165857441352,1674.6553608700342,1475.356708382681,792.333995686772,1.0,0.0,30.0,0.0,inf,64.32461473173261,0.011377967999578686,70000.0,2900.0
12,37,8,known,3,100.0,300.0,150.0,4824.045698291669,4822.792976461494,109.93091194039337,3001.7138596260593,3000.601182955743,81.72292160569485,1.0,0.0,28.0,0.0,inf,75.56718934432436,0.018218015997263137,70000.0,2900.0
12,38,8,known,3,100.0,300.0,150.0,410.2578827689511,362.41866288720183,192.2608726837449,330.54214584440297,288.8287603669253,160.73598652550655,1.0,0.0,25.0,0.0,inf,38.692590217796145,0.010862236998946173,70000.0,2900.0
12,39,8,known,3,100.0,300.0,150.0,4650.746300743222,4645.411027202233,222.70505657632393,3270.7575725845018,3267.6318117989485,142.95957868706304,1.0,0.0,24.0,0.0,inf,103.50484965650908,0.008917541999835521,70000.0,2900.0
12,40,8,known,3,100.0,300.0,150.0,2482.1464166212236,2471.094005962484,233.97702289298317,2251.198164097783,2247.715333548793,125.17568999956062,1.0,0.0,25.0,0.0,inf,57.80315705644527,0.011535415000253124,70000.0,2900.0
12,41,8,known,3,100.0,300.0,150.0,2721.1819550005116,2607.2313612383928,779.2149005219318,2272.5055638730905,2197.8560829104517,577.6765328864233,1.0,0.0,30.0,0.0,inf,28.91974490383704,0.012514574998931494,70000.0,2900.0
12,42,8,known,3,100.0,300.0,150.0,3652.9819834802192,3652.7489307969504,41.26281852727036,2245.5958955245887,2245.3381257320607,34.02391998162505,1.0,0.0,28.0,0.0,inf,35.97687613682759,0.010164308998355409,70000.0,2900.0
12,43,8,known,3,100.0,300.0,150.0,3852.703125940596,3848.952366055134,169.96193830098392,2549.829282029605,2546.6769948119536,126.7503514439562,1.0,0.0,27.0,0.0,inf,77.80964286258249,0.012152826002420625,70000.0,2900.0
12,44,8,known,3,100.0,300.0,150.0,4284.415785148642,4283.757060889897,75.12698121718354,3084.71664129878,3084.0103941128477,66.00489458778802,1.0,0.0,29.0,0.0,inf,90.28810947513884,0.014877192999847466,70000.0,2900.0
12,45,8,known,3,100.0,300.0,150.0,1433.1888347379827,1416.2348148769786,219.79350570020648,1220.5469079382647,1210.8495680248134,153.5515486466398,1.0,0.0,28.0,0.0,inf,60.05912556982179,0.017508842000097502,70000.0,2900.0
12,46,8,known,3,100.0,300.0,150.0,2311.810577350513,2276.1590826358683,404.4353793672791,2107.366719745899,2085.0627480995176,305.7904968769915,1.0,0.0,27.0,0.0,inf,60.09832691528496,0.014847080001345603,70000.0,2900.0
12,47,8,known,3,100.0,300.0,150.0,442.15168951716134,408.7642121558416,168.5524707724403,289.1648389111702,254.75816208261762,136.80125333786148,1.0,0.0,26.0,0.0,inf,52.16265897651415,0.027464081002108287,70000.0,2900.0
12,48,8,known,3,100.0,300.0,150.0,5847.403629069117,5789.27835148059,822.4265136344198,3679.540359350113,3624.0762700765067,636.4655880365532,1.0,0.0,27.0,0.0,inf,58.37821159179329,0.01576610200208961,70000.0,2900.0
12,49,8,known,3,100.0,300.0,150.0,4020.8939482323335,4014.9468983681154,218.60820253516036,2611.2534929427543,2606.128659324438,163.51824195955155,1.0,0.0,30.0,0.0,inf,21.237718854946433,0.01418300500154146,70000.0,2900.0
12,50,8,known,3,100.0,300.0,150.0,1688.9482367457133,1686.7255505139176,86.62022656386925,964.1360098750787,963.0872079255074,44.958597265575165,1.0,0.0,27.0,0.0,inf,47.93660577127039,0.01159492100123316,70000.0,2900.0
12,51,8,known,3,100.0,300.0,150.0,3774.3091013479457,3773.063847192585,96.94533266861747,2302.684366645083,2301.6230693828456,69.90378299030277,1.0,0.0,28.0,0.0,inf,46.38641194676993,0.017266594000830082,70000.0,2900.0
12,52,8,known,3,100.0,300.0,150.0,603.3739411054202,589.307269244282,129.52627231930342,497.7161333158422,495.8966775625195,42.518637623138225,1.0,0.0,30.0,0.0,inf,21.49636125971421,0.016512582998984726,70000.0,2900.0
12,53,8,known,3,100.0,300.0,150.0,4093.7945669580427,4090.694621272924,159.28424888844435,2428.591165567581,2425.2636711710925,127.08727226049767,1.0,0.0,27.0,0.0,inf,28.32784643369168,0.016649134002364008,70000.0,2900.0
12,54,8,known,3,100.0,300.0,150.0,1403.093122503736,1219.4759832665336,693.9370552531435,1140.4618566761608,1003.3146564506222,542.2296069790044,1.0,0.0,26.0,0.0,inf,36.61327648180664,0.021418111999082612,70000.0,2900.0
12,55,8,known,3,100.0,300.0,150.0,693.5160792787441,684.233781897867,113.0870634860743,636.7030273389167,628.746210128906,100.34414916216541,1.0,0.0,27.0,0.0,inf,54.87578140635633,0.01703135899879271,70000.0,2900.0
12,56,8,known,3,100.0,300.0,150.0,6487.538767063001,6436.6083330225865,811.3152416967976,4259.810026717085,4218.638621365644,590.8211624862341,1.0,0.0,24.0,0.0,inf,107.2361637600969,0.018006382997555193,70000.0,2900.0
12,57,8,known,3,100.0,300.0,150.0,5035.186572372121,5033.383304271479,134.7454298952149,3025.336560737702,3023.799848393945,96.41463887282747,1.0,0.0,27.0,0.0,inf,53.58404914363689,0.016906656997889513,70000.0,2900.0
12,58,8,known,3,100.0,300.0,150.0,4992.513401797858,4991.196753628058,114.65179328711393,2949.193887512981,2947.6511552816282,95.37952039516502,1.0,0.0,27.0,0.0,inf,86.28562772964892,0.010310916000889847,70000.0,2900.0
12,59,8,known,3,100.0,300.0,150.0,6077.233415647971,6076.020383652623,121.41781461603553,3954.7155984821807,3953.9108808465876,79.77600642572031,1.0,0.0,26.0,0.0,inf,63.54734224424807,0.022805345000961097,70000.0,2900.0
12,60,8,known,3,100.0,300.0,150.0,5655.03956481059,5602.521722046316,768.9101596235491,3254.561271845073,3202.4629492020395,580.0001130879159,1.0,0.0,27.0,0.0,inf,36.50240763344053,0.020288071998948,70000.0,2900.0
12,61,8,known,3,100.0,300.0,150.0,4491.308511985999,4442.859314563048,657.9158463194599,2983.1806941998443,2939.6059985893944,508.0193178452124,1.0,0.0,28.0,0.0,inf,41.30291703506387,0.01383532999898307,70000.0,2900.0
12,62,8,known,3,100.0,300.0,150.0,2581.0305092149474,2267.2957953193422,1233.3240717774072,2379.9053183457613,2117.232514570126,1086.8651266544075,1.0,0.0,24.0,0.0,inf,28.269221385693932,0.011475224997411715,70000.0,2900.0
12,63,8,known,3,100.0,300.0,150.0,3346.079339083112,3344.8872656709186,89.30914506029427,2097.431278484013,2095.90501750705,80.00078469524303,1.0,0.0,25.0,0.0,inf,61.44698330732832,0.01848944200173719,70000.0,2900.0
12,64,8,known,3,100.0,300.0,150.0,2768.0517581413683,2760.688798825174,201.7619681474541,2330.27729452019,2324.2482261205964,167.51851459344948,1.0,0.0,27.0,0.0,inf,81.26410602149659,0.014589619997423142,70000.0,2900.0
12,65,8,known,3,100.0,300.0,150.0,2696.157860635848,2695.104968073684,75.34202368544685,1726.8941275831385,1725.7363949215346,63.22359626242089,1.0,0.0,29.0,0.0,inf,39.54057092697988,0.01805021600011969,70000.0,2900.0
12,66,8,known,3,100.0,300.0,150.0,3406.6671322888037,3364.5660316904427,533.9254335688174,1857.4737263752054,1820.9863541101465,366.3568510603112,1.0,0.0,29.0,0.0,inf,70.80844127615728,0.017545767997944495,70000.0,2900.0
12,67,8,known,3,100.0,300.0,150.0,2704.6368303413656,2700.996523559898,140.27887851111208,1693.6614303182648,1688.731889306243,129.12647516244544,1.0,0.0,28.0,0.0,inf,35.651152183262056,0.012347210002189968,70000.0,2900.0
12,68,8,known,3,100.0,300.0,150.0,1439.64876532033,1436.5594586514583,94.26287311226939,870.9421716013344,868.0863240879652,70.47269120086362,1.0,0.0,28.0,0.0,inf,42.64344049880197,0.024173679001251003,70000.0,2900.0
12,69,8,known,3,100.0,300.0,150.0,5115.834628851036,5109.651416826104,251.44850025086262,3168.261996238069,3163.5291803075975,173.11037562426608,1.0,0.0,28.0,0.0,inf,119.78978233245226,0.015103664998605382,70000.0,2900.0
12,70,8,known,3,100.0,300.0,150.0,4238.158036184907,4234.956601346511,164.7001044028875,2721.30770969615,2718.792690457451,116.96989855018765,1.0,0.0,28.0,0.0,inf,46.14360641529482,0.010613438000291353,70000.0,2900.0
12,71,8,known,3,100.0,300.0,150.0,3054.0804314807765,3053.2788472146303,69.9683007189976,2636.640751545988,2636.0738661062537,54.67197769078721,1.0,0.0,29.0,0.0,inf,75.51575715555988,0.013995270997838816,70000.0,2900.0
12,72,8,known,3,100.0,300.0,150.0,2486.952672143172,2478.4725231094744,205.20123213913766,1684.6286783061453,1677.78448541051,151.70037668806262,1.0,0.0,25.0,0.0,inf,68.3361571112999,0.020716102000733372,70000.0,2900.0
12,73,8,known,3,100.0,300.0,150.0,3032.8084129842914,2997.5370670938078,461.19236904674756,1871.9346036079749,1833.857045504103,375.642778234731,1.0,0.0,29.0,0.0,inf,42.93720037896017,0.023315353002544725,70000.0,2900.0
12,74,8,known,3,100.0,300.0,150.0,1423.8757837090204,1244.801764020859,691.2964745487527,1014.2213004261562,767.864421653328,662.5926925322399,1.0,0.0,28.0,0.0,inf,72.67310351776773,0.018758466001600027,70000.0,2900.0
12,75,8,known,3,100.0,300.0,150.0,458.4973749956473,453.97032876235903,64.27117146353349,433.7512849213874,433.1956581230333,21.94764120142992,1.0,0.0,27.0,0.0,inf,30.918987326682338,0.01242686699697515,70000.0,2900.0
12,76,8,known,3,100.0,300.0,150.0,2325.074587783715,2324.511327310987,51.175462484728314,1394.9232725951208,1394.1452073834225,46.584086953755296,1.0,0.0,26.0,0.0,inf,24.74666251087551,0.009943672001099912,70000.0,2900.0
12,77,8,known,3,100.0,300.0,150.0,4985.329096002583,4982.959332856987,153.69607198422653,3088.9722322700504,3085.609925499533,144.08622208312383,1.0,0.0,28.0,0.0,inf,28.07939926070822,0.009914754002238624,70000.0,2900.0
12,78,8,known,3,100.0,300.0,150.0,5330.875670111485,5309.881972411326,472.6402958358227,2955.4981187557437,2934.3347227894806,353.0564609247718,1.0,0.0,28.0,0.0,inf,35.64043068189347,0.012640394001209643,70000.0,2900.0
12,79,8,known,3,100.0,300.0,150.0,5043.881638722689,3702.7788500157476,3424.933688893835,4001.8824354555336,3339.948969043548,2204.4962942569123,1.0,0.0,28.0,0.0,inf,26.329938243852823,0.015087691001099302,70000.0,2900.0
12,80,8,known,3,100.0,300.0,150.0,5238.574910880498,5237.982426747823,78.7857473633551,3271.5714268205948,3270.8813819871584,67.19066719955225,1.0,0.0,28.0,0.0,inf,81.074946955487,0.01103579600021476,70000.0,2900.0
12,81,8,known,3,100.0,300.0,150.0,3187.6877839969634,3182.811054366408,176.25890175098345,2032.3630703550573,2030.1062951609604,95.7500918583135,1.0,0.0,30.0,0.0,inf,7.7854661410996515,0.011338509000779595,70000.0,2900.0
12,82,8,known,3,100.0,300.0,150.0,3715.961936644546,3715.0528032271786,82.19357532658121,2317.288884737407,2316.8867088055144,43.17121596487588,1.0,0.0,26.0,0.0,inf,95.63681517157053,0.012340522000158671,70000.0,2900.0
12,83,8,known,3,100.0,300.0,150.0,5511.8222159827255,5508.411939778697,193.86088389411782,3252.4060412380013,3249.8071113342853,129.9953699273778,1.0,0.0,24.0,0.0,inf,61.48112875580743,0.018263240999658592,70000.0,2900.0
12,84,8,known,3,100.0,300.0,150.0,5084.145855756683,4972.64245430079,1058.9457513457771,4685.228405030162,4618.637563051768,787.1164262475463,1.0,0.0,29.0,0.0,inf,61.269042507063475,0.015058057997521246,70000.0,2900.0
12,85,8,known,3,100.0,300.0,150.0,1816.2132054398141,1810.4448776947609,144.6366220663637,1098.2884208214857,1092.808780419169,109.57383241139856,1.0,0.0,27.0,0.0,inf,81.25523741620962,0.01063728799999808,70000.0,2900.0
12,86,8,known,3,100.0,300.0,150.0,3669.718057312559,3653.9137376661374,340.2131947184591,2407.7766525536344,2398.669737524317,209.2173483901606,1.0,0.0,28.0,0.0,inf,63.20694326039101,0.01831724599833251,70000.0,2900.0
12,87,8,known,3,100.0,300.0,150.0,2475.6123145337347,2437.5313419121962,432.54744140591157,1710.757512764769,1684.3268023409944,299.55715714510944,1.0,0.0,31.0,0.0,inf,85.44031495524942,0.013040278001426486,70000.0,2900.0
12,88,8,known,3,100.0,300.0,150.0,3435.3246373335264,3423.777897080149,281.42543477119494,2047.5242020583196,2036.5001179113835,212.1853617983084,1.0,0.0,25.0,0.0,inf,61.819582276118986,0.01087470299898996,70000.0,2900.0
12,89,8,known,3,100.0,300.0,150.0,3300.084157999231,3282.053687242706,344.4982495369926,1937.170018694545,1925.1219660203953,215.7153153459244,1.0,0.0,28.0,0.0,inf,31.919832536667577,0.017191967999679036,70000.0,2900.0
12,90,8,known,3,100.0,300.0,150.0,2668.063062665104,2661.0990950557402,192.6450431529888,1783.993060905829,1780.4508905117734,112.3648870242909,1.0,0.0,28.0,0.0,inf,61.60957785348757,0.011755571998946834,70000.0,2900.0
12,91,8,known,3,100.0,300.0,150.0,1884.2439784296816,1778.1054317142082,623.4712855913606,1504.8354159260218,1420.3430370725157,497.14714729631686,1.0,0.0,25.0,0.0,inf,45.73990991153982,0.012680482002906501,70000.0,2900.0
12,92,8,known,3,100.0,300.0,150.0,5732.729031345917,5714.511088408523,456.66745810526413,3931.4953430429564,3917.615867733483,330.06294134798566,1.0,0.0,29.0,0.0,inf,29.062735555010747,0.016350986999896122,70000.0,2900.0
12,93,8,known,3,100.0,300.0,150.0,3406.5386699059377,3403.1620800294963,151.63629715152763,2071.406327081625,2066.050067584531,148.8666856880435,1.0,0.0,29.0,0.0,inf,70.01969923226686,0.010351191998779541,70000.0,2900.0
12,94,8,known,3,100.0,300.0,150.0,1314.4617152615579,1280.9603897473658,294.8729909412416,848.1577545186798,802.6888248305673,273.97486571269974,1.0,0.0,29.0,0.0,inf,51.461552612966024,0.01360079200094333,70000.0,2900.0
12,95,8,known,3,100.0,300.0,150.0,1340.4943655160894,1325.4495802670153,200.27120150030504,902.1511380081696,882.9043634388261,185.35522876389814,1.0,0.0,28.0,0.0,inf,65.47432352240155,0.01374039100119262,70000.0,2900.0
12,96,8,known,3,100.0,300.0,150.0,4142.105549348443,4135.624846340306,231.61500874486046,2857.103133247897,2848.7295603828547,218.5822632691326,1.0,0.0,26.0,0.0,inf,37.476969369772,0.01189418099966133,70000.0,2900.0
12,97,8,known,3,100.0,300.0,150.0,4720.562173244989,4456.419189077076,1556.9313545230796,2841.8840079973183,2749.3951882763313,719.1180804248075,1.0,0.0,27.0,0.0,inf,29.384558945202198,0.010560439997789217,70000.0,2900.0
12,98,8,known,3,100.0,300.0,150.0,3822.9403207704017,3820.9680180056453,122.7847773549815,2441.1676896714544,2440.150116037922,70.47765813350061,1.0,0.0,29.0,0.0,inf,42.6022034660076,0.011348883002938237,70000.0,2900.0
12,99,8,known,3,100.0,300.0,150.0,2947.348997139537,2943.966489601734,141.16451055940558,2487.10664969002,2484.405458081329,115.88359153917723,1.0,0.0,23.0,0.0,inf,38.525866515062425,0.009629742002289277,70000.0,2900.0
13,0,8,known,3,100.0,300.0,150.0,829.277640770134,78.91929748260445,825.5138702445475,751.3500133600343,51.30441157330126,749.5963580015855,1.0,1.0,30.0,0.35249147294416017,426586.42743718525,28.13625202726808,0.012640152999665588,110000.0,2900.0
13,1,8,known,3,100.0,300.0,150.0,1278.4631993915923,149.9522642699559,1269.638716579996,1016.1039278621927,98.36544437131163,1011.3315141785165,0.0,1.0,2000.0,120.94032503897438,1241.7221961639998,79.87802271239829,1.5098140910013171,110000.0,2900.0
13,2,8,known,3,100.0,300.0,150.0,3461.04870755515,212.46483881241855,3454.5212183944664,1931.3744953908927,83.56281021881439,1929.5659351768106,1.0,1.0,304.0,6.114335075091088,24544.707139075228,59.77391871142078,0.2532085749990074,110000.0,2900.0
13,3,8,known,3,100.0,300.0,150.0,2927.5508481842703,150.42501125419594,2923.683684103603,1833.6120165769412,67.84888061041242,1832.3562854246634,1.0,1.0,36.0,598.9654402650558,250.56006601146441,43.60006987564955,0.01602921900121146,110000.0,2900.0
13,4,8,known,3,100.0,300.0,150.0,2029.211628050423,126.98864716528614,2025.2342370467125,1517.461381871389,74.18368837093209,1515.6469990900616,1.0,1.0,107.0,12.486064632028421,11914.595407218048,77.95157742107423,0.06817851100277039,110000.0,2900.0
13,5,8,known,3,100.0,300.0,150.0,1911.3762474357866,131.12416312158783,1906.873255648464,440.7983886158485,104.61967576866661,428.2031560467387,1.0,1.0,154.0,0.7488251681136698,201071.85149526197,67.06897171700851,0.09607395900093252,110000.0,2900.0
13,6,8,known,3,100.0,300.0,150.0,2363.9159729800485,227.96394187560995,2352.8984611569504,1626.1659079530336,143.77866160341574,1619.7972887544433,1.0,1.0,52.0,23.92499583466598,6283.854824823372,19.563310094088955,0.03833831399970222,110000.0,2900.0
13,7,8,known,3,100.0,300.0,150.0,1801.908849276646,41.808704789471136,1801.4237517323104,410.7710380896072,45.61150750432051,408.2308612983551,1.0,1.0,121.0,0.7612169308894079,196854.7179353283,65.56075953068031,0.07861882599900127,110000.0,2900.0
13,8,8,known,3,100.0,300.0,150.0,4573.677314539208,461.50158466208273,4550.334104753734,2249.38700397475,167.64397667154483,2243.1311577204424,1.0,1.0,178.0,723.9702927101114,206.2444768519661,85.51294611340886,0.11951507699996,110000.0,2900.0
13,9,8,known,3,100.0,300.0,150.0,2986.6470853574006,134.33286232610754,2983.6245565709387,1785.8752732446687,85.32908432881416,1783.835597512934,1.0,1.0,42.0,74.3910626844525,2028.680187946517,60.10821883106686,0.023521797000285005,110000.0,2900.0
13,10,8,known,3,100.0,300.0,150.0,4580.560762115232,357.99832653154385,4566.549473467937,2676.008570882229,145.36303709899258,2672.0575328537566,1.0,1.0,397.0,11.684670103976567,12855.946204629436,49.114329976935,0.27179017099842895,110000.0,2900.0
13,11,8,known,3,100.0,300.0,150.0,1719.4539573940526,219.53983776543916,1705.3809460739244,1229.2712286717933,121.20772954606052,1223.2810142966127,1.0,1.0,250.0,0.8813595432947795,170543.43091454805,63.26598359694148,0.1727844909983105,110000.0,2900.0
13,12,8,known,3,100.0,300.0,150.0,5461.030711679173,435.41092058130033,5443.645264355648,1423.9399168412044,133.02457130727865,1417.7127177966101,1.0,1.0,50.0,607.4163888024834,246.90165954931638,65.19095576237767,0.027648112998576835,110000.0,2900.0
13,13,8,known,3,100.0,300.0,150.0,1764.9678444009357,115.18173051003946,1761.205456704583,1541.9058917576253,94.13505758037074,1539.0296845646671,1.0,1.0,37.0,0.14637161210706018,1017526.1732454117,42.27829059616291,0.017901613002322847,110000.0,2900.0
13,14,8,known,3,100.0,300.0,150.0,4398.7162762609505,292.02049643574827,4389.012293068274,1429.342600887586,97.6279872303298,1426.004574614487,1.0,1.0,15.0,544.8396448683866,276.5592413493545,34.19027652692764,0.008275045998743735,110000.0,2900.0
13,15,8,known,3,100.0,300.0,150.0,2261.6170377788817,150.25913341234713,2256.6199986701113,1683.3921147979825,96.9897776288697,1680.5957262826555,1.0,1.0,133.0,7.868446255215408,18993.835960911852,60.583182519534056,0.08122296500005177,110000.0,2900.0
13,16,8,known,3,100.0,300.0,150.0,1934.3001210053626,115.0855047586163,1930.873451243197,1398.8180292954553,88.31190103325393,1396.0275381302167,1.0,1.0,33.0,4.729587105478422,31644.423103143206,34.0736956313809,0.013504752998414915,110000.0,2900.0
13,17,8,known,3,100.0,300.0,150.0,597.0844520863282,72.73400127139841,592.637838804006,500.44613403619263,64.25573605426112,496.3038720944014,1.0,1.0,165.0,1.6804323936115033,89249.53625437863,69.52387839068963,0.09622031299659284,110000.0,2900.0
13,18,8,known,3,100.0,300.0,150.0,2174.850940117969,147.71573126055534,2169.8287200768114,1156.479939648734,91.47723834672264,1152.8563508409866,1.0,1.0,70.0,1.1895274503860334,126129.72175375439,71.59224614703339,0.04094476799946278,110000.0,2900.0
13,19,8,known,3,100.0,300.0,150.0,3406.4298752076866,165.22905539431997,3402.420293550013,1369.3296431109602,85.20808521974804,1366.6759870999322,1.0,1.0,39.0,471.389044987175,319.27857980914507,82.97250258204755,0.015958380998199573,110000.0,2900.0
13,20,8,known,3,100.0,300.0,150.0,5553.362212712251,454.91895416298894,5534.697878902114,2761.9098768089416,176.8934215052845,2756.2392648394907,1.0,1.0,46.0,589.4538652758139,254.66689503666035,53.00298855339436,0.02187087900165352,110000.0,2900.0
13,21,8,known,3,100.0,300.0,150.0,1166.444295932879,60.260667194808185,1164.8866672357385,958.5387079827506,56.41361780155484,956.8771908807216,1.0,1.0,33.0,0.33891041210826905,440943.289461242,27.667772247669202,0.014156157998513663,110000.0,2900.0
13,22,8,known,3,100.0,300.0,150.0,4722.78199385332,376.4575229524945,4707.754188026135,1604.1464629643367,144.22024733936863,1597.6502730254713,1.0,1.0,133.0,758.289838957887,198.2627510945085,94.49703120778914,0.07756262499970035,110000.0,2900.0
13,23,8,known,3,100.0,300.0,150.0,1385.904405707314,93.00720287599829,1382.7800555302083,1248.0983212311548,92.83067164191593,1244.6412679413042,1.0,1.0,91.0,11.42750603598431,13015.103261874594,81.38393142603887,0.0460950380002032,110000.0,2900.0
13,24,8,known,3,100.0,300.0,150.0,2311.8168862510806,132.45028156148197,2308.0195489791518,1202.2690134720713,78.958191918824,1199.6734491869101,1.0,1.0,45.0,8.601423808607832,17326.053977485746,31.63185048814929,0.026469279000593815,110000.0,2900.0
13,25,8,known,3,100.0,300.0,150.0,2469.922222469545,196.7273741736041,2462.0751664601253,2010.41224850156,147.37985251497727,2005.0028897729205,1.0,1.0,409.0,0.2673323525393047,558518.617212342,70.47711895389749,0.27215294300185633,110000.0,2900.0
13,26,8,known,3,100.0,300.0,150.0,2975.487158305112,212.71859728435706,2967.873755335291,2211.504056311522,146.0095955319283,2206.6788142126434,1.0,1.0,137.0,13.073035153404902,11546.644498684163,76.26313895793986,0.08381807899786509,110000.0,2900.0
13,27,8,known,3,100.0,300.0,150.0,1533.3536131298777,91.92708997364583,1530.595541946803,894.9346752583473,76.95152824667619,891.620174334489,1.0,1.0,89.0,304.265883215364,493.0660960964029,48.026317336127505,0.049050626999814995,110000.0,2900.0
13,28,8,known,3,100.0,300.0,150.0,2057.7940418268295,63.73691163549304,2056.806730024279,905.8878361089915,61.45630932189876,903.8008041901501,1.0,1.0,290.0,0.0892554237134281,1679292.3715744037,71.12611944436965,0.21253917099966202,110000.0,2900.0
13,29,8,known,3,100.0,300.0,150.0,2456.3199328675532,144.01957229845422,2452.0942019827526,2122.121457843815,107.36620462841049,2119.4036849889753,1.0,1.0,268.0,155.9319385269501,964.0699587831908,71.41564371075411,0.15708051700130454,110000.0,2900.0
13,30,8,known,3,100.0,300.0,150.0,4595.312434017783,248.190722950246,4588.605205427884,1617.1768705868283,93.44995833367216,1614.4745696505854,1.0,1.0,36.0,312.5025178405378,480.64412475434204,64.1435630262414,0.02189869100038777,110000.0,2900.0
13,31,8,known,3,100.0,300.0,150.0,1317.7372188046809,107.41283927871314,1313.3521461440494,1084.8917647227538,67.06147309177061,1082.8171129004256,1.0,1.0,72.0,156.44025658845987,951.5389929565815,79.46353863281807,0.035822281999571715,110000.0,2900.0
13,32,8,known,3,100.0,300.0,150.0,1019.7082478533625,125.96512022306356,1011.8980676072881,892.0825567054317,78.37132390094044,888.63334596903,1.0,1.0,36.0,2.30077969159515,64984.23278551448,65.71009293385768,0.021582891000434756,110000.0,2900.0
13,33,8,known,3,100.0,300.0,150.0,1002.3408763393796,53.63379209232806,1000.904914927783,960.1609380579355,49.09495156386101,958.904954989407,1.0,1.0,34.0,0.0608774976296682,2478279.319392727,41.00494615440224,0.015009243001259165,110000.0,2900.0
13,34,8,known,3,100.0,300.0,150.0,2930.5972425699356,209.35226788647017,2923.1099579196984,784.3429759370803,101.89982719416963,777.6955246879293,1.0,1.0,112.0,48.824176361425955,3045.9813315064403,56.842485609985324,0.061257696001121076,110000.0,2900.0
13,35,8,known,3,100.0,300.0,150.0,2372.712751276911,167.60382539962353,2366.78574395391,1831.55183944907,117.95281176283358,1827.7497845127798,1.0,1.0,147.0,1.581086647087096,95077.80462676786,77.8728975830264,0.082598559998587,110000.0,2900.0
13,36,8,known,3,100.0,300.0,150.0,3282.940538120609,223.31016859093208,3275.336798779558,1803.4166384816658,98.62096046308498,1800.7180451447277,1.0,1.0,48.0,30.386932667520142,4953.413568603527,66.93493635947074,0.028265970999200363,110000.0,2900.0
13,37,8,known,3,100.0,300.0,150.0,2081.375670437444,269.03720113760903,2063.914645980536,1660.347333639025,161.67991364530593,1652.4566178408033,1.0,1.0,473.0,2.826941691652606,53298.821485113076,45.85186564146622,0.33704763800051296,110000.0,2900.0
13,38,8,known,3,100.0,300.0,150.0,2147.137981972648,50.0421545510935,2146.5547503843127,1526.427482341171,58.46944837316175,1525.3072419854777,1.0,1.0,270.0,6.7427916441595315,22195.766270124303,67.20190534944277,0.19887145699976827,110000.0,2900.0
13,39,8,known,3,100.0,300.0,150.0,1867.7614516834724,142.86317344496518,1862.2897073409351,1657.0715039035142,83.6520126636541,1654.958703359807,1.0,1.0,88.0,0.8205211004500594,182646.81725268613,65.03245015912174,0.05395429799682461,110000.0,2900.0
13,40,8,known,3,100.0,300.0,150.0,1063.8398530815393,102.52598045389877,1058.8879337949404,666.4459341260568,87.1387466271408,660.7246188461601,1.0,1.0,1256.0,277.06861016059696,542.2501326562449,65.77234281491022,0.8585793470010685,110000.0,2900.0
13,41,8,known,3,100.0,300.0,150.0,2301.120524473397,181.4691022502365,2293.953930025887,1738.5506314982506,117.81793995575899,1734.5538997988929,1.0,1.0,239.0,82.2242820313476,1813.1214208274796,43.418070951575544,0.16584147500179824,110000.0,2900.0
13,42,8,known,3,100.0,300.0,150.0,1136.0553489553201,143.98880212195164,1126.8935090564146,1068.0223044111565,72.44877655592221,1065.5622072386327,1.0,1.0,39.0,2.662552998218817,56119.71349857026,51.116999835356125,0.01418617799936328,110000.0,2900.0
13,43,8,known,3,100.0,300.0,150.0,2267.2004630972106,167.1857977924331,2261.0278301880126,1715.8284469060075,99.74920923390383,1712.9265467232074,1.0,1.0,39.0,0.24162587873214902,623404.4432920531,90.791774604654,0.016899497000849806,110000.0,2900.0
13,44,8,known,3,100.0,300.0,150.0,6207.017499436599,494.7788674538968,6187.265964109933,2453.5746551710063,160.30741677660762,2448.332109952393,1.0,1.0,129.0,759.4962389420957,196.07981450725052,107.38115425889575,0.08132695400126977,110000.0,2900.0
13,45,8,known,3,100.0,300.0,150.0,3579.8929811132093,226.65109189773477,3572.7108809369374,1953.5683384526844,105.67372010938469,1950.708158050052,1.0,1.0,76.0,437.57468825601944,342.0958191568161,64.1629161501613,0.04148201399948448,110000.0,2900.0
13,46,8,known,3,100.0,300.0,150.0,2790.721847678209,70.68448976061701,2789.8265419225904,931.9214835358009,64.24492054390777,929.704384016702,1.0,1.0,21.0,852.1924168569986,174.57771568911977,56.03606747385468,0.007872300997405546,110000.0,2900.0
13,47,8,known,3,100.0,300.0,150.0,1508.4985521474835,198.16169649324755,1495.4263017193364,621.0555685198419,87.58553618711352,614.8485935905846,1.0,1.0,91.0,1.2051740572752845,123506.90790054352,77.6838723268923,0.047900916997605236,110000.0,2900.0
13,48,8,known,3,100.0,300.0,150.0,1444.2594591291277,64.53699500196865,1442.816814969966,1093.0053726124127,44.830144417429246,1092.085620595341,1.0,1.0,35.0,4.931674764597072,30333.33193164976,47.97509945766039,0.019383106999157462,110000.0,2900.0
13,49,8,known,3,100.0,300.0,150.0,1634.7142858766272,163.4217094253671,1626.5251739022124,1150.9756072014513,115.04599318149984,1145.211451141505,1.0,1.0,42.0,18.684184337842947,8033.271222950939,40.01573727897268,0.02199664999716333,110000.0,2900.0
13,50,8,known,3,100.0,300.0,150.0,1739.3383705985514,144.24786543161815,1733.34662452576,1096.1730248715837,102.15633114884555,1091.4024850907776,1.0,1.0,135.0,189.69385343924876,794.8959402647688,60.08222546029593,0.078196187998401,110000.0,2900.0
13,51,8,known,3,100.0,300.0,150.0,4000.568631478894,285.3517290631617,3990.378900041145,2147.7633211395923,98.64106416421134,2145.4969643635304,1.0,1.0,1712.0,140.58935936849153,1071.1791962219538,70.3414286767551,1.2252804140007356,110000.0,2900.0
13,52,8,known,3,100.0,300.0,150.0,4640.160024192459,340.6156253787107,4627.641520889623,2635.0553425351472,138.49909045139074,2631.4130538870477,1.0,1.0,377.0,53.09467250061887,2837.867857231001,61.32096224499323,0.25756045500020264,110000.0,2900.0
13,53,8,known,3,100.0,300.0,150.0,3158.882207122343,219.90726480384345,3151.2184299665137,1786.4119133684185,116.8649898328133,1782.5852289234283,1.0,1.0,97.0,1.4995491103096812,99959.08811965585,64.33681363894777,0.053677719999541296,110000.0,2900.0
13,54,8,known,3,100.0,300.0,150.0,1246.2946301291988,127.57522250989668,1239.7479048945504,997.511057098568,93.5115436379614,993.11827102332,1.0,1.0,166.0,2.85614457867998,52208.499261053796,72.55537978364312,0.10451876200022525,110000.0,2900.0
13,55,8,known,3,100.0,300.0,150.0,3782.0184940021854,222.80524778487094,3775.4498686294437,1982.6833514217576,129.61074423483404,1978.4423992079996,1.0,1.0,47.0,81.79478234412178,1832.8147856821784,47.063159074404524,0.025436666001041885,110000.0,2900.0
13,56,8,known,3,100.0,300.0,150.0,589.3419030082524,114.85172773605427,578.0423507645713,259.655353992183,57.9733306235209,253.10076213481025,0.0,1.0,2000.0,59.45314965607456,2534.1924568926656,70.99811217373542,1.388681127999007,110000.0,2900.0
13,57,8,known,3,100.0,300.0,150.0,1208.7605890479567,196.79661827856276,1192.632907758999,1169.6396675023298,135.8979500992196,1161.717994589819,1.0,1.0,98.0,27.550203630136703,5399.174468873274,83.61072820476501,0.08295310900211916,110000.0,2900.0
13,58,8,known,3,100.0,300.0,150.0,1438.2978255741493,109.52234353652388,1434.1218537201062,756.5424228001777,93.34521955266901,750.7616848794476,1.0,1.0,312.0,0.05812009268417791,2572708.2785911756,45.1896924983923,0.23065702700114343,110000.0,2900.0
13,59,8,known,3,100.0,300.0,150.0,4221.910497888409,341.39545093913586,4208.084766049564,1416.807818986574,145.09962798930275,1409.358185096627,1.0,1.0,109.0,794.3212216852638,188.23297724334196,80.91442518777843,0.06860916500227177,110000.0,2900.0
13,60,8,known,3,100.0,300.0,150.0,1654.7764788287695,249.177265832073,1635.9082752640484,1366.1537177791001,158.49399764842389,1356.9287502706538,1.0,1.0,67.0,0.19159772058745964,781233.3443116223,72.20057678287124,0.03768535600102041,110000.0,2900.0
13,61,8,known,3,100.0,300.0,150.0,2156.4267381339996,66.99995397719465,2155.3856460286393,1343.0202485081452,70.61037628779842,1341.1627651643835,1.0,1.0,463.0,275.9781084513046,545.434315713668,59.543508862938275,0.3485161059979873,110000.0,2900.0
13,62,8,known,3,100.0,300.0,150.0,7053.140406925215,694.0625202947493,7018.907808037037,2213.516644563552,228.57945287375097,2201.6828494321844,1.0,1.0,82.0,710.7764255451958,211.13232997089713,32.7189773750425,0.05486413799735601,110000.0,2900.0
13,63,8,known,3,100.0,300.0,150.0,2076.941658044986,220.18658321031725,2065.2371581725965,1392.2516927242407,138.99333228263924,1385.2962244496593,1.0,1.0,73.0,156.37846871247098,955.0321788037817,80.96013342837699,0.04845164200014551,110000.0,2900.0
13,64,8,known,3,100.0,300.0,150.0,1457.6753246145931,89.55202966276477,1454.9219174833881,756.3955434555197,78.01644162382573,752.3613845724187,1.0,1.0,111.0,0.9368144523431344,159896.2713277233,58.97021390244726,0.06069582200143486,110000.0,2900.0
13,65,8,known,3,100.0,300.0,150.0,1410.1383022424536,114.29252549260414,1405.4989327878382,485.4367443126614,86.37845564561819,477.68985244523896,1.0,1.0,1817.0,1.1396419208125421,131838.94892403265,53.149786379733776,1.2900180920005369,110000.0,2900.0
13,66,8,known,3,100.0,300.0,150.0,4804.75505440066,327.1886603338197,4793.60185177468,2191.084838516321,120.04606803048007,2187.793799956137,1.0,1.0,124.0,228.24883147707845,660.5419860041242,62.35513022438609,0.10400845100230072,110000.0,2900.0
13,67,8,known,3,100.0,300.0,150.0,2116.10156699357,92.38452675399611,2114.0839484393905,1347.56953534748,46.783344084715075,1346.7572057772234,1.0,1.0,158.0,273.55403677862796,543.2406666574944,66.31448112946265,0.15554225699816016,110000.0,2900.0
13,68,8,known,3,100.0,300.0,150.0,2896.7142780745144,207.34230684244827,2889.2841287408905,712.3042489622495,100.83491138462853,705.1309550258933,1.0,1.0,207.0,43.18041655416859,3511.9537582486737,64.7921735656028,0.11881843399896752,110000.0,2900.0
13,69,8,known,3,100.0,300.0,150.0,2134.371098821649,150.6134750547955,2129.0503912817685,1859.353321756543,109.9373807914432,1856.1003602800704,1.0,1.0,35.0,10.847582976014637,13687.730703614277,53.62018504936249,0.01267206000193255,110000.0,2900.0
13,70,8,known,3,100.0,300.0,150.0,4478.647284091274,311.0658313709457,4467.831637813991,2244.7321782595927,146.55145077406502,2239.943129722287,1.0,1.0,72.0,200.35323059551456,745.0649983145217,52.30193262100529,0.03782342500198865,110000.0,2900.0
13,71,8,known,3,100.0,300.0,150.0,1706.2592286128838,80.27571784047612,1704.369785097069,400.39482661003177,67.11285975773525,394.7301372218949,1.0,1.0,163.0,0.011214103177095872,13363468.498222379,81.25217873473265,0.10855095499937306,110000.0,2900.0
13,72,8,known,3,100.0,300.0,150.0,2763.5942726885637,172.25056860208818,2758.2209928961984,1740.9317612218244,131.30392491355502,1735.9731209132296,1.0,1.0,48.0,0.15300881357440935,980981.6693425073,59.026050357394105,0.02112612299970351,110000.0,2900.0
13,73,8,known,3,100.0,300.0,150.0,3298.2948134370567,222.77800784942124,3290.7626221841697,2019.336560073501,119.37653627181817,2015.804897661781,1.0,1.0,233.0,863.5904027738173,173.48059967375468,49.65417220556241,0.17185884500213433,110000.0,2900.0
13,74,8,known,3,100.0,300.0,150.0,3334.405132804625,271.7302271941929,3323.3146515644316,2459.7556708440234,199.24921601678608,2451.6724312530064,1.0,1.0,133.0,2.207143674759435,68605.59135177248,49.386444485866676,0.07413147699844558,110000.0,2900.0
13,75,8,known,3,100.0,300.0,150.0,1332.4407455423857,71.31744773092818,1330.5307820680796,997.1281773407896,56.943375299168935,995.500906105315,1.0,1.0,762.0,160.99071015015073,931.2495159296773,43.57490672134764,0.5445863839995582,110000.0,2900.0
13,76,8,known,3,100.0,300.0,150.0,1803.8441885603183,139.2878465561459,1798.4584377751366,435.64352544274004,99.83393766558784,424.05007505053317,0.0,1.0,2000.0,0.007712332933080049,19440446.624703072,73.36908177221203,1.353074860999186,110000.0,2900.0
13,77,8,known,3,100.0,300.0,150.0,2502.721249936452,157.89647568337756,2497.735445929021,1758.2369521277515,106.73908517566909,1754.9940021331543,1.0,1.0,1148.0,214.7119356835474,699.0858029223097,62.728428100518435,0.8377858389976609,110000.0,2900.0
13,78,8,known,3,100.0,300.0,150.0,1606.3332212460064,170.49243501945895,1597.2597619923024,1168.7384820756283,96.84315539761224,1164.7192978297724,1.0,1.0,49.0,2.8756166454574186,52382.71369532819,87.96216411574828,0.025327008002932416,110000.0,2900.0
13,79,8,known,3,100.0,300.0,150.0,1487.2213020836746,47.45322946015629,1486.4640568763384,431.239816011682,48.92479888245436,428.455532077835,1.0,1.0,672.0,1.2659041824895652,118664.58216612486,56.22932813954145,0.4379578619991662,110000.0,2900.0
13,80,8,known,3,100.0,300.0,150.0,1711.2993968600065,179.0605313755469,1701.9056824033842,1304.616884701316,120.32085123670495,1299.0566225555533,1.0,1.0,451.0,541.3607805056695,275.69197410881185,80.07097751664416,0.3530109050007013,110000.0,2900.0
13,81,8,known,3,100.0,300.0,150.0,1682.082162932734,129.45218766693455,1677.0934780043447,1134.5028971654126,96.90793959538208,1130.3564371118043,1.0,1.0,29.0,6.0536379666803874,24716.14463626195,93.18171676691811,0.016008628001145553,110000.0,2900.0
13,82,8,known,3,100.0,300.0,150.0,2238.4607458116993,194.52029346273366,2229.992907157115,1714.8678817231053,123.01417000049365,1710.4500477197748,1.0,1.0,44.0,0.4037306619478778,372288.92471410247,70.1045670155474,0.029948546001833165,110000.0,2900.0
13,83,8,known,3,100.0,300.0,150.0,2196.574001396006,174.83441775663513,2189.6050488561996,1677.6723467470938,113.3078524346559,1673.8416393484024,1.0,1.0,836.0,80.34770278966161,1855.6906129526922,74.13878441666925,0.6165399860001344,110000.0,2900.0
13,84,8,known,3,100.0,300.0,150.0,1910.466022740196,133.85173668295323,1905.771270806573,1692.4814233609213,108.34487422277715,1689.009993058496,1.0,1.0,125.0,2.925563359088196,51172.86708187992,71.90883261419866,0.08248231000106898,110000.0,2900.0
13,85,8,known,3,100.0,300.0,150.0,2741.346756824245,180.42593745406307,2735.402808042104,1614.7381354728166,99.19895498849515,1611.688187423181,1.0,1.0,134.0,4.124619796440612,36371.11395057343,53.58390355017534,0.09215292000226327,110000.0,2900.0
13,86,8,known,3,100.0,300.0,150.0,2398.7054974496937,103.35877165237534,2396.4776293172226,1541.0680542185657,86.54861654775634,1538.635786892618,1.0,1.0,101.0,603.5502922763272,248.66057653574552,66.24915502611567,0.11743641200155253,110000.0,2900.0
13,87,8,known,3,100.0,300.0,150.0,3142.7161630685205,135.2291169465354,3139.8054028143183,1164.1072973975768,70.14415213060485,1161.9920816323013,1.0,1.0,439.0,18.32928332941809,8216.037804803189,87.5273398718456,0.27785483099796693,110000.0,2900.0
13,88,8,known,3,100.0,300.0,150.0,3462.91832466181,177.72205205046336,3458.354839442235,815.967189803508,60.870129550036474,813.6936045984359,1.0,1.0,175.0,211.1611325651899,710.510166529734,80.56603375143779,0.12214794899773551,110000.0,2900.0
13,89,8,known,3,100.0,300.0,150.0,1762.9738393062903,79.94580757295314,1761.1602499289695,1322.8710005575606,56.71594622758643,1321.6546392910939,1.0,1.0,182.0,20.796413433569384,7236.941603311423,54.37139655463487,0.10728242500044871,110000.0,2900.0
13,90,8,known,3,100.0,300.0,150.0,1946.7228451779424,174.34626560495454,1938.900001446003,1738.689513342957,129.8455631318495,1733.8342924119772,1.0,1.0,220.0,27.74361808416818,5371.643298251395,44.77424842405429,0.1383335540012922,110000.0,2900.0
13,91,8,known,3,100.0,300.0,150.0,1070.0946195937008,77.74408429683227,1067.2667671394224,779.6650537100526,54.11650750905162,777.7846743101345,1.0,1.0,363.0,17.7277560082086,8453.971962243608,87.41798983119064,0.23530400599702261,110000.0,2900.0
13,92,8,known,3,100.0,300.0,150.0,3695.467552472162,324.1935851535685,3681.219763980394,2367.7593650742356,155.5560996236416,2362.6440084715737,1.0,1.0,71.0,2.080770084435424,71652.90266965826,43.195548975884726,0.04559784899902297,110000.0,2900.0
13,93,8,known,3,100.0,300.0,150.0,1097.9057141087794,92.01678852322931,1094.0429003026254,460.4247211907979,77.32256152412393,453.885608235128,1.0,1.0,34.0,0.005803323591563706,25973160.62253001,57.24718680267765,0.019979579003120307,110000.0,2900.0
13,94,8,known,3,100.0,300.0,150.0,2517.122944569953,169.0929720526433,2511.4369362743146,1492.7890674440578,98.93069936827116,1489.507273095034,1.0,1.0,325.0,5.775949749491701,25817.81623829132,79.48359770968398,0.19243767699663294,110000.0,2900.0
13,95,8,known,3,100.0,300.0,150.0,5931.938431915642,455.21273895615843,5914.446290425659,1726.342731161397,155.53034907912968,1719.3224060510338,1.0,1.0,120.0,467.5049354715018,321.9262623742567,36.136927431469246,0.08695066699874587,110000.0,2900.0
13,96,8,known,3,100.0,300.0,150.0,1608.1812533321913,69.30815314408363,1606.6870645763145,878.6497079252221,46.471477344692175,877.4199171608084,1.0,1.0,353.0,0.8539988804403983,174955.25657351696,38.66551909713276,0.2234089860030508,110000.0,2900.0
13,97,8,known,3,100.0,300.0,150.0,2642.221235422771,141.46790703550437,2638.4313309612644,1735.8093416576319,102.30104125882593,1732.7921305059247,1.0,1.0,58.0,1.7175363925354887,86857.67219999888,82.73885003368342,0.03167802800089703,110000.0,2900.0
13,98,8,known,3,100.0,300.0,150.0,2410.9571770277244,321.04043863424147,2389.4868792740895,2090.2079591205375,214.39859796649816,2079.1831457475896,1.0,1.0,42.0,0.23331712771147187,643747.1560523537,67.29000552393,0.020838526001170976,110000.0,2900.0
13,99,8,known,3,100.0,300.0,150.0,6758.5728208086,618.5055264935314,6730.212291441458,2366.656742499631,186.6655157288215,2359.2838154950023,1.0,1.0,68.0,728.8809590910292,206.22780547589045,65.78056255732248,0.05112686299980851,110000.0,2900.0
14,0,8,known,3,100.0,300.0,150.0,1715.0936864093771,130.37350455991924,1710.1313114699913,974.0717365425895,70.20383458048542,971.538557928244,1.0,1.0,82.0,1893.6735968761307,133.6108704439418,77.46128592511914,0.07049425899822381,150000.0,2900.0
14,1,8,known,3,100.0,300.0,150.0,2833.917519946956,155.99074787948666,2829.6210694081115,1031.6576338918821,82.08442708392427,1028.3869020936143,1.0,1.0,60.0,2652.884376424936,95.23045118247633,71.66839505510274,0.04340238800068619,150000.0,2900.0
14,2,8,known,3,100.0,300.0,150.0,1012.000067563103,132.0509278754523,1003.3477409128687,846.223343592776,73.15008552049589,843.0557586717985,1.0,1.0,108.0,971.5084092849567,260.37496214234153,61.42432814727352,0.06907088200023281,150000.0,2900.0
14,3,8,known,3,100.0,300.0,150.0,1069.269162758986,54.42173736901402,1067.8833348868409,1005.6878006501169,39.34261161036236,1004.9179624666609,1.0,1.0,36.0,1268.4200132029089,198.96478532809252,77.6686989390059,0.02597858700028155,150000.0,2900.0
14,4,8,known,3,100.0,300.0,150.0,1725.730746844996,92.17830475150873,1723.2671791510813,1296.5349857143126,62.69573204305334,1295.0182293561734,1.0,1.0,34.0,1589.2759716237204,158.6152291143015,64.88679304948427,0.02528949699990335,150000.0,2900.0
14,5,8,known,3,100.0,300.0,150.0,1341.9760881561633,111.68770134054603,1337.3203350552117,645.7866181343497,66.61789382137695,642.3413519182805,1.0,1.0,61.0,1730.4769515678545,145.90190559188107,95.49735653384487,0.0356596929996158,150000.0,2900.0
14,6,8,known,3,100.0,300.0,150.0,2030.159503210746,68.03988242941558,2029.0190198408427,997.2241669988957,41.2666768648624,996.369961724646,1.0,1.0,33.0,2145.8390451928703,117.76656563155551,38.26234527246017,0.0181895239984442,150000.0,2900.0
14,7,8,known,3,100.0,300.0,150.0,2382.0411113595114,83.62680673935454,2380.5727070185094,844.8684742705702,30.86789770962931,844.3043951723034,1.0,1.0,72.0,2343.983771573773,107.75439457260927,58.57439034988992,0.07124576000205707,150000.0,2900.0
14,8,8,known,3,100.0,300.0,150.0,2131.9519324311036,99.56908476928128,2129.625563228176,811.5577180923242,37.780242852056645,810.677854048857,1.0,1.0,43.0,2328.9214767648464,108.84371265169426,94.62535035823912,0.021087009001348633,150000.0,2900.0
14,9,8,known,3,100.0,300.0,150.0,1749.5904922596494,71.66784105672204,1748.1220241057636,1172.172089942607,54.462362797957034,1170.9061702283761,1.0,1.0,53.0,1862.797132874814,135.56074067992242,67.09988430866697,0.03362524600015604,150000.0,2900.0
14,10,8,known,3,100.0,300.0,150.0,3274.0606259377587,123.98212361356033,3271.712306322214,987.1603540304227,54.1431907721263,985.67442873521,1.0,1.0,65.0,986.7212679378906,256.84922128561135,78.53929637475564,0.035607864996563876,150000.0,2900.0
14,11,8,known,3,100.0,300.0,150.0,2730.984494605569,86.60386450188484,2729.6109760237587,1012.425546379276,45.14613611882747,1011.4184659946228,1.0,1.0,37.0,885.8811704183661,284.16409794938244,67.61029762698595,0.024970646998554002,150000.0,2900.0
14,12,8,known,3,100.0,300.0,150.0,1143.9030325096016,48.188664966590984,1142.8875711781102,687.8120348759184,40.47418874659028,686.6201536260473,1.0,1.0,48.0,1642.383916525961,153.83123052672417,75.8445424270379,0.03209536299982574,150000.0,2900.0
14,13,8,known,3,100.0,300.0,150.0,4830.895931368656,232.3851998108861,4825.303370631021,1346.4023065646304,44.13353225469186,1345.6787887357373,1.0,1.0,72.0,1900.8954354383227,132.45977751210305,75.16465041784281,0.05128614299974288,150000.0,2900.0
14,14,8,known,3,100.0,300.0,150.0,1871.019268510613,51.69393821242883,1870.3050125287264,904.0913020153274,33.80450682536022,903.459095752577,1.0,1.0,36.0,1981.8930656896903,127.48119237941341,77.85741556809236,0.022920900002645794,150000.0,2900.0
14,15,8,known,3,100.0,300.0,150.0,1542.5030420944229,45.01664033606362,1541.8460159702724,1008.925275086696,38.28808109623475,1008.1985090024352,1.0,1.0,36.0,1174.6326750490202,214.57182037989213,58.97335923341771,0.017458327998610912,150000.0,2900.0
14,16,8,known,3,100.0,300.0,150.0,3424.6457783932156,166.5304626703397,3420.5944384666936,1188.5968627808495,51.47405793885306,1187.4817571532565,1.0,1.0,30.0,3055.5708483404405,82.48194088237229,50.6438524153837,0.017583647000719793,150000.0,2900.0
14,17,8,known,3,100.0,300.0,150.0,1947.8494060048693,60.41801072098018,1946.9121635179235,570.2299111962701,46.1279550060163,568.361120582565,1.0,1.0,51.0,2194.035764007377,115.27779395125526,70.7875399184952,0.027435367002908606,150000.0,2900.0
14,18,8,known,3,100.0,300.0,150.0,1716.6631125078654,97.04266622342459,1713.918015185511,436.16339022100965,79.41849850691175,428.8720147829564,1.0,1.0,121.0,0.039381459077175544,6403580.819986708,117.2411678771287,0.08934301800036337,150000.0,2900.0
14,19,8,known,3,100.0,300.0,150.0,1146.2434320091204,43.45037040978283,1145.4196046581792,631.6836280720081,40.1365546209781,630.4072199438807,1.0,1.0,35.0,1698.5999442232699,148.67634175766256,61.75390738094805,0.018847631999960868,150000.0,2900.0
14,20,8,known,3,100.0,300.0,150.0,2184.2278838647494,106.06309955526127,2181.6512250048154,1577.9377907505118,71.40148566014963,1576.321508869345,1.0,1.0,30.0,1780.197461123418,141.7593234189968,69.72843797318242,0.012225739999848884,150000.0,2900.0
14,21,8,known,3,100.0,300.0,150.0,1473.179564059071,65.89468341701337,1471.7051058750342,1262.6458326734344,59.004973499474154,1261.2663921114827,1.0,1.0,32.0,1429.8858934571256,175.19925685983995,81.57117279255546,0.01811835499756853,150000.0,2900.0
14,22,8,known,3,100.0,300.0,150.0,630.0324619577837,76.97416362576314,625.3126268153397,480.61557899232673,45.45706272528068,478.46106447496794,1.0,1.0,253.0,1104.6442532436834,228.23258605433347,109.22816844748097,0.18018822999874828,150000.0,2900.0
14,23,8,known,3,100.0,300.0,150.0,2038.0626357000529,59.6341146818967,2037.1899959018924,478.6833251309184,31.766290958965072,477.62812785377594,1.0,1.0,41.0,2252.8585027556287,111.98222670814839,91.35400818924468,0.02659606399902259,150000.0,2900.0
14,24,8,known,3,100.0,300.0,150.0,1118.1802051900538,86.30529677713747,1114.844548368552,371.57664872595257,62.19350913787259,366.33478308717474,1.0,1.0,94.0,1663.87940227465,151.9747493156557,85.31067298086694,0.10101329399913084,150000.0,2900.0
14,25,8,known,3,100.0,300.0,150.0,1759.7564227918958,81.60369249495639,1757.8633351112703,432.5825683174039,45.22484552871423,430.2120311648494,1.0,1.0,182.0,0.0665108107640044,3793718.5909141083,73.63411952804918,0.1192879889968026,150000.0,2900.0
14,26,8,known,3,100.0,300.0,150.0,2004.4082472540726,78.7966358928199,2002.8588347240348,1299.0442916084169,47.3927887270355,1298.1794926500295,1.0,1.0,34.0,1719.2330670596207,146.95353156742726,49.150102846177205,0.014597714001865825,150000.0,2900.0
14,27,8,known,3,100.0,300.0,150.0,1446.6384005864372,98.20911305650881,1443.300949962945,1213.5431924193167,78.89234715104419,1210.9760845814694,1.0,1.0,37.0,1475.4662552607087,171.6231258121392,66.1507152588582,0.026022416997875553,150000.0,2900.0
14,28,8,known,3,100.0,300.0,150.0,1997.0961077703016,79.9075832058275,1995.4968408437765,964.1650897372065,64.86731867527132,961.9805357884516,1.0,1.0,35.0,765.1984208750855,329.58547681580575,62.252601510043725,0.025981676000810694,150000.0,2900.0
14,29,8,known,3,100.0,300.0,150.0,2130.0082411527815,64.46256966493883,2129.0325700869303,1017.0008420973671,49.0839819614376,1015.8156700610418,1.0,1.0,63.0,910.5393497595277,276.5791581574502,73.62335470066579,0.04356191300030332,150000.0,2900.0
14,30,8,known,3,100.0,300.0,150.0,1928.7900239241378,72.56640633048923,1927.424466240261,1244.6247502250826,52.31134098977265,1243.5249464633594,1.0,1.0,33.0,1660.5304132927763,151.57222796622503,87.73598322955979,0.021674932999303564,150000.0,2900.0
14,31,8,known,3,100.0,300.0,150.0,2615.3357201989543,67.44178880576621,2614.466013256103,982.9605890167716,37.11559601563338,982.2596154238464,1.0,1.0,115.0,886.2514902842953,284.2696200991114,91.49461413582691,0.07483474599939655,150000.0,2900.0
14,32,8,known,3,100.0,300.0,150.0,2859.784249658515,159.16228697119863,2855.3516983028576,1392.7315800052997,75.3818714411179,1390.690054398209,1.0,1.0,41.0,1139.5804707787056,220.5510387537638,96.1844498126657,0.029848166999727255,150000.0,2900.0
14,33,8,known,3,100.0,300.0,150.0,1656.7531499137142,101.76094944156789,1653.6250206494108,1238.602126813493,69.9778417883682,1236.623762591335,1.0,1.0,32.0,1696.9298274601713,148.78291633835173,59.77213514725195,0.017126133996498538,150000.0,2900.0
14,34,8,known,3,100.0,300.0,150.0,3164.916852454863,109.48471764641145,3163.0225701936884,1482.731735594061,74.3335369302242,1480.8672881204513,1.0,1.0,50.0,1402.784743895546,179.74707329903268,80.40019085301815,0.03125869299765327,150000.0,2900.0
14,35,8,known,3,100.0,300.0,150.0,1083.229248465807,77.30918935534697,1080.4669795847608,954.4462944553842,44.41205350433686,953.4124493120183,1.0,1.0,36.0,1314.8117030757326,191.6450400507056,74.07033728331466,0.017761192997568287,150000.0,2900.0
14,36,8,known,3,100.0,300.0,150.0,1647.250796166948,102.41169336557421,1644.0641807832926,1042.2274742894315,66.20335077070851,1040.1226968538174,1.0,1.0,29.0,1887.2727985281513,133.90412957550046,58.72722344792118,0.02546225699916249,150000.0,2900.0
14,37,8,known,3,100.0,300.0,150.0,794.8028795988871,35.184240885047394,794.023731768784,604.6524756555197,28.1167872111137,603.9983961843556,1.0,1.0,69.0,1419.1585153554656,177.5264040660452,100.6286333284443,0.05521770999985165,150000.0,2900.0
14,38,8,known,3,100.0,300.0,150.0,959.6351592610805,58.82810287735217,957.8303050133103,407.0494279378103,53.29249162906356,403.5457187487743,1.0,1.0,62.0,1573.4938889797363,161.01851836494652,64.86639269921817,0.04514046799886273,150000.0,2900.0
14,39,8,known,3,100.0,300.0,150.0,2291.546983919145,130.19876303327084,2287.8452442447974,1165.6342647558047,86.19850094639887,1162.44271153782,1.0,1.0,36.0,998.393176866925,252.64233964503717,84.28216076021707,0.024130568002874497,150000.0,2900.0
14,40,8,known,3,100.0,300.0,150.0,4436.51339998477,159.6413324406696,4433.640241745037,1197.27928637968,64.49426718780447,1195.5409566776636,1.0,1.0,40.0,3536.539879239518,71.36932126216976,51.678974268443476,0.01956491199962329,150000.0,2900.0
14,41,8,known,3,100.0,300.0,150.0,1190.5328606439507,63.96843801143436,1188.8130766489094,1156.5477925048817,50.893140818115405,1155.4274899644645,1.0,1.0,40.0,1277.7132980739761,198.48201305098473,70.11321413625781,0.01755435000086436,150000.0,2900.0
14,42,8,known,3,100.0,300.0,150.0,1954.0159153439565,109.41740800646885,1950.9500322259987,1532.5026602862874,60.89190772530218,1531.2924538957675,1.0,1.0,29.0,1860.6997400852508,135.50454006800783,70.80250050664674,0.021801479000714608,150000.0,2900.0
14,43,8,known,3,100.0,300.0,150.0,1404.1871911470694,69.89362317099278,1402.446629723045,1214.7698517306526,54.9582200420169,1213.5260140283458,1.0,1.0,35.0,1286.7313826007244,195.32772187843202,63.83114669228798,0.016939135999564314,150000.0,2900.0
14,44,8,known,3,100.0,300.0,150.0,1322.0236986051789,66.8473771923305,1320.3325671345924,661.4264586937537,45.6562267165947,659.8488230058176,1.0,1.0,180.0,496.6798491071448,505.7414011143455,95.39613838372068,0.12106460099676042,150000.0,2900.0
14,45,8,known,3,100.0,300.0,150.0,1474.0236015511282,91.75003211926607,1471.165357645385,1237.0600137824447,49.374142748135895,1236.0742986274363,1.0,1.0,35.0,1709.912250695587,147.79302216975032,63.26825881262293,0.0182940110025811,150000.0,2900.0
14,46,8,known,3,100.0,300.0,150.0,3841.1149095649307,166.6449375438226,3837.498301403275,1527.4435032522977,69.57857059405507,1525.8579482185557,1.0,1.0,38.0,3124.0225609265685,81.05221329654269,68.63707832505294,0.017792978997022146,150000.0,2900.0
14,47,8,known,3,100.0,300.0,150.0,920.40006515237,45.63768993503065,919.2679050145724,904.7866358236989,39.602987472819734,903.9194984888834,1.0,1.0,105.0,1211.486301560583,208.14662979629634,71.77033383191294,0.0744147619989235,150000.0,2900.0
14,48,8,known,3,100.0,300.0,150.0,2857.2104552053543,133.75563203058513,2854.077962536218,1286.1658461535148,65.61549841529558,1284.4910237831557,1.0,1.0,42.0,2595.8404182095214,96.97388069212622,87.7582400585645,0.030699744002049556,150000.0,2900.0
14,49,8,known,3,100.0,300.0,150.0,1549.5240404247158,60.641827763464285,1548.3369531790047,1381.1096709985359,54.60961209725785,1380.0296060564322,1.0,1.0,32.0,1453.5904981173203,173.4435659370189,80.61064839059816,0.019843383997795172,150000.0,2900.0
14,50,8,known,3,100.0,300.0,150.0,4566.701215463007,289.113903348374,4557.540251298059,1782.2835892297942,77.03034295441432,1780.6181844242083,1.0,1.0,34.0,1952.6245869398092,128.91673392382333,67.22148608015522,0.017659630000707693,150000.0,2900.0
14,51,8,known,3,100.0,300.0,150.0,1566.4230575828733,70.38296808812875,1564.8410248745342,339.6330222333006,56.61688463468356,334.8807521575234,1.0,1.0,762.0,128.81943331744998,1948.8204446015648,85.71329090741,0.5532005570021283,150000.0,2900.0
14,52,8,known,3,100.0,300.0,150.0,3270.912511412351,146.4039509173957,3267.6343951656568,1270.841983786077,61.08249907204041,1269.3731823464861,1.0,1.0,34.0,2929.377749596622,86.14065604563358,93.39278718755214,0.021240316997136688,150000.0,2900.0
14,53,8,known,3,100.0,300.0,150.0,1696.476287239971,147.46324316576244,1690.0551426159302,393.07666787299553,84.85049991937703,383.8094051603856,1.0,1.0,130.0,0.4752305119273671,532026.9348191632,72.85729128059637,0.06851539099807269,150000.0,2900.0
14,54,8,known,3,100.0,300.0,150.0,1504.3910900060614,69.58692817743635,1502.7808260409945,935.5784148796474,44.90243599771353,934.5002630444707,1.0,1.0,34.0,1809.978358899055,139.10920029917278,65.94857488637169,0.024075147997791646,150000.0,2900.0
14,55,8,known,3,100.0,300.0,150.0,2449.0035340309114,96.42534757648177,2447.104505745647,1144.2191579882433,54.2844324255826,1142.9307423914875,1.0,1.0,34.0,2385.060001561967,105.61907290748273,66.74246836354514,0.029547799000283703,150000.0,2900.0
14,56,8,known,3,100.0,300.0,150.0,1341.4641600494533,69.86305632278571,1339.6437011602843,973.9406837225624,43.521270225207395,972.9678075085304,1.0,1.0,59.0,773.1418928779618,325.89172486723174,82.65466858890197,0.04501677000007476,150000.0,2900.0
14,57,8,known,3,100.0,300.0,150.0,3615.1007499729,171.35710845042428,3611.0372711782043,1343.152773830771,74.78215113474624,1341.0693508245402,1.0,1.0,41.0,3033.8163357510084,83.23857474504906,86.99926583115409,0.021142094999959227,150000.0,2900.0
14,58,8,known,3,100.0,300.0,150.0,1551.3329438732496,71.97576414905906,1549.6623477782514,1285.3402795192985,44.308228132494996,1284.5763562647833,1.0,1.0,35.0,1494.3298204989812,169.58027759181425,57.739631881353176,0.019605383000453003,150000.0,2900.0
14,59,8,known,3,100.0,300.0,150.0,2402.3391853762,79.07041469456274,2401.0375738655184,892.8093066838712,45.07462910416587,891.6707553309443,1.0,1.0,99.0,2292.9439671882874,110.2472574604105,85.64170519862496,0.06613378900146927,150000.0,2900.0
14,60,8,known,3,100.0,300.0,150.0,1538.3570946502919,93.36715588717358,1535.521124850592,1413.812944511146,63.2395023077719,1412.3978927395574,1.0,1.0,26.0,1064.3477697085623,237.05406908594682,59.12675972184634,0.013013779000175418,150000.0,2900.0
14,61,8,known,3,100.0,300.0,150.0,1706.555628203491,50.22258791390888,1705.8164625235158,509.7131932655639,36.63517992198507,508.39492816221315,1.0,1.0,58.0,1999.4498452965825,126.18285372389556,90.03926552330778,0.03299656800299999,150000.0,2900.0
14,62,8,known,3,100.0,300.0,150.0,1983.1662617444879,59.189363025699755,1982.2827853326626,746.3560391019481,43.23055127585072,745.1029838487661,1.0,1.0,35.0,2180.615993283407,115.87523323644699,74.49168864144521,0.021294040998327546,150000.0,2900.0
14,63,8,known,3,100.0,300.0,150.0,356.6055585248903,150.3797823951907,323.3472520644393,229.22989382639278,77.65091878532941,215.67725664857082,1.0,1.0,117.0,1204.5771950857038,210.02268685152737,75.4093763280235,0.09369551800045883,150000.0,2900.0
14,64,8,known,3,100.0,300.0,150.0,1220.9425985496057,71.39201066124527,1218.8535637092784,829.5175998926529,61.82167523054903,827.2106920267387,1.0,1.0,64.0,1591.2585346823776,159.35617182635286,62.96742583057811,0.03286097100135521,150000.0,2900.0
14,65,8,known,3,100.0,300.0,150.0,2606.6366103854566,118.76317196095569,2603.9296702460215,1757.8142656661548,63.824008291426274,1756.6551991056922,1.0,1.0,38.0,1435.019177779798,175.18967878585582,72.8622414073135,0.029794608999509364,150000.0,2900.0
14,66,8,known,3,100.0,300.0,150.0,2165.1255930530992,66.53944863987384,2164.102893918918,1240.0521769155528,43.557617143625734,1239.286946377541,1.0,1.0,74.0,737.3310496105814,341.28318601542685,79.54997584997517,0.05065737300174078,150000.0,2900.0
14,67,8,known,3,100.0,300.0,150.0,983.8735617806501,99.71091512220127,978.8079070872056,684.4228062209352,70.66737882174495,680.7647899574447,1.0,1.0,51.0,1474.5858834146106,171.15443277858864,74.02071964920106,0.029647110000951216,150000.0,2900.0
14,68,8,known,3,100.0,300.0,150.0,2570.3974956744596,103.79144018673038,2568.3011160519122,883.5940109421097,45.059777883990904,882.4443283232151,1.0,1.0,78.0,860.2996360527139,292.49752428090466,69.93548740514127,0.05671694700140506,150000.0,2900.0
14,69,8,known,3,100.0,300.0,150.0,1497.571549508514,61.779527389169054,1496.29670717171,975.6647772823457,34.75747270326492,975.0454736681213,1.0,1.0,125.0,1651.2421116145238,152.47698639396438,73.87296131295278,0.12503033299799426,150000.0,2900.0
14,70,8,known,3,100.0,300.0,150.0,1737.2919821024036,94.04093469623237,1734.7448612631072,845.3858137467761,67.92321383781577,842.6527227192951,1.0,1.0,69.0,641.4501044385592,393.04054585917714,65.03006780816077,0.04125309600203764,150000.0,2900.0
14,71,8,known,3,100.0,300.0,150.0,1465.3864602903798,63.178123511281115,1464.0239078348284,1055.727721451277,52.33863163516956,1054.429556432891,1.0,1.0,42.0,1409.5296850903123,179.39513682829033,69.33701645166323,0.026919321997411316,150000.0,2900.0
14,72,8,known,3,100.0,300.0,150.0,1277.4668762593683,56.66942989746874,1276.2093071494833,840.9978031056326,53.577224084378834,839.289452982648,1.0,1.0,84.0,1633.2416453219903,153.9557981347106,79.03227919753992,0.048571059000096284,150000.0,2900.0
14,73,8,known,3,100.0,300.0,150.0,1855.390002951652,71.09118685225809,1854.0275365282116,429.954858497106,42.44633865489461,427.8545181250987,1.0,1.0,384.0,0.46437968449736405,541637.2928441509,77.93789586456526,0.28433245199994417,150000.0,2900.0
14,74,8,known,3,100.0,300.0,150.0,2523.8868746473695,120.39278912778134,2521.013790589671,1310.9396660117054,74.13209288745102,1308.8419464270726,1.0,1.0,54.0,2382.417625220043,105.39937674191785,82.65992332950074,0.03413598299812293,150000.0,2900.0
14,75,8,known,3,100.0,300.0,150.0,2307.1802131125455,101.20723159713373,2304.959355834826,1223.0326264635196,57.897205461049644,1221.661458422118,1.0,1.0,46.0,2330.6411371836807,107.86996031552113,74.54720112579292,0.02319652600272093,150000.0,2900.0
14,76,8,known,3,100.0,300.0,150.0,2465.7701650585327,120.78710404357237,2462.8099769144906,1618.6322343612908,70.08250788470886,1617.1143287356074,1.0,1.0,35.0,1382.6787866611173,182.4088362992094,56.776273946370665,0.018996755999978632,150000.0,2900.0
14,77,8,known,3,100.0,300.0,150.0,2001.1939436995374,171.7000298225701,1993.8145099428473,1204.2272581336028,84.47934347589973,1201.2603921539476,1.0,1.0,79.0,1646.6162930271735,152.81546091784793,81.3053736889589,0.05436260900023626,150000.0,2900.0
14,78,8,known,3,100.0,300.0,150.0,1962.13626865293,121.55462264210695,1958.3674860652632,1275.9081324848253,73.2911587424556,1273.801385064054,1.0,1.0,27.0,1267.034168524336,199.14303883345838,71.07453743951278,0.01653086800070014,150000.0,2900.0
14,79,8,known,3,100.0,300.0,150.0,1934.2471380585782,112.23489583093819,1930.9881717000803,1274.0519588276047,50.82614493670779,1273.0377436601514,1.0,1.0,35.0,1999.3058043386877,125.89371700885455,84.54942635115893,0.018570707001345,150000.0,2900.0
14,80,8,known,3,100.0,300.0,150.0,848.5147472826557,33.603091077435515,847.8491072273359,635.1888244027842,30.391163968280836,634.4613619432189,1.0,1.0,40.0,975.6979009523925,258.3959826585994,64.9955667224493,0.0228161060003913,150000.0,2900.0
14,81,8,known,3,100.0,300.0,150.0,2056.3437022048047,87.31995668621445,2054.4889015912645,1410.2681982441845,59.32238289372042,1409.0199593571092,1.0,1.0,60.0,1004.162593199902,251.1312481981325,57.49867391186817,0.03276092699888977,150000.0,2900.0
14,82,8,known,3,100.0,300.0,150.0,1619.9754274797067,51.70672619883237,1619.1500239643815,696.5896001193174,26.156199870892102,696.0983581382048,1.0,1.0,54.0,1887.7905569723555,133.48648243045108,89.76168952791647,0.0387473430018872,150000.0,2900.0
14,83,8,known,3,100.0,300.0,150.0,2100.768774188245,132.09976129746863,2096.611336340032,1561.857168373647,62.21750449689629,1560.6174408016607,1.0,1.0,26.0,1550.041347830484,162.05267368598138,69.41359212767517,0.0195017869991716,150000.0,2900.0
14,84,8,known,3,100.0,300.0,150.0,1548.248647676226,61.44448979894566,1547.0289104294754,1068.7473872511293,34.299922932776624,1068.1968418989645,1.0,1.0,48.0,1179.0990064915557,213.701708058671,76.0569951379213,0.026508846000069752,150000.0,2900.0
14,85,8,known,3,100.0,300.0,150.0,2224.747398921001,124.31890383566713,2221.271212426537,1421.7348976096057,66.55034421748807,1420.1764576155772,1.0,1.0,31.0,2080.0586501048883,121.20023401538079,85.94718449510985,0.016743378997489344,150000.0,2900.0
14,86,8,known,3,100.0,300.0,150.0,1006.1029099050567,37.647463658365275,1005.3982960993692,936.048813758414,33.67492457525007,935.4428797063908,1.0,1.0,39.0,1067.5810863744116,237.15458507505252,84.14704575540601,0.030507923998811748,150000.0,2900.0
14,87,8,known,3,100.0,300.0,150.0,1510.4185573585826,46.54244483651782,1509.701301331433,600.2190877361377,33.05882347489079,599.307990496754,1.0,1.0,49.0,1917.397435801901,132.32218057593184,65.09478836128852,0.04989374099750421,150000.0,2900.0
14,88,8,known,3,100.0,300.0,150.0,275.1598543570515,81.06242429393382,262.94833868534715,248.10763838094582,54.60191904800004,242.02485545754556,1.0,1.0,69.0,1084.5708332973159,232.59374839481708,59.8148168737504,0.04197444500096026,150000.0,2900.0
14,89,8,known,3,100.0,300.0,150.0,1562.7363832453061,51.5031565864003,1561.8874570148316,1257.779582097301,41.03815781536064,1257.1099183221738,1.0,1.0,36.0,1665.2163372814168,150.70753098774216,99.57566101183463,0.017730584000673844,150000.0,2900.0
14,90,8,known,3,100.0,300.0,150.0,2715.008823530237,134.2531959969514,2711.687480372995,1132.509032308967,50.58487644268798,1131.3787511424594,1.0,1.0,34.0,2612.351707986023,96.40988024397336,76.83522830519195,0.014554736997524742,150000.0,2900.0
14,91,8,known,3,100.0,300.0,150.0,2426.574452773654,82.00004724757704,2425.1885632059934,971.5487865995638,59.400895539747424,969.7311887075515,1.0,1.0,81.0,705.2743584687607,358.4880012112134,102.8968677767379,0.08026753999729408,150000.0,2900.0
14,92,8,known,3,100.0,300.0,150.0,1074.5220838277512,50.30552226496202,1073.343869905252,1032.9127279010488,40.06663990723859,1032.1353437541657,1.0,1.0,37.0,1379.5728701744033,182.77903397536204,55.33322101260005,0.018061765000311425,150000.0,2900.0
14,93,8,known,3,100.0,300.0,150.0,977.3214761262593,73.32845372128764,974.5666757961999,689.9568069570809,52.69855984591804,687.9413181780673,1.0,1.0,35.0,1473.4769903369126,171.2001010953435,85.71197243988124,0.012286583998502465,150000.0,2900.0
14,94,8,known,3,100.0,300.0,150.0,1908.389690629115,62.66712464055319,1907.3604910422082,1118.7869913708644,40.85995899314725,1118.0406056184852,1.0,1.0,37.0,865.2044571388336,291.4763043510132,88.69666761828296,0.01656378999905428,150000.0,2900.0
14,95,8,known,3,100.0,300.0,150.0,872.2978420905669,31.316035476760756,871.7355282640933,795.834290276216,30.8183794038038,795.2373514054605,1.0,1.0,42.0,1360.4702402008136,186.52753736147008,47.86885455653107,0.06514910699843313,150000.0,2900.0
14,96,8,known,3,100.0,300.0,150.0,2323.699196555392,89.6878278611208,2321.9677107155753,1163.4538374825338,65.59841857506794,1161.6030644903121,1.0,1.0,43.0,2304.3471412267477,110.52950855096252,88.44534098846421,0.06828814199980116,150000.0,2900.0
14,97,8,known,3,100.0,300.0,150.0,1712.3891204408285,49.9932866409929,1711.659186606652,613.225812284239,29.715414253167765,612.5054212065616,1.0,1.0,74.0,2040.0483969345769,123.9487705204553,71.14967842978491,0.06929576699985773,150000.0,2900.0
14,98,8,known,3,100.0,300.0,150.0,810.6330918934402,55.28721915614334,808.7455304795812,645.5680247580997,44.68057946873387,644.0199689515944,1.0,1.0,98.0,1348.6623940963882,187.29520738434704,104.07865997091201,0.06757981800183188,150000.0,2900.0
14,99,8,known,3,100.0,300.0,150.0,4009.43194932391,199.5612356196539,4004.462494455066,1377.3015004515835,77.3937836477641,1375.125312616587,1.0,1.0,32.0,3279.7280814881738,77.05971463439334,72.13968188307501,0.014493105001747608,150000.0,2900.0
15,0,10,known,3,100.0,300.0,150.0,298.2504584931721,283.6041002816446,92.31495163204188,270.5927673056366,256.4833206744472,86.23660437384486,1.0,0.0,1.0,0.0,inf,0.0,0.0015287329988495912,23000.0,2900.0
15,1,10,known,3,100.0,300.0,150.0,351.13188384203676,337.2436247952039,97.77697778848209,342.3879304301389,329.3379598154086,93.62693591514093,1.0,0.0,1.0,0.0,inf,0.0,0.0013026599990553223,23000.0,2900.0
15,2,10,known,3,100.0,300.0,150.0,359.83284970734235,338.348217770659,122.47515364320031,346.4856795669248,329.63306649946486,106.74440320275843,1.0,0.0,1.0,0.0,inf,0.0,0.0012892649974673986,23000.0,2900.0
15,3,10,known,3,100.0,300.0,150.0,263.4831700114239,249.4666365056283,84.79255951932134,245.25481263520106,239.23221197846976,54.0173293732306,1.0,0.0,1.0,0.0,inf,0.0,0.001323218002653448,23000.0,2900.0
15,4,10,known,3,100.0,300.0,150.0,240.45110350488739,220.64188290782457,95.57140097125234,227.14115855614105,206.86140489843328,93.81612374039148,1.0,0.0,1.0,0.0,inf,0.0,0.0012508030013123062,23000.0,2900.0
15,5,10,known,3,100.0,300.0,150.0,335.3799869440333,329.4808392027904,62.62676936266891,300.1153965440164,295.0462353402776,54.92695380504649,1.0,0.0,1.0,0.0,inf,0.0,0.001298592997045489,23000.0,2900.0
15,6,10,known,3,100.0,300.0,150.0,329.93938645538236,316.6502722168003,92.69629895298092,311.78429660304664,300.6501698754801,82.5767701118271,1.0,0.0,1.0,0.0,inf,0.0,0.001439894000213826,23000.0,2900.0
15,7,10,known,3,100.0,300.0,150.0,389.78756410293227,355.34586438596574,160.1988195745785,359.4727349439357,329.40085881954786,143.9295708915209,1.0,0.0,1.0,0.0,inf,0.0,0.0012878300003649201,23000.0,2900.0
15,8,10,known,3,100.0,300.0,150.0,208.79576403653883,173.5238193065246,116.12560102267977,191.8404770386656,159.83664475459483,106.08965842162108,1.0,0.0,1.0,0.0,inf,0.0,0.0016062520007835701,23000.0,2900.0
15,9,10,known,3,100.0,300.0,150.0,322.0290726100473,278.68219950002793,161.36590497349113,253.48104843854057,226.2363253935222,114.3230816149481,1.0,0.0,1.0,0.0,inf,0.0,0.0014363330010382924,23000.0,2900.0
15,10,10,known,3,100.0,300.0,150.0,406.3959849020674,390.8518056343959,111.32188723181903,399.6265426912921,389.3560784200788,90.01787500675935,1.0,0.0,1.0,0.0,inf,0.0,0.0023261280002770945,23000.0,2900.0
15,11,10,known,3,100.0,300.0,150.0,337.61258849723555,327.42673978260797,82.30425254588037,296.95105970992637,289.2816948464832,67.05246371010084,1.0,0.0,1.0,0.0,inf,0.0,0.0016649979988869745,23000.0,2900.0
15,12,10,known,3,100.0,300.0,150.0,322.30225597076713,299.36123563254694,119.42191927950493,291.6983287275062,272.42201814738223,104.27923576114074,1.0,0.0,1.0,0.0,inf,0.0,0.0015336769974965136,23000.0,2900.0
15,13,10,known,3,100.0,300.0,150.0,279.6647942933631,239.46750688280395,144.4566035682806,265.7097877562937,223.05497419975475,144.3889531586172,1.0,0.0,1.0,0.0,inf,0.0,0.0013130820007063448,23000.0,2900.0
15,14,10,known,3,100.0,300.0,150.0,373.2114969794177,352.84899659870723,121.59114719790838,348.87138666273245,340.53662997076395,75.80269177366164,1.0,0.0,1.0,0.0,inf,0.0,0.0012653550002141856,23000.0,2900.0
15,15,10,known,3,100.0,300.0,150.0,529.4900956346659,516.5314489801988,116.42604343369177,489.5373199883327,480.3113886464161,94.59258743638755,1.0,0.0,1.0,0.0,inf,0.0,0.0015775249994476326,23000.0,2900.0
15,16,10,known,3,100.0,300.0,150.0,358.1122722228191,333.93957004046945,129.33971964472818,322.7594558273041,307.35206953682916,98.53106960429086,1.0,0.0,1.0,0.0,inf,0.0,0.0013685519988939632,23000.0,2900.0
15,17,10,known,3,100.0,300.0,150.0,294.4043264559906,262.4369747549022,133.41942031616054,272.413691739481,250.13554971718432,107.89544112155517,1.0,0.0,1.0,0.0,inf,0.0,0.0014363290028995834,23000.0,2900.0
15,18,10,known,3,100.0,300.0,150.0,367.2002660962398,362.5169060829622,58.45962902025729,326.29062971828625,321.2111184296931,57.34973791658912,1.0,0.0,1.0,0.0,inf,0.0,0.0014610850012104493,23000.0,2900.0
15,19,10,known,3,100.0,300.0,150.0,487.7595702301302,468.3483875613201,136.23210421847256,462.50460660491035,446.1714953209422,121.82572755308009,1.0,0.0,1.0,0.0,inf,0.0,0.0013312070004758425,23000.0,2900.0
15,20,10,known,3,100.0,300.0,150.0,405.3567895352513,380.265610150448,140.4001159516385,336.43345954494094,309.0215110322778,133.01570742098548,1.0,0.0,1.0,0.0,inf,0.0,0.0021298450010363013,23000.0,2900.0
15,21,10,known,3,100.0,300.0,150.0,378.0057520430637,372.45880238898445,64.51967994810308,355.8718057404475,351.2657400424612,57.071201085914346,1.0,0.0,1.0,0.0,inf,0.0,0.0014004470031068195,23000.0,2900.0
15,22,10,known,3,100.0,300.0,150.0,426.96645275572934,407.9462653400681,126.01665117714073,394.99814246472926,377.58364425881047,115.99191410965955,1.0,0.0,1.0,0.0,inf,0.0,0.0014051429971004836,23000.0,2900.0
15,23,10,known,3,100.0,300.0,150.0,315.25743025970945,297.4446045066619,104.46987404908187,303.7659358590417,289.2901468243433,92.65503083302748,1.0,0.0,1.0,0.0,inf,0.0,0.0013530500000342727,23000.0,2900.0
15,24,10,known,3,100.0,300.0,150.0,288.38324581775083,274.4226333124704,88.64036774647722,266.3535202040471,257.68326619849773,67.40572710357696,1.0,0.0,1.0,0.0,inf,0.0,0.001269422999030212,23000.0,2900.0
15,25,10,known,3,100.0,300.0,150.0,416.7545396209239,398.70599835217956,121.31724186050383,386.3743535184178,370.27079013609193,110.38425172446223,1.0,0.0,1.0,0.0,inf,0.0,0.0014109340008872095,23000.0,2900.0
15,26,10,known,3,100.0,300.0,150.0,369.6369111677888,357.60638804235856,93.53671647519931,348.2542229493883,338.07388646681693,83.58858230227384,1.0,0.0,1.0,0.0,inf,0.0,0.0016681019988027401,23000.0,2900.0
15,27,10,known,3,100.0,300.0,150.0,245.07502147135517,205.79513068847277,133.07941363749546,229.15764526805137,193.80910347913732,122.27533599794809,1.0,0.0,1.0,0.0,inf,0.0,0.0012660040010814555,23000.0,2900.0
15,28,10,known,3,100.0,300.0,150.0,289.53396288309773,274.3950236338061,92.39743864303817,249.8918935281663,239.0059571622598,72.95279906929167,1.0,0.0,1.0,0.0,inf,0.0,0.001315740002610255,23000.0,2900.0
15,29,10,known,3,100.0,300.0,150.0,321.45770416302435,277.90711362514105,161.56327479444525,301.129851070717,272.95827735919056,127.17297679529003,1.0,0.0,1.0,0.0,inf,0.0,0.001250962002814049,23000.0,2900.0
15,30,10,known,3,100.0,300.0,150.0,379.6635825642613,361.3266314096548,116.56543810101309,295.84853874579636,282.19322114193693,88.8444923422991,1.0,0.0,1.0,0.0,inf,0.0,0.0012900559995614458,23000.0,2900.0
15,31,10,known,3,100.0,300.0,150.0,295.56262368635004,278.1017511822197,100.0833677977602,256.13317159120714,250.81397625733152,51.92832467312519,1.0,0.0,1.0,0.0,inf,0.0,0.0024224129992944654,23000.0,2900.0
15,32,10,known,3,100.0,300.0,150.0,421.6833866059115,412.24632693061767,88.71214387920587,365.78095629507374,360.96927877157196,59.13448884762428,1.0,0.0,1.0,0.0,inf,0.0,0.001619606999156531,23000.0,2900.0
15,33,10,known,3,100.0,300.0,150.0,403.78892569253367,397.8327277800843,69.09860504371848,386.2201223420472,381.8973285687542,57.623027809678256,1.0,0.0,1.0,0.0,inf,0.0,0.0013525960021070205,23000.0,2900.0
15,34,10,known,3,100.0,300.0,150.0,492.4200795479372,479.2335084716435,113.19354707736619,380.31765653247174,364.11446312068256,109.82794551792483,1.0,0.0,1.0,0.0,inf,0.0,0.0012570469989441335,23000.0,2900.0
15,35,10,known,3,100.0,300.0,150.0,367.5481942417491,347.7136422452602,119.10876578533461,354.9254716349507,338.757813733356,105.90200210519677,1.0,0.0,1.0,0.0,inf,0.0,0.0012273440006538294,23000.0,2900.0
15,36,10,known,3,100.0,300.0,150.0,339.4201543718959,331.589239866436,72.4887384263292,328.0039126203117,323.87552906372343,51.87685772988119,1.0,0.0,1.0,0.0,inf,0.0,0.0013795560007565655,23000.0,2900.0
15,37,10,known,3,100.0,300.0,150.0,353.8625494691509,330.8469745243672,125.53478946045186,313.2442655354544,291.81138822689616,113.87749379020408,1.0,0.0,1.0,0.0,inf,0.0,0.0015070310000737663,23000.0,2900.0
15,38,10,known,3,100.0,300.0,150.0,294.6131412610152,275.649385626013,103.99191895375547,266.82263583600644,257.5309085996159,69.80078875149188,1.0,0.0,1.0,0.0,inf,0.0,0.0013086600010865368,23000.0,2900.0
15,39,10,known,3,100.0,300.0,150.0,222.57851352057395,210.81436031233565,71.40378258278098,198.59970916969783,188.72387267857223,61.84775148290054,1.0,0.0,1.0,0.0,inf,0.0,0.001372403999994276,23000.0,2900.0
15,40,10,known,3,100.0,300.0,150.0,318.4656991705139,291.3539402300178,128.5818146574681,283.23293010491983,261.5582513479157,108.66542158220798,1.0,0.0,1.0,0.0,inf,0.0,0.0012759599994751625,23000.0,2900.0
15,41,10,known,3,100.0,300.0,150.0,246.62328502152565,210.07151525437072,129.20140554011542,211.26115171599662,176.2463684405722,116.48386942353606,1.0,0.0,1.0,0.0,inf,0.0,0.001770744001987623,23000.0,2900.0
15,42,10,known,3,100.0,300.0,150.0,426.0493320033548,414.10721802075676,100.16608849113669,405.0674428108497,398.44946290846343,72.92227871698721,1.0,0.0,1.0,0.0,inf,0.0,0.001262743000552291,23000.0,2900.0
15,43,10,known,3,100.0,300.0,150.0,347.3738113976694,320.09204073958074,134.94313728424333,314.95868026389024,304.5914420198262,80.1437690769177,1.0,0.0,1.0,0.0,inf,0.0,0.0014063359994906932,23000.0,2900.0
15,44,10,known,3,100.0,300.0,150.0,368.77226113627717,346.81446490597733,125.35033911219875,334.8045825089123,313.45625211097774,117.64049677515911,1.0,0.0,1.0,0.0,inf,0.0,0.0013194599996495526,23000.0,2900.0
15,45,10,known,3,100.0,300.0,150.0,302.81820008559043,276.50923219572945,123.45649765648177,281.96943960795346,266.0395354261798,93.43302661824536,1.0,0.0,1.0,0.0,inf,0.0,0.0011820460022136103,23000.0,2900.0
15,46,10,known,3,100.0,300.0,150.0,340.8256406261934,315.52607681757326,128.86198879563347,316.2391037173592,290.38957404404334,125.22406320862518,1.0,0.0,1.0,0.0,inf,0.0,0.0012633529986487702,23000.0,2900.0
15,47,10,known,3,100.0,300.0,150.0,307.4247917072635,292.3115131312,95.20494654797422,287.336575061957,279.38716962295985,67.12016700222885,1.0,0.0,1.0,0.0,inf,0.0,0.0013394690031418577,23000.0,2900.0
15,48,10,known,3,100.0,300.0,150.0,299.9729584438043,284.54288832416427,94.9690502304332,290.34372306659355,281.26693079197815,72.03048776060973,1.0,0.0,1.0,0.0,inf,0.0,0.0015167429992288817,23000.0,2900.0
15,49,10,known,3,100.0,300.0,150.0,335.214287266283,321.95129517491733,93.35942331995929,299.9596433493896,288.7457170698017,81.25083699346763,1.0,0.0,1.0,0.0,inf,0.0,0.0014714600001752842,23000.0,2900.0
15,50,10,known,3,100.0,300.0,150.0,249.4029904954667,227.7561170373329,101.63170184621814,214.13609528893946,195.17091339455564,88.10551554998486,1.0,0.0,1.0,0.0,inf,0.0,0.0014694479978061281,23000.0,2900.0
15,51,10,known,3,100.0,300.0,150.0,488.0856439206875,474.235976364428,115.44624083594007,462.2916236493816,450.3190042612627,104.52913324775241,1.0,0.0,1.0,0.0,inf,0.0,0.001336186000116868,23000.0,2900.0
15,52,10,known,3,100.0,300.0,150.0,300.5437430962275,251.73276870671378,164.18634131237388,287.0896974375827,241.6428703079388,155.01360457760933,1.0,0.0,1.0,0.0,inf,0.0,0.0017034209995472338,23000.0,2900.0
15,53,10,known,3,100.0,300.0,150.0,360.26885600702934,339.3338725408462,121.02136817540286,291.3555084340281,274.17558731863517,98.56865431430246,1.0,0.0,1.0,0.0,inf,0.0,0.0012409049995767418,23000.0,2900.0
15,54,10,known,3,100.0,300.0,150.0,295.6910047260891,254.6634217528481,150.26547140662436,270.15024396321417,231.34624455926038,139.49935283617273,1.0,0.0,1.0,0.0,inf,0.0,0.001296533999266103,23000.0,2900.0
15,55,10,known,3,100.0,300.0,150.0,274.0418579462972,270.4778511858187,44.05305806139569,250.33367779850207,247.95668142042044,34.415612432388464,1.0,0.0,1.0,0.0,inf,0.0,0.001342774001386715,23000.0,2900.0
15,56,10,known,3,100.0,300.0,150.0,314.52821658239776,285.6947200797684,131.55426996128443,196.45142642418847,188.4980481899509,55.33216761231467,1.0,0.0,1.0,0.0,inf,0.0,0.0011822060005215462,23000.0,2900.0
15,57,10,known,3,100.0,300.0,150.0,289.1502074864798,243.5256586882423,155.89450294969373,252.38142197395345,231.17340553728903,101.26815259442058,1.0,0.0,1.0,0.0,inf,0.0,0.0012815260015486274,23000.0,2900.0
15,58,10,known,3,100.0,300.0,150.0,279.35914846961464,272.3598318386507,62.14222263879974,262.26649116979655,255.365654326056,59.76700579033775,1.0,0.0,1.0,0.0,inf,0.0,0.0012644000016734935,23000.0,2900.0
15,59,10,known,3,100.0,300.0,150.0,312.2884744486798,284.53825323892596,128.69372058194827,304.30990899161196,279.86182485060925,119.50681864132308,1.0,0.0,1.0,0.0,inf,0.0,0.001237694999872474,23000.0,2900.0
15,60,10,known,3,100.0,300.0,150.0,279.11722208908515,270.06843354294494,70.4944314849593,273.79900780769935,267.5441975203213,58.189337938216305,1.0,0.0,1.0,0.0,inf,0.0,0.0016785799998615403,23000.0,2900.0
15,61,10,known,3,100.0,300.0,150.0,279.4761473493109,262.9366840914783,94.71650910053583,255.49981642532825,241.390755820914,83.7296793113668,1.0,0.0,1.0,0.0,inf,0.0,0.0013594230003945995,23000.0,2900.0
15,62,10,known,3,100.0,300.0,150.0,456.3640118088764,449.0516630653502,81.36777723727882,401.50187789422824,396.7104136987776,61.843395892662,1.0,0.0,1.0,0.0,inf,0.0,0.0012947969989909325,23000.0,2900.0
15,63,10,known,3,100.0,300.0,150.0,371.55911801267274,367.1787082157894,56.88562570051828,362.78050635418214,359.0615977741429,51.81182099170412,1.0,0.0,1.0,0.0,inf,0.0,0.0016662699999869801,23000.0,2900.0
15,64,10,known,3,100.0,300.0,150.0,464.4729900320463,457.32016160555526,81.19992769934096,370.23998617366425,364.22641897316913,66.45873218664774,1.0,0.0,1.0,0.0,inf,0.0,0.0012797359995602164,23000.0,2900.0
15,65,10,known,3,100.0,300.0,150.0,278.5827116715261,256.1491199431266,109.5260498448767,242.2185643255972,232.07825713483484,69.35067028667393,1.0,0.0,1.0,0.0,inf,0.0,0.0014479689998552203,23000.0,2900.0
15,66,10,known,3,100.0,300.0,150.0,346.5020002271402,336.6838078723765,81.90024223386446,321.41297642751215,312.6132384137485,74.69447492593615,1.0,0.0,1.0,0.0,inf,0.0,0.0013302830011525657,23000.0,2900.0
15,67,10,known,3,100.0,300.0,150.0,310.9124182187545,302.26700531481896,72.8092665849954,285.1803255704505,277.495159162701,65.75906579123084,1.0,0.0,1.0,0.0,inf,0.0,0.0012607609969563782,23000.0,2900.0
15,68,10,known,3,100.0,300.0,150.0,299.0234591406243,263.5057637968288,141.34971369717908,287.0499687468206,251.11476411996117,139.0649481304579,1.0,0.0,1.0,0.0,inf,0.0,0.0013297820005391259,23000.0,2900.0
15,69,10,known,3,100.0,300.0,150.0,348.7935555487414,341.5839248231678,70.55045495766385,341.0522192596473,336.2887007520075,56.80251762428555,1.0,0.0,1.0,0.0,inf,0.0,0.0012822540011256933,23000.0,2900.0
15,70,10,known,3,100.0,300.0,150.0,346.35027667913636,339.6707734642322,67.69253880542941,317.6522328994162,312.4589654120131,57.204335496878386,1.0,0.0,1.0,0.0,inf,0.0,0.0013704359989787918,23000.0,2900.0
15,71,10,known,3,100.0,300.0,150.0,296.9949356444224,283.28873825270625,89.18229968791051,267.3464326142122,253.62082923675422,84.5611613496801,1.0,0.0,1.0,0.0,inf,0.0,0.0015818100000615232,23000.0,2900.0
15,72,10,known,3,100.0,300.0,150.0,460.7775738458814,438.2255493567823,142.38799264770557,413.52683231563543,391.8076279215488,132.2543902768179,1.0,0.0,1.0,0.0,inf,0.0,0.0013868109999748413,23000.0,2900.0
15,73,10,known,3,100.0,300.0,150.0,351.0331022918862,348.8822953227007,38.79926436196569,336.89209719720833,335.01969156568344,35.46958439519137,1.0,0.0,1.0,0.0,inf,0.0,0.0016305220015055966,23000.0,2900.0
15,74,10,known,3,100.0,300.0,150.0,338.8130650455139,297.96923002418845,161.2719163534926,315.2390830348471,292.60678537586773,117.29001928830994,1.0,0.0,1.0,0.0,inf,0.0,0.001277198000025237,23000.0,2900.0
15,75,10,known,3,100.0,300.0,150.0,272.0671161664415,208.25334243825034,175.07444434417263,244.69083576742852,191.06688318702567,152.8628511370835,1.0,0.0,1.0,0.0,inf,0.0,0.001250434997928096,23000.0,2900.0
15,76,10,known,3,100.0,300.0,150.0,305.23809719379904,271.4985913904693,139.49484166621386,290.0911106677884,263.38184798619085,121.58476318951372,1.0,0.0,1.0,0.0,inf,0.0,0.001417593000951456,23000.0,2900.0
15,77,10,known,3,100.0,300.0,150.0,330.44025043018246,295.1854447749828,148.51367713903406,302.6813652143103,273.47032234246905,129.73045766474723,1.0,0.0,1.0,0.0,inf,0.0,0.001303197001107037,23000.0,2900.0
15,78,10,known,3,100.0,300.0,150.0,300.15666036865383,267.8089518373578,135.5447751831075,260.7332934329238,256.6700257963503,45.851370340264026,1.0,0.0,1.0,0.0,inf,0.0,0.0012212230030854698,23000.0,2900.0
15,79,10,known,3,100.0,300.0,150.0,350.66418758696364,334.4897414857853,105.2710088143822,298.8425077643258,283.9345196534928,93.20961858097812,1.0,0.0,1.0,0.0,inf,0.0,0.0012427030014805496,23000.0,2900.0
15,80,10,known,3,100.0,300.0,150.0,416.7358020835392,397.5094984820976,125.1196521523378,384.58692403345765,366.801894252069,115.60048663656436,1.0,0.0,1.0,0.0,inf,0.0,0.0012962480032001622,23000.0,2900.0
15,81,10,known,3,100.0,300.0,150.0,316.9356736756268,281.1680480265115,146.2626063530413,289.90178060594303,266.84990435075264,113.28800001099175,1.0,0.0,1.0,0.0,inf,0.0,0.0012225729988131206,23000.0,2900.0
15,82,10,known,3,100.0,300.0,150.0,280.09281665901216,245.44691206534307,134.93627867095904,239.87785453642132,204.90489352145067,124.7211678423493,1.0,0.0,1.0,0.0,inf,0.0,0.001538230000733165,23000.0,2900.0
15,83,10,known,3,100.0,300.0,150.0,272.51220635801326,249.84322579332223,108.81757734529569,253.60930825675774,238.93784080062957,85.00817294827684,1.0,0.0,1.0,0.0,inf,0.0,0.001400577002641512,23000.0,2900.0
15,84,10,known,3,100.0,300.0,150.0,308.9188404019356,303.00848476797705,60.1390731046894,283.05708609877365,279.4664931782346,44.94210922273591,1.0,0.0,1.0,0.0,inf,0.0,0.0036903889995301142,23000.0,2900.0
15,85,10,known,3,100.0,300.0,150.0,588.229119705146,584.0955692358901,69.6122350459486,521.8584319056017,519.3459088583769,51.147335248671375,1.0,0.0,1.0,0.0,inf,0.0,0.0014939560023776721,23000.0,2900.0
15,86,10,known,3,100.0,300.0,150.0,346.9264831438249,332.24983509999777,99.84003096236965,329.73833861714166,318.9799411534264,83.54142143720942,1.0,0.0,1.0,0.0,inf,0.0,0.0013842549997207243,23000.0,2900.0
15,87,10,known,3,100.0,300.0,150.0,337.4603381257596,322.52305277250076,99.28927554503913,317.230763936406,306.92219035227964,80.21300802884016,1.0,0.0,1.0,0.0,inf,0.0,0.001469904000259703,23000.0,2900.0
15,88,10,known,3,100.0,300.0,150.0,334.2495215086979,305.5876749445497,135.42125221241213,263.6356594273954,248.56154084803927,87.86877336668657,1.0,0.0,1.0,0.0,inf,0.0,0.0014210800000000745,23000.0,2900.0
15,89,10,known,3,100.0,300.0,150.0,347.1935058916448,334.7736792388932,92.0321368989455,296.21834874200624,284.9665739762046,80.86632084931975,1.0,0.0,1.0,0.0,inf,0.0,0.0013544760004151613,23000.0,2900.0
15,90,10,known,3,100.0,300.0,150.0,449.88241427193634,445.0935749442539,65.4667565600285,387.21094480449824,383.80493571324206,51.24536172714884,1.0,0.0,1.0,0.0,inf,0.0,0.0011945419973926619,23000.0,2900.0
15,91,10,known,3,100.0,300.0,150.0,330.3008896842959,304.37279472979833,128.280472226327,279.0143250425823,264.1658276215999,89.80762270521893,1.0,0.0,1.0,0.0,inf,0.0,0.0013385349993768614,23000.0,2900.0
15,92,10,known,3,100.0,300.0,150.0,385.9788052984482,341.42362241429095,180.02652081602056,347.10053051099436,325.90405452976455,119.43753816147591,1.0,0.0,1.0,0.0,inf,0.0,0.0015673320012865588,23000.0,2900.0
15,93,10,known,3,100.0,300.0,150.0,380.4118079227623,337.99603324653964,174.5618088720115,326.90379322854943,316.36979334197844,82.31794390027045,1.0,0.0,1.0,0.0,inf,0.0,0.001332299998466624,23000.0,2900.0
15,94,10,known,3,100.0,300.0,150.0,318.34463402979304,298.5962352189325,110.37932020375366,277.55240581757926,257.834775763419,102.7451525968679,1.0,0.0,1.0,0.0,inf,0.0,0.0025623109977459535,23000.0,2900.0
15,95,10,known,3,100.0,300.0,150.0,322.4498990370429,286.0142177399338,148.89528078355238,287.7035782735764,250.31629586718537,141.827715820116,1.0,0.0,1.0,0.0,inf,0.0,0.0013854999997420236,23000.0,2900.0
15,96,10,known,3,100.0,300.0,150.0,346.36265321846747,329.8707333957495,105.60486159967604,333.464370156927,321.0477854011218,90.14879729198421,1.0,0.0,1.0,0.0,inf,0.0,0.00128993399994215,23000.0,2900.0
15,97,10,known,3,100.0,300.0,150.0,265.8774772666251,249.28756191802592,92.44752236069475,260.47174037326226,244.16917939086156,90.70247719147156,1.0,0.0,1.0,0.0,inf,0.0,0.0012301260030653793,23000.0,2900.0
15,98,10,known,3,100.0,300.0,150.0,293.5150720816108,273.61036298227685,106.2471967055127,277.03774995746005,258.4664956701012,99.72454821913064,1.0,0.0,1.0,0.0,inf,0.0,0.0012902959970233496,23000.0,2900.0
15,99,10,known,3,100.0,300.0,150.0,314.12897145179244,308.46714993592735,59.37194721219035,294.57023525545725,290.49863141915523,48.807465023838496,1.0,0.0,1.0,0.0,inf,0.0,0.0012174310031696223,23000.0,2900.0
16,0,10,known,3,100.0,300.0,150.0,257.7369320057156,252.12552129009686,53.48876175343529,183.97188152578525,177.24834396607588,49.281616789845785,1.0,0.0,37.0,0.0,inf,67.11103677526957,0.01631368000016664,40000.0,2900.0
16,1,10,known,3,100.0,300.0,150.0,280.4053116912036,254.13258562375097,118.50640383045948,225.33156135820153,194.90963601293228,113.06876816093467,1.0,0.0,35.0,0.0,inf,68.51336352071897,0.016112175002490403,40000.0,2900.0
16,2,10,known,3,100.0,300.0,150.0,669.5020727406087,162.99850857288368,649.3569985816638,577.097148333758,143.10278622731357,559.0730821537873,1.0,0.0,31.0,0.0,inf,67.90274553232172,0.010099952996824868,40000.0,2900.0
16,3,10,known,3,100.0,300.0,150.0,252.0984721154367,227.5366918164728,108.5389032566347,224.65848418909047,201.2113581201941,99.92709283055726,1.0,0.0,34.0,0.0,inf,79.49693842446479,0.018898502999945777,40000.0,2900.0
16,4,10,known,3,100.0,300.0,150.0,684.5714174982159,253.42638466106683,635.9348183683117,613.4568672762584,233.10420153117897,567.4431770996215,1.0,0.0,33.0,0.0,inf,70.72403718242917,0.021779211001557996,40000.0,2900.0
16,5,10,known,3,100.0,300.0,150.0,376.62688276472545,346.5364352877505,147.51375474555908,368.837893718582,340.07288831506696,142.79993864077102,1.0,0.0,27.0,0.0,inf,37.46747307319663,0.013480959001753945,40000.0,2900.0
16,6,10,known,3,100.0,300.0,150.0,3266.1743820576285,3262.502891423329,154.82240620772546,2979.458179628229,2976.985980260132,121.34874324930081,1.0,0.0,22.0,0.0,inf,33.76598031488289,0.009814379998715594,40000.0,2900.0
16,7,10,known,3,100.0,300.0,150.0,823.9399410943748,241.868983135356,787.6397790409463,710.4616583803053,221.92978579394716,674.909577799831,1.0,0.0,31.0,0.0,inf,88.9575544249061,0.014855826997518307,40000.0,2900.0
16,8,10,known,3,100.0,300.0,150.0,3455.729212102151,2441.3209891657166,2445.816063246596,2908.070975915385,2090.257622450666,2021.8060917774355,1.0,0.0,22.0,0.0,inf,68.47207239455246,0.01115075599955162,40000.0,2900.0
16,9,10,known,3,100.0,300.0,150.0,738.6747900464534,407.5445756910887,616.074560645822,657.6380159702312,375.2967364538698,540.0371465522874,1.0,0.0,25.0,0.0,inf,44.46633737836745,0.013274815999466227,40000.0,2900.0
16,10,10,known,3,100.0,300.0,150.0,758.4247532740433,326.35439240493673,684.6173507418563,666.2901693512734,271.26883525219915,608.5686557776894,1.0,0.0,30.0,0.0,inf,81.74431871609634,0.012539536000986118,40000.0,2900.0
16,11,10,known,3,100.0,300.0,150.0,784.8576503181974,522.7378333312191,585.4457181218295,700.3434714981742,505.2997351907809,484.92592804080977,1.0,0.0,30.0,0.0,inf,59.804208312127486,0.014172556999255903,40000.0,2900.0
16,12,10,known,3,100.0,300.0,150.0,1179.627157743623,901.5126499802432,760.7858918328454,987.4512977538935,733.6993342846545,660.8671215199796,1.0,0.0,26.0,0.0,inf,68.5392060275253,0.017865273999632336,40000.0,2900.0
16,13,10,known,3,100.0,300.0,150.0,934.0794125039046,868.5347622027424,343.73204056221647,823.4007083755843,767.2188047746092,298.9381744669526,1.0,0.0,27.0,0.0,inf,69.81851774141123,0.010507466999115422,40000.0,2900.0
16,14,10,known,3,100.0,300.0,150.0,760.8121034681081,754.2284966270021,99.87207647455627,701.8250686238794,695.684480925224,92.6365475863306,1.0,0.0,25.0,0.0,inf,74.77982866291076,0.014903965002304176,40000.0,2900.0
16,15,10,known,3,100.0,300.0,150.0,808.6674582084923,800.2458654443249,116.40280410989834,767.1112097781534,763.6604251306289,72.67986830346636,1.0,0.0,26.0,0.0,inf,74.08682436147956,0.015139695999096148,40000.0,2900.0
16,16,10,known,3,100.0,300.0,150.0,732.104720090639,725.2242016413925,100.13580045417152,688.6832072805713,685.5383120245579,65.74026723990539,1.0,0.0,27.0,0.0,inf,67.97066015836614,0.01240438999957405,40000.0,2900.0
16,17,10,known,3,100.0,300.0,150.0,944.5171939701168,937.1104636107801,118.05383812639026,900.9782356753275,894.9110389454817,104.38397163427327,1.0,0.0,33.0,0.0,inf,39.37643853626876,0.013870650000171736,40000.0,2900.0
16,18,10,known,3,100.0,300.0,150.0,1102.275366952546,232.9369597086726,1077.3817138749155,926.0704749003872,158.7852334970433,912.3561662560944,1.0,0.0,23.0,0.0,inf,34.54011355630941,0.009037793999596033,40000.0,2900.0
16,19,10,known,3,100.0,300.0,150.0,803.8841018236787,302.4518655529395,744.8171038506092,678.9143643351654,260.44526642824195,626.9712731024794,1.0,0.0,26.0,0.0,inf,70.89085478736209,0.010852177998458501,40000.0,2900.0
16,20,10,known,3,100.0,300.0,150.0,1092.1073119358039,215.93890202063838,1070.5460155349551,944.3421440576615,179.82501155685648,927.0625924186552,1.0,0.0,30.0,0.0,inf,29.171748667496953,0.015796140000020387,40000.0,2900.0
16,21,10,known,3,100.0,300.0,150.0,836.4336855581785,832.3202751874899,82.85088924241496,789.2081782683634,786.1051046054396,69.91647272953638,1.0,0.0,33.0,0.0,inf,79.3657579646372,0.023812356001144508,40000.0,2900.0
16,22,10,known,3,100.0,300.0,150.0,2696.6122368252786,2189.911955356137,1573.532072626451,2384.4212323040724,1990.2409131648465,1313.1662958769657,1.0,0.0,27.0,0.0,inf,76.94026266848857,0.022888936000526883,40000.0,2900.0
16,23,10,known,3,100.0,300.0,150.0,2726.831415557663,504.6389917681839,2679.7292879802985,2348.923296304051,414.0060268709786,2312.150440960621,1.0,0.0,32.0,0.0,inf,57.59362061927833,0.03235910199873615,40000.0,2900.0
16,24,10,known,3,100.0,300.0,150.0,722.0097054627702,183.7185191848755,698.2445993281672,640.4270105663444,180.51878732161572,614.4588865716548,1.0,0.0,33.0,0.0,inf,65.76994997577177,0.02049449799960712,40000.0,2900.0
16,25,10,known,3,100.0,300.0,150.0,440.4262259722824,229.39423908533635,375.97013657822276,356.17196928358,217.97611682336182,281.6822397630911,1.0,0.0,25.0,0.0,inf,130.06998851198193,0.014602919996832497,40000.0,2900.0
16,26,10,known,3,100.0,300.0,150.0,725.2478538388386,286.9693891908458,666.0578196863049,638.3546353374146,273.6231164532082,576.7382687139788,1.0,0.0,36.0,0.0,inf,26.826412723775128,0.021949305999442004,40000.0,2900.0
16,27,10,known,3,100.0,300.0,150.0,790.6380804140871,542.4654837435013,575.1867289392216,711.6450545976317,507.9017527459294,498.47215899273544,1.0,0.0,27.0,0.0,inf,76.3379049844634,0.012868304998846725,40000.0,2900.0
16,28,10,known,3,100.0,300.0,150.0,242.4232587555167,199.19123249245416,138.17340295361217,213.45790057814202,170.07792982923073,128.9874920456679,1.0,0.0,38.0,0.0,inf,72.60087940169346,0.024344937002751976,40000.0,2900.0
16,29,10,known,3,100.0,300.0,150.0,433.3300787966784,368.66437765869705,227.73127548815313,315.06711380038706,234.07878625809676,210.8895635692822,1.0,0.0,27.0,0.0,inf,66.36147041281782,0.01050665000002482,40000.0,2900.0
16,30,10,known,3,100.0,300.0,150.0,299.5642041160601,275.0771182205164,118.62247434270036,248.59038186585602,224.8535611717206,106.00968816390048,1.0,0.0,39.0,0.0,inf,63.82144276315702,0.01882302800004254,40000.0,2900.0
16,31,10,known,3,100.0,300.0,150.0,161.82725311913427,133.88617648957995,90.8985786307212,154.6545240651546,130.98552255620586,82.22417341936107,1.0,0.0,35.0,0.0,inf,72.9422619225818,0.01975221300017438,40000.0,2900.0
16,32,10,known,3,100.0,300.0,150.0,3253.366275806449,1660.5031292941017,2797.699319469342,2887.423641375902,1567.8122624158023,2424.702042436373,1.0,0.0,29.0,0.0,inf,36.13183376358917,0.011508616000355687,40000.0,2900.0
16,33,10,known,3,100.0,300.0,150.0,5722.026988338623,5720.1748968420625,145.57473961325024,5399.654146893649,5398.618864604851,105.73202352360306,1.0,0.0,29.0,0.0,inf,80.70316466191285,0.015442518000782002,40000.0,2900.0
16,34,10,known,3,100.0,300.0,150.0,2665.8871651784134,320.40993326824145,2646.5622705929363,2284.262943549974,296.6425240534695,2264.919514728675,1.0,0.0,38.0,0.0,inf,39.95083024766313,0.02613372999985586,40000.0,2900.0
16,35,10,known,3,100.0,300.0,150.0,762.5589741334113,419.57578203706356,636.7514053061739,657.7324691221743,328.063748275765,570.0755897289476,1.0,0.0,23.0,0.0,inf,38.83007618640723,0.011006560001987964,40000.0,2900.0
16,36,10,known,3,100.0,300.0,150.0,1075.0271376472901,225.6622003990234,1051.0756005108276,932.5059359895336,214.65280837670156,907.4643202416893,1.0,0.0,27.0,0.0,inf,23.047053304796837,0.013267640002595726,40000.0,2900.0
16,37,10,known,3,100.0,300.0,150.0,697.2728773398376,269.02729827173715,643.2835908511781,607.6451110166726,267.4220867404203,545.6354171659528,1.0,0.0,32.0,0.0,inf,84.39748578128922,0.014270637999288738,40000.0,2900.0
16,38,10,known,3,100.0,300.0,150.0,748.2072506671803,740.940629119788,104.02439170941345,689.2772808967148,684.4104034081925,81.76533291685503,1.0,0.0,24.0,0.0,inf,21.439129646477088,0.012458315002731979,40000.0,2900.0
16,39,10,known,3,100.0,300.0,150.0,751.5998529873045,286.8370306244698,694.7135070466636,657.9598892371392,225.85994414732212,617.9793697808342,1.0,0.0,27.0,0.0,inf,51.75470473726273,0.01121253500241437,40000.0,2900.0
16,40,10,known,3,100.0,300.0,150.0,2801.078950883856,2797.9883570976526,131.54635164298938,2669.5262271698243,2666.8222900908686,120.12139951753569,1.0,0.0,31.0,0.0,inf,87.36104381959171,0.010352696997870225,40000.0,2900.0
16,41,10,known,3,100.0,300.0,150.0,813.589674161417,803.336408474387,128.75858309857827,770.1751824258699,760.9320890109628,118.9628830271611,1.0,0.0,33.0,0.0,inf,23.444124967391197,0.01646694300143281,40000.0,2900.0
16,42,10,known,3,100.0,300.0,150.0,785.3887644571231,649.4758233664246,441.60691366643175,581.1912286632129,429.0441513938815,392.05147676007925,1.0,0.0,27.0,0.0,inf,22.715853020751453,0.01825191699754214,40000.0,2900.0
16,43,10,known,3,100.0,300.0,150.0,2150.317446832496,2089.7442599736632,506.7879734754453,1926.726592056203,1873.339938356565,450.4140715993802,1.0,0.0,25.0,0.0,inf,69.69977809100816,0.019090786001470406,40000.0,2900.0
16,44,10,known,3,100.0,300.0,150.0,2979.349996061007,2737.1065872466042,1176.7641773439445,2662.7591565675566,2461.7769557572615,1014.8598651966079,1.0,0.0,22.0,0.0,inf,35.15207584034246,0.014090861001022859,40000.0,2900.0
16,45,10,known,3,100.0,300.0,150.0,1667.5671803660475,1659.0722377107363,168.1059519810655,1450.835827318288,1443.6908370776891,143.810169210186,1.0,0.0,25.0,0.0,inf,65.18283748107403,0.010015535997808911,40000.0,2900.0
16,46,10,known,3,100.0,300.0,150.0,647.8923608552,638.0205672591534,112.66883778948288,599.2000411132757,592.0808024590985,92.09241352870042,1.0,0.0,33.0,0.0,inf,84.37096695848702,0.011122268999315565,40000.0,2900.0
16,47,10,known,3,100.0,300.0,150.0,743.0523212794524,247.5958799622995,700.587633622288,656.1595127909449,229.34132247862863,614.7746449145442,1.0,0.0,27.0,0.0,inf,70.87885711442853,0.011254041997744935,40000.0,2900.0
16,48,10,known,3,100.0,300.0,150.0,820.8068400024164,807.8131897763718,145.47068095693984,803.5362791407758,792.7053635104656,131.4867238817029,1.0,0.0,34.0,0.0,inf,40.83995920914738,0.012530783998954576,40000.0,2900.0
16,49,10,known,3,100.0,300.0,150.0,755.7580884326889,304.9373347276239,691.5081417602,664.8417531871085,298.62401833028184,594.0018960047042,1.0,0.0,32.0,0.0,inf,17.915194749478403,0.016925571999308886,40000.0,2900.0
16,50,10,known,3,100.0,300.0,150.0,701.3935118096103,265.9504069817487,649.0171333908373,566.8545420844172,218.82657738196374,522.9139517291824,1.0,0.0,37.0,0.0,inf,57.58620221939332,0.022993476999545237,40000.0,2900.0
16,51,10,known,3,100.0,300.0,150.0,3448.799325490424,3444.959218330184,162.7045529329051,2798.5928708507868,2794.771090410836,146.2074176663933,1.0,0.0,29.0,0.0,inf,57.248550177327694,0.011885899999469984,40000.0,2900.0
16,52,10,known,3,100.0,300.0,150.0,571.5638066421095,565.6410595470813,82.069341520899,561.0067178202257,555.1774683325691,80.66297846758202,1.0,0.0,33.0,0.0,inf,58.76289693236527,0.014769027002330404,40000.0,2900.0
16,53,10,known,3,100.0,300.0,150.0,743.6706277148156,288.6897585043738,685.3497106298611,684.3962268081343,280.3510478268327,624.3408406084038,1.0,0.0,31.0,0.0,inf,46.141841247868,0.013149812002666295,40000.0,2900.0
16,54,10,known,3,100.0,300.0,150.0,733.9613527816593,366.4270813416094,635.9484738849155,605.7367322509346,280.55390076356724,536.8486728719619,1.0,0.0,39.0,0.0,inf,57.50135735032644,0.017121123000833904,40000.0,2900.0
16,55,10,known,3,100.0,300.0,150.0,3413.1857107009773,3412.0747753717606,87.07710953566452,3232.719251927266,3231.5627363453314,86.46411304962392,1.0,0.0,31.0,0.0,inf,72.27355173246798,0.01292465200094739,40000.0,2900.0
16,56,10,known,3,100.0,300.0,150.0,813.6848007851879,360.8104708555847,729.3138961721504,704.2537963213505,333.2948708383921,620.3933741634042,1.0,0.0,28.0,0.0,inf,100.06932594964951,0.014884778000123333,40000.0,2900.0
16,57,10,known,3,100.0,300.0,150.0,519.2733730543346,232.52007686143466,464.30512577353556,447.0246341360634,229.60189474991228,383.554420456513,1.0,0.0,20.0,0.0,inf,113.04699319685113,0.01853953099998762,40000.0,2900.0
16,58,10,known,3,100.0,300.0,150.0,2706.8655599875765,370.81618706121367,2681.346026767198,2335.539238502761,345.6702338164819,2309.8172274098474,1.0,0.0,20.0,0.0,inf,47.701375080747994,0.009099983999476535,40000.0,2900.0
16,59,10,known,3,100.0,300.0,150.0,2908.052453289438,1282.2280198992546,2610.1073495295086,2375.598825766487,791.2500248464662,2239.953834158994,1.0,0.0,34.0,0.0,inf,15.5837213807688,0.02080999100144254,40000.0,2900.0
16,60,10,known,3,100.0,300.0,150.0,3828.902151621763,2533.7879402111694,2870.6114959593897,3363.8722116361214,2275.8058158815734,2477.1645372516737,1.0,0.0,27.0,0.0,inf,46.22129852150446,0.010737296997831436,40000.0,2900.0
16,61,10,known,3,100.0,300.0,150.0,713.256724803616,279.19767866700147,656.341231147746,605.9640808115453,240.77480741126374,556.0754978866178,1.0,0.0,34.0,0.0,inf,62.02667307188004,0.015043737999803852,40000.0,2900.0
16,62,10,known,3,100.0,300.0,150.0,1388.4046301288906,198.55911985872987,1374.1330695694169,1132.9362447120923,193.6766256041427,1116.2588854190283,1.0,0.0,27.0,0.0,inf,62.021237206618366,0.010692407999158604,40000.0,2900.0
16,63,10,known,3,100.0,300.0,150.0,245.11542489928095,191.8652370029377,152.54278859835227,215.14139053653423,164.53260589902538,138.61760176135473,1.0,0.0,32.0,0.0,inf,47.831583727565906,0.01271854200240341,40000.0,2900.0
16,64,10,known,3,100.0,300.0,150.0,482.99188936768303,460.49535836263794,145.6886753369315,453.42890634385515,430.58364191479774,142.11087369928376,1.0,0.0,20.0,0.0,inf,29.747455735529115,0.009424874999240274,40000.0,2900.0
16,65,10,known,3,100.0,300.0,150.0,717.6648795179518,231.88073474947478,679.1717044647546,598.2731164690512,202.64680468147012,562.9076251410892,1.0,0.0,37.0,0.0,inf,68.92796780831495,0.016822166999190813,40000.0,2900.0
16,66,10,known,3,100.0,300.0,150.0,3269.222650698017,1145.41396617669,3061.999932384773,2764.699288913744,1091.205106301332,2540.2428179412423,1.0,0.0,15.0,0.0,inf,55.61976691417707,0.005879527001525275,40000.0,2900.0
16,67,10,known,3,100.0,300.0,150.0,812.6494937835655,358.65782602107845,729.2213405959258,709.022208561804,344.25187900042783,619.841218408822,1.0,0.0,29.0,0.0,inf,100.23461485384806,0.01729839299878222,40000.0,2900.0
16,68,10,known,3,100.0,300.0,150.0,721.6477558722854,215.13500882982703,688.8340957961474,618.4150679859622,209.97575232539836,581.6763530929078,1.0,0.0,35.0,0.0,inf,101.3398172270952,0.016737267997086747,40000.0,2900.0
16,69,10,known,3,100.0,300.0,150.0,671.8697556433223,200.11760064206248,641.3750185823279,607.0131901891519,195.7559979457269,574.582111044091,1.0,0.0,34.0,0.0,inf,36.71718277037596,0.01808150099896011,40000.0,2900.0
16,70,10,known,3,100.0,300.0,150.0,386.2741988891308,375.98974881985345,88.54075620765448,358.10889349080037,355.53853087268357,42.829109984906516,1.0,0.0,32.0,0.0,inf,80.02411331663646,0.01441486999829067,40000.0,2900.0
16,71,10,known,3,100.0,300.0,150.0,5400.0699408744085,4773.914357358771,2523.9843650346033,3691.9106522632574,3111.675318272121,1986.877192468373,1.0,0.0,26.0,0.0,inf,97.25604163890286,0.012232529999891995,40000.0,2900.0
16,72,10,known,3,100.0,300.0,150.0,436.49988677297233,424.59737338493886,101.2384396730238,342.0835470731501,327.9573155992033,97.28901440097275,1.0,0.0,38.0,0.0,inf,51.20527241973992,0.01840231399910408,40000.0,2900.0
16,73,10,known,3,100.0,300.0,150.0,2964.7660845792084,2961.9478533054894,129.23950854957027,2734.130162081735,2731.8042420039033,112.7533883063861,1.0,0.0,23.0,0.0,inf,74.64894654686546,0.009006707001390168,40000.0,2900.0
16,74,10,known,3,100.0,300.0,150.0,137160.27668756308,125143.13092070188,56143.906921169364,103165.97242183288,95034.92327648318,40144.50427611901,1.0,0.0,4.0,0.0,inf,54.74084657429721,0.004822785002033925,40000.0,2900.0
16,75,10,known,3,100.0,300.0,150.0,2732.348565482714,2727.232686411202,167.1243772337924,2576.28102348821,2571.1240394655797,162.9266266380609,1.0,0.0,31.0,0.0,inf,49.977887826620595,0.02230869199775043,40000.0,2900.0
16,76,10,known,3,100.0,300.0,150.0,735.4943279733183,253.89578636958504,690.281707815507,607.8054867054053,205.98550202311569,571.836937094378,1.0,0.0,28.0,0.0,inf,50.345510829715025,0.015428391998284496,40000.0,2900.0
16,77,10,known,3,100.0,300.0,150.0,708.8950297230722,354.54742105689616,613.8634126481064,634.3053091448005,318.22258931074333,548.7053935051549,1.0,0.0,21.0,0.0,inf,45.63776408853814,0.011843485001008958,40000.0,2900.0
16,78,10,known,3,100.0,300.0,150.0,4417.794803703111,4416.515456644558,106.31156496787371,3558.531769975786,3557.914788110705,66.26249670936689,1.0,0.0,32.0,0.0,inf,9.562785977243147,0.014049396999325836,40000.0,2900.0
16,79,10,known,3,100.0,300.0,150.0,339.82168324679117,328.244635439964,87.94450357792464,303.74834770797946,292.4200557895856,82.18010530136381,1.0,0.0,29.0,0.0,inf,76.01219997439631,0.01711689399962779,40000.0,2900.0
16,80,10,known,3,100.0,300.0,150.0,740.6664933609915,359.0186232549487,647.8367715279743,681.2568891693717,356.95705894762324,580.2521926784874,1.0,0.0,33.0,0.0,inf,39.14878396404348,0.019423272999119945,40000.0,2900.0
16,81,10,known,3,100.0,300.0,150.0,714.5488671296038,195.1415233371042,687.3862592355732,621.4914004918314,192.7304593231058,590.8523766004522,1.0,0.0,28.0,0.0,inf,59.329057516502736,0.017000728999846615,40000.0,2900.0
16,82,10,known,3,100.0,300.0,150.0,732.3782811147431,297.24614231241,669.344961532524,644.7993051597905,288.15757746469126,576.8287046292245,1.0,0.0,27.0,0.0,inf,41.53626007131376,0.01772998100204859,40000.0,2900.0
16,83,10,known,3,100.0,300.0,150.0,121423.92680044098,95824.79784429769,74574.64795584578,101024.05980006733,85869.50733055847,53219.248109069966,1.0,0.0,4.0,0.0,inf,19.800822141003778,0.003720986998814624,40000.0,2900.0
16,84,10,known,3,100.0,300.0,150.0,728.6273897356255,205.15556356005894,699.1488166429988,637.378051721904,189.17968884870288,608.6557533975326,1.0,0.0,36.0,0.0,inf,64.84223084228601,0.016603642001427943,40000.0,2900.0
16,85,10,known,3,100.0,300.0,150.0,732.455857266506,719.7330746480923,135.9260243721415,700.9118410783663,691.5619808055042,114.1027417209274,1.0,0.0,28.0,0.0,inf,63.913224348990674,0.015555140002106782,40000.0,2900.0
16,86,10,known,3,100.0,300.0,150.0,765.4662621725142,330.9488661565441,690.2256489830396,649.7417767755869,290.34558978515633,581.2605396720187,1.0,0.0,34.0,0.0,inf,49.4598990020648,0.015080949000548571,40000.0,2900.0
16,87,10,known,3,100.0,300.0,150.0,12692.521579475268,12535.004417231283,1993.4312893695615,11504.460287751113,11363.681242402155,1794.2561504756889,1.0,0.0,27.0,0.0,inf,90.78656905470295,0.013890752001316287,40000.0,2900.0
16,88,10,known,3,100.0,300.0,150.0,2730.886452847501,463.48700496641106,2691.2674736215413,2374.6478176679766,436.69309674527636,2334.1489663708926,1.0,0.0,36.0,0.0,inf,79.70222413310765,0.027348881998477736,40000.0,2900.0
16,89,10,known,3,100.0,300.0,150.0,819.5104968715617,456.83188573988696,680.3690782612131,708.305823287704,390.82318293207527,590.7236062543242,1.0,0.0,31.0,0.0,inf,54.33021792460679,0.01630342999851564,40000.0,2900.0
16,90,10,known,3,100.0,300.0,150.0,328.7576727889103,320.76688120833984,72.04314913616025,285.0002337082755,276.22604374261186,70.17339931965893,1.0,0.0,34.0,0.0,inf,33.923957504616396,0.017345266001939308,40000.0,2900.0
16,91,10,known,3,100.0,300.0,150.0,302.9591024786857,277.03933795123396,122.61086005013071,262.47486285795753,247.74872896109457,86.68114518432316,1.0,0.0,35.0,0.0,inf,61.09180247186276,0.020438030998775503,40000.0,2900.0
16,92,10,known,3,100.0,300.0,150.0,343.2274550673687,330.1463699865274,93.85339789662153,311.0852410830638,302.16973598689736,73.94239564226127,1.0,0.0,37.0,0.0,inf,87.74656190250938,0.019934267998905852,40000.0,2900.0
16,93,10,known,3,100.0,300.0,150.0,740.7074327913155,483.7986964418565,560.8799535671261,690.0642130290396,477.13317292178704,498.53039365817597,1.0,0.0,33.0,0.0,inf,97.56917679818372,0.018174783999711508,40000.0,2900.0
16,94,10,known,3,100.0,300.0,150.0,770.4472479956863,264.43933708447133,723.644110697,680.3441239292782,231.52605340425342,639.7373004289714,1.0,0.0,32.0,0.0,inf,42.6572341180108,0.017874490997201065,40000.0,2900.0
16,95,10,known,3,100.0,300.0,150.0,2713.3118741556887,912.6509294151573,2555.216156702189,2244.0991339026227,961.7463688943458,2027.5662368221274,1.0,0.0,29.0,0.0,inf,50.85762077887887,0.01530745600030059,40000.0,2900.0
16,96,10,known,3,100.0,300.0,150.0,293.2090139262852,279.366481269325,89.02749570116208,266.11382639022605,260.8052029869295,52.88870097661559,1.0,0.0,35.0,0.0,inf,37.280423217964966,0.027758377997088246,40000.0,2900.0
16,97,10,known,3,100.0,300.0,150.0,1823.0858738607253,1254.5175260932203,1322.8105987613915,1415.5406426700333,849.2441234990973,1132.4927062692022,1.0,0.0,30.0,0.0,inf,50.17600496777035,0.014425221997953486,40000.0,2900.0
16,98,10,known,3,100.0,300.0,150.0,311.4554203584204,291.81752026380394,108.84398806422308,267.224553750259,247.33380985479738,101.16792292884149,1.0,0.0,37.0,0.0,inf,50.170092175455444,0.023108631001377944,40000.0,2900.0
16,99,10,known,3,100.0,300.0,150.0,890.4796077424762,533.0031597314487,713.3453325854778,745.0169658541771,403.29737249483645,626.4195947999435,1.0,0.0,25.0,0.0,inf,44.27605296568225,0.012871413000539178,40000.0,2900.0
17,0,10,known,3,100.0,300.0,150.0,586.3590069092627,193.66628950245533,553.4530271793333,502.0601606711677,133.68516156283434,483.93458495036043,1.0,0.0,25.0,0.0,inf,99.16616999086024,0.012047793999954592,70000.0,2900.0
17,1,10,known,3,100.0,300.0,150.0,718.8566812345501,658.1351073331631,289.159313616417,502.077262142731,444.8223713846467,232.84036393306053,1.0,0.0,23.0,0.0,inf,33.63715355626017,0.0120030569996743,70000.0,2900.0
17,2,10,known,3,100.0,300.0,150.0,3279.14985875487,1730.2187908632402,2785.5280885167595,2584.9054731668894,1107.8035408907328,2335.4887325778504,1.0,0.0,29.0,0.0,inf,29.805827549270326,0.018121175999112893,70000.0,2900.0
17,3,10,known,3,100.0,300.0,150.0,3442.5575292351728,683.4680289346365,3374.029311597335,2370.1577713597135,575.2647426571045,2299.2864843234515,1.0,0.0,28.0,0.0,inf,25.90267228344637,0.015467109999008244,70000.0,2900.0
17,4,10,known,3,100.0,300.0,150.0,1091.2956471669784,446.45901131468804,995.7914142738455,951.1675023251074,278.8518927256563,909.3740921109983,1.0,0.0,27.0,0.0,inf,56.080678279072245,0.017613359999813838,70000.0,2900.0
17,5,10,known,3,100.0,300.0,150.0,2302.2666686080147,977.2384605825159,2084.571132041735,1955.9404631267455,669.9226565680127,1837.636179855339,1.0,0.0,24.0,0.0,inf,80.44914356888285,0.013329770998097956,70000.0,2900.0
17,6,10,known,3,100.0,300.0,150.0,509.6171385327432,392.94667773575327,324.5035228510396,383.0060091573571,238.43840516254926,299.7344324467669,1.0,0.0,25.0,0.0,inf,15.331914756904052,0.010926418002782157,70000.0,2900.0
17,7,10,known,3,100.0,300.0,150.0,901.2127120579686,272.15155327102485,859.137872769585,791.140981246553,180.27185131660886,770.3285739414326,1.0,0.0,27.0,0.0,inf,62.30821673242866,0.01333457299915608,70000.0,2900.0
17,8,10,known,3,100.0,300.0,150.0,3429.1483066682126,1480.05295925528,3093.2994272984884,3057.0780342481403,907.4495949015526,2919.291239358533,1.0,0.0,31.0,0.0,inf,38.35156848600978,0.018191725001088344,70000.0,2900.0
17,9,10,known,3,100.0,300.0,150.0,576.1103989981946,430.03629131518306,383.36924757437436,557.6052117187663,412.3646396862232,375.33848200308694,1.0,0.0,24.0,0.0,inf,66.1092242260878,0.01447899699996924,70000.0,2900.0
17,10,10,known,3,100.0,300.0,150.0,3322.5079906777382,860.5848306958976,3209.1202995982458,2690.5554417461685,624.2201330933084,2617.1430626832175,1.0,0.0,24.0,0.0,inf,48.157258904396336,0.013258815997687634,70000.0,2900.0
17,11,10,known,3,100.0,300.0,150.0,4011.3795464683753,1863.8548524972991,3552.0713611422702,3481.3912924730953,1067.9795751689187,3313.5336060359346,1.0,0.0,31.0,0.0,inf,51.31034038768639,0.01938553500076523,70000.0,2900.0
17,12,10,known,3,100.0,300.0,150.0,2648.8648690075993,1219.8236626056282,2351.27950835498,2220.488508436271,612.9569960316294,2134.2101436159974,1.0,0.0,26.0,0.0,inf,53.96278767064221,0.019960964000347303,70000.0,2900.0
17,13,10,known,3,100.0,300.0,150.0,628.7221235209361,172.52755910942147,604.5872558633868,448.54849973024767,128.89041604220307,429.63125731576343,1.0,0.0,26.0,0.0,inf,32.26896504410026,0.016753934000007575,70000.0,2900.0
17,14,10,known,3,100.0,300.0,150.0,2462.5004629257032,656.788020316028,2373.296868551985,2044.7271790060759,470.15703184284854,1989.9401000972032,1.0,0.0,24.0,0.0,inf,46.40732096608796,0.01598238899896387,70000.0,2900.0
17,15,10,known,3,100.0,300.0,150.0,789.7416978894578,494.4589372059576,615.794047391235,506.7588171604466,233.54119692492327,449.7365985871387,1.0,0.0,26.0,0.0,inf,45.662807331973376,0.01236178700128221,70000.0,2900.0
17,16,10,known,3,100.0,300.0,150.0,2726.2679812375336,1250.3810368503928,2422.619319704587,2225.6866483501954,632.9884599646974,2133.777557805838,1.0,0.0,24.0,0.0,inf,30.202837270550127,0.013027862998569617,70000.0,2900.0
17,17,10,known,3,100.0,300.0,150.0,2095.3635895228417,553.1438535701384,2021.0344998429948,1530.3671901576615,469.4407668175873,1456.588172120305,1.0,0.0,25.0,0.0,inf,76.42772603008149,0.011788329000410158,70000.0,2900.0
17,18,10,known,3,100.0,300.0,150.0,2375.211844192816,561.8384757734193,2307.8060646281438,1458.632422492506,295.85143314015284,1428.3138567749297,1.0,0.0,25.0,0.0,inf,34.640900059761755,0.012317275999521371,70000.0,2900.0
17,19,10,known,3,100.0,300.0,150.0,2675.462814668803,244.04357832791524,2664.3092922092246,1601.6997986926324,156.76096636016015,1594.0101143210632,1.0,0.0,28.0,0.0,inf,23.77768314948185,0.017255990002013277,70000.0,2900.0
17,20,10,known,3,100.0,300.0,150.0,3742.9389364518543,862.3469627420809,3642.245131489209,3109.8120342483026,689.1547235488965,3032.4901739932825,1.0,0.0,28.0,0.0,inf,50.00269109958343,0.013971565997053403,70000.0,2900.0
17,21,10,known,3,100.0,300.0,150.0,2853.895557096131,476.2599469919849,2813.875674884061,2393.791105468898,379.95531872884015,2363.444480496987,1.0,0.0,25.0,0.0,inf,39.18847477835844,0.012302231996727642,70000.0,2900.0
17,22,10,known,3,100.0,300.0,150.0,621.0629339629736,255.83712256681753,565.9209614950025,487.28804712703106,227.86851163768645,430.72680700985075,1.0,0.0,27.0,0.0,inf,65.67422281013482,0.011361945998942247,70000.0,2900.0
17,23,10,known,3,100.0,300.0,150.0,601.6643682859875,376.4105296061591,469.3773804377318,536.7797779580166,343.52128623883937,412.46291460623576,1.0,0.0,26.0,0.0,inf,42.21557707096495,0.011471125999378273,70000.0,2900.0
17,24,10,known,3,100.0,300.0,150.0,575.2950640327415,420.78009611855293,392.3117655779617,495.36671894533356,362.49807180315764,337.61417946771405,1.0,0.0,25.0,0.0,inf,58.95427770693212,0.01166612199813244,70000.0,2900.0
17,25,10,known,3,100.0,300.0,150.0,2773.086160977041,679.6260149571976,2688.5154520656533,2423.303723112145,427.52539714084196,2385.2930573094677,1.0,0.0,23.0,0.0,inf,49.95379758408379,0.011905192000995157,70000.0,2900.0
17,26,10,known,3,100.0,300.0,150.0,2840.7830025791986,542.1120653590965,2788.577159831691,2064.647990554962,401.1309720133182,2025.306215907681,1.0,0.0,27.0,0.0,inf,43.08663836041489,0.012558448997879168,70000.0,2900.0
17,27,10,known,3,100.0,300.0,150.0,971.2665349334197,186.1547750931894,953.2602381257575,906.1484345636212,116.94124095142135,898.5709385612485,1.0,0.0,27.0,0.0,inf,45.71059266463307,0.01323307799975737,70000.0,2900.0
17,28,10,known,3,100.0,300.0,150.0,3236.7208338619807,383.84327071116434,3213.8802248817474,2053.4278215822756,282.94946225720054,2033.840067521655,1.0,0.0,30.0,0.0,inf,67.52720375790419,0.014579021000827197,70000.0,2900.0
17,29,10,known,3,100.0,300.0,150.0,426.26459668163614,171.42051122954172,390.2774842518595,380.15266973518607,145.38493387782856,351.25385878041084,1.0,0.0,26.0,0.0,inf,42.41616368758809,0.014157589001115412,70000.0,2900.0
17,30,10,known,3,100.0,300.0,150.0,615.3100896097673,147.82753066328803,597.2884793410756,496.23535922829706,71.66912085984637,491.03265559798945,1.0,0.0,23.0,0.0,inf,77.61520143051949,0.013674492998688947,70000.0,2900.0
17,31,10,known,3,100.0,300.0,150.0,2537.062999659193,896.9888033681272,2373.204532035096,1945.1068495033762,589.7951628899641,1853.5323902798546,1.0,0.0,27.0,0.0,inf,74.92207279969104,0.013512172001355793,70000.0,2900.0
17,32,10,known,3,100.0,300.0,150.0,593.331181628276,322.58049668254773,497.97963236707494,501.95221025954885,248.99489814639801,435.8412120044537,1.0,0.0,27.0,0.0,inf,29.777951070943235,0.010986299999785842,70000.0,2900.0
17,33,10,known,3,100.0,300.0,150.0,451.96980206949956,135.83949197396473,431.07346752380596,372.4301319840872,77.35471768673037,364.3081811616243,1.0,0.0,25.0,0.0,inf,27.290204687015176,0.014598118999856524,70000.0,2900.0
17,34,10,known,3,100.0,300.0,150.0,2888.8152865775496,567.9178262458684,2832.44119137473,1831.58326355042,449.8896890495993,1775.4707879897271,1.0,0.0,25.0,0.0,inf,18.631895192266242,0.014161258000967791,70000.0,2900.0
17,35,10,known,3,100.0,300.0,150.0,2981.637686497713,1766.9071319516497,2401.7082421896766,2306.597864416017,832.9069139544883,2150.9671733467576,1.0,0.0,25.0,0.0,inf,92.4099864439552,0.013930070999776945,70000.0,2900.0
17,36,10,known,3,100.0,300.0,150.0,2770.602858366696,369.8567986120587,2745.8051910705803,1842.975581606043,206.59564726142585,1831.3593948017863,1.0,0.0,27.0,0.0,inf,48.61457928156651,0.013375563001318369,70000.0,2900.0
17,37,10,known,3,100.0,300.0,150.0,2533.064576365746,449.2534246307598,2492.9074408201577,2173.8108089022835,330.4068179835343,2148.5541109151513,1.0,0.0,28.0,0.0,inf,27.552888961583655,0.013099322000925895,70000.0,2900.0
17,38,10,known,3,100.0,300.0,150.0,933.0490934772156,252.6348077198666,898.1961170963722,759.742781011985,182.1473079994419,737.58487748081,1.0,0.0,27.0,0.0,inf,57.200087544145184,0.016311457999108825,70000.0,2900.0
17,39,10,known,3,100.0,300.0,150.0,809.2171075673554,304.3402014495237,749.8062209406776,709.4204351820487,235.01059812802575,669.3634084870451,1.0,0.0,27.0,0.0,inf,41.56908924736863,0.013759725999989314,70000.0,2900.0
17,40,10,known,3,100.0,300.0,150.0,4799.687813102547,2222.41362751717,4254.160407350795,4459.5323924620425,1512.4046836964903,4195.242690494932,1.0,0.0,29.0,0.0,inf,25.387773909811013,0.016387733001465676,70000.0,2900.0
17,41,10,known,3,100.0,300.0,150.0,3324.1753564096175,1846.1515067220507,2764.3925941133816,2832.7633661960645,921.8798664412083,2678.5603970627203,1.0,0.0,29.0,0.0,inf,23.314739619161905,0.015391246000945102,70000.0,2900.0
17,42,10,known,3,100.0,300.0,150.0,686.3017951435444,217.136902670135,651.0466339027272,661.9918443093717,189.43616529176643,634.3083959807515,1.0,0.0,25.0,0.0,inf,54.7305337052612,0.013105223999446025,70000.0,2900.0
17,43,10,known,3,100.0,300.0,150.0,1648.7628149322977,245.9634807467149,1630.313094482908,1287.8703636680552,187.0037913746472,1274.221195721526,1.0,0.0,28.0,0.0,inf,73.08067620070706,0.02001300199844991,70000.0,2900.0
17,44,10,known,3,100.0,300.0,150.0,845.0096840026207,261.4819186310804,803.5350473297465,801.9198564072567,174.98780730622013,782.5948654280812,1.0,0.0,25.0,0.0,inf,40.473422364800335,0.017462767998949857,70000.0,2900.0
17,45,10,known,3,100.0,300.0,150.0,3147.7924066913383,861.4417044555861,3027.6253443001006,2261.639728152889,619.0071612344079,2175.280302466786,1.0,0.0,28.0,0.0,inf,57.57550884888342,0.022308221999992384,70000.0,2900.0
17,46,10,known,3,100.0,300.0,150.0,2646.4842044208795,1030.7996735025738,2437.4844978699257,2044.7624892060828,607.6932007074009,1952.3735838917337,1.0,0.0,27.0,0.0,inf,38.999861971808585,0.012650560998736182,70000.0,2900.0
17,47,10,known,3,100.0,300.0,150.0,2574.437606547861,524.451663322808,2520.452229828175,1879.5557283750263,341.816598580414,1848.2129609442447,1.0,0.0,26.0,0.0,inf,43.183059248198255,0.014330057998449774,70000.0,2900.0
17,48,10,known,3,100.0,300.0,150.0,2694.9310506148518,428.5362091034764,2660.640916218363,2232.324325559893,382.7246279525367,2199.2711869264836,1.0,0.0,28.0,0.0,inf,28.62126459337488,0.014883933003147831,70000.0,2900.0
17,49,10,known,3,100.0,300.0,150.0,3462.998050077692,576.3288552983981,3414.703580897225,2243.7458826238144,418.2588927177915,2204.417175684722,1.0,0.0,28.0,0.0,inf,59.56595027618257,0.013279130998853361,70000.0,2900.0
17,50,10,known,3,100.0,300.0,150.0,3492.6487487166905,754.0031581550523,3410.2895066848027,2710.9783649190617,593.6717639865983,2645.176276111721,1.0,0.0,26.0,0.0,inf,59.771486520114244,0.013705886998650385,70000.0,2900.0
17,51,10,known,3,100.0,300.0,150.0,4019.565376025305,993.7556386324025,3894.785686379644,1890.4589994327944,655.4252235178504,1773.204163347531,1.0,0.0,27.0,0.0,inf,67.53556611614196,0.016038180998293683,70000.0,2900.0
17,52,10,known,3,100.0,300.0,150.0,735.4256626192642,378.08734553669836,630.7938366724877,674.7843841927653,324.62210570223544,591.5694833574972,1.0,0.0,27.0,0.0,inf,19.142425822847677,0.016401926997787086,70000.0,2900.0
17,53,10,known,3,100.0,300.0,150.0,834.8041060003067,417.5102204771278,722.8991016677994,483.1232981460226,166.6060963721392,453.487077945037,1.0,0.0,29.0,0.0,inf,20.12446406072652,0.017925019998074276,70000.0,2900.0
17,54,10,known,3,100.0,300.0,150.0,543.7318117660583,500.2051963427997,213.1643607127171,300.8106353141521,273.0357045314661,126.24794005887688,1.0,0.0,24.0,0.0,inf,65.98672565019622,0.014053342998522567,70000.0,2900.0
17,55,10,known,3,100.0,300.0,150.0,2392.158178562477,335.09171339145723,2368.572205967073,1710.8303687455896,234.67120159467373,1694.6592512255322,1.0,0.0,28.0,0.0,inf,36.455886060135924,0.011862185998325003,70000.0,2900.0
17,56,10,known,3,100.0,300.0,150.0,1959.6779769462999,456.0080773790362,1905.8841535343688,1717.8213856562027,247.55516887775252,1699.8902174492632,1.0,0.0,26.0,0.0,inf,36.15994010169162,0.013112471002386883,70000.0,2900.0
17,57,10,known,3,100.0,300.0,150.0,639.2071599186594,444.71163194204917,459.14851378036496,463.38634653541374,325.162409995914,330.1458969623697,1.0,0.0,26.0,0.0,inf,55.46291235503527,0.01098043499951018,70000.0,2900.0
17,58,10,known,3,100.0,300.0,150.0,779.0689889940887,194.07835144115546,754.5078416518644,632.7235124590109,153.98896724480025,613.69898255199,1.0,0.0,25.0,0.0,inf,35.43620494766468,0.0151130779995583,70000.0,2900.0
17,59,10,known,3,100.0,300.0,150.0,2828.511510110327,653.6790711171299,2751.9413211058927,2294.0370481732093,607.593374344164,2212.1112697701997,1.0,0.0,28.0,0.0,inf,53.97537019746461,0.013158436999219703,70000.0,2900.0
17,60,10,known,3,100.0,300.0,150.0,3002.891011569026,289.49388904588074,2988.9040994262664,1909.869589260728,190.08192035158606,1900.386989941363,1.0,0.0,26.0,0.0,inf,36.15579308668227,0.011942675002501346,70000.0,2900.0
17,61,10,known,3,100.0,300.0,150.0,825.9495464434532,602.3662030259359,565.1084946470572,589.2386191315207,285.80503670295184,515.2840297071565,1.0,0.0,25.0,0.0,inf,66.66456055085337,0.015612241997587262,70000.0,2900.0
17,62,10,known,3,100.0,300.0,150.0,698.061903968483,294.1333746510806,633.0687006071857,581.4724500562901,203.56996559790372,544.6737365441197,1.0,0.0,26.0,0.0,inf,29.461760947256202,0.016390501001296798,70000.0,2900.0
17,63,10,known,3,100.0,300.0,150.0,2634.997820153608,1030.7781567992513,2425.0175058501745,2126.0902807122943,543.661589117953,2055.40554593419,1.0,0.0,27.0,0.0,inf,35.16791267240067,0.020853263999015326,70000.0,2900.0
17,64,10,known,3,100.0,300.0,150.0,3124.5283478756487,389.187485216329,3100.195235469779,2339.7960230189583,276.2799553588282,2323.427385480824,1.0,0.0,27.0,0.0,inf,45.76077237908933,0.014516115999867907,70000.0,2900.0
17,65,10,known,3,100.0,300.0,150.0,945.3202714792524,587.4088746418855,740.6626962805412,760.1180068781729,380.96975164003146,657.7548424115012,1.0,0.0,27.0,0.0,inf,9.396894088032665,0.011866971999552334,70000.0,2900.0
17,66,10,known,3,100.0,300.0,150.0,909.2388893670076,522.6113605704849,744.0381198164621,699.1052401194523,246.0399119263556,654.3794759172604,1.0,0.0,30.0,0.0,inf,36.41845028354195,0.015045468000607798,70000.0,2900.0
17,67,10,known,3,100.0,300.0,150.0,804.4254649173037,436.96728965880203,675.3961181230321,663.7106747275145,214.62862501337707,628.0496899705627,1.0,0.0,25.0,0.0,inf,73.66281930604279,0.01159127999926568,70000.0,2900.0
17,68,10,known,3,100.0,300.0,150.0,879.4811217896965,538.2003619092303,695.5770367293882,753.7890637274119,361.4599476548869,661.4715858117979,1.0,0.0,26.0,0.0,inf,60.31483540427893,0.011645432001387235,70000.0,2900.0
17,69,10,known,3,100.0,300.0,150.0,5384.037715334266,2999.3543037481136,4471.211902910607,4460.277778377834,1640.8280338574918,4147.5005995898855,1.0,0.0,29.0,0.0,inf,28.184617181509104,0.020559166998282308,70000.0,2900.0
17,70,10,known,3,100.0,300.0,150.0,2931.9938412785746,1152.4791604353948,2695.9932622426227,2246.2300947436647,650.9515129972386,2149.83993968359,1.0,0.0,27.0,0.0,inf,32.578568608002946,0.012064809998264536,70000.0,2900.0
17,71,10,known,3,100.0,300.0,150.0,5640.504974632048,3099.0357866793297,4712.883784025415,4384.008309712435,1628.164609755168,4070.4556087947317,1.0,0.0,31.0,0.0,inf,41.052556471080166,0.014214000002539251,70000.0,2900.0
17,72,10,known,3,100.0,300.0,150.0,2834.5295797990775,659.925753528748,2756.638521566701,2386.2478702714548,395.98622569039907,2353.1625119057385,1.0,0.0,29.0,0.0,inf,24.823635450980763,0.014025084001332289,70000.0,2900.0
17,73,10,known,3,100.0,300.0,150.0,2614.9698415102444,842.5840783629926,2475.5038563689004,2186.9183881615836,456.49071395170466,2138.7445533665586,1.0,0.0,27.0,0.0,inf,45.643616984975935,0.013373446003242861,70000.0,2900.0
17,74,10,known,3,100.0,300.0,150.0,2316.6797281043528,469.3053641598088,2268.6466092762194,1473.2263429921604,254.3444379435133,1451.1046704401629,1.0,0.0,26.0,0.0,inf,37.200346102873866,0.01287523600331042,70000.0,2900.0
17,75,10,known,3,100.0,300.0,150.0,2198.654970346271,305.75091858513565,2177.2919084065666,1718.911078527931,233.41864561007833,1702.988852508322,1.0,0.0,24.0,0.0,inf,96.79673465327141,0.01468953999938094,70000.0,2900.0
17,76,10,known,3,100.0,300.0,150.0,797.4521892105017,322.9108310475172,729.1492229090172,517.0720383590758,184.55038632348678,483.01619823838354,1.0,0.0,27.0,0.0,inf,32.46121496700822,0.019906997000362026,70000.0,2900.0
17,77,10,known,3,100.0,300.0,150.0,3833.038328437077,1307.7123988769877,3603.0641278072044,2718.440378440192,1002.6661054521245,2526.7724021192575,1.0,0.0,28.0,0.0,inf,50.275161489498096,0.01495920799789019,70000.0,2900.0
17,78,10,known,3,100.0,300.0,150.0,3081.9227312843273,364.2460152785688,3060.322297072766,2054.657491325351,261.26047549934873,2037.9794823798495,1.0,0.0,27.0,0.0,inf,55.38456031794392,0.014091039000049932,70000.0,2900.0
17,79,10,known,3,100.0,300.0,150.0,630.260619718724,264.53018850917925,572.0596368697308,438.5377816374413,153.21791660687214,410.9010293904576,1.0,0.0,27.0,0.0,inf,27.142198053558822,0.018539846998464782,70000.0,2900.0
17,80,10,known,3,100.0,300.0,150.0,2706.489052833099,381.4911080760455,2679.467769458016,2210.466543156853,309.16135900910905,2188.739726991642,1.0,0.0,27.0,0.0,inf,36.69062013997418,0.016671285000484204,70000.0,2900.0
17,81,10,known,3,100.0,300.0,150.0,8090.094213948255,5225.124344737056,6176.382434127213,6628.282757551933,3096.6794685631526,5860.435869714785,1.0,0.0,27.0,0.0,inf,46.469069679699786,0.017434085999411764,70000.0,2900.0
17,82,10,known,3,100.0,300.0,150.0,3387.83417334192,990.2396161193612,3239.883622714111,2656.216850807082,635.7892367421957,2579.003684556164,1.0,0.0,27.0,0.0,inf,53.93621681128193,0.019600163999712095,70000.0,2900.0
17,83,10,known,3,100.0,300.0,150.0,4386.985956591749,1214.58812892298,4215.4977713684775,3515.152933354705,931.0938801169531,3389.5964850230985,1.0,0.0,25.0,0.0,inf,33.40496754734165,0.01778048000051058,70000.0,2900.0
17,84,10,known,3,100.0,300.0,150.0,2204.812072336579,453.77666898944636,2157.6104859315924,1459.9447485837086,320.0195058353732,1424.438901744133,1.0,0.0,26.0,0.0,inf,29.609032663798395,0.01304604799952358,70000.0,2900.0
17,85,10,known,3,100.0,300.0,150.0,4566.214754499846,2405.696008750121,3881.100861572117,3770.62851110615,1320.636232742416,3531.7926481511486,1.0,0.0,29.0,0.0,inf,37.99124734999127,0.018233626997243846,70000.0,2900.0
17,86,10,known,3,100.0,300.0,150.0,852.8958951171755,336.5511503965339,783.6866281074966,518.7360542593706,224.9778446569383,467.4099521855511,1.0,0.0,27.0,0.0,inf,38.19660988497724,0.012771898000210058,70000.0,2900.0
17,87,10,known,3,100.0,300.0,150.0,2478.1854983080766,476.77152233353877,2431.8906800093237,1820.535597717449,247.41562127352427,1803.6450240849126,1.0,0.0,28.0,0.0,inf,52.31874937354676,0.013326033000339521,70000.0,2900.0
17,88,10,known,3,100.0,300.0,150.0,502.56941246147414,488.689285450022,117.29789694712433,282.83070314061666,268.41042693394996,89.15744137283403,1.0,0.0,26.0,0.0,inf,30.885744840773466,0.011211858000024222,70000.0,2900.0
17,89,10,known,3,100.0,300.0,150.0,675.7213976859118,227.90527140314018,636.1278130668893,499.0760875339824,211.9575668513525,451.83064416070937,1.0,0.0,25.0,0.0,inf,44.05056260808969,0.011002359999110922,70000.0,2900.0
17,90,10,known,3,100.0,300.0,150.0,4312.811649932113,1927.29261369942,3858.2233617262,3564.5338587266847,1379.8993303158009,3286.606071345173,1.0,0.0,28.0,0.0,inf,29.56467396075102,0.013938834999862593,70000.0,2900.0
17,91,10,known,3,100.0,300.0,150.0,865.3674073209532,542.9060753959865,673.879620519508,679.8109020518044,304.9299112135221,607.5858884106851,1.0,0.0,25.0,0.0,inf,28.95812016026327,0.013160639002308017,70000.0,2900.0
17,92,10,known,3,100.0,300.0,150.0,2401.2775240928618,435.0290309752287,2361.5426081107025,2033.5456586276523,411.7508588523706,1991.4239066451191,1.0,0.0,24.0,0.0,inf,51.857472507794185,0.012179052999272244,70000.0,2900.0
17,93,10,known,3,100.0,300.0,150.0,4905.780756512478,883.5852686667067,4825.55301535102,2766.225529796913,512.7303587458384,2718.2919749211223,1.0,0.0,29.0,0.0,inf,51.15930031659506,0.01872209499924793,70000.0,2900.0
17,94,10,known,3,100.0,300.0,150.0,759.7075813655741,502.8144471226152,569.5026259369744,662.4690959567305,415.2937017728422,516.1360715601433,1.0,0.0,26.0,0.0,inf,32.8591562097151,0.01298389200019301,70000.0,2900.0
17,95,10,known,3,100.0,300.0,150.0,3648.274501897925,845.9788056466316,3548.8345553991735,2051.8649767386537,585.2665634640949,1966.6247563929533,1.0,0.0,24.0,0.0,inf,75.7142648488212,0.013626530002511572,70000.0,2900.0
17,96,10,known,3,100.0,300.0,150.0,4139.55126340968,703.3689963211116,4079.357390252896,2899.2695245500227,463.3518966290615,2862.004331910552,1.0,0.0,30.0,0.0,inf,32.37419147224555,0.014997952999692643,70000.0,2900.0
17,97,10,known,3,100.0,300.0,150.0,2030.0810101929542,498.3346189242398,1967.9663400393,1825.6582152858502,287.01923893719777,1802.955317117046,1.0,0.0,26.0,0.0,inf,60.39616457167959,0.01351006099866936,70000.0,2900.0
17,98,10,known,3,100.0,300.0,150.0,2502.300015271364,170.2552110741457,2496.50125766625,1538.4324271828361,117.70600008753286,1533.9229545681444,1.0,0.0,28.0,0.0,inf,56.80835011820004,0.012178529002994765,70000.0,2900.0
17,99,10,known,3,100.0,300.0,150.0,589.2398918900404,148.06433623672052,570.3337641498756,524.3479410329934,121.71817798730534,510.02494881426156,1.0,0.0,27.0,0.0,inf,45.020440232949625,0.012022464001347544,70000.0,2900.0
18,0,10,known,3,100.0,300.0,150.0,2506.618859017425,184.71235174515814,2499.8038826065117,1325.7467862072965,100.52105936459816,1321.9304284882749,1.0,1.0,57.0,331.6472447116055,658.5588300681424,73.62515790575367,0.04883365000205231,110000.0,2900.0
18,1,10,known,3,100.0,300.0,150.0,2799.102491022147,162.3320405974117,2794.3913583894923,1237.9516316188074,91.95523752991603,1234.5316830760094,1.0,1.0,350.0,428.08775671651966,516.7068848178101,82.14070380571957,0.35145744199689943,110000.0,2900.0
18,2,10,known,3,100.0,300.0,150.0,6977.55012979389,465.3959943497148,6962.012092939079,1463.2470205430238,73.63252247301533,1461.3932033379303,1.0,1.0,46.0,486.5989182567444,453.74075766158455,76.34119342621781,0.046391397998377215,110000.0,2900.0
18,3,10,known,3,100.0,300.0,150.0,1943.263848575477,111.0183910629945,1940.0900242066496,1214.341763497096,69.83809162676484,1212.331868562057,1.0,1.0,147.0,840.3109743296785,260.5856617759931,70.6417458330898,0.12833638099982636,110000.0,2900.0
18,4,10,known,3,100.0,300.0,150.0,2640.39794273667,120.86925459768358,2637.629981498739,759.9627789007658,55.37994629522897,757.9422714579995,1.0,1.0,213.0,736.4562070260129,300.03319235566414,66.3772583020761,0.22334258899718407,110000.0,2900.0
18,5,10,known,3,100.0,300.0,150.0,6755.687331591189,398.892866798375,6743.900637097128,1040.288929870496,53.24707816734182,1038.9253131374476,1.0,1.0,116.0,269.9503132569289,816.4387038855149,50.606082546702325,0.13109792600153014,110000.0,2900.0
18,6,10,known,3,100.0,300.0,150.0,4652.757865152293,293.7786392203957,4643.4739003115255,1246.149402957264,136.38958694257852,1238.6630756845782,1.0,1.0,33.0,1184.9306592376383,185.54301361045026,64.41786789266577,0.021167086000787094,110000.0,2900.0
18,7,10,known,3,100.0,300.0,150.0,1265.1244192184422,58.4774794836227,1263.7722027707537,889.9713846523969,43.65372220040459,888.9001170199914,1.0,1.0,131.0,545.0147958173949,405.7023990440684,79.920582261499,0.10181582699806313,110000.0,2900.0
18,8,10,known,3,100.0,300.0,150.0,1362.6797960903327,73.97299283781393,1360.6705049362272,875.8551497335235,51.26589714269508,874.353504656376,1.0,1.0,214.0,816.8647457190114,269.13573618255776,72.85147400445298,0.1908112249984697,110000.0,2900.0
18,9,10,known,3,100.0,300.0,150.0,2533.7560909428726,122.06011468768989,2530.8143465676285,1326.1186175266323,73.59255850210388,1324.0750443550626,1.0,1.0,389.0,824.1994264960838,266.8604304086289,55.35849502547342,0.3640906390028249,110000.0,2900.0
18,10,10,known,3,100.0,300.0,150.0,2076.129139707112,164.0303194991289,2069.6391615511156,1171.7672032134376,93.53928322557647,1168.027731271945,1.0,1.0,180.0,532.6203905922806,414.39340998910467,64.68797240189163,0.19082140399768832,110000.0,2900.0
18,11,10,known,3,100.0,300.0,150.0,1415.581586591768,73.5627182713805,1413.6688985679048,1253.2160023761019,60.14828369957537,1251.7717573821249,1.0,1.0,36.0,608.1868179686462,363.7918236946995,79.1688832966041,0.026909273001365364,110000.0,2900.0
18,12,10,known,3,100.0,300.0,150.0,6598.963292351497,432.32523539764435,6584.786361351512,1140.9163613956491,97.52677047038812,1136.7403717392567,1.0,1.0,41.0,1538.6942353706825,142.75998728112597,53.72629561916163,0.03534705999845755,110000.0,2900.0
18,13,10,known,3,100.0,300.0,150.0,8839.807167217705,798.1508429730102,8803.700698311759,2396.3413929347544,165.2523033331228,2390.636682504386,1.0,1.0,71.0,473.16634623142926,461.3583240743727,72.28690657887105,0.05724497800110839,110000.0,2900.0
18,14,10,known,3,100.0,300.0,150.0,2024.872455088667,104.91080184046763,2022.1528584738583,1312.0036194601607,67.0373659455897,1310.2898492484933,1.0,1.0,208.0,407.54293012191806,540.4609574244457,83.2625878732909,0.196059942998545,110000.0,2900.0
18,15,10,known,3,100.0,300.0,150.0,1341.7456562653679,179.16569359899853,1329.7296944658235,919.3703575645474,91.98241192175787,914.7573942119406,1.0,1.0,375.0,606.2384580497741,363.81030817507036,86.97650977003326,0.4684410570007458,110000.0,2900.0
18,16,10,known,3,100.0,300.0,150.0,3655.6327325835346,229.50050657792386,3648.4216029697873,1062.5152048943053,104.39546617400237,1057.3741756227548,1.0,1.0,118.0,163.47976642273156,1340.2304306849387,50.507778885271975,0.09722074399905978,110000.0,2900.0
18,17,10,known,3,100.0,300.0,150.0,3943.8783520786824,173.76824990189144,3940.0483564698666,1155.5345052694086,75.07426434109834,1153.0931652307456,1.0,1.0,247.0,300.5033127371633,731.4497232075553,58.73218719568851,0.22380048500053817,110000.0,2900.0
18,18,10,known,3,100.0,300.0,150.0,1890.8610924998334,103.1903697301954,1888.043277767914,962.4718295966842,51.1737646962336,961.1104351602908,1.0,1.0,107.0,626.1612408302469,349.49964882924957,64.21043302433405,0.09476133299904177,110000.0,2900.0
18,19,10,known,3,100.0,300.0,150.0,1301.2133527918743,56.28616216450911,1299.995406696755,717.3732411316257,44.001725330626954,716.0224963362684,1.0,1.0,124.0,443.83298954130635,495.4364319284513,78.81426230018239,0.12442185300096753,110000.0,2900.0
18,20,10,known,3,100.0,300.0,150.0,1331.804106356343,158.34446792538554,1322.3574430482265,842.0615362055373,90.10829705824906,837.2264481955235,1.0,1.0,162.0,581.1469538524365,380.0932252886498,62.23553447663138,0.18518453599972418,110000.0,2900.0
18,21,10,known,3,100.0,300.0,150.0,2213.3403943091703,143.81715008927188,2208.663018303352,1258.0289262659053,72.57635493488003,1255.9336973049626,1.0,1.0,74.0,498.5982389397499,440.065396047944,74.99733646472787,0.07392047800021828,110000.0,2900.0
18,22,10,known,3,100.0,300.0,150.0,6121.605094894087,444.4965971816538,6105.446069938475,2119.1096512987106,133.23127577425615,2114.917289489806,1.0,1.0,762.0,383.0376682785445,570.4686359559454,88.69461546972542,0.8400668869981018,110000.0,2900.0
18,23,10,known,3,100.0,300.0,150.0,6582.226778800875,422.69448751216237,6568.640554771601,1714.7555581091976,91.68539074114027,1712.3026640144642,1.0,1.0,47.0,431.1575951807815,510.86296627376515,53.0218549734053,0.04173730399998021,110000.0,2900.0
18,24,10,known,3,100.0,300.0,150.0,1486.3783187615734,142.49086369289185,1479.5326492675094,860.9919150385766,59.027346143554034,858.9661519344313,1.0,1.0,285.0,497.73148270506164,441.99161337702554,67.4339580612327,0.2759329140026239,110000.0,2900.0
18,25,10,known,3,100.0,300.0,150.0,2076.723969968088,70.05956644671869,2075.54188215736,990.5300578726135,35.815580790375954,989.8823363015277,1.0,1.0,101.0,826.1135523585799,266.2140610786692,63.91383364384653,0.09068719599963515,110000.0,2900.0
18,26,10,known,3,100.0,300.0,150.0,3100.6174668408685,195.3402857192848,3094.4580863947394,1647.6811221385933,89.4365966325025,1645.25200970389,1.0,1.0,48.0,692.8032718196777,318.0849559958546,61.47848970562759,0.03243882200331427,110000.0,2900.0
18,27,10,known,3,100.0,300.0,150.0,1673.3852163019121,86.1547067524286,1671.1658950092897,1053.0243983559028,62.43910638007503,1051.1716042241956,1.0,1.0,56.0,649.8513550755772,340.6523653019682,71.99055122251929,0.050140224000642775,110000.0,2900.0
18,28,10,known,3,100.0,300.0,150.0,1290.5862178366576,114.3944623771552,1285.5063954128625,941.9659161816576,79.36224396067736,938.6167596423343,1.0,1.0,48.0,472.70855221466246,466.41728938315845,71.33927863578448,0.039311020002060104,110000.0,2900.0
18,29,10,known,3,100.0,300.0,150.0,3181.270101619867,113.94783396048753,3179.2287351803097,778.4683523540206,45.419809095537914,777.1422112834359,1.0,1.0,122.0,1047.4100705080157,209.56799779475674,63.80595447169126,0.14202144599767053,110000.0,2900.0
18,30,10,known,3,100.0,300.0,150.0,7208.185520277773,487.67643307187916,7191.669499592458,1208.8955057785877,61.62955702769534,1207.32354470218,1.0,1.0,156.0,431.3414947415882,508.67873905874285,51.7930130455307,0.12812713300081668,110000.0,2900.0
18,31,10,known,3,100.0,300.0,150.0,2173.7506974770367,140.02521101189478,2169.236048719221,1494.1983645947607,91.02909243036268,1491.4229638465952,1.0,1.0,27.0,593.4389205229434,368.3862346902408,50.472529585349264,0.023568215998238884,110000.0,2900.0
18,32,10,known,3,100.0,300.0,150.0,2454.936160410747,115.8214316305595,2452.2024687344456,1216.4147096851505,65.58636696517016,1214.6452874838476,1.0,1.0,208.0,697.3932734521931,314.5144806067491,71.66019958392994,0.20811842900002375,110000.0,2900.0
18,33,10,known,3,100.0,300.0,150.0,5667.968103676301,329.6702291369954,5658.372554393418,998.7781248345126,45.400272333071136,997.7457381116835,1.0,1.0,43.0,307.2809722690988,718.1732195315578,72.96357821626393,0.029925280003226362,110000.0,2900.0
18,34,10,known,3,100.0,300.0,150.0,3177.8369347242806,183.00462913201295,3172.5631419112947,1013.9598631176016,60.5960015087629,1012.1475824278865,1.0,1.0,51.0,1001.4297106714654,219.5266851413146,80.08831816269466,0.044504403002065374,110000.0,2900.0
18,35,10,known,3,100.0,300.0,150.0,3972.568396505994,230.04795251100143,3965.9018652084296,1804.8139866081815,101.05446936843815,1801.9826637560031,1.0,1.0,314.0,519.283570356144,422.82124425040223,72.72247569762158,0.29564601499805576,110000.0,2900.0
18,36,10,known,3,100.0,300.0,150.0,1599.7337264787482,187.3652558190683,1588.723467613366,780.9933860179365,91.16244219298217,775.654612657704,1.0,1.0,1544.0,358.0769636595698,615.2076181599273,84.9562619006715,1.5184473369990883,110000.0,2900.0
18,37,10,known,3,100.0,300.0,150.0,1590.6389477429232,71.2791792928822,1589.0410758303408,1033.4540453296572,42.108573448150324,1032.5958221155047,1.0,1.0,392.0,673.1435448176085,326.15956773211167,78.8115300288784,0.37963858200237155,110000.0,2900.0
18,38,10,known,3,100.0,300.0,150.0,2211.9096970161986,119.175057983664,2208.6968586270236,1557.9189028868664,70.83066586637662,1556.30791450315,1.0,1.0,228.0,500.9991175414899,439.40747650973685,76.46969416209468,0.22549407800033805,110000.0,2900.0
18,39,10,known,3,100.0,300.0,150.0,4106.139792814457,257.83307366727075,4098.036859797339,1735.014974823878,108.10630023080518,1731.6437251101938,1.0,1.0,38.0,892.9482903667563,245.37993578661886,54.911396116070215,0.028190005003125407,110000.0,2900.0
18,40,10,known,3,100.0,300.0,150.0,1718.3344879268996,118.93962378897255,1714.2131659428876,278.7742566587709,81.83583438482833,266.4919930995849,1.0,1.0,239.0,394.8557029000609,555.5480917918981,70.03851652043947,0.21975591799855465,110000.0,2900.0
18,41,10,known,3,100.0,300.0,150.0,1369.6747233190526,101.8683728811385,1365.881284118672,1084.1186264934845,65.51564757433499,1082.1371891923109,1.0,1.0,71.0,569.67392222395,385.54496368173375,72.10511235725762,0.05055759099923307,110000.0,2900.0
18,42,10,known,3,100.0,300.0,150.0,5709.64034489312,442.2337089522048,5692.4882270144035,1062.7505602630658,100.86999977567596,1057.9527383038978,1.0,1.0,507.0,306.8504656984306,715.340646058128,85.39489746582763,0.5212609000009252,110000.0,2900.0
18,43,10,known,3,100.0,300.0,150.0,4469.922110378508,184.96764067025933,4466.093443352426,707.1540286313043,48.31141044950675,705.5018269500532,0.0,1.0,2000.0,110.17115872028505,1988.4638493431569,99.86906268978554,1.883941706000769,110000.0,2900.0
18,44,10,known,3,100.0,300.0,150.0,1466.9843903843444,109.28478008839981,1462.9080758791224,889.62468412896,82.4073197411662,885.7997021136488,1.0,1.0,68.0,684.6720943148842,321.581135976011,68.0131246665034,0.09300166100001661,110000.0,2900.0
18,45,10,known,3,100.0,300.0,150.0,5979.069118359096,453.90205602216565,5961.815197207498,1741.211282029059,88.6002978325053,1738.9556394253623,1.0,1.0,38.0,392.8618425471813,561.2326770585566,74.27466726635521,0.028584917999978643,110000.0,2900.0
18,46,10,known,3,100.0,300.0,150.0,2191.052086938766,98.00308245462159,2188.859210526825,1185.5177078574616,52.114369571365536,1184.371701843551,1.0,1.0,227.0,868.4849083757177,253.1380007060081,76.19740638518448,0.17367291399932583,110000.0,2900.0
18,47,10,known,3,100.0,300.0,150.0,2139.29492288766,132.23360679639188,2135.2042151341257,863.9584956374231,61.9832852273727,861.7321826046078,1.0,1.0,192.0,578.1144055848927,380.05864347248104,63.65752364802373,0.16823672399914358,110000.0,2900.0
18,48,10,known,3,100.0,300.0,150.0,2188.5675139178084,121.14544441820122,2185.2120135751343,1152.1695244417133,68.02544371420922,1150.159620252654,1.0,1.0,319.0,371.3655733996131,592.3292791055231,75.8251842879841,0.32088405700051226,110000.0,2900.0
18,49,10,known,3,100.0,300.0,150.0,3906.9223974208535,297.100168038464,3895.6095940969526,1862.1625022310568,133.03814766637151,1857.404112190164,1.0,1.0,33.0,315.77650896112107,694.6266707468997,72.9592633380844,0.027767920000769664,110000.0,2900.0
18,50,10,known,3,100.0,300.0,150.0,3335.5535226172947,171.16955284105032,3331.158700276053,850.0714583909294,74.84317622618038,846.7703250251856,1.0,1.0,126.0,255.58522754382983,860.2357921327514,71.9037077337681,0.1043133420025697,110000.0,2900.0
18,51,10,known,3,100.0,300.0,150.0,7940.076612740341,574.5200835245395,7919.264062386927,1598.5194850491018,78.20165093799854,1596.605475962117,1.0,1.0,90.0,427.4068214361615,513.871000291045,71.76923520605618,0.07842995499959216,110000.0,2900.0
18,52,10,known,3,100.0,300.0,150.0,3935.9665269780235,181.2536582972852,3931.7908912918165,735.5625852037283,68.89577820154317,732.3289482859433,1.0,1.0,613.0,149.91606080005346,1459.0670953857482,79.05309432324552,0.5235608010007127,110000.0,2900.0
18,53,10,known,3,100.0,300.0,150.0,2847.950928546792,219.9941404508011,2839.441330539838,1529.288652292142,108.26932379626034,1525.4512563678381,1.0,1.0,549.0,525.5900384650798,420.39782625335806,78.28183734853721,0.5603597780027485,110000.0,2900.0
18,54,10,known,3,100.0,300.0,150.0,2568.955227696269,105.03929981460631,2566.8069088660427,1221.080837533858,62.57826135665547,1219.4762699609887,1.0,1.0,121.0,378.27236328321356,581.4616254382717,96.85889283978322,0.11933152200072072,110000.0,2900.0
18,55,10,known,3,100.0,300.0,150.0,6833.627150677229,475.1594304313016,6817.087614967639,1717.0913273716392,103.51515710895653,1713.9682723970143,1.0,1.0,99.0,354.39243388893556,617.526110516283,65.59514398408216,0.09776910499931546,110000.0,2900.0
18,56,10,known,3,100.0,300.0,150.0,2696.0425371064293,132.34519303551764,2692.7922518767878,1106.9328636448793,70.10415473017423,1104.7107187434276,1.0,1.0,122.0,745.2274856801151,294.4883324217128,81.39767922570637,0.09519855599864968,110000.0,2900.0
18,57,10,known,3,100.0,300.0,150.0,3498.3126720185996,158.5841553798456,3494.7163857555556,1369.023465880414,76.15346114480269,1366.9037641644302,1.0,1.0,115.0,234.91240457393027,935.7252862689246,67.95140981820076,0.10163606599962804,110000.0,2900.0
18,58,10,known,3,100.0,300.0,150.0,2426.2555573085715,115.25981724052873,2423.516289175793,1737.9598626965624,60.13575866286625,1736.919161870896,1.0,1.0,34.0,596.3154054366078,370.72987979974664,70.37469258607304,0.02443879500060575,110000.0,2900.0
18,59,10,known,3,100.0,300.0,150.0,2052.722725836783,95.8151543257066,2050.485319471547,1279.449951664753,72.57165027708761,1277.3901261521473,1.0,1.0,48.0,469.5392280117536,469.8660078588009,60.79795916415943,0.034626500000740634,110000.0,2900.0
18,60,10,known,3,100.0,300.0,150.0,2937.89925928538,122.23317185065265,2935.35536339451,1123.9805393989275,52.8575147364768,1122.7369843749636,1.0,1.0,441.0,338.56680318588474,650.301072855536,59.41842522635712,0.43906560000323225,110000.0,2900.0
18,61,10,known,3,100.0,300.0,150.0,5858.2112678853055,283.30758453162633,5851.356771871393,1075.485536720006,65.43824634906782,1073.492885681446,1.0,1.0,1359.0,195.29714975616633,1121.9037250194492,95.89078759774628,1.300140850002208,110000.0,2900.0
18,62,10,known,3,100.0,300.0,150.0,2842.524510881452,208.73077439127056,2834.8504473400108,648.9553929987122,93.33285307750535,642.2087516053684,1.0,1.0,1148.0,234.44863821841935,935.5014185265185,105.15487532258231,1.1780989020007837,110000.0,2900.0
18,63,10,known,3,100.0,300.0,150.0,3479.947960132203,187.4753167573705,3474.894359665486,1716.1599766414697,95.99878224232523,1713.4728767138513,1.0,1.0,49.0,807.9955112630075,272.5803504683499,59.00917013543368,0.03591817500273464,110000.0,2900.0
18,64,10,known,3,100.0,300.0,150.0,4562.958233507634,275.88149503698446,4554.610547723183,1449.4709706231538,75.50890708237297,1447.5028496104778,1.0,1.0,38.0,291.4988881633548,746.7818940029807,75.8072218529566,0.037400010998680955,110000.0,2900.0
18,65,10,known,3,100.0,300.0,150.0,3506.2157543340054,178.95319498717208,3501.645994378053,977.1418467193834,50.75160118281362,975.8229673396438,1.0,1.0,123.0,1098.215936485107,200.2675687129818,75.50497835926734,0.10659238800144522,110000.0,2900.0
18,66,10,known,3,100.0,300.0,150.0,1158.1577655815365,71.97215437127011,1155.9192960462142,798.8422516521375,67.98167884171829,795.944366376519,1.0,1.0,134.0,641.050392951832,344.3692021889369,84.00092550068757,0.13360321599975578,110000.0,2900.0
18,67,10,known,3,100.0,300.0,150.0,3447.3627060169747,191.28931593275533,3442.0514267579815,2020.179118591107,98.9397529099201,2017.7548405308476,1.0,1.0,50.0,397.9913163040279,553.0349643440941,56.633579601339854,0.036782162002054974,110000.0,2900.0
18,68,10,known,3,100.0,300.0,150.0,1623.9222658052872,196.13685730794597,1612.0340748828917,1186.857110254168,99.40284700470393,1182.6871412881064,1.0,1.0,97.0,338.62906806438025,647.4518179831565,72.16835535458657,0.11112603099900298,110000.0,2900.0
18,69,10,known,3,100.0,300.0,150.0,4103.143605235869,330.0781841056752,4089.845453995237,2226.651958131775,134.9079964367597,2222.5613096491816,1.0,1.0,95.0,402.61148421425673,547.7585420349384,74.15029790387493,0.09759665900128311,110000.0,2900.0
18,70,10,known,3,100.0,300.0,150.0,2252.7262907242466,166.8332731723599,2246.54009532054,1451.4305968805957,84.38744237081727,1448.9753404151754,1.0,1.0,188.0,572.8495954208365,384.62932616010977,61.612602518530935,0.1668620650016237,110000.0,2900.0
18,71,10,known,3,100.0,300.0,150.0,1100.8072702113923,70.45380783080722,1098.5503662155854,722.2837575083689,59.598473613103174,719.8207056645401,1.0,1.0,263.0,494.77424585539995,444.4032520654671,66.40721588180374,0.2796290219994262,110000.0,2900.0
18,72,10,known,3,100.0,300.0,150.0,1680.2020785573827,225.48088263754843,1665.0037226245295,869.254571488597,80.57035411215784,865.5125233594634,1.0,1.0,357.0,602.9769374617849,364.8897224997867,61.00625795046466,0.33442295599888894,110000.0,2900.0
18,73,10,known,3,100.0,300.0,150.0,3872.761997603727,141.96306766312208,3870.1591669469212,1091.2018467913485,68.72726515481087,1089.035368326112,1.0,1.0,570.0,166.1795873753974,1317.5345929939458,70.10782604616784,0.5724498370000219,110000.0,2900.0
18,74,10,known,3,100.0,300.0,150.0,4355.3567032131095,164.39586534829505,4352.252981121358,722.8721153410551,68.33594313866236,719.634833796281,1.0,1.0,186.0,113.90715202971433,1932.6084834097053,60.76512175730015,0.15241891800178564,110000.0,2900.0
18,75,10,known,3,100.0,300.0,150.0,3153.4617747895177,87.23899914325317,3152.2548314003957,927.0161851623415,58.26542910503661,925.1833047154204,1.0,1.0,30.0,982.4820496560095,222.33795964488007,62.820374571608085,0.03274048100138316,110000.0,2900.0
18,76,10,known,3,100.0,300.0,150.0,7986.559733172063,684.5830814098288,7957.165473720704,2215.687350274986,113.65126942661456,2212.7706214441446,1.0,1.0,63.0,352.73412171006186,624.7194509720116,52.225843144976025,0.06930131500121206,110000.0,2900.0
18,77,10,known,3,100.0,300.0,150.0,3145.7458551178624,170.0018864126578,3141.148889118016,1108.6850437686526,77.8788206168591,1105.9463891055595,1.0,1.0,44.0,995.649449206982,220.75889026334286,74.7085146879237,0.031240813998010708,110000.0,2900.0
18,78,10,known,3,100.0,300.0,150.0,4161.045420194424,217.46208298300607,4155.359097765881,1312.305827827091,100.2524151221461,1308.4708781670015,1.0,1.0,263.0,143.90670735189028,1521.7766527687718,79.7124935088375,0.2840997610001068,110000.0,2900.0
18,79,10,known,3,100.0,300.0,150.0,2684.457080750411,170.47924238983447,2679.0383808943848,929.1876108414306,60.64245206581911,927.2066162127245,1.0,1.0,42.0,907.161720369702,242.89786773019944,82.50077152105088,0.030491715999232838,110000.0,2900.0
18,80,10,known,3,100.0,300.0,150.0,1359.6138052002007,111.04166571597482,1355.0717500435137,1027.7784590209642,78.72834758468632,1024.7587072643455,1.0,1.0,144.0,630.3684317393643,349.1917903235605,60.02179656880516,0.15140301800056477,110000.0,2900.0
18,81,10,known,3,100.0,300.0,150.0,2330.9844310163426,133.6123742949793,2327.151939834578,1066.8632990388967,84.63944179212108,1063.500570629502,1.0,1.0,270.0,362.02576490108464,606.8129553022352,73.36366551395504,0.25396866600203793,110000.0,2900.0
18,82,10,known,3,100.0,300.0,150.0,3776.256980059469,249.25156465811705,3768.0220855195817,1391.6278606526241,86.50005420002492,1388.936947153467,1.0,1.0,147.0,321.4349402250419,682.1388455841677,82.28962855761588,0.14121807999981684,110000.0,2900.0
18,83,10,known,3,100.0,300.0,150.0,3668.2383661555255,120.86893565129104,3666.246501713965,596.2930120457024,60.4211482625539,593.2239383716496,1.0,1.0,145.0,207.41817831824355,1060.2699696800719,71.68488295266162,0.12285164900094969,110000.0,2900.0
18,84,10,known,3,100.0,300.0,150.0,4302.0946878221985,202.05082059234132,4297.347340963485,1075.90314941998,54.681094499503814,1074.5127104116398,1.0,1.0,30.0,1110.2842767435343,197.9705439271496,63.986142299435414,0.036013025001011556,110000.0,2900.0
18,85,10,known,3,100.0,300.0,150.0,6966.910816636333,444.7768325012225,6952.6987491358,1675.5297944994586,69.80187465038786,1674.0752045683878,1.0,1.0,89.0,343.54535948393107,638.9509599852203,64.72511624674236,0.08208548299808172,110000.0,2900.0
18,86,10,known,3,100.0,300.0,150.0,3385.804584471742,199.76796468963732,3379.906129541711,1786.1697615621538,81.41279064288504,1784.3134182757076,1.0,1.0,135.0,651.0647105437469,335.6696946924096,76.84145185059688,0.15826746499806177,110000.0,2900.0
18,87,10,known,3,100.0,300.0,150.0,3167.2973978348205,208.67747163116897,3160.4155611509145,1747.1540200998109,116.27813813170836,1743.2804033039417,1.0,1.0,62.0,318.528962546504,689.052461309666,85.14492883503573,0.043667123001796426,110000.0,2900.0
18,88,10,known,3,100.0,300.0,150.0,1426.804135689092,119.42844737547045,1421.7970627262462,1063.7760256508627,75.68002330042063,1061.080565660682,1.0,1.0,37.0,511.6333723802561,430.4355921538546,57.02094644909473,0.035869700001057936,110000.0,2900.0
18,89,10,known,3,100.0,300.0,150.0,2083.5227377316473,116.56142605229678,2080.2597031624277,1085.8567102305585,44.84751542171477,1084.930180017696,1.0,1.0,306.0,765.9817956831727,286.58174111490376,89.49447950398515,0.36062470200340613,110000.0,2900.0
18,90,10,known,3,100.0,300.0,150.0,4794.214345066995,330.0030452492794,4782.843210536213,1396.7010452463749,91.5416896678791,1393.697933142281,1.0,1.0,885.0,347.3966774287708,633.4849359733843,69.1509305670163,0.8248433399967325,110000.0,2900.0
18,91,10,known,3,100.0,300.0,150.0,3307.7519152575883,158.75455399036815,3303.940030399699,1357.3049381540195,63.47319473062533,1355.8199912554671,1.0,1.0,597.0,765.279715000054,287.8530299439315,101.24038357084433,0.5587963750003837,110000.0,2900.0
18,92,10,known,3,100.0,300.0,150.0,6862.467912498452,396.2479436083346,6851.018421903202,737.8572624561002,38.12556761670607,736.8716176194566,1.0,1.0,444.0,332.67944112278207,662.8654970016262,58.23919407280487,0.38859398899876396,110000.0,2900.0
18,93,10,known,3,100.0,300.0,150.0,4513.252240308298,166.28603003292054,4510.187883100189,998.7702470084691,33.8420945851576,998.1967335868454,1.0,1.0,460.0,170.45971381113222,1295.754783505891,65.84326625512797,0.41369475700048497,110000.0,2900.0
18,94,10,known,3,100.0,300.0,150.0,904.1520990574253,55.012473256500314,902.4769504071287,802.6064555877464,52.69925351471932,800.8744665864411,1.0,1.0,229.0,580.6541371943015,378.31762549622505,81.1298897240184,0.20303798600070877,110000.0,2900.0
18,95,10,known,3,100.0,300.0,150.0,2400.8563467790455,86.53777310661731,2399.2962325846656,1295.1107414129062,48.90285460434327,1294.187136133965,1.0,1.0,136.0,883.1554639055169,249.57844959051607,63.953012469923095,0.1288150479995238,110000.0,2900.0
18,96,10,known,3,100.0,300.0,150.0,1841.8053781583321,128.58232719648197,1837.3115239789072,1390.147432847056,79.12188753275748,1387.8939483852914,1.0,1.0,27.0,701.4105970663712,312.45968043881265,52.29477767440488,0.017453561998991063,110000.0,2900.0
18,97,10,known,3,100.0,300.0,150.0,3687.913073697714,243.36408794960784,3679.874557623802,1502.2866832165048,93.46816819771729,1499.3761969910722,1.0,1.0,58.0,1062.3750657437781,206.56828490243902,60.84867612708806,0.04659949599954416,110000.0,2900.0
18,98,10,known,3,100.0,300.0,150.0,3602.0309581091165,241.9013125510496,3593.8991051728985,904.8865227718721,60.00671462406428,902.8946856052462,1.0,1.0,304.0,924.8689428988265,237.1080970390476,74.77108460678676,0.3054078440000012,110000.0,2900.0
18,99,10,known,3,100.0,300.0,150.0,3260.5765677365725,198.88412607879704,3254.5052862864854,1982.1736633412172,108.60237094611347,1979.196290585758,1.0,1.0,163.0,412.117563732538,533.6000438869424,60.86078033270407,0.13126193400239572,110000.0,2900.0
19,0,10,known,3,100.0,300.0,150.0,10455.210405321179,925.2025299748996,10414.193434830386,1282.286089623335,53.00409080697717,1281.1901427966225,1.0,1.0,208.0,1273.8700623464263,218.58118548290338,65.38266687834259,0.19106546500188415,150000.0,2900.0
19,1,10,known,3,100.0,300.0,150.0,4371.579847022206,172.42106171932366,4368.178262887892,997.926794833705,56.454305636850876,996.3286602432615,1.0,1.0,38.0,1812.7587051146118,153.70873149911026,67.78986065858071,0.028518426999653457,150000.0,2900.0
19,2,10,known,3,100.0,300.0,150.0,2353.7286679847525,113.66829668753088,2350.982382073807,1298.6622232886327,57.363693710431114,1297.3946881503987,1.0,1.0,135.0,1349.2578973355612,206.71218761415554,83.69573059939644,0.14526229100010823,150000.0,2900.0
19,3,10,known,3,100.0,300.0,150.0,3968.5635200278452,142.3206172346608,3966.010748145515,852.557220012451,58.65319851129159,850.5372512122875,1.0,1.0,62.0,227.32553280869158,1231.1819370763824,64.64498838199356,0.05386833499869681,150000.0,2900.0
19,4,10,known,3,100.0,300.0,150.0,1773.020370459465,79.16173946834903,1771.252283856979,890.096312000885,54.56678728033503,888.4221464841359,1.0,1.0,37.0,1222.6211672483666,228.75154904847545,60.0452655395575,0.04042850699988776,150000.0,2900.0
19,5,10,known,3,100.0,300.0,150.0,1119.5310779796123,104.75217703994626,1114.619583520577,978.9540697915581,48.155295802037294,977.7689595439575,1.0,1.0,30.0,1033.8786850747601,271.2615163037559,77.22795153849093,0.02782324700092431,150000.0,2900.0
19,6,10,known,3,100.0,300.0,150.0,1556.7411712808255,64.18268256274173,1555.41751874532,1026.9458007000808,53.34097591787422,1025.559563293941,1.0,1.0,98.0,758.1824907374481,369.0318108320134,86.12570436640293,0.09746626199921593,150000.0,2900.0
19,7,10,known,3,100.0,300.0,150.0,2146.3756361534274,92.57863604790425,2144.3781307457275,1089.6567361223335,59.07880884758898,1088.0539954073633,1.0,1.0,181.0,606.7427824293287,460.68348414330075,94.98831379940385,0.16768507999950089,150000.0,2900.0
19,8,10,known,3,100.0,300.0,150.0,1963.891929442867,66.77460673864995,1962.756394060589,729.7199146687898,46.390272903295035,728.2438440825873,1.0,1.0,327.0,593.339690055497,471.4144651300319,84.80910835923568,0.3191718909984047,150000.0,2900.0
19,9,10,known,3,100.0,300.0,150.0,1869.7638490368722,86.80680053106455,1867.747689209316,1184.4149128054535,45.056019299259354,1183.5576203974417,1.0,1.0,83.0,1244.1632204002972,224.89533778711194,78.67174608941794,0.06424239199986914,150000.0,2900.0
19,10,10,known,3,100.0,300.0,150.0,2559.726297439528,84.72396057507467,2558.3237809761195,840.1241666371437,59.80974138831555,837.9924881541707,1.0,1.0,484.0,450.57190306191626,622.2167556455349,94.94550569873806,0.4897636519999651,150000.0,2900.0
19,11,10,known,3,100.0,300.0,150.0,1376.096594920119,88.91919653570811,1373.2207451965578,1054.427678300239,68.23977467780283,1052.2172123271673,1.0,1.0,127.0,875.6903630182246,316.70902751405725,74.20415519658252,0.105870834999223,150000.0,2900.0
19,12,10,known,3,100.0,300.0,150.0,2529.387422377718,116.69628942889221,2526.6940274825765,1518.9329114653817,51.98821495231937,1518.0429555973615,1.0,1.0,34.0,1263.5782202451524,220.97080313642812,94.23469518430136,0.04010313699836843,150000.0,2900.0
19,13,10,known,3,100.0,300.0,150.0,2213.829431040948,90.03225308999754,2211.9979527898813,664.2048361843621,46.310087853933744,662.5884395110257,1.0,1.0,79.0,1373.7162229886155,203.41601424727278,100.89266813134874,0.07460349399843835,150000.0,2900.0
19,14,10,known,3,100.0,300.0,150.0,1089.1530691351393,65.59565306140111,1087.1759831351785,801.2798470131748,43.74444046545195,800.0848812206247,1.0,1.0,106.0,903.5235378279634,309.13657660054594,58.16838149691034,0.10640900300131761,150000.0,2900.0
19,15,10,known,3,100.0,300.0,150.0,1253.663544524474,63.07312380898242,1252.0759018217084,824.5989480982392,43.61030641221529,823.4449382802444,1.0,1.0,106.0,809.1364736053877,343.1886285442043,71.89079464269105,0.09617085400168435,150000.0,2900.0
19,16,10,known,3,100.0,300.0,150.0,2555.9507945651862,107.5599353464429,2553.6866143962684,1119.1420081716533,47.098903884640464,1118.1504942123606,1.0,1.0,76.0,1405.1600479938356,199.29333884222237,71.3542961172647,0.05027558200163185,150000.0,2900.0
19,17,10,known,3,100.0,300.0,150.0,5473.782446827815,265.2349494118462,5467.352622321959,1062.2921770863509,53.723004259651724,1060.932848163434,1.0,1.0,371.0,315.52365560381224,884.0760336662927,67.6340188999088,0.3568535940030415,150000.0,2900.0
19,18,10,known,3,100.0,300.0,150.0,5581.009820502829,294.7541667425793,5573.220845950473,1099.2518464823806,49.38986046326057,1098.1417320539017,1.0,1.0,130.0,392.00658386261034,711.2896098536085,80.33148046295716,0.12301914999989094,150000.0,2900.0
19,19,10,known,3,100.0,300.0,150.0,1886.742181383229,91.75247644363502,1884.5098943962078,1003.3080819047285,54.293656657236085,1001.8379639752786,1.0,1.0,83.0,678.1288186914976,410.0689847722912,72.78822343379419,0.07684444400001667,150000.0,2900.0
19,20,10,known,3,100.0,300.0,150.0,3063.6995083247584,96.51615498339726,3062.1788499590593,1012.6998465625486,58.957694496961224,1010.9821805983588,1.0,1.0,45.0,420.5515538581996,665.3307497022166,69.26388082436523,0.03635276099885232,150000.0,2900.0
19,21,10,known,3,100.0,300.0,150.0,2128.122431323389,111.04768256121814,2125.2231635523726,851.9422905391181,47.05811359063037,850.6416403834993,1.0,1.0,80.0,1265.4944185912511,219.85822949861407,76.64925883729674,0.08573461299965857,150000.0,2900.0
19,22,10,known,3,100.0,300.0,150.0,1404.7434338265405,75.73853270027375,1402.70017806486,946.2374242400825,52.485569925181316,944.7806771849934,1.0,1.0,112.0,829.5928560754809,335.9293878728921,92.17279845690253,0.08647159300016938,150000.0,2900.0
19,23,10,known,3,100.0,300.0,150.0,1782.8345705666864,96.46409658693196,1780.2229590917448,974.6539917971025,53.46774742254287,973.1863150042676,1.0,1.0,217.0,1258.357192914607,222.2401627057907,78.61834792544609,0.22197021000101813,150000.0,2900.0
19,24,10,known,3,100.0,300.0,150.0,5246.398315812153,268.2845413361546,5239.534205732093,887.9884808951656,61.90925115528612,885.827741055729,1.0,1.0,1041.0,255.97216335917577,1089.336553489031,91.7120585936982,1.1328514779997931,150000.0,2900.0
19,25,10,known,3,100.0,300.0,150.0,1833.7646804632302,96.23851294455928,1831.2375738665457,917.4461884384116,68.62729622565726,914.8758401515067,1.0,1.0,43.0,1282.907935281094,217.00888052364596,93.27924805181546,0.03286783099974855,150000.0,2900.0
19,26,10,known,3,100.0,300.0,150.0,4776.834954854866,174.78209682022188,4773.636287418053,601.7813991233619,43.99288336618524,600.1712076932716,1.0,1.0,843.0,161.58187661408272,1725.9583701193133,68.16901190258483,0.8655229459982365,150000.0,2900.0
19,27,10,known,3,100.0,300.0,150.0,3690.425296014339,186.86190969049048,3685.69145373963,1189.7299064876108,61.893088285037194,1188.1188896796314,1.0,1.0,447.0,547.6664661225312,508.7752933392537,65.82945104899326,0.4451789289996668,150000.0,2900.0
19,28,10,known,3,100.0,300.0,150.0,4390.745083684603,176.02417981518738,4387.215276006057,740.9266112771477,50.975925664080414,739.170953366897,1.0,1.0,41.0,1818.4151912313507,153.5231886593893,93.25515447715323,0.036103673999605235,150000.0,2900.0
19,29,10,known,3,100.0,300.0,150.0,4995.884385543513,292.85003376361715,4987.2938204443235,1301.3350662526052,57.1346074798545,1300.0802249425974,1.0,1.0,60.0,436.0185631296684,642.6387493865224,73.3076680937552,0.05672853199939709,150000.0,2900.0
19,30,10,known,3,100.0,300.0,150.0,5050.918007215545,285.4712528509525,5042.844324328281,1205.2932011159148,60.23927296669271,1203.78691247608,1.0,1.0,112.0,1937.4709515313739,144.6486521713123,80.2418438128191,0.10002460800023982,150000.0,2900.0
19,31,10,known,3,100.0,300.0,150.0,3210.048048182384,164.84774160162897,3205.812485740296,870.4130690353406,59.32069322638438,868.3892940972164,1.0,1.0,36.0,1574.0465331707908,177.11906656566165,66.9573530803453,0.028669278999586822,150000.0,2900.0
19,32,10,known,3,100.0,300.0,150.0,1376.6498155702343,65.00946604248512,1375.1139894693933,914.1807098605235,57.43044255285409,912.3749857099733,1.0,1.0,193.0,778.0561422331223,358.3938727751043,72.73121188843744,0.22943326300082845,150000.0,2900.0
19,33,10,known,3,100.0,300.0,150.0,1715.8102120465653,63.98992682446513,1714.6165673491785,1144.44919806248,36.71185238768022,1143.8602217229686,1.0,1.0,26.0,1228.8898454512218,227.77016127875373,83.97699307086033,0.026687492998462403,150000.0,2900.0
19,34,10,known,3,100.0,300.0,150.0,2501.7960702795754,61.508167770536836,2501.0398482558885,957.6869135623875,47.30457459692304,956.517904500933,1.0,1.0,935.0,500.1159191474426,554.8893796985789,78.77614167860433,0.9056701210029132,150000.0,2900.0
19,35,10,known,3,100.0,300.0,150.0,2070.710128726041,89.74329327382537,2068.764505331863,1403.7650367257718,55.89918189847427,1402.651617400696,1.0,1.0,65.0,852.8589009104531,325.9948391512261,87.70279574778928,0.06016587400154094,150000.0,2900.0
19,36,10,known,3,100.0,300.0,150.0,4251.6037342189065,205.1277651671323,4246.652436070284,1068.8604523486124,62.39408995357231,1067.0377894590922,1.0,1.0,32.0,1781.3458846398962,156.74626926441374,64.75894418377038,0.024021780998737086,150000.0,2900.0
19,37,10,known,3,100.0,300.0,150.0,2262.098952173519,63.42258979068378,2261.209686103608,781.8280856048482,45.29273071347642,780.51503764185,1.0,1.0,88.0,1354.7441092633826,206.3585625408541,80.67161852050545,0.078973360999953,150000.0,2900.0
19,38,10,known,3,100.0,300.0,150.0,3034.486971881053,118.02375878391882,3032.1908869459976,1063.1112860455269,52.40528454084007,1061.818860573482,1.0,1.0,121.0,1527.561740788223,182.42753905455163,69.97198760296926,0.10978810899905511,150000.0,2900.0
19,39,10,known,3,100.0,300.0,150.0,3543.6700287305225,102.30186090399413,3542.193049761484,1115.2643136683178,29.33685285632686,1114.878396241738,1.0,1.0,158.0,326.7495642655382,853.7489252238912,64.5165801107868,0.16390752399820485,150000.0,2900.0
19,40,10,known,3,100.0,300.0,150.0,2407.5571372865315,115.38159495633494,2404.7907303640063,1224.4968293323943,57.9839903820612,1223.1231916305323,1.0,1.0,43.0,644.1100955681511,432.0421564503447,70.61298356480673,0.04191375600203173,150000.0,2900.0
19,41,10,known,3,100.0,300.0,150.0,5138.02554398453,226.97253622835223,5133.009834243023,918.2551136321658,67.60193399407169,915.7633057902478,1.0,1.0,116.0,1964.2690076590975,142.22966582161766,65.06837936543383,0.12093714199727401,150000.0,2900.0
19,42,10,known,3,100.0,300.0,150.0,1628.1832288877251,78.21052233404492,1626.3037050402038,770.3688161929147,48.508277563199215,768.8400743784914,1.0,1.0,138.0,1204.16873961482,233.75429199722342,66.16579034891913,0.12758058100007474,150000.0,2900.0
19,43,10,known,3,100.0,300.0,150.0,4601.580293954486,206.8498353967476,4596.9287951094675,1243.8016096275676,54.865892529737,1242.590913353644,1.0,1.0,47.0,436.4667646700151,638.2347400673959,74.96909115195527,0.036614856999221956,150000.0,2900.0
19,44,10,known,3,100.0,300.0,150.0,1671.8951358973657,66.58698750972832,1670.5686213177985,996.0662104921795,42.194106622127364,995.1721223238779,1.0,1.0,24.0,706.6266880827967,395.685841007608,72.82885432100282,0.020007776001875754,150000.0,2900.0
19,45,10,known,3,100.0,300.0,150.0,1701.364423096065,78.0618210366971,1699.572667547181,1144.9864655623924,51.52687121980688,1143.8264675480093,1.0,1.0,43.0,1216.6925528715817,229.45938109882738,84.79212830903688,0.030496929000946693,150000.0,2900.0
19,46,10,known,3,100.0,300.0,150.0,3568.0022035639586,125.69711724133234,3565.7874248690823,1264.132054393872,61.10640498783712,1262.6542908553924,1.0,1.0,44.0,450.89776210433195,616.0597972049612,82.56347929851292,0.05289728099887725,150000.0,2900.0
19,47,10,known,3,100.0,300.0,150.0,1538.3030288898672,44.70033680657911,1537.6534357849034,946.3565013182514,35.378975648750206,945.6949591011717,1.0,1.0,82.0,1207.946052319961,230.59425596491883,105.66279537358997,0.06787097900087247,150000.0,2900.0
19,48,10,known,3,100.0,300.0,150.0,2251.581822665421,103.06860272560182,2249.2215469556418,1078.8709968092944,57.38441104334357,1077.3437970886957,1.0,1.0,69.0,633.1839959522375,441.9518226876659,72.87404009384271,0.05953548999968916,150000.0,2900.0
19,49,10,known,3,100.0,300.0,150.0,2019.9442525073853,61.29329597307737,2019.0140948260803,922.9341100254643,67.42851554574364,920.4676891340583,1.0,1.0,497.0,579.6442500404654,481.20557763362325,69.2584203815712,0.45654337000087253,150000.0,2900.0
19,50,10,known,3,100.0,300.0,150.0,1641.356753886099,52.802273661529775,1640.5072122437273,935.39999680681,36.46194136469528,934.6890824536779,1.0,1.0,273.0,706.9459125967845,396.1638311825445,70.42046678776434,0.2532432139996672,150000.0,2900.0
19,51,10,known,3,100.0,300.0,150.0,3468.4159612267117,156.64013389939853,3464.8770755315677,914.14166230702,57.60209403887491,912.3250394063392,1.0,1.0,171.0,1657.3002682371373,168.02811678051273,78.26697974186827,0.14928941400285112,150000.0,2900.0
19,52,10,known,3,100.0,300.0,150.0,2644.611457006359,107.90842658292117,2642.4090391159534,1035.0034262681631,58.97868120892914,1033.321637995495,1.0,1.0,226.0,622.2825917273664,450.7518107691495,74.53505751531934,0.23031783599799383,150000.0,2900.0
19,53,10,known,3,100.0,300.0,150.0,1216.2587066290785,46.247344654124014,1215.3791279117318,1162.9176027052472,26.468940550974683,1162.616336487591,1.0,1.0,60.0,887.2533086038414,315.56448930735786,64.97113688662127,0.04768108099960955,150000.0,2900.0
19,54,10,known,3,100.0,300.0,150.0,2447.8408928671843,107.47262084912789,2445.4804584295157,904.1164635590093,40.104214193734336,903.2265671925027,1.0,1.0,89.0,1415.6853174526382,197.002661901993,70.3407343710466,0.10075137199964956,150000.0,2900.0
19,55,10,known,3,100.0,300.0,150.0,1774.5666014689605,60.09302176186594,1773.5488298281005,941.6279432037242,37.642246323839764,940.8752545974261,1.0,1.0,40.0,1242.575835740505,224.640888957537,73.21657488033989,0.0299894139971002,150000.0,2900.0
19,56,10,known,3,100.0,300.0,150.0,2037.5232492291414,89.02520173459195,2035.5774376341944,1195.4254901072686,62.30535213428399,1193.8007143127477,1.0,1.0,77.0,834.9605634448382,335.5057130822435,66.82863196118849,0.08523055800105794,150000.0,2900.0
19,57,10,known,3,100.0,300.0,150.0,2666.1657241999783,88.24967591536246,2664.704798584569,871.6400570261405,61.44738407308933,869.4714532422026,1.0,1.0,187.0,1401.4753033122347,199.50641371501243,80.03924909923033,0.22197731800042675,150000.0,2900.0
19,58,10,known,3,100.0,300.0,150.0,2979.5685085602354,114.93377773350267,2977.350957468698,730.7749003896653,33.38701182651247,730.0118235212506,1.0,1.0,196.0,361.14693331181434,774.3973315107402,70.51809380094812,0.17695971499779262,150000.0,2900.0
19,59,10,known,3,100.0,300.0,150.0,5948.2042117425535,312.3339049833517,5939.998390268276,1430.811870602263,65.07610417479424,1429.3312106442575,1.0,1.0,274.0,406.9332580143431,684.0770995105947,103.01092079346915,0.2662220809979772,150000.0,2900.0
19,60,10,known,3,100.0,300.0,150.0,9495.663816934879,850.368182067482,9457.510522287223,1903.9842016944124,76.240697438845,1902.4571470485075,1.0,1.0,29.0,1149.176813882403,243.41919930829823,65.70304867702785,0.030574872998840874,150000.0,2900.0
19,61,10,known,3,100.0,300.0,150.0,1241.4894650652977,48.633000046420214,1240.536546488899,1177.4844908501173,39.924425405223246,1176.8074466320404,1.0,1.0,40.0,997.2257452693839,280.43431804097406,86.61346388355932,0.033290929000941105,150000.0,2900.0
19,62,10,known,3,100.0,300.0,150.0,2050.9975987199814,110.84160120660556,2048.0003147941857,526.1982853778628,50.80697484206289,523.7397128746309,1.0,1.0,164.0,1341.412822156842,207.140947943246,86.82962408485665,0.17650662899905,150000.0,2900.0
19,63,10,known,3,100.0,300.0,150.0,2274.8967009638977,116.11195203539646,2271.9315602920246,1251.7998132287235,70.00374852651409,1249.8408889101458,1.0,1.0,39.0,1289.6120701849952,215.7295036001121,70.28449223776919,0.029504138001357205,150000.0,2900.0
19,64,10,known,3,100.0,300.0,150.0,4019.4827171018565,178.44928182824378,4015.5195388511693,1363.546294344772,45.15260984610355,1362.7984952462507,1.0,1.0,190.0,438.5834349617083,633.6047662648899,80.35100902295757,0.20696952599973883,150000.0,2900.0
19,65,10,known,3,100.0,300.0,150.0,993.8203895330481,58.44291622067725,992.1004950080622,761.7284519895148,55.88882074509226,759.6753742790835,1.0,1.0,102.0,985.0874237511978,282.9474466456088,87.35337519743817,0.10810445999959484,150000.0,2900.0
19,66,10,known,3,100.0,300.0,150.0,2633.3307111112645,90.59956775581708,2631.7717135808375,887.4833278146532,48.02502734064995,886.1829686345258,1.0,1.0,31.0,1444.6256492333648,193.32296502171818,69.21557305132507,0.02912039399961941,150000.0,2900.0
19,67,10,known,3,100.0,300.0,150.0,3438.4481442220495,150.7987462626697,3435.1397902603126,1160.1240358525351,78.73038067891417,1157.4494830103504,1.0,1.0,84.0,1603.3883633736032,173.9085459158299,74.05559733656524,0.08186446100080502,150000.0,2900.0
19,68,10,known,3,100.0,300.0,150.0,1433.7948002864607,77.44035380570526,1431.7019665178013,1016.3734561116835,31.867009861322423,1015.8737598594162,1.0,1.0,45.0,985.514495922217,282.72410321073517,79.67836961980736,0.048927953001111746,150000.0,2900.0
19,69,10,known,3,100.0,300.0,150.0,2166.859685227722,103.64664776806174,2164.379418649056,934.6850200566286,62.357404454245675,932.6026167816545,1.0,1.0,241.0,1260.6523123370976,221.98060471873185,75.66209017873652,0.2609991940007603,150000.0,2900.0
19,70,10,known,3,100.0,300.0,150.0,1449.7284200028444,62.83498106259767,1448.3660645426648,1216.089915407076,46.4872405741584,1215.2010610670932,1.0,1.0,46.0,937.2101091757385,297.5928985758862,71.68845302475002,0.03419737600052031,150000.0,2900.0
19,71,10,known,3,100.0,300.0,150.0,3096.535657776864,77.96093364869007,3095.554097848755,938.0927145006896,42.85911024899246,937.1131402706596,1.0,1.0,102.0,379.44339015270856,738.8362148417003,88.17342507338307,0.08600845399996615,150000.0,2900.0
19,72,10,known,3,100.0,300.0,150.0,1981.2343565155973,81.44338811837386,1979.5596858820834,911.8302743740007,49.424050189308915,910.4898201121471,1.0,1.0,42.0,1299.9598441470293,214.66853443308514,69.06901610645137,0.038731660999474116,150000.0,2900.0
19,73,10,known,3,100.0,300.0,150.0,2384.5240442739673,149.8944631420765,2379.808094708484,1408.0307279493152,71.75750532856468,1406.2010493803862,1.0,1.0,69.0,1158.2027936662641,240.90365419094658,72.59641435633733,0.0581356680013414,150000.0,2900.0
19,74,10,known,3,100.0,300.0,150.0,8958.544353484462,695.7476092270838,8931.486561463502,1153.6780726965997,70.25207549168597,1151.5371211168363,1.0,1.0,543.0,946.8222551172889,294.75376940787925,74.9566005743288,0.5219979280009284,150000.0,2900.0
19,75,10,known,3,100.0,300.0,150.0,1189.101890884713,135.25994916274612,1181.3839566618851,949.4603468043967,68.6195563030185,946.9774583625011,1.0,1.0,44.0,811.6409750816503,343.103436453224,69.48003830375033,0.05312589200184448,150000.0,2900.0
19,76,10,known,3,100.0,300.0,150.0,3795.7634361440314,143.10621323075196,3793.064812905614,1320.313258753769,48.26993567015323,1319.4306024006703,1.0,1.0,39.0,414.79176265572937,673.0992790063652,84.73811155899196,0.04826773800232331,150000.0,2900.0
19,77,10,known,3,100.0,300.0,150.0,3677.584240162058,239.3732521920034,3669.7855917782667,1145.6052486725193,64.9460704050777,1143.7628223215527,1.0,1.0,46.0,1669.4400213622264,167.62979593236608,82.78743574559134,0.04042589099844918,150000.0,2900.0
19,78,10,known,3,100.0,300.0,150.0,2046.6529379969459,142.8172585163531,2041.663899686088,979.3451001833631,69.06571551755351,976.9067264550952,1.0,1.0,47.0,605.0311574870286,460.2406463889905,66.74747214848789,0.039693359001830686,150000.0,2900.0
19,79,10,known,3,100.0,300.0,150.0,1584.5159861222926,69.15918030731811,1583.0059753697462,1132.3746389555288,43.618190676029826,1131.5342577190554,1.0,1.0,270.0,880.2880024208292,316.23026105522524,80.88833832139704,0.2697095129988156,150000.0,2900.0
19,80,10,known,3,100.0,300.0,150.0,1249.6448558647985,32.71765332547337,1249.2164828204227,1224.0647803775164,33.57782123882806,1223.604150238757,1.0,1.0,54.0,995.8899514464515,278.81961434830873,90.85429267979066,0.03603267799917376,150000.0,2900.0
19,81,10,known,3,100.0,300.0,150.0,1492.1452464515055,69.27557815771397,1490.5362561101083,1187.1378489212075,56.15002992294261,1185.8091948036683,1.0,1.0,211.0,1132.1924666034563,247.18416638637478,77.45826342611751,0.20601618599903304,150000.0,2900.0
19,82,10,known,3,100.0,300.0,150.0,1197.7741620966258,65.22551850903689,1195.996895949777,947.3477947982456,42.34742707688814,946.4008345986739,1.0,1.0,161.0,925.2561717474113,302.20567794815065,90.09043952158933,0.18393643600211362,150000.0,2900.0
19,83,10,known,3,100.0,300.0,150.0,2173.09599698595,39.45677026225336,2172.7377603836208,1016.7715066978108,39.872392003408216,1015.98941391555,1.0,1.0,165.0,632.8951708092684,441.9589603711295,84.03007850189536,0.18816585400054464,150000.0,2900.0
19,84,10,known,3,100.0,300.0,150.0,4792.172865254247,232.38195676538132,4786.535218365054,1189.7222322066355,49.60696436759392,1188.6875699244827,1.0,1.0,52.0,338.04744114192965,830.2720526444834,81.81011558648787,0.06927198500125087,150000.0,2900.0
19,85,10,known,3,100.0,300.0,150.0,6169.998087276397,319.3509296758724,6161.727954130202,718.5211270056429,52.95874437948746,716.5668017339398,1.0,1.0,593.0,392.1985332831903,713.7321769495541,79.8951564545784,0.54686849099744,150000.0,2900.0
19,86,10,known,3,100.0,300.0,150.0,1772.161196452416,92.52991803683727,1769.743913813452,957.0773544105592,59.79867863197262,955.2074017507323,1.0,1.0,236.0,708.104492048276,395.54279757888946,70.04422610325504,0.21599008200064418,150000.0,2900.0
19,87,10,known,3,100.0,300.0,150.0,1392.1751602703262,81.38890178569653,1389.7940579596052,1309.4212388049368,75.25926922395942,1307.2566783265368,1.0,1.0,31.0,943.424188461883,296.4419207534841,69.38413334438498,0.022583866000786657,150000.0,2900.0
19,88,10,known,3,100.0,300.0,150.0,865.5732016828368,63.91957955472133,863.2098556092976,585.6889789816337,60.638714860497025,582.5414374622768,1.0,1.0,85.0,1073.3493859820167,260.47138857060384,79.48653225402904,0.07456017100048484,150000.0,2900.0
19,89,10,known,3,100.0,300.0,150.0,3886.929219433704,134.9591824270951,3884.5855346440903,1119.6320552131424,39.13970389016577,1118.9477300750893,1.0,1.0,63.0,375.2192396768265,742.5668956896782,75.13216670756833,0.08460085399929085,150000.0,2900.0
19,90,10,known,3,100.0,300.0,150.0,1585.3856731948713,88.65456182506131,1582.9049565400828,1143.946363026808,53.91736337194026,1142.675019158676,1.0,1.0,119.0,824.9705809714171,338.3203665681642,75.76756866329525,0.09103582399984589,150000.0,2900.0
19,91,10,known,3,100.0,300.0,150.0,5160.910299180268,258.28760471090686,5154.442998951261,914.6677818005568,49.45955074849875,913.3295702558346,1.0,1.0,95.0,1987.1723739979425,139.67542466993507,85.41909182023184,0.08712848499999382,150000.0,2900.0
19,92,10,known,3,100.0,300.0,150.0,1952.2521336599548,100.38270434400116,1949.6696402335526,704.4194571231112,57.87537549011537,702.0378996076329,1.0,1.0,153.0,1322.1832874104716,210.84143894359713,80.61972177797061,0.141096536997793,150000.0,2900.0
19,93,10,known,3,100.0,300.0,150.0,2756.958988322517,119.26621882954126,2754.378048187725,772.1725106912877,52.17410464054949,770.4078459311299,1.0,1.0,157.0,1465.4560808348594,190.0571012998586,80.17077423831749,0.1607216160009557,150000.0,2900.0
19,94,10,known,3,100.0,300.0,150.0,4357.342781120692,231.08342373272998,4351.210930702,999.8582700246981,49.27578927855198,998.6433080573653,1.0,1.0,44.0,1828.1773465415245,152.4805241049881,57.05329739671408,0.04194686399932834,150000.0,2900.0
19,95,10,known,3,100.0,300.0,150.0,4791.179910671756,251.16796131484378,4784.591893948069,1005.4870312750842,74.64017247687231,1002.7128276405986,1.0,1.0,55.0,1876.3521786115568,148.1549641994065,62.6896407878801,0.04978072900121333,150000.0,2900.0
19,96,10,known,3,100.0,300.0,150.0,762.2351126852036,100.88761977794539,755.5289903013422,585.2113484229407,54.34575713010925,582.6824701369964,1.0,1.0,351.0,855.2663338249591,327.68436952324214,71.0255521610543,0.3330432450020453,150000.0,2900.0
19,97,10,known,3,100.0,300.0,150.0,1266.9002423523073,49.91444231194883,1265.9165740762787,1137.3840436350542,41.48577992466271,1136.627200439823,1.0,1.0,134.0,917.7903763272718,303.53676118069444,86.04582004170342,0.12255511400144314,150000.0,2900.0
19,98,10,known,3,100.0,300.0,150.0,6817.239733328207,398.3733613941472,6805.590073358839,1450.019806651317,67.71812054798335,1448.4376741270476,1.0,1.0,125.0,572.0946787068954,486.20992597075866,88.44922762869056,0.11393044899887173,150000.0,2900.0
19,99,10,known,3,100.0,300.0,150.0,1203.2077189821032,57.65632234267985,1201.825512922751,843.775590436609,51.05828015226633,842.2293624925106,1.0,1.0,101.0,900.8138106550985,310.64908133587,66.69551131359388,0.10178311799973017,150000.0,2900.0
20,0,12,known,3,100.0,300.0,150.0,440.59342843429147,411.51179762758716,157.41858083718984,384.6058018937499,365.4435965407511,119.88578146592359,1.0,0.0,1.0,0.0,inf,0.0,0.0028130770006100647,23000.0,2900.0
20,1,12,known,3,100.0,300.0,150.0,382.4751472580598,352.2326120182662,149.06181704535902,317.02663047134206,299.961855713914,102.6097926353909,1.0,0.0,1.0,0.0,inf,0.0,0.00159142300253734,23000.0,2900.0
20,2,12,known,3,100.0,300.0,150.0,300.5994400944025,275.2209436717983,120.88612637301739,290.15844812136964,271.4638554908723,102.46609282212506,1.0,0.0,1.0,0.0,inf,0.0,0.0016175580021808855,23000.0,2900.0
20,3,12,known,3,100.0,300.0,150.0,269.0614424757394,245.06958778948535,111.06285143024813,245.6102367377915,225.26011736085258,97.88905923017596,1.0,0.0,1.0,0.0,inf,0.0,0.0014567790021828841,23000.0,2900.0
20,4,12,known,3,100.0,300.0,150.0,349.03193720255473,331.6975941751375,108.62780125637235,302.9947803092921,292.0636383075255,80.65152244841431,1.0,0.0,1.0,0.0,inf,0.0,0.0024773520017333794,23000.0,2900.0
20,5,12,known,3,100.0,300.0,150.0,350.6054580239442,318.3024343943962,146.99573958037303,334.54299089769563,307.3130567983644,132.2032445896123,1.0,0.0,1.0,0.0,inf,0.0,0.0018327350007893983,23000.0,2900.0
20,6,12,known,3,100.0,300.0,150.0,321.45178985618725,274.43946396198726,167.3745315811324,286.4327595671421,235.693886074098,162.76399423870856,1.0,0.0,1.0,0.0,inf,0.0,0.0021640410013787914,23000.0,2900.0
20,7,12,known,3,100.0,300.0,150.0,335.1684411390754,320.92464849541636,96.6708535376166,302.0514109890857,293.72482657371864,70.43281291228166,1.0,0.0,1.0,0.0,inf,0.0,0.0014982059983594809,23000.0,2900.0
20,8,12,known,3,100.0,300.0,150.0,272.27023702674785,263.3535440110096,69.10855827929485,264.2374504725103,256.26836009451984,64.40464149949014,1.0,0.0,1.0,0.0,inf,0.0,0.004054796998389065,23000.0,2900.0
20,9,12,known,3,100.0,300.0,150.0,405.5760423076551,393.38355408444164,98.69805200627826,390.8181514459635,385.91875974448516,61.689045842178444,1.0,0.0,1.0,0.0,inf,0.0,0.0025399219994142186,23000.0,2900.0
20,10,12,known,3,100.0,300.0,150.0,302.67687231111546,271.0235674260102,134.75724444985596,279.5223627690308,255.44254584789687,113.49826896797484,1.0,0.0,1.0,0.0,inf,0.0,0.0020408480013429653,23000.0,2900.0
20,11,12,known,3,100.0,300.0,150.0,327.1585496751332,311.42635459810356,100.23144360565131,302.439522552765,285.9111105861338,98.61288782582137,1.0,0.0,1.0,0.0,inf,0.0,0.0014171149996400345,23000.0,2900.0
20,12,12,known,3,100.0,300.0,150.0,307.3752815527062,284.38179686824225,116.64714878467967,262.2072720132361,242.16246768368617,100.54845966980709,1.0,0.0,1.0,0.0,inf,0.0,0.0015332549992308486,23000.0,2900.0
20,13,12,known,3,100.0,300.0,150.0,395.94594863577356,368.44058257681434,144.99907362304188,362.22735590557,339.5927233031187,126.03745334586836,1.0,0.0,1.0,0.0,inf,0.0,0.0014954699981899466,23000.0,2900.0
20,14,12,known,3,100.0,300.0,150.0,345.69021776444805,338.15832349539886,71.76820263050125,324.93118633135384,322.54258467681547,39.326287908984526,1.0,0.0,1.0,0.0,inf,0.0,0.001384764000249561,23000.0,2900.0
20,15,12,known,3,100.0,300.0,150.0,298.2268863561725,273.97499381345216,117.80058790437442,275.9453821845982,252.2308837162528,111.91709095898672,1.0,0.0,1.0,0.0,inf,0.0,0.0016286190002574585,23000.0,2900.0
20,16,12,known,3,100.0,300.0,150.0,295.7404633915408,280.2913575863598,94.33544694036621,286.72676254298443,275.52769101168093,79.35192401040241,1.0,0.0,1.0,0.0,inf,0.0,0.0036045540000486653,23000.0,2900.0
20,17,12,known,3,100.0,300.0,150.0,352.4846811484276,313.487850760116,161.1546396170833,325.96392597944214,293.5613872065725,141.68342521722178,1.0,0.0,1.0,0.0,inf,0.0,0.0015678109994041733,23000.0,2900.0
20,18,12,known,3,100.0,300.0,150.0,377.4057297931406,361.28084230991834,109.13861764072773,361.7921302679785,346.0954523070165,105.4110213224576,1.0,0.0,1.0,0.0,inf,0.0,0.001478251000662567,23000.0,2900.0
20,19,12,known,3,100.0,300.0,150.0,373.40514610727894,358.4553723897316,104.59994810867337,335.68423108367307,326.13669197198044,79.49063559822865,1.0,0.0,1.0,0.0,inf,0.0,0.0015053030001581647,23000.0,2900.0
20,20,12,known,3,100.0,300.0,150.0,441.87865155526015,432.55100332211686,90.31263602245866,432.0338219766544,424.2459721395896,81.6613645189085,1.0,0.0,1.0,0.0,inf,0.0,0.0013552269992942456,23000.0,2900.0
20,21,12,known,3,100.0,300.0,150.0,404.8254417468586,397.8370539039444,74.8953725310798,383.57508425559917,378.60123082645123,61.570717702380406,1.0,0.0,1.0,0.0,inf,0.0,0.00148107700078981,23000.0,2900.0
20,22,12,known,3,100.0,300.0,150.0,330.0351250731044,270.8211677211307,188.6241736792579,299.0654601382545,261.3094909111932,145.45617693119425,1.0,0.0,1.0,0.0,inf,0.0,0.0014077830019232351,23000.0,2900.0
20,23,12,known,3,100.0,300.0,150.0,327.5047166794321,306.33425559941645,115.83895412868019,313.76867928076916,293.8262495622111,110.07687843413537,1.0,0.0,1.0,0.0,inf,0.0,0.001419844000338344,23000.0,2900.0
20,24,12,known,3,100.0,300.0,150.0,310.43385963974225,291.85330052869057,105.78672970338495,305.60093829905406,288.8064384942678,99.91383574620167,1.0,0.0,1.0,0.0,inf,0.0,0.0013799330008623656,23000.0,2900.0
20,25,12,known,3,100.0,300.0,150.0,334.3048410417048,315.4853496747457,110.5835470787718,322.6196123160736,307.9098477447215,96.3064894635664,1.0,0.0,1.0,0.0,inf,0.0,0.0017976939998334274,23000.0,2900.0
20,26,12,known,3,100.0,300.0,150.0,297.9137318220211,282.77529687085666,93.75885604955931,274.8603047907928,267.7560334742483,62.08779016702668,1.0,0.0,1.0,0.0,inf,0.0,0.0019435350004641805,23000.0,2900.0
20,27,12,known,3,100.0,300.0,150.0,341.4970191420751,316.92177073162225,127.2037944373353,306.5123940980976,285.2536830599973,112.16141955438214,1.0,0.0,1.0,0.0,inf,0.0,0.0014350759993249085,23000.0,2900.0
20,28,12,known,3,100.0,300.0,150.0,367.43338895491297,361.1677588328636,67.5658589713682,344.52550248249673,342.86784276320617,33.755951471143796,1.0,0.0,1.0,0.0,inf,0.0,0.0014276649999374058,23000.0,2900.0
20,29,12,known,3,100.0,300.0,150.0,329.211769734193,302.64510867813857,129.5620605143227,300.3435012715775,286.7338437645792,89.38636135373208,1.0,0.0,1.0,0.0,inf,0.0,0.0015980429998307955,23000.0,2900.0
20,30,12,known,3,100.0,300.0,150.0,252.05103337735179,221.31634082589534,120.61840949882827,241.23810067867365,218.5273298297711,102.18428125951812,1.0,0.0,1.0,0.0,inf,0.0,0.0024388359997828957,23000.0,2900.0
20,31,12,known,3,100.0,300.0,150.0,356.9470877980837,333.97562813377345,125.9821546894018,339.8963943905618,319.4784805142606,116.0304244929043,1.0,0.0,1.0,0.0,inf,0.0,0.0015855609999562148,23000.0,2900.0
20,32,12,known,3,100.0,300.0,150.0,440.59149545568795,424.6660266322729,117.38667595701473,424.32019176650977,409.7660647777518,110.17893309214324,1.0,0.0,1.0,0.0,inf,0.0,0.0014967329989303835,23000.0,2900.0
20,33,12,known,3,100.0,300.0,150.0,327.2195342176124,290.69928559708353,150.22166597044682,234.6943923036419,209.4865791234517,105.81507901017508,1.0,0.0,1.0,0.0,inf,0.0,0.001487675999669591,23000.0,2900.0
20,34,12,known,3,100.0,300.0,150.0,483.2734430712966,470.1915695494648,111.68307258755276,442.7437954675747,434.28124129271606,86.15028662918874,1.0,0.0,1.0,0.0,inf,0.0,0.0013312720002431888,23000.0,2900.0
20,35,12,known,3,100.0,300.0,150.0,293.3259152852344,270.9402148695178,112.38991300103416,288.98553990165453,267.80056807245336,108.60708085719853,1.0,0.0,1.0,0.0,inf,0.0,0.001830991001043003,23000.0,2900.0
20,36,12,known,3,100.0,300.0,150.0,376.61213199403153,367.9116378050781,80.48431358143549,351.6841227887256,343.02632202351145,77.55426887475386,1.0,0.0,1.0,0.0,inf,0.0,0.0015234640013659373,23000.0,2900.0
20,37,12,known,3,100.0,300.0,150.0,332.76047394255755,292.106083640095,159.3849708062883,285.69701426157957,262.7015712227342,112.29723253530297,1.0,0.0,1.0,0.0,inf,0.0,0.0015031080001790542,23000.0,2900.0
20,38,12,known,3,100.0,300.0,150.0,351.7784862734333,343.241949522874,77.02640776100704,331.9810143931772,324.22981794559456,71.3191353879834,1.0,0.0,1.0,0.0,inf,0.0,0.0015363940001407173,23000.0,2900.0
20,39,12,known,3,100.0,300.0,150.0,358.05081744656997,343.419178444114,101.30970215594736,347.3995946460749,333.18184506286246,98.36837134345494,1.0,0.0,1.0,0.0,inf,0.0,0.002600036001240369,23000.0,2900.0
20,40,12,known,3,100.0,300.0,150.0,307.76512522502316,284.90652022298025,116.39435999741022,285.36164138169187,263.6853804699877,109.09301764297811,1.0,0.0,1.0,0.0,inf,0.0,0.0014802530022279825,23000.0,2900.0
20,41,12,known,3,100.0,300.0,150.0,383.82945886971913,333.76527594624184,189.54100893672177,357.83980004574,314.5454523043424,170.61793848078185,1.0,0.0,1.0,0.0,inf,0.0,0.0014258379997045267,23000.0,2900.0
20,42,12,known,3,100.0,300.0,150.0,381.96564075056057,363.269356962822,118.0386589461442,321.2637842274296,309.7840628540819,85.11318028217877,1.0,0.0,1.0,0.0,inf,0.0,0.001470819999667583,23000.0,2900.0
20,43,12,known,3,100.0,300.0,150.0,332.21890714258916,320.83015262042704,86.24045125444165,328.282739277329,317.2995105312479,84.20556706095651,1.0,0.0,1.0,0.0,inf,0.0,0.0014730849979969207,23000.0,2900.0
20,44,12,known,3,100.0,300.0,150.0,361.05729463534385,335.54834360556026,133.30295988071063,334.05171042102023,313.83862621734147,114.43715274866369,1.0,0.0,1.0,0.0,inf,0.0,0.0014360029999807011,23000.0,2900.0
20,45,12,known,3,100.0,300.0,150.0,255.32160358679053,247.00273237741067,64.64341773315716,249.1363783212823,241.75116607657125,60.2105364837681,1.0,0.0,1.0,0.0,inf,0.0,0.0017345870001008734,23000.0,2900.0
20,46,12,known,3,100.0,300.0,150.0,367.69156441069646,341.7730249075084,135.6034143536105,347.05695376574056,322.78591568501264,127.50600688808076,1.0,0.0,1.0,0.0,inf,0.0,0.0014588570011255797,23000.0,2900.0
20,47,12,known,3,100.0,300.0,150.0,464.92255953882255,434.46672892797693,165.50422297559018,452.33517492123184,422.61990925894406,161.24367512861784,1.0,0.0,1.0,0.0,inf,0.0,0.0014428939975914545,23000.0,2900.0
20,48,12,known,3,100.0,300.0,150.0,459.4378519836924,425.8652473582713,172.40049572976199,414.92327228995146,390.23711085970524,140.98340042597684,1.0,0.0,1.0,0.0,inf,0.0,0.0013169330013624858,23000.0,2900.0
20,49,12,known,3,100.0,300.0,150.0,431.6529780885657,408.24379889954474,140.21873681072663,404.1149066255068,383.25595400042766,128.1551071169783,1.0,0.0,1.0,0.0,inf,0.0,0.0028596579977602232,23000.0,2900.0
20,50,12,known,3,100.0,300.0,150.0,338.00978707094015,305.68833178049874,144.24028552730343,318.7157676855878,291.1534648081874,129.6510721189808,1.0,0.0,1.0,0.0,inf,0.0,0.0021115670024300925,23000.0,2900.0
20,51,12,known,3,100.0,300.0,150.0,292.4814729175255,258.16139597465303,137.47038091321195,276.32717135202563,254.31641056669451,108.07344236159136,1.0,0.0,1.0,0.0,inf,0.0,0.002241349997348152,23000.0,2900.0
20,52,12,known,3,100.0,300.0,150.0,355.35963283093554,330.62371682020836,130.26291307094286,342.27978271879397,328.4210772198155,96.41081731735706,1.0,0.0,1.0,0.0,inf,0.0,0.0020508029992925003,23000.0,2900.0
20,53,12,known,3,100.0,300.0,150.0,234.34715177167539,184.8062991596715,144.10142030668075,220.28058001567055,180.1699090184361,126.73727871596701,1.0,0.0,1.0,0.0,inf,0.0,0.0022487749993160833,23000.0,2900.0
20,54,12,known,3,100.0,300.0,150.0,362.3935785577711,338.0768863744942,130.51101363193357,344.5261089648102,322.7300830118301,120.59657241235952,1.0,0.0,1.0,0.0,inf,0.0,0.0020976209998480044,23000.0,2900.0
20,55,12,known,3,100.0,300.0,150.0,366.42461638367894,356.3556933518922,85.30896381751691,330.69806938033923,323.3504784873338,69.32302037487938,1.0,0.0,1.0,0.0,inf,0.0,0.0021185919977142476,23000.0,2900.0
20,56,12,known,3,100.0,300.0,150.0,405.69967571268813,387.7319981317831,119.39901380713037,376.8150745061925,366.2034245319701,88.7955642820353,1.0,0.0,1.0,0.0,inf,0.0,0.005398621000495041,23000.0,2900.0
20,57,12,known,3,100.0,300.0,150.0,401.5269524238222,393.1896370532874,81.39903461753377,383.45151261319074,375.45554242067146,77.8986404948342,1.0,0.0,1.0,0.0,inf,0.0,0.007732247999229003,23000.0,2900.0
20,58,12,known,3,100.0,300.0,150.0,396.3077783328295,361.9641965427251,161.37464357290642,350.68939445587984,329.45005424505166,120.19032049946533,1.0,0.0,1.0,0.0,inf,0.0,0.002415594000922283,23000.0,2900.0
20,59,12,known,3,100.0,300.0,150.0,353.91850542774375,337.8785436291459,105.33944294164083,280.3806764634764,268.4405375750889,80.9506116129696,1.0,0.0,1.0,0.0,inf,0.0,0.002047337002295535,23000.0,2900.0
20,60,12,known,3,100.0,300.0,150.0,452.05674967246523,440.6668509119944,100.83665718249499,431.28699805747385,419.5032447715334,100.12743040537084,1.0,0.0,1.0,0.0,inf,0.0,0.0019857330007653218,23000.0,2900.0
20,61,12,known,3,100.0,300.0,150.0,423.67914350017435,412.02457193932923,98.69026677060813,414.31720149247735,405.22192499878554,86.33617406879142,1.0,0.0,1.0,0.0,inf,0.0,0.0020068419980816543,23000.0,2900.0
20,62,12,known,3,100.0,300.0,150.0,436.5295390071291,424.3914275616445,102.2250196281036,404.7135907666729,391.88301321003564,101.09794512588745,1.0,0.0,1.0,0.0,inf,0.0,0.0020595900023181457,23000.0,2900.0
20,63,12,known,3,100.0,300.0,150.0,461.57640591685725,437.57985561866633,146.8899195175438,417.0842246233986,408.32464456879643,85.03078893828797,1.0,0.0,1.0,0.0,inf,0.0,0.0027528369973879308,23000.0,2900.0
20,64,12,known,3,100.0,300.0,150.0,437.3224638435267,415.9169086288898,135.14459848162795,381.9196581040592,367.24703592164144,104.84388324117951,1.0,0.0,1.0,0.0,inf,0.0,0.002017872000578791,23000.0,2900.0
20,65,12,known,3,100.0,300.0,150.0,291.65989688628065,245.0536227773655,158.1588360332881,276.38105994109645,236.78558879929517,142.54499370772388,1.0,0.0,1.0,0.0,inf,0.0,0.0024001079982554074,23000.0,2900.0
20,66,12,known,3,100.0,300.0,150.0,397.5552611614104,378.3134004207604,122.18492844536365,386.72287060576707,375.54907731812153,92.29013584924668,1.0,0.0,1.0,0.0,inf,0.0,0.0015193020008155145,23000.0,2900.0
20,67,12,known,3,100.0,300.0,150.0,374.29765381118807,364.53148466928747,84.9442778141354,347.36214725818917,338.65495491775687,77.28701609890209,1.0,0.0,1.0,0.0,inf,0.0,0.0013830220013915095,23000.0,2900.0
20,68,12,known,3,100.0,300.0,150.0,425.7886963617026,405.2302927330415,130.70739765174622,417.1964115240931,402.0828075428817,111.27561128573674,1.0,0.0,1.0,0.0,inf,0.0,0.0015297450008802116,23000.0,2900.0
20,69,12,known,3,100.0,300.0,150.0,342.81361701461236,319.3886634524746,124.54741132871146,325.5099054254996,304.5504976031482,114.91602560040329,1.0,0.0,1.0,0.0,inf,0.0,0.0014956900013203267,23000.0,2900.0
20,70,12,known,3,100.0,300.0,150.0,400.3304789266673,375.1988364450701,139.60775583011247,361.5023153802541,340.0322280190674,122.72737238967377,1.0,0.0,1.0,0.0,inf,0.0,0.0014146200010145549,23000.0,2900.0
20,71,12,known,3,100.0,300.0,150.0,351.781935553721,325.87226546655523,132.50583678320453,336.9389062698536,312.82231333429513,125.1799777860072,1.0,0.0,1.0,0.0,inf,0.0,0.001490106002165703,23000.0,2900.0
20,72,12,known,3,100.0,300.0,150.0,433.4943387466364,393.6140747042756,181.6185616066831,427.2558612286592,386.83378531567695,181.4033998925822,1.0,0.0,1.0,0.0,inf,0.0,0.0031373099991469644,23000.0,2900.0
20,73,12,known,3,100.0,300.0,150.0,359.8597577583621,330.71533041695886,141.8675984187679,330.754518135056,319.43840084169153,85.7767995116156,1.0,0.0,1.0,0.0,inf,0.0,0.004266975996870315,23000.0,2900.0
20,74,12,known,3,100.0,300.0,150.0,433.6933681497766,421.3303082054952,102.81395316084327,389.73407969198644,376.8453185821711,99.39949062274694,1.0,0.0,1.0,0.0,inf,0.0,0.0015361380028480198,23000.0,2900.0
20,75,12,known,3,100.0,300.0,150.0,297.5010222303453,275.3772023258367,112.57999230456355,289.5667735411576,270.2730627496414,103.92972573313415,1.0,0.0,1.0,0.0,inf,0.0,0.001594438999745762,23000.0,2900.0
20,76,12,known,3,100.0,300.0,150.0,378.6347398281409,369.12035759494836,84.34706760582334,329.680335080205,320.84557120586084,75.8105716650463,1.0,0.0,1.0,0.0,inf,0.0,0.0014556710011675023,23000.0,2900.0
20,77,12,known,3,100.0,300.0,150.0,338.35626850117245,321.2856300671526,106.11554243554653,287.9813133613468,271.938144649796,94.77806882265983,1.0,0.0,1.0,0.0,inf,0.0,0.0014503989987133536,23000.0,2900.0
20,78,12,known,3,100.0,300.0,150.0,295.87369904445643,284.370413491148,81.69892115030093,268.4653619781051,256.7959692752994,78.2910004150826,1.0,0.0,1.0,0.0,inf,0.0,0.0013997900023241527,23000.0,2900.0
20,79,12,known,3,100.0,300.0,150.0,355.26708557777835,326.9245798144737,139.05042685320436,307.97830620774727,275.8111174391291,137.03599742976994,1.0,0.0,1.0,0.0,inf,0.0,0.0015335690004576463,23000.0,2900.0
20,80,12,known,3,100.0,300.0,150.0,426.3771403930943,410.3233887543514,115.8972928542242,402.82749250798224,388.14823460708055,107.75405649754094,1.0,0.0,1.0,0.0,inf,0.0,0.001572745997691527,23000.0,2900.0
20,81,12,known,3,100.0,300.0,150.0,401.55716107123317,374.6072311715637,144.6290979075887,388.3003726015373,362.78192470123145,138.44296469146673,1.0,0.0,1.0,0.0,inf,0.0,0.005997069998556981,23000.0,2900.0
20,82,12,known,3,100.0,300.0,150.0,324.26318003976587,303.8374364269404,113.26703913763491,292.90412324334716,287.5901486046085,55.54036224704587,1.0,0.0,1.0,0.0,inf,0.0,0.0059001199988415465,23000.0,2900.0
20,83,12,known,3,100.0,300.0,150.0,299.07711361679446,284.70458154209473,91.59924201811792,270.4561737747017,258.5226509802146,79.45175179323498,1.0,0.0,1.0,0.0,inf,0.0,0.002374616997258272,23000.0,2900.0
20,84,12,known,3,100.0,300.0,150.0,356.1373382363302,334.6683618704454,121.78214667598402,337.2123473447368,327.256775328976,81.33369660249997,1.0,0.0,1.0,0.0,inf,0.0,0.0024581079997005872,23000.0,2900.0
20,85,12,known,3,100.0,300.0,150.0,259.80823219831234,255.17728834183276,48.83512089184696,247.66528825801538,245.12712226632001,35.3664945585287,1.0,0.0,1.0,0.0,inf,0.0,0.0038333270022121724,23000.0,2900.0
20,86,12,known,3,100.0,300.0,150.0,404.7095252096212,393.3396483096809,95.2560804516623,389.0990793141344,377.6268550711058,93.7872691371973,1.0,0.0,1.0,0.0,inf,0.0,0.0020630360013456084,23000.0,2900.0
20,87,12,known,3,100.0,300.0,150.0,415.6271986880836,400.91854195614786,109.59147323154397,341.3073960302562,329.5787393846608,88.70509078160023,1.0,0.0,1.0,0.0,inf,0.0,0.002331607000087388,23000.0,2900.0
20,88,12,known,3,100.0,300.0,150.0,361.50650759363356,354.91399400615103,68.72417253883526,336.3384542650167,331.19693290597354,58.584532524010214,1.0,0.0,1.0,0.0,inf,0.0,0.0019498689980537165,23000.0,2900.0
20,89,12,known,3,100.0,300.0,150.0,387.347612447254,376.06364940020524,92.81327743586914,373.00915690278924,363.98942535794805,81.53238228409882,1.0,0.0,1.0,0.0,inf,0.0,0.0019590529991546646,23000.0,2900.0
20,90,12,known,3,100.0,300.0,150.0,428.72405720448415,408.5219144447401,130.0544603013609,419.0681439589735,402.16907263386383,117.80554442825193,1.0,0.0,1.0,0.0,inf,0.0,0.002177868998842314,23000.0,2900.0
20,91,12,known,3,100.0,300.0,150.0,321.08498128294536,295.046213096877,126.66213855237741,302.2603866905375,276.7994079983533,121.4225230098371,1.0,0.0,1.0,0.0,inf,0.0,0.002360623999265954,23000.0,2900.0
20,92,12,known,3,100.0,300.0,150.0,330.77257020344297,305.99424802715583,125.61056234762682,313.8395415718228,290.09239105576637,119.75668042142865,1.0,0.0,1.0,0.0,inf,0.0,0.0021756610003649257,23000.0,2900.0
20,93,12,known,3,100.0,300.0,150.0,298.45892115041545,284.67835018906044,89.64354158501645,258.44282220487565,243.76314212951092,85.86164969512761,1.0,0.0,1.0,0.0,inf,0.0,0.002024344001256395,23000.0,2900.0
20,94,12,known,3,100.0,300.0,150.0,287.6049757304785,256.72247496945363,129.65412801175037,279.354672422038,251.1534945958356,122.31498336803932,1.0,0.0,1.0,0.0,inf,0.0,0.0015970710010151379,23000.0,2900.0
20,95,12,known,3,100.0,300.0,150.0,382.898719609215,366.8810062390023,109.58903567160996,311.31911471220417,291.74202836134407,108.65624727920286,1.0,0.0,1.0,0.0,inf,0.0,0.0025711909984238446,23000.0,2900.0
20,96,12,known,3,100.0,300.0,150.0,388.1756040926546,358.8168751442419,148.0903431166896,369.9508640186232,342.9468504138527,138.74833180742885,1.0,0.0,1.0,0.0,inf,0.0,0.0020464079971134197,23000.0,2900.0
20,97,12,known,3,100.0,300.0,150.0,272.1121648597199,247.8372864929766,112.34638262285797,220.33877524985456,213.8683166051776,53.00489629339386,1.0,0.0,1.0,0.0,inf,0.0,0.0019881929983966984,23000.0,2900.0
20,98,12,known,3,100.0,300.0,150.0,319.3831204281525,308.38043919977446,83.10885833277908,300.8836443138052,294.21467086065496,62.997578254349236,1.0,0.0,1.0,0.0,inf,0.0,0.002091611000651028,23000.0,2900.0
20,99,12,known,3,100.0,300.0,150.0,480.441951409793,465.82219035498764,117.61868749196051,450.66353962798627,443.1660359572435,81.86263203665494,1.0,0.0,1.0,0.0,inf,0.0,0.002441486998577602,23000.0,2900.0
21,0,12,known,3,100.0,300.0,150.0,1058.2778414624322,940.3036249868553,485.5729425811987,984.4886863288399,877.101681218454,447.11364809547734,1.0,0.0,27.0,0.0,inf,57.4319278629209,0.01696027099751518,40000.0,2900.0
21,1,12,known,3,100.0,300.0,150.0,1289.3236065320032,1161.027295567073,560.6879535970971,1211.2945978870894,1100.1715729817986,506.8107268726667,1.0,0.0,27.0,0.0,inf,58.565872665208744,0.021337869999115355,40000.0,2900.0
21,2,12,known,3,100.0,300.0,150.0,868.592471445814,835.1561497171783,238.67778916758283,784.3370371782913,752.5991335381689,220.85998299198027,1.0,0.0,29.0,0.0,inf,22.0567141142376,0.04741283099792781,40000.0,2900.0
21,3,12,known,3,100.0,300.0,150.0,811.670291104315,636.0486621196223,504.23284390963846,730.2972792218493,578.5451268989576,445.66764767066593,1.0,0.0,27.0,0.0,inf,44.19347818283875,0.02124091500081704,40000.0,2900.0
21,4,12,known,3,100.0,300.0,150.0,1201.676169994743,1102.7932459171573,477.3601096580393,1157.7040641801495,1077.0093392952558,424.6523087068202,1.0,0.0,27.0,0.0,inf,41.90498622106922,0.017235670999070862,40000.0,2900.0
21,5,12,known,3,100.0,300.0,150.0,696.6609769867473,454.98027023751655,527.5693988005044,647.380374266214,436.1495238240312,478.40876021780167,1.0,0.0,27.0,0.0,inf,48.48945308220412,0.01602175699736108,40000.0,2900.0
21,6,12,known,3,100.0,300.0,150.0,1035.1240411120298,905.4411802419364,501.65530956044785,956.3037384846892,851.4835859264176,435.30741222460455,1.0,0.0,29.0,0.0,inf,26.611321878231518,0.01859172900003614,40000.0,2900.0
21,7,12,known,3,100.0,300.0,150.0,448.27259310820835,324.3671396156443,309.4095610505959,404.1075668345723,297.14046923113864,273.8803883414384,1.0,0.0,27.0,0.0,inf,38.4554964815531,0.014717732003191486,40000.0,2900.0
21,8,12,known,3,100.0,300.0,150.0,702.4763098599288,219.53906855158647,667.2897146621732,598.841182524561,210.31609309631648,560.6941259475759,1.0,0.0,29.0,0.0,inf,23.652546756898037,0.028489360000094166,40000.0,2900.0
21,9,12,known,3,100.0,300.0,150.0,645.5643197806053,622.4597910369863,171.16395507228376,611.7989705761945,597.4717240360997,131.6264387401781,1.0,0.0,27.0,0.0,inf,55.91699202603159,0.014984146000642795,40000.0,2900.0
21,10,12,known,3,100.0,300.0,150.0,703.2191038204926,609.7255470428663,350.3596227612052,648.9861417865235,574.6561480856826,301.5846874400018,1.0,0.0,27.0,0.0,inf,53.548802400357374,0.014526778002618812,40000.0,2900.0
21,11,12,known,3,100.0,300.0,150.0,755.7371694750611,599.918867462033,459.6042012310688,650.7705006566364,515.9249062147429,396.6405623132837,1.0,0.0,27.0,0.0,inf,44.07717143004769,0.0174488430020574,40000.0,2900.0
21,12,12,known,3,100.0,300.0,150.0,618.7983062165966,283.9858824913437,549.7848327501785,559.4821271517264,262.3751293181625,494.14526418604686,1.0,0.0,27.0,0.0,inf,80.1590294027187,0.016516065999894636,40000.0,2900.0
21,13,12,known,3,100.0,300.0,150.0,970.8062260900663,707.2513367009442,665.0265222906262,886.755938146854,671.7981223026673,578.8120391882997,1.0,0.0,27.0,0.0,inf,73.47754145278074,0.016710418996808585,40000.0,2900.0
21,14,12,known,3,100.0,300.0,150.0,240.07844040755836,134.01917009363547,199.18965735182823,215.8183929759844,120.4136801502806,179.10366936331135,1.0,0.0,29.0,0.0,inf,30.27909350232053,0.020206153003528016,40000.0,2900.0
21,15,12,known,3,100.0,300.0,150.0,730.1842467979961,714.7050698521015,149.5516546202677,702.091731813089,688.441344138588,137.77269526635854,1.0,0.0,29.0,0.0,inf,21.788685018167254,0.02054361500267987,40000.0,2900.0
21,16,12,known,3,100.0,300.0,150.0,989.3704777003994,985.8960935918869,82.8422282738332,942.1587740644686,938.6814758574293,80.87176533735993,1.0,0.0,29.0,0.0,inf,13.402502709504454,0.02219624300050782,40000.0,2900.0
21,17,12,known,3,100.0,300.0,150.0,2479.461164633643,2378.3200902044564,700.9430900267773,2257.881189521104,2172.0578134058665,616.5973736692051,1.0,0.0,27.0,0.0,inf,46.0535198484542,0.024559849000070244,40000.0,2900.0
21,18,12,known,3,100.0,300.0,150.0,2548.4990469241857,2376.5626593475226,920.2159085608729,2336.3671132739864,2192.959159300263,805.941321455418,1.0,0.0,27.0,0.0,inf,62.33579839527416,0.015753839998069452,40000.0,2900.0
21,19,12,known,3,100.0,300.0,150.0,935.1227731305726,786.3832381115776,506.01976606113135,893.219865170905,762.5857301443682,465.08572512614313,1.0,0.0,27.0,0.0,inf,45.97223338392557,0.0179199839985813,40000.0,2900.0
21,20,12,known,3,100.0,300.0,150.0,761.1499877974293,748.0788645450358,140.45396521649658,741.3836212083687,731.2369067007558,122.23853760064425,1.0,0.0,27.0,0.0,inf,54.840951696684094,0.016473011000925908,40000.0,2900.0
21,21,12,known,3,100.0,300.0,150.0,729.3110216843497,622.8778177532457,379.36498323016644,699.9679818537696,614.264888895715,335.60962723136237,1.0,0.0,27.0,0.0,inf,47.1247542729353,0.023566007999761496,40000.0,2900.0
21,22,12,known,3,100.0,300.0,150.0,746.7198027154413,742.1938574196375,82.08983966330057,705.8751905084994,703.0700172235962,62.86760259961133,1.0,0.0,27.0,0.0,inf,64.55858257631887,0.018552171997725964,40000.0,2900.0
21,23,12,known,3,100.0,300.0,150.0,1246.9569101007414,1171.2345286042973,427.91496194110573,1153.0456962874002,1098.821785111501,349.43534779880275,1.0,0.0,27.0,0.0,inf,66.18126513768105,0.013361240999074653,40000.0,2900.0
21,24,12,known,3,100.0,300.0,150.0,943.1857462982509,668.5086074444785,665.3537358374361,873.2573135738974,630.8288632315366,603.8487236256342,1.0,0.0,27.0,0.0,inf,38.060531415955595,0.013360959001147421,40000.0,2900.0
21,25,12,known,3,100.0,300.0,150.0,930.8344957664814,817.7231417734732,444.72656983472444,853.4096391669692,749.1400163057457,408.7753028162586,1.0,0.0,27.0,0.0,inf,43.66173356598389,0.017551952998474007,40000.0,2900.0
21,26,12,known,3,100.0,300.0,150.0,973.6414550562522,954.6986100339433,191.12364323471968,888.2179915077721,871.4988764873399,171.52524222225964,1.0,0.0,27.0,0.0,inf,74.71543636554416,0.019814503997622523,40000.0,2900.0
21,27,12,known,3,100.0,300.0,150.0,636.407815155027,617.7211803530388,153.0864152485243,620.7969780210196,603.0757273779117,147.2703465319244,1.0,0.0,27.0,0.0,inf,51.018412141177905,0.013230646000010893,40000.0,2900.0
21,28,12,known,3,100.0,300.0,150.0,1353.2075355827092,1337.7310543204687,204.0741548174971,1294.0095324527265,1281.1581793063508,181.91863476554747,1.0,0.0,27.0,0.0,inf,58.583203775564435,0.021560689998295857,40000.0,2900.0
21,29,12,known,3,100.0,300.0,150.0,759.9972487716235,313.12413513545016,692.494833291999,669.998017725123,277.8115629153641,609.6868698488732,1.0,0.0,27.0,0.0,inf,53.957697149571715,0.016292978001729352,40000.0,2900.0
21,30,12,known,3,100.0,300.0,150.0,1224.741872866961,1118.2425999517495,499.52591805313097,1160.9927461561138,1069.5783652051202,451.5598269468364,1.0,0.0,29.0,0.0,inf,31.17436322583644,0.014433713997277664,40000.0,2900.0
21,31,12,known,3,100.0,300.0,150.0,858.6780664054473,834.1543569386276,203.75114852707586,798.331960731819,779.7230044026127,171.36497871873854,1.0,0.0,27.0,0.0,inf,50.126345303860525,0.01664824199906434,40000.0,2900.0
21,32,12,known,3,100.0,300.0,150.0,464.65585658568585,281.55346882550094,369.6386198054866,401.5871630754043,213.34102756593487,340.2320612524081,1.0,0.0,27.0,0.0,inf,37.931059046366364,0.012414597997121746,40000.0,2900.0
21,33,12,known,3,100.0,300.0,150.0,1001.704382391698,981.3726504308648,200.79688914182162,944.505681059477,926.8971867764593,181.52847352278476,1.0,0.0,27.0,0.0,inf,48.474537666206004,0.01619836099780514,40000.0,2900.0
21,34,12,known,3,100.0,300.0,150.0,1186.7520277181418,1131.9733472851976,356.39404642763895,1155.1550236956327,1111.3566081394856,315.0708147606752,1.0,0.0,27.0,0.0,inf,55.67478094300651,0.02327541399790789,40000.0,2900.0
21,35,12,known,3,100.0,300.0,150.0,732.8028838468091,201.44757563779854,704.5700397007053,641.0438186192332,172.38858908897177,617.4296330286085,1.0,0.0,27.0,0.0,inf,58.37748498719004,0.02030285500222817,40000.0,2900.0
21,36,12,known,3,100.0,300.0,150.0,565.6673032600579,337.1659342609784,454.2010906541593,518.8597448671309,331.1244960253256,399.4646454638487,1.0,0.0,29.0,0.0,inf,27.233882266972294,0.01847980399907101,40000.0,2900.0
21,37,12,known,3,100.0,300.0,150.0,493.3100023886794,442.319505141036,218.42210013757276,439.7257303744738,387.90327426966655,207.09844944913587,1.0,0.0,27.0,0.0,inf,38.38984840745549,0.013715009998122696,40000.0,2900.0
21,38,12,known,3,100.0,300.0,150.0,402.62793873482354,242.2204788060657,321.61855776185104,349.25233280252144,202.75816163209313,284.3700403691942,1.0,0.0,27.0,0.0,inf,66.82235095958113,0.013673456000105944,40000.0,2900.0
21,39,12,known,3,100.0,300.0,150.0,1141.0062450074865,492.21193551146075,1029.3797461025479,992.7629433947274,417.3777668596066,900.7630440404682,1.0,0.0,27.0,0.0,inf,66.70689513855153,0.013848960999894189,40000.0,2900.0
21,40,12,known,3,100.0,300.0,150.0,1066.9547402832122,490.92057113966996,947.3063974473715,937.8469277363071,464.51818707369216,814.7267724471808,1.0,0.0,27.0,0.0,inf,44.972110640169554,0.01299958100207732,40000.0,2900.0
21,41,12,known,3,100.0,300.0,150.0,877.980332225694,870.3811650948782,115.26530797782372,840.4466510384383,835.6283925387528,89.86524814869371,1.0,0.0,29.0,0.0,inf,21.782546229606996,0.013969436000479618,40000.0,2900.0
21,42,12,known,3,100.0,300.0,150.0,1093.9925817319336,984.0474733305076,477.9857101591483,1053.1823853313872,957.1963532166934,439.2815477128237,1.0,0.0,27.0,0.0,inf,99.58525661306997,0.014846972000668757,40000.0,2900.0
21,43,12,known,3,100.0,300.0,150.0,831.3627535578438,818.9560347889669,143.0910237786161,783.9856502972797,773.0319938078301,130.59493260283728,1.0,0.0,29.0,0.0,inf,18.5919352085944,0.016642252998281037,40000.0,2900.0
21,44,12,known,3,100.0,300.0,150.0,903.899281425449,572.2172396892518,699.7151860320428,786.2085208408789,491.4586460615206,613.6711150560859,1.0,0.0,27.0,0.0,inf,44.049910795452924,0.015714213001047028,40000.0,2900.0
21,45,12,known,3,100.0,300.0,150.0,592.5052844563915,507.9737870892589,305.0002356375246,573.0769781141544,495.51474368379576,287.8929690639093,1.0,0.0,27.0,0.0,inf,71.9937435727956,0.013730593000218505,40000.0,2900.0
21,46,12,known,3,100.0,300.0,150.0,848.5273660612511,827.6513509307109,187.06130614697886,780.0972262002052,768.2057423682751,135.68942375020026,1.0,0.0,27.0,0.0,inf,36.00992473248092,0.015687328999774763,40000.0,2900.0
21,47,12,known,3,100.0,300.0,150.0,898.8941915718236,887.5021741157991,142.65573448443084,834.4531179877682,823.2805539997332,136.09237864553708,1.0,0.0,29.0,0.0,inf,22.72422265588596,0.014790012002777075,40000.0,2900.0
21,48,12,known,3,100.0,300.0,150.0,799.6204292405249,753.5691234903196,267.44421283855195,744.4837773399184,714.6002369530952,208.81234654323853,1.0,0.0,27.0,0.0,inf,59.947884248124694,0.01433655000073486,40000.0,2900.0
21,49,12,known,3,100.0,300.0,150.0,1103.8898143753868,1036.106279573816,380.86283582076084,1032.1842341372565,975.9918071352964,335.9230352421416,1.0,0.0,27.0,0.0,inf,56.0597805516919,0.013185223000618862,40000.0,2900.0
21,50,12,known,3,100.0,300.0,150.0,536.8339287800808,232.7664051227263,483.74628446707436,479.20796329186595,230.41707795959042,420.17644182759983,1.0,0.0,27.0,0.0,inf,70.60022777151083,0.012863735999417258,40000.0,2900.0
21,51,12,known,3,100.0,300.0,150.0,436.49078928330704,226.1601051158903,373.3307059205468,402.80585185930175,216.33615265480685,339.78114036334307,1.0,0.0,29.0,0.0,inf,17.581527801817227,0.017731973999616457,40000.0,2900.0
21,52,12,known,3,100.0,300.0,150.0,687.9635707030421,599.7113791297912,337.1055270337816,652.6485353816889,570.4809519981153,317.01986395679944,1.0,0.0,27.0,0.0,inf,52.03023621577577,0.015507476000493625,40000.0,2900.0
21,53,12,known,3,100.0,300.0,150.0,907.263520010469,876.2915210010307,235.03247640163886,866.19576455682,839.3034918249676,214.16057327760015,1.0,0.0,27.0,0.0,inf,31.914223640772448,0.01673661699896911,40000.0,2900.0
21,54,12,known,3,100.0,300.0,150.0,342.3372799436433,261.0721346994322,221.44108408941176,304.47626977441564,247.37050947309308,177.5207872300174,1.0,0.0,27.0,0.0,inf,60.47604691501105,0.014279450002504745,40000.0,2900.0
21,55,12,known,3,100.0,300.0,150.0,1020.8991968662041,898.5180329923813,484.66536347212013,971.9403739685746,866.3495919403961,440.5751639560289,1.0,0.0,27.0,0.0,inf,80.54121965950931,0.013691817999642808,40000.0,2900.0
21,56,12,known,3,100.0,300.0,150.0,973.9865011666857,967.936153757767,108.39421895812747,926.5847921996833,920.8073204835334,103.31144989625086,1.0,0.0,27.0,0.0,inf,81.91604444474746,0.013562790001742542,40000.0,2900.0
21,57,12,known,3,100.0,300.0,150.0,551.5054151640304,204.04981588754427,512.3689057617653,448.46085607335874,179.26414783404124,411.07360013917804,1.0,0.0,29.0,0.0,inf,23.292912074223192,0.015905488999123918,40000.0,2900.0
21,58,12,known,3,100.0,300.0,150.0,545.5605903612015,319.60037521304616,442.14472508325025,500.2329893813782,273.6029429007751,418.77735528734746,1.0,0.0,27.0,0.0,inf,67.30100057747099,0.018667628999537556,40000.0,2900.0
21,59,12,known,3,100.0,300.0,150.0,809.5029978958983,376.7342365176471,716.4959306499322,719.8612880831562,358.8296026412207,624.0525541563662,1.0,0.0,27.0,0.0,inf,44.56143226234752,0.01728104999710922,40000.0,2900.0
21,60,12,known,3,100.0,300.0,150.0,871.0262615498516,830.3273335190232,263.14115512534164,841.6258276610888,810.8503469681185,225.51219170566898,1.0,0.0,27.0,0.0,inf,54.468798126138566,0.015344185001595179,40000.0,2900.0
21,61,12,known,3,100.0,300.0,150.0,461.74171671094905,420.54933014182376,190.64016855961287,450.5008765555712,412.82043241857343,180.36166542555543,1.0,0.0,27.0,0.0,inf,63.627257829570446,0.016597273999650497,40000.0,2900.0
21,62,12,known,3,100.0,300.0,150.0,720.0627133730941,512.5598713509844,505.73974480051,664.388709428494,493.4907411029061,444.8362009344163,1.0,0.0,27.0,0.0,inf,58.21660400282828,0.014305589000287,40000.0,2900.0
21,63,12,known,3,100.0,300.0,150.0,783.8774013622448,780.1193342900121,76.66553745545508,680.4692819456751,676.4529968103834,73.82267116485286,1.0,0.0,27.0,0.0,inf,57.99101585970153,0.01463798099939595,40000.0,2900.0
21,64,12,known,3,100.0,300.0,150.0,594.2982868219376,461.85557836757886,374.00518505796055,569.9509460094495,459.77016557593794,336.8315242125372,1.0,0.0,29.0,0.0,inf,28.076559286206216,0.014566937999916263,40000.0,2900.0
21,65,12,known,3,100.0,300.0,150.0,763.9448454125161,724.3587203535229,242.72653559131064,751.4847101039594,716.3763232583478,227.01152612782263,1.0,0.0,27.0,0.0,inf,55.56353433127903,0.012093107001419412,40000.0,2900.0
21,66,12,known,3,100.0,300.0,150.0,939.6025301956186,880.806364866717,327.15907806491884,897.7141616067894,842.9552463808056,308.73478674819876,1.0,0.0,27.0,0.0,inf,62.672656129152166,0.017542586996569298,40000.0,2900.0
21,67,12,known,3,100.0,300.0,150.0,238.96297547446005,215.66724764577705,102.91230218250129,219.6445847399867,196.6981470883634,97.74242956672263,1.0,0.0,27.0,0.0,inf,68.45582064056748,0.013335845000256086,40000.0,2900.0
21,68,12,known,3,100.0,300.0,150.0,803.8518886811906,776.1429067110264,209.236821086721,791.6988712193852,772.5600828991802,173.0260702924866,1.0,0.0,31.0,0.0,inf,8.111504135098603,0.015576639001665171,40000.0,2900.0
21,69,12,known,3,100.0,300.0,150.0,831.700786968579,723.4377696164468,410.32181581843105,793.1230893307837,710.4073967633497,352.65502329263245,1.0,0.0,29.0,0.0,inf,28.459275071575156,0.013862710002285894,40000.0,2900.0
21,70,12,known,3,100.0,300.0,150.0,1235.0988149003279,744.2959774944396,985.6432318307628,1134.1349244406285,719.7231059042037,876.5048075530201,1.0,0.0,27.0,0.0,inf,38.63669476116479,0.013788537002255907,40000.0,2900.0
21,71,12,known,3,100.0,300.0,150.0,880.7140499872842,809.4463606108357,347.0645864084631,816.8129588328693,753.0266504643655,316.4399996961903,1.0,0.0,29.0,0.0,inf,16.67191755412112,0.016180677001102595,40000.0,2900.0
21,72,12,known,3,100.0,300.0,150.0,918.1880361258837,707.155605510512,585.6622057805748,853.7883692174726,686.3966309012476,507.7541181501612,1.0,0.0,29.0,0.0,inf,22.060369075551428,0.014409654999326449,40000.0,2900.0
21,73,12,known,3,100.0,300.0,150.0,1261.7190191081145,532.5248357594639,1143.8322352856203,1131.1601960636867,489.09540080569604,1019.9554294524609,1.0,0.0,27.0,0.0,inf,53.032077012725495,0.012731576000078348,40000.0,2900.0
21,74,12,known,3,100.0,300.0,150.0,1266.5992941113168,849.6990845492293,939.3003979342755,1108.0584213358832,750.9881628162354,814.7455089801141,1.0,0.0,27.0,0.0,inf,41.207682524871196,0.012763014001393458,40000.0,2900.0
21,75,12,known,3,100.0,300.0,150.0,550.8536995480183,255.99020225644276,487.75897188513494,495.18084637865877,228.51811058954434,439.2989230044499,1.0,0.0,27.0,0.0,inf,52.676031248395795,0.012833186003263108,40000.0,2900.0
21,76,12,known,3,100.0,300.0,150.0,695.8235024233979,669.8422766444747,188.36579027124714,685.893549322547,665.8112034359153,164.7586185348113,1.0,0.0,27.0,0.0,inf,50.756876751343654,0.013065973998891423,40000.0,2900.0
21,77,12,known,3,100.0,300.0,150.0,312.9903152602149,269.9292976768642,158.43330364024968,271.8989159587496,223.31465130291232,155.11153088343193,1.0,0.0,27.0,0.0,inf,60.225734446559336,0.013565196997660678,40000.0,2900.0
21,78,12,known,3,100.0,300.0,150.0,822.2867756066217,805.7109627795585,164.27229162086832,766.7946312775103,753.6943741925285,141.13396779849245,1.0,0.0,27.0,0.0,inf,50.19390320720186,0.014635416002420243,40000.0,2900.0
21,79,12,known,3,100.0,300.0,150.0,689.8525589944013,315.77675597112614,613.3364440007424,620.1462604049996,300.64675475712426,542.395532013599,1.0,0.0,29.0,0.0,inf,27.511388105123114,0.018602146999910474,40000.0,2900.0
21,80,12,known,3,100.0,300.0,150.0,680.0333302920707,404.00669804959836,547.0136362461042,585.3957389427461,347.6727216476667,470.96905396684804,1.0,0.0,27.0,0.0,inf,41.00086299530543,0.020650821999879554,40000.0,2900.0
21,81,12,known,3,100.0,300.0,150.0,581.4411893429625,545.2326220181008,201.97832693590084,555.3920754721895,536.6362394242143,143.11500282620133,1.0,0.0,29.0,0.0,inf,13.191084165385858,0.030554204000509344,40000.0,2900.0
21,82,12,known,3,100.0,300.0,150.0,750.3717727725392,469.8671317192564,585.0492935674072,685.7026704923928,435.9527438714183,529.2762581406621,1.0,0.0,27.0,0.0,inf,65.98918758055657,0.014408314000320388,40000.0,2900.0
21,83,12,known,3,100.0,300.0,150.0,942.9913845620712,546.748958617977,768.3087449772062,832.2032843921702,488.65381519247217,673.63176547054,1.0,0.0,27.0,0.0,inf,47.92568938259319,0.012972002998139942,40000.0,2900.0
21,84,12,known,3,100.0,300.0,150.0,954.8575444525204,416.3160871026919,859.3217359158331,839.9261244828949,391.7875474285893,742.9524966434572,1.0,0.0,27.0,0.0,inf,86.81959712691541,0.012293707997741876,40000.0,2900.0
21,85,12,known,3,100.0,300.0,150.0,914.1232495902968,855.554341877456,321.9442242627703,884.6630790173198,832.594333856724,299.0241438514332,1.0,0.0,28.0,0.0,inf,24.052874890776483,0.01516693200028385,40000.0,2900.0
21,86,12,known,3,100.0,300.0,150.0,971.7566855202455,941.1243708239499,242.06605399047177,915.6765590822789,891.554699952611,208.79123028798884,1.0,0.0,27.0,0.0,inf,48.992658643233604,0.013335948999156244,40000.0,2900.0
21,87,12,known,3,100.0,300.0,150.0,1069.2481367732635,936.832511040491,515.3992862341426,1002.1130960441419,897.0696980728594,446.6504383325341,1.0,0.0,27.0,0.0,inf,43.53984101243327,0.0148067269983585,40000.0,2900.0
21,88,12,known,3,100.0,300.0,150.0,417.07375382294083,409.18615921775415,80.72919690286653,381.9017482582111,373.9818766982101,77.37248363574001,1.0,0.0,29.0,0.0,inf,38.445810453865484,0.014106705999438418,40000.0,2900.0
21,89,12,known,3,100.0,300.0,150.0,642.6949206003007,632.0730036466498,116.36356399891282,606.8263188457752,598.4098013424632,100.71688488623974,1.0,0.0,29.0,0.0,inf,23.029411314860692,0.022406493000744376,40000.0,2900.0
21,90,12,known,3,100.0,300.0,150.0,787.4791615277322,772.4911811575346,152.90783130453949,733.0056392319468,718.2552279577908,146.31026846102478,1.0,0.0,27.0,0.0,inf,54.25445779881749,0.02329334000023664,40000.0,2900.0
21,91,12,known,3,100.0,300.0,150.0,1131.3849786734622,684.8605297079489,900.554287545231,1012.4716133588514,628.7252838613351,793.6014650257139,1.0,0.0,27.0,0.0,inf,37.790225247502235,0.013814474001264898,40000.0,2900.0
21,92,12,known,3,100.0,300.0,150.0,541.1576898864228,448.0883410216321,303.4278892318424,480.2309452932322,400.86771435723455,264.43682875733845,1.0,0.0,27.0,0.0,inf,39.393762386914275,0.012342296002316289,40000.0,2900.0
21,93,12,known,3,100.0,300.0,150.0,991.1222657114288,980.7603361564039,142.9423261715498,903.9171100263973,898.869922749892,95.38869835613251,1.0,0.0,27.0,0.0,inf,54.882354200527544,0.013365416998567525,40000.0,2900.0
21,94,12,known,3,100.0,300.0,150.0,853.144979302341,655.4849381972372,546.073119193168,816.7032561203051,643.8290811970111,502.48216163613336,1.0,0.0,27.0,0.0,inf,72.98865108884289,0.012343178001174238,40000.0,2900.0
21,95,12,known,3,100.0,300.0,150.0,1137.2572430358643,972.4992902934542,589.5754126625898,1063.5150786711195,923.805355068554,526.9231333956599,1.0,0.0,29.0,0.0,inf,46.50007843564729,0.012883531999250408,40000.0,2900.0
21,96,12,known,3,100.0,300.0,150.0,869.0180453981254,536.4388803961946,683.6853741501683,780.3566620667799,476.00279263870704,618.3670927791668,1.0,0.0,27.0,0.0,inf,58.54778268828882,0.01376726699891151,40000.0,2900.0
21,97,12,known,3,100.0,300.0,150.0,449.674752896341,418.33945537316293,164.92265905711895,418.5438832094706,389.38142943151985,153.4962038160206,1.0,0.0,27.0,0.0,inf,53.64066864085417,0.0156472290000238,40000.0,2900.0
21,98,12,known,3,100.0,300.0,150.0,742.2696279873107,449.1905703656052,590.9247262782654,677.1030281985211,422.42077212873454,529.1778548557857,1.0,0.0,29.0,0.0,inf,17.32392079781919,0.019144472000334645,40000.0,2900.0
21,99,12,known,3,100.0,300.0,150.0,698.1485399840947,603.8722886955429,350.35645110020437,553.8204119192712,450.8876133087277,321.5857721093868,1.0,0.0,27.0,0.0,inf,63.94396351015129,0.015460414997505723,40000.0,2900.0
22,0,12,known,3,100.0,300.0,150.0,975.188290943584,219.52896431167537,950.1574799062056,935.1719849167148,206.45149297160688,912.0989104383706,1.0,0.0,287.0,0.0,inf,61.00802408118106,0.27527823300260934,70000.0,2900.0
22,1,12,known,3,100.0,300.0,150.0,771.4944468996213,218.75045277840354,739.8323600696283,747.4388115726073,143.48390184865886,733.5374202829438,0.0,0.0,2000.0,0.0,inf,41.092174547015276,2.1729903319974255,70000.0,2900.0
22,2,12,known,3,100.0,300.0,150.0,2295.0328300258525,653.505150644262,2200.0242519067588,1283.975387494076,648.9661936953808,1107.8969605207392,1.0,0.0,48.0,0.0,inf,80.35427263965052,0.04004065899789566,70000.0,2900.0
22,3,12,known,3,100.0,300.0,150.0,763.5488581521502,714.12966714279,270.2326355050037,420.61627656350123,370.52325099108435,199.07428911123014,0.0,0.0,2000.0,0.0,inf,83.70281497878965,2.350666160997207,70000.0,2900.0
22,4,12,known,3,100.0,300.0,150.0,1886.0574530123433,1264.0636059348365,1399.7699511757016,1791.8177884908184,1235.8279551594567,1297.4360301758709,1.0,0.0,53.0,0.0,inf,46.079302061436714,0.050475110998377204,70000.0,2900.0
22,5,12,known,3,100.0,300.0,150.0,1194.597613883557,567.239430261271,1051.333861270128,1076.4535773806856,312.97763209938796,1029.950147366918,0.0,0.0,2000.0,0.0,inf,32.26976518985685,2.249114157999429,70000.0,2900.0
22,6,12,known,3,100.0,300.0,150.0,2364.953962551135,1943.6846798675135,1347.2553990371082,1393.275227021315,1118.1420986132625,831.2485221280253,1.0,0.0,144.0,0.0,inf,53.365826556632335,0.14208532699922216,70000.0,2900.0
22,7,12,known,3,100.0,300.0,150.0,784.6699504478037,443.64975638614794,647.2108039845058,715.0324513113278,312.15764958537795,643.2954284258662,1.0,0.0,1318.0,0.0,inf,39.25053039924451,1.4890751339989947,70000.0,2900.0
22,8,12,known,3,100.0,300.0,150.0,1327.5776819151997,498.24142387574085,1230.5356496475874,1222.3592314613265,222.24904749119423,1201.9847967540943,1.0,0.0,154.0,0.0,inf,70.25908888554264,0.18805733900080668,70000.0,2900.0
22,9,12,known,3,100.0,300.0,150.0,2247.9168002167926,166.61075477764223,2241.73388186228,1015.3303489191771,134.03934554032483,1006.4438242065273,0.0,0.0,2000.0,0.0,inf,69.93681858141555,2.2785243630023615,70000.0,2900.0
22,10,12,known,3,100.0,300.0,150.0,817.6792426634659,499.08937282793255,647.6952538137978,707.195358757283,412.1922275614954,574.650191843468,0.0,0.0,2000.0,0.0,inf,52.876387159265704,2.272932227999263,70000.0,2900.0
22,11,12,known,3,100.0,300.0,150.0,1097.8206966320367,283.40236273422806,1060.6099107354726,1076.6086040036803,257.2921139569125,1045.412289152149,1.0,0.0,1886.0,0.0,inf,44.30296447919397,2.0021417360003397,70000.0,2900.0
22,12,12,known,3,100.0,300.0,150.0,1941.7060092720346,1340.8324277861393,1404.4182521742794,1238.3772997505591,756.7460657416353,980.2620713472712,1.0,0.0,162.0,0.0,inf,41.1658327674055,0.1901459660002729,70000.0,2900.0
22,13,12,known,3,100.0,300.0,150.0,2619.010931635419,319.8573474569497,2599.40561230902,1319.057108154135,233.28090759534308,1298.2648700182262,1.0,0.0,1013.0,0.0,inf,68.2853237747357,1.1127231159989606,70000.0,2900.0
22,14,12,known,3,100.0,300.0,150.0,1200.5244672292154,706.573817862437,970.5732513969728,1038.1110106375797,403.3818795146953,956.5341236391774,1.0,0.0,1456.0,0.0,inf,46.233259991860855,1.6029683950000617,70000.0,2900.0
22,15,12,known,3,100.0,300.0,150.0,1141.8349478930588,819.973635198799,794.6258778877084,948.9796556931329,540.4170857416715,780.0716379653448,1.0,0.0,436.0,0.0,inf,41.889706382158494,0.6016780929967354,70000.0,2900.0
22,16,12,known,3,100.0,300.0,150.0,1644.6103965798218,1121.659545320227,1202.75650941097,1593.1717732632376,1080.6557036724778,1170.6321152449523,1.0,0.0,35.0,0.0,inf,50.82814443581788,0.021099500998388976,70000.0,2900.0
22,17,12,known,3,100.0,300.0,150.0,2366.5324109948046,1796.8731182240722,1540.0398206840573,1816.9133664203507,1037.1774978552232,1491.789870933474,1.0,0.0,41.0,0.0,inf,60.16992074857598,0.03944401899934746,70000.0,2900.0
22,18,12,known,3,100.0,300.0,150.0,1996.9001006560027,432.79898911675474,1949.4345454565712,1062.5710694818767,320.7715146860691,1012.9969955858033,1.0,0.0,236.0,0.0,inf,47.68685665335281,0.25545546600187663,70000.0,2900.0
22,19,12,known,3,100.0,300.0,150.0,1592.84064523235,219.2001791690195,1577.6858377245067,1046.4732452028513,199.6466658331531,1027.2523846392826,1.0,0.0,190.0,0.0,inf,80.42775263543321,0.19527801100048237,70000.0,2900.0
22,20,12,known,3,100.0,300.0,150.0,496.39127720540796,146.27909326271237,474.34873981054784,483.0921997487197,138.49672447927705,462.81392672062935,1.0,0.0,270.0,0.0,inf,63.45303180977861,0.2665206109995779,70000.0,2900.0
22,21,12,known,3,100.0,300.0,150.0,1079.4602256770827,134.45327176028295,1071.054011958208,970.5883270529177,130.83578272828757,961.7295350405217,0.0,0.0,2000.0,0.0,inf,65.83961136390381,2.167331747998105,70000.0,2900.0
22,22,12,known,3,100.0,300.0,150.0,1601.6988293267275,426.3997964245602,1543.8984271886877,1294.435673771565,208.3754149589019,1277.5536779224392,0.0,0.0,2000.0,0.0,inf,86.27797135897696,2.17152678900311,70000.0,2900.0
22,23,12,known,3,100.0,300.0,150.0,1145.5228020129707,584.816024912709,984.9937598467034,1015.0086172148933,378.992937939926,941.5980278293671,0.0,0.0,2000.0,0.0,inf,9.803405720055896,2.236356164001336,70000.0,2900.0
22,24,12,known,3,100.0,300.0,150.0,1002.6348782548974,585.2182560565268,814.1230201089822,972.8092942374259,551.8957090113813,801.1048928383495,1.0,0.0,152.0,0.0,inf,50.9515692706197,0.17046473400114337,70000.0,2900.0
22,25,12,known,3,100.0,300.0,150.0,3528.629712676174,3121.8967417441113,1644.684888684954,2247.5215126693492,1687.9985758131513,1483.9183798188815,0.0,0.0,2000.0,0.0,inf,22.300329641936955,2.3114260129987088,70000.0,2900.0
22,26,12,known,3,100.0,300.0,150.0,896.15784676533,284.19812587151233,849.9001774150848,792.5796614342339,154.10534025009773,777.4535766369632,1.0,0.0,810.0,0.0,inf,36.74964295861307,0.8290017479994276,70000.0,2900.0
22,27,12,known,3,100.0,300.0,150.0,2132.651901420833,2036.5832356295853,632.876652268373,1294.36084692721,1132.266908148032,627.1695550415536,1.0,0.0,385.0,0.0,inf,77.1352028871569,0.47011112900145235,70000.0,2900.0
22,28,12,known,3,100.0,300.0,150.0,889.155406577545,525.8810127199506,716.9703602707149,845.9233960596192,473.2264198356348,701.1726945414994,1.0,0.0,100.0,0.0,inf,63.6413363247364,0.08586840700081666,70000.0,2900.0
22,29,12,known,3,100.0,300.0,150.0,2008.112395259597,228.01806927465998,1995.124846238824,1252.4667440903052,198.0166113725157,1236.7143431984268,0.0,0.0,2000.0,0.0,inf,57.87631419988698,2.2988916800022707,70000.0,2900.0
22,30,12,known,3,100.0,300.0,150.0,1048.9315276349253,229.008984299484,1023.6269998278948,1042.894141113374,207.30389369743872,1022.0828172053783,0.0,0.0,2000.0,0.0,inf,69.13774708717331,2.274431532001472,70000.0,2900.0
22,31,12,known,3,100.0,300.0,150.0,1429.6930112947214,1077.2063327176818,940.0258631005274,1192.7770437021522,742.241005776478,933.699826136199,1.0,0.0,67.0,0.0,inf,39.71172420933394,0.05266572599794017,70000.0,2900.0
22,32,12,known,3,100.0,300.0,150.0,649.7259867046682,214.00311684896693,613.4708825839106,598.0724067056492,167.47991806807724,574.143780517213,0.0,0.0,2000.0,0.0,inf,60.32117645695075,2.156491525001911,70000.0,2900.0
22,33,12,known,3,100.0,300.0,150.0,2001.108711157866,1561.618561572222,1251.3127275085956,1463.8470387466782,827.8538953046036,1207.2721652040245,1.0,0.0,111.0,0.0,inf,50.22390825556307,0.09132378000140307,70000.0,2900.0
22,34,12,known,3,100.0,300.0,150.0,1290.0713188267696,822.167260633679,994.1453632148334,1055.8250873171319,475.25591672158885,942.8141007798679,1.0,0.0,295.0,0.0,inf,66.15164930666452,0.31437754799844697,70000.0,2900.0
22,35,12,known,3,100.0,300.0,150.0,1458.2753905131356,925.6066749265013,1126.8626348884516,1199.563784181104,521.7353841930915,1080.1599239000573,1.0,0.0,1029.0,0.0,inf,54.95336599754011,1.2088638490022277,70000.0,2900.0
22,36,12,known,3,100.0,300.0,150.0,1637.1646626941736,1114.4955973414403,1199.2529742640095,1525.6581107735196,992.4386805090746,1158.7485216380783,1.0,0.0,254.0,0.0,inf,48.5309540305832,0.2688398669997696,70000.0,2900.0
22,37,12,known,3,100.0,300.0,150.0,1192.4373362322415,611.5948597409016,1023.6496121130268,1091.8347067507314,394.1411233397255,1018.2120612907486,0.0,0.0,2000.0,0.0,inf,53.598426807738406,2.3416372920000867,70000.0,2900.0
22,38,12,known,3,100.0,300.0,150.0,1678.8776577448855,1206.1804069459931,1167.8009314838516,1430.4385445971238,878.6412146891138,1128.7798925028637,1.0,0.0,265.0,0.0,inf,63.648759287531796,0.2809365050015913,70000.0,2900.0
22,39,12,known,3,100.0,300.0,150.0,1137.5337730664505,544.0034425761269,999.0211906321696,1036.8054072173834,355.0890736546828,974.1032810776604,1.0,0.0,813.0,0.0,inf,52.5466846279335,0.9695639989986375,70000.0,2900.0
22,40,12,known,3,100.0,300.0,150.0,1486.0266034040978,1132.343088219199,962.3274892607645,1253.999316054007,848.7551043893662,923.1083671145626,1.0,0.0,60.0,0.0,inf,26.418652650846433,0.07044459899771027,70000.0,2900.0
22,41,12,known,3,100.0,300.0,150.0,1153.2281007681327,938.9618508462013,669.5414065289395,1004.3670172618934,777.2707482830947,636.0843412842281,0.0,0.0,2000.0,0.0,inf,44.005777785401634,2.267300106002949,70000.0,2900.0
22,42,12,known,3,100.0,300.0,150.0,1141.2075733478082,777.6765436044416,835.208907396133,889.836325100731,640.2971025405537,617.922572776675,0.0,0.0,2000.0,0.0,inf,94.14065905003497,2.3835053039983904,70000.0,2900.0
22,43,12,known,3,100.0,300.0,150.0,1774.112835564088,1236.5563071681363,1272.1654186920625,1418.792996133871,701.4098801857052,1233.2873735899518,1.0,0.0,438.0,0.0,inf,68.7868946402297,0.46649076100220555,70000.0,2900.0
22,44,12,known,3,100.0,300.0,150.0,928.008612728658,668.0468401520641,644.1377218121997,780.5619711902957,476.0814931594669,618.565600999225,1.0,0.0,178.0,0.0,inf,40.0359046619725,0.3646922120024101,70000.0,2900.0
22,45,12,known,3,100.0,300.0,150.0,1197.5767970557285,530.652009453459,1073.5914631316998,1060.3336963071633,393.77161170592535,984.5056959403177,1.0,0.0,508.0,0.0,inf,64.14468299144984,0.5773689369998465,70000.0,2900.0
22,46,12,known,3,100.0,300.0,150.0,2260.7622652989344,1396.1313048664917,1778.1629283536863,1665.435726339953,1178.1817433881415,1177.0997995566759,1.0,0.0,75.0,0.0,inf,31.03068192376912,0.0834359559994482,70000.0,2900.0
22,47,12,known,3,100.0,300.0,150.0,1501.5046750408176,1176.342537016944,933.1315688443783,1383.136011721847,1055.457347429407,893.90995893272,1.0,0.0,103.0,0.0,inf,47.74966865447528,0.12020371000107843,70000.0,2900.0
22,48,12,known,3,100.0,300.0,150.0,898.5427036419244,718.4310770122165,539.6626518957985,688.5476533570404,459.3393677761471,512.9378287419408,0.0,0.0,2000.0,0.0,inf,39.37770523203179,2.986275097999169,70000.0,2900.0
22,49,12,known,3,100.0,300.0,150.0,961.9648388004526,335.69472923927657,901.4906543327833,889.5492120978296,239.9780916847697,856.5677534528169,0.0,0.0,2000.0,0.0,inf,62.03740526856789,2.419718212000589,70000.0,2900.0
22,50,12,known,3,100.0,300.0,150.0,1057.4228975045069,443.40793190414445,959.9648900305244,999.0748503798667,400.2908262425543,915.3785070054936,1.0,0.0,101.0,0.0,inf,59.15163077779541,0.10815555799854337,70000.0,2900.0
22,51,12,known,3,100.0,300.0,150.0,1097.1441587811614,716.7315907730646,830.6751061248523,888.4260351925558,394.3373727203278,796.1148513148047,1.0,0.0,1191.0,0.0,inf,46.129617350193534,1.5028051310000592,70000.0,2900.0
22,52,12,known,3,100.0,300.0,150.0,832.6412370405252,803.4737351213473,218.45225242722233,546.1431374506312,504.0104640994951,210.34680568677675,0.0,0.0,2000.0,0.0,inf,48.48776529832805,2.463962445002835,70000.0,2900.0
22,53,12,known,3,100.0,300.0,150.0,871.3113109057387,296.039942517692,819.4777318185029,858.5962520791077,288.9175490422583,808.5259265723672,1.0,0.0,69.0,0.0,inf,35.668222529442396,0.05963111999881221,70000.0,2900.0
22,54,12,known,3,100.0,300.0,150.0,1129.3530363391417,462.15629567602605,1030.4609837618561,1075.5034827680943,405.4035658434816,996.1705126371139,1.0,0.0,988.0,0.0,inf,43.31241422526211,1.423060027998872,70000.0,2900.0
22,55,12,known,3,100.0,300.0,150.0,749.2742257953049,620.9902576110962,419.2647915020506,726.9696348490216,597.3028437004848,414.3840765519762,1.0,0.0,1995.0,0.0,inf,50.04670671288543,2.6105754760028503,70000.0,2900.0
22,56,12,known,3,100.0,300.0,150.0,1081.4479167792747,262.00412090441154,1049.2299258672235,1027.1974223386057,178.2269317628293,1011.6173709725846,0.0,0.0,2000.0,0.0,inf,52.651920262628714,2.7481012170028407,70000.0,2900.0
22,57,12,known,3,100.0,300.0,150.0,630.3984592776511,260.8230512867313,573.9107538434138,562.0871198023318,143.63679636869935,543.4246966936796,1.0,0.0,555.0,0.0,inf,52.87494335309691,0.8470900030006305,70000.0,2900.0
22,58,12,known,3,100.0,300.0,150.0,781.6939976916659,494.5403253301607,605.3720943762746,664.4437347869505,334.02671829049444,574.3793416947672,1.0,0.0,503.0,0.0,inf,73.78296561151011,0.6531137759993726,70000.0,2900.0
22,59,12,known,3,100.0,300.0,150.0,1653.0566367476347,967.1655505279854,1340.5920491213203,1380.4101226974205,599.1607721073003,1243.59900129153,1.0,0.0,120.0,0.0,inf,39.53658957049711,0.1692295920001925,70000.0,2900.0
22,60,12,known,3,100.0,300.0,150.0,1101.9088812059308,898.4437307419513,637.9671191926666,854.4042078529238,581.019842859028,626.4363436142995,1.0,0.0,93.0,0.0,inf,48.42372501753574,0.13569167199966614,70000.0,2900.0
22,61,12,known,3,100.0,300.0,150.0,1091.4316121912125,369.37535928464365,1027.02717006107,1028.7752824870126,285.5871872438543,988.3413076151257,1.0,0.0,187.0,0.0,inf,35.2813865187178,0.2618881880007393,70000.0,2900.0
22,62,12,known,3,100.0,300.0,150.0,470.03879142224486,226.45844062078734,411.88959699570705,433.40553226876256,176.71133239501194,395.7441855597489,1.0,0.0,406.0,0.0,inf,62.36907619509653,0.5787604520010063,70000.0,2900.0
22,63,12,known,3,100.0,300.0,150.0,574.6021278356562,369.67093246586956,439.89885997019627,357.86126587130633,258.96349418112646,246.98703264041094,0.0,0.0,2000.0,0.0,inf,58.80686095413104,2.9841214230000332,70000.0,2900.0
22,64,12,known,3,100.0,300.0,150.0,1054.5309038280348,733.1607697551657,757.964849330353,899.7414207236847,669.5944580531186,600.9807700005259,1.0,0.0,1564.0,0.0,inf,53.768012016753126,1.9270315059984569,70000.0,2900.0
22,65,12,known,3,100.0,300.0,150.0,2232.9016590984957,2160.5775178577237,563.6972667421501,1359.818667739798,1239.4237270586605,559.406501515363,1.0,0.0,57.0,0.0,inf,32.860658787131065,0.07218808199831983,70000.0,2900.0
22,66,12,known,3,100.0,300.0,150.0,2153.715138890726,1817.5043266767561,1155.4942327845558,1503.4478598862493,1009.630939634513,1114.002169265964,1.0,0.0,255.0,0.0,inf,54.25648628447588,0.29201973299859674,70000.0,2900.0
22,67,12,known,3,100.0,300.0,150.0,1639.17072176988,1427.388335257912,805.8803853409235,1242.8327828774181,948.2861050057224,803.3596885878103,1.0,0.0,217.0,0.0,inf,39.765879188814495,0.270389012999658,70000.0,2900.0
22,68,12,known,3,100.0,300.0,150.0,960.327158906306,206.69337046534983,937.8198668927477,772.423281773009,194.43633266990187,747.5508268759152,0.0,0.0,2000.0,0.0,inf,56.53650973010835,2.726858259000437,70000.0,2900.0
22,69,12,known,3,100.0,300.0,150.0,803.9246382452509,552.8347879925592,583.6681601415136,661.0582492504964,322.3738940562774,577.1248403362339,1.0,0.0,145.0,0.0,inf,53.71195003287582,0.1766830310007208,70000.0,2900.0
22,70,12,known,3,100.0,300.0,150.0,1736.3867348074605,536.4737451515542,1651.4341687086348,1703.0821026259937,529.9748653635662,1618.5225640589153,1.0,0.0,98.0,0.0,inf,51.63523859323298,0.09719839199897251,70000.0,2900.0
22,71,12,known,3,100.0,300.0,150.0,1631.347366831314,1102.4985681333148,1202.41055323523,1409.8438090383033,863.8529721385692,1114.1892157129294,0.0,0.0,2000.0,0.0,inf,49.60837015217821,2.9828405510015727,70000.0,2900.0
22,72,12,known,3,100.0,300.0,150.0,1343.4115598283681,430.0503571949139,1272.7180792921172,1292.2736244201665,373.2542242053923,1237.1953784608413,1.0,0.0,139.0,0.0,inf,51.883960306957526,0.19509614799972042,70000.0,2900.0
22,73,12,known,3,100.0,300.0,150.0,1156.5899719807035,322.95133619348843,1110.586690779772,1142.9189703563911,322.36524242967295,1096.5146707973274,1.0,0.0,53.0,0.0,inf,66.27024704693635,0.04621308800051338,70000.0,2900.0
22,74,12,known,3,100.0,300.0,150.0,1611.4595230382722,754.1318359599389,1424.1091841507193,1530.9825573487715,640.069138595316,1390.7620532370138,1.0,0.0,68.0,0.0,inf,24.046126005020746,0.07680770600200049,70000.0,2900.0
22,75,12,known,3,100.0,300.0,150.0,1052.6716653707647,740.728689090162,747.9563117142803,912.5975437587094,547.5001457926563,730.1218167069447,1.0,0.0,676.0,0.0,inf,55.28294962067898,0.9255620530020678,70000.0,2900.0
22,76,12,known,3,100.0,300.0,150.0,1311.0144949601483,900.4871260244854,952.8283905613723,1112.3980283366247,626.1480045121051,919.4389864981358,1.0,0.0,50.0,0.0,inf,38.227259063634,0.05179009399944334,70000.0,2900.0
22,77,12,known,3,100.0,300.0,150.0,1763.2385412399403,1706.3560103589423,444.2514144331636,1121.475103797482,1033.551134014619,435.2912379254472,0.0,0.0,2000.0,0.0,inf,54.80942668692292,2.7512541440009954,70000.0,2900.0
22,78,12,known,3,100.0,300.0,150.0,1313.4105487499783,308.8320043428488,1276.5853135068166,1239.9546488332483,224.88748843358243,1219.3904824580266,0.0,0.0,2000.0,0.0,inf,62.104948082575234,2.7103502589998243,70000.0,2900.0
22,79,12,known,3,100.0,300.0,150.0,921.9388313988384,519.7837129524114,761.443432298461,817.7396365424537,321.57781406297016,751.8549212947042,1.0,0.0,669.0,0.0,inf,62.59923975799199,0.7706592710019322,70000.0,2900.0
22,80,12,known,3,100.0,300.0,150.0,1392.9681520652582,840.9076826692793,1110.5109373148396,1144.8755066467756,432.1458735503303,1060.1838848488187,1.0,0.0,489.0,0.0,inf,64.47867043864811,0.5827399139998306,70000.0,2900.0
22,81,12,known,3,100.0,300.0,150.0,1907.1115550694726,551.6128588754922,1825.5951734715748,1063.4481758748348,296.3147097141161,1021.3322748148875,1.0,0.0,238.0,0.0,inf,49.270345630083376,0.3324840839995886,70000.0,2900.0
22,82,12,known,3,100.0,300.0,150.0,966.307595506527,317.75305547060975,912.5696493269419,916.0155289155697,197.93404463070667,894.3749567103275,1.0,0.0,1282.0,0.0,inf,51.241883292957006,1.73861047399987,70000.0,2900.0
22,83,12,known,3,100.0,300.0,150.0,1389.4274476547373,354.06691689836487,1343.5569398631544,1377.4525574927086,347.99308729132287,1332.770182492337,0.0,0.0,2000.0,0.0,inf,67.0557499199977,2.674586807999731,70000.0,2900.0
22,84,12,known,3,100.0,300.0,150.0,1331.0597413267499,386.54853544275636,1273.6955149202238,1307.4392358051796,331.7323387456779,1264.6545025235764,1.0,0.0,222.0,0.0,inf,53.18493946819908,0.2929168890004803,70000.0,2900.0
22,85,12,known,3,100.0,300.0,150.0,1502.0897232073883,1110.0393393390739,1011.9714431173051,1167.0426638396884,595.5264220609672,1003.6617258067076,1.0,0.0,60.0,0.0,inf,50.428964548292726,0.06387741700018523,70000.0,2900.0
22,86,12,known,3,100.0,300.0,150.0,1233.367364510518,591.9761944627547,1082.0162850110046,1113.5968174984116,412.62236713153476,1034.3310176560303,1.0,0.0,1957.0,0.0,inf,55.41920714089273,2.736354548997042,70000.0,2900.0
22,87,12,known,3,100.0,300.0,150.0,1186.634115118041,319.1489128249365,1142.9105365708365,1109.9220068533489,269.3068698675058,1076.7546940410948,1.0,0.0,155.0,0.0,inf,37.25183576875854,0.2003997719984909,70000.0,2900.0
22,88,12,known,3,100.0,300.0,150.0,928.964685254108,467.61600391357894,802.6896407286937,883.9884146321266,394.5095229487776,791.0737977626034,1.0,0.0,181.0,0.0,inf,42.124300893507545,0.2496644139973796,70000.0,2900.0
22,89,12,known,3,100.0,300.0,150.0,1386.0999749486718,534.9610708289788,1278.7062967117279,1314.7215163746614,515.7825694837355,1209.3225403651602,1.0,0.0,948.0,0.0,inf,32.30577660981157,1.134341820001282,70000.0,2900.0
22,90,12,known,3,100.0,300.0,150.0,1263.2507782895473,563.5306019755624,1130.590902796501,1047.0957468283696,474.8043583705024,933.2579087789381,0.0,0.0,2000.0,0.0,inf,48.86398701471786,2.6058601629993063,70000.0,2900.0
22,91,12,known,3,100.0,300.0,150.0,1109.1821695137144,1006.4012590802954,466.3063273093624,705.2807971603185,560.6651323744272,427.87335998243725,0.0,0.0,2000.0,0.0,inf,51.81143102091074,2.620461217000411,70000.0,2900.0
22,92,12,known,3,100.0,300.0,150.0,492.52666982177055,276.5179141463811,407.57865945343354,429.2524752406294,205.62463205187996,376.7972905870425,0.0,0.0,2000.0,0.0,inf,56.42428378301306,2.9195350149966544,70000.0,2900.0
22,93,12,known,3,100.0,300.0,150.0,820.5148699844844,100.25165327610603,814.367397358872,760.7655526573999,95.63117462769381,754.7310146995728,1.0,0.0,1500.0,0.0,inf,77.57721053960458,2.3140464360003534,70000.0,2900.0
22,94,12,known,3,100.0,300.0,150.0,4302.8697859094145,4048.346900932769,1457.935445827482,2618.00961009698,2262.439956554912,1317.322952636881,1.0,0.0,31.0,0.0,inf,40.7074710239185,0.03535053100131336,70000.0,2900.0
22,95,12,known,3,100.0,300.0,150.0,1314.6772046326505,395.37643457026445,1253.8156273420848,1256.182308868306,348.9575771674867,1206.7404867870748,1.0,0.0,885.0,0.0,inf,50.247691838848425,1.347655412999302,70000.0,2900.0
22,96,12,known,3,100.0,300.0,150.0,927.7166673316813,826.0853018446261,422.1863201493797,634.336725799479,475.826666944736,419.4902438940227,0.0,0.0,2000.0,0.0,inf,47.09164104615649,2.497946530998888,70000.0,2900.0
22,97,12,known,3,100.0,300.0,150.0,1067.946771372072,844.7912373638145,653.3284562586782,891.8659159492012,624.6649057905771,636.567802755965,1.0,0.0,32.0,0.0,inf,65.04667079903507,0.022483823999209562,70000.0,2900.0
22,98,12,known,3,100.0,300.0,150.0,1109.7771792697981,398.9517887589069,1035.5881700145565,1051.9253575270031,337.2961954484022,996.3825742877815,1.0,0.0,119.0,0.0,inf,53.31530060737514,0.15378478900311165,70000.0,2900.0
22,99,12,known,3,100.0,300.0,150.0,751.1323354901472,208.7923770663181,721.5299915442735,727.1170912726025,209.32564953541828,696.3347161152498,1.0,0.0,373.0,0.0,inf,64.56269452344681,0.4778351719978673,70000.0,2900.0
23,0,12,known,3,100.0,300.0,150.0,3147.2836810181243,179.7352161245768,3142.147326413522,1191.0728203204792,70.83468571059444,1188.9646380807387,1.0,1.0,151.0,522.9942513739935,497.4884550367706,60.093680652673754,0.2241580209993117,110000.0,2900.0
23,1,12,known,3,100.0,300.0,150.0,3856.9445813732186,206.60225444079438,3851.4071470365498,1438.4623804987814,77.08608594834101,1436.3954035931004,1.0,1.0,54.0,467.84064930860393,554.9286152577301,73.32505644676912,0.05587909700261662,110000.0,2900.0
23,2,12,known,3,100.0,300.0,150.0,1716.0669215537996,83.80507491052548,1714.0193664805472,1348.6247044265317,76.33382521555228,1346.4626769864476,1.0,1.0,170.0,443.30309903827634,587.004912912802,70.64825925821229,0.2818768010001804,110000.0,2900.0
23,3,12,known,3,100.0,300.0,150.0,4344.921050982082,225.4985177591857,4339.065493600628,1179.5593850729733,68.25105385319787,1177.5831760693845,1.0,1.0,62.0,542.172778876971,479.19336464048365,85.61735714143202,0.11441937099880306,110000.0,2900.0
23,4,12,known,3,100.0,300.0,150.0,5016.713765333725,234.92610933005,5011.210105996747,1045.192922064203,56.67764651540398,1043.6550621343156,1.0,1.0,634.0,434.06542407066394,600.1447242790459,72.14676985854298,1.157942763002211,110000.0,2900.0
23,5,12,known,3,100.0,300.0,150.0,1978.1301619842754,70.5872605591156,1976.8703489097854,1112.1931973652738,42.43103065797043,1111.3835143202787,1.0,1.0,368.0,597.5299113957252,434.59586782061285,91.99469964928959,0.6326221710005484,110000.0,2900.0
23,6,12,known,3,100.0,300.0,150.0,2584.450734604746,93.81118380064356,2582.7475798832784,1298.6953390406145,56.09748564918027,1297.4832005654855,1.0,1.0,608.0,406.65235121858234,638.4709087306662,72.82368757216972,1.1109690269986459,110000.0,2900.0
23,7,12,known,3,100.0,300.0,150.0,12116.123174301343,1240.0025613722944,12052.503243004425,1883.3938589850889,108.59375770789515,1880.2605733912583,1.0,1.0,47.0,416.6326463271518,623.3657716083862,62.37174734605861,0.07087301099818433,110000.0,2900.0
23,8,12,known,3,100.0,300.0,150.0,3539.0539314184016,135.7198814003372,3536.450599581552,856.8205342813164,60.79983908322996,854.6606388114374,1.0,1.0,1160.0,516.2817132426377,503.3192460500017,98.38332213821565,1.8309728420026659,110000.0,2900.0
23,9,12,known,3,100.0,300.0,150.0,5750.371357070367,325.28998702358865,5741.163398524509,1558.9742093348202,77.60165137646489,1557.0416080101309,1.0,1.0,55.0,429.38774767242245,604.61332816284,88.16013132876485,0.08745656800238066,110000.0,2900.0
23,10,12,known,3,100.0,300.0,150.0,1507.6530454341223,84.55588613002418,1505.280042891538,874.6874231674724,62.476688937720986,872.4532947881693,1.0,1.0,153.0,597.2688938781613,434.55216630544913,60.26122281889681,0.22599180399993202,110000.0,2900.0
23,11,12,known,3,100.0,300.0,150.0,9476.74705837134,691.1139240618281,9451.512913407976,1282.582277544628,75.80926358622692,1280.339897927921,1.0,1.0,820.0,524.2323844798603,496.3152596644373,71.93187726577014,1.3691931489993294,110000.0,2900.0
23,12,12,known,3,100.0,300.0,150.0,4057.0441319652737,157.50942158263203,4053.9854305148365,1436.389575018342,60.92221594135397,1435.0970332441525,1.0,1.0,37.0,472.99901896776913,549.1270374879656,67.76881616325718,0.05554598100206931,110000.0,2900.0
23,13,12,known,3,100.0,300.0,150.0,1030.9623254270389,104.90699827986504,1025.6109584836913,823.280194696951,73.12109313108695,820.0265756178665,1.0,1.0,1047.0,578.2801055562472,450.28596881675713,84.00029354785492,1.7406882700015558,110000.0,2900.0
23,14,12,known,3,100.0,300.0,150.0,1131.4790356444958,52.39896975991521,1130.2650822135035,609.2120251672392,48.21392285648782,607.3011684915133,1.0,1.0,196.0,413.0257817740712,630.1135157643207,84.48744586748117,0.31940827799917315,110000.0,2900.0
23,15,12,known,3,100.0,300.0,150.0,10289.981538816772,819.645953746775,10257.28524414216,1445.9688947901655,64.82931273586566,1444.5148683592317,1.0,1.0,828.0,463.3133038244283,562.2501397217119,82.88220753559911,1.1836581930001557,110000.0,2900.0
23,16,12,known,3,100.0,300.0,150.0,884.1291420357308,113.36799860778633,876.8306773194596,808.271984852175,60.7453927995308,805.9861033234416,1.0,1.0,383.0,551.3035325124437,471.4755669086666,79.29128125464685,0.6331334750029782,110000.0,2900.0
23,17,12,known,3,100.0,300.0,150.0,1537.7266824925991,71.87361873873192,1536.0460712423617,1023.3485458187388,49.87387120109397,1022.1324978694025,1.0,1.0,820.0,552.9203612452598,471.10807741642304,77.74497113591573,1.353708706999896,110000.0,2900.0
23,18,12,known,3,100.0,300.0,150.0,2755.940026412014,142.72361447627355,2752.2418859996083,1652.3809993750535,79.75287990638223,1650.455223640538,1.0,1.0,41.0,393.4960448176128,661.9898222943402,75.68553470260518,0.04947207700024592,110000.0,2900.0
23,19,12,known,3,100.0,300.0,150.0,8326.004310884698,589.9239559969791,8305.07901895048,1318.7882159134447,73.39646563706319,1316.7442110235966,1.0,1.0,915.0,495.5566778828353,524.1441754484973,62.27885279197914,1.4889151140014292,110000.0,2900.0
23,20,12,known,3,100.0,300.0,150.0,1891.6194557442084,70.36378200689973,1890.3103193739646,988.5991534145277,50.11150194818464,987.3282754506821,1.0,1.0,884.0,534.8066266789727,484.15751332203973,84.8983587924312,1.3392023400010657,110000.0,2900.0
23,21,12,known,3,100.0,300.0,150.0,1322.1799017693504,85.48044294921951,1319.4138041251556,990.809121593536,50.5210635428116,989.5202562714204,1.0,1.0,115.0,574.3041773685011,450.8637223526074,71.94160868590906,0.14164937299938174,110000.0,2900.0
23,22,12,known,3,100.0,300.0,150.0,5238.6596193354235,286.5055236556288,5230.819170280156,1363.696926018778,68.77122070830225,1361.961756157402,1.0,1.0,1222.0,346.4263806676919,749.5098545159808,82.56832659954512,1.9846420860012586,110000.0,2900.0
23,23,12,known,3,100.0,300.0,150.0,5705.442854697937,284.0464416654463,5698.3678178230075,1441.3449416183614,61.928347244581595,1440.0139306744197,1.0,1.0,388.0,440.9111300576836,591.3100769942347,74.21018445119331,0.6597901160021138,110000.0,2900.0
23,24,12,known,3,100.0,300.0,150.0,4141.948846863901,226.05983153015896,4135.77528434582,1446.0056929954053,60.94317369102103,1444.7208705336784,1.0,1.0,124.0,387.2746884161283,670.9134648229538,88.78068370486484,0.19412688400188927,110000.0,2900.0
23,25,12,known,3,100.0,300.0,150.0,9589.055100068648,810.8010878834189,9554.715030184816,1306.3681044858154,59.13163017742037,1305.0291470807933,1.0,1.0,153.0,526.6694405052266,492.8595979099732,68.48347129807617,0.25051939799959655,110000.0,2900.0
23,26,12,known,3,100.0,300.0,150.0,8640.874697261588,596.2943444438318,8620.27543577117,853.2636324549657,62.431859324485835,850.9765504475024,1.0,1.0,312.0,369.6143069168147,702.0417626998218,59.04449523508445,0.4609748300026695,110000.0,2900.0
23,27,12,known,3,100.0,300.0,150.0,7215.124454277306,434.3020248257128,7202.041560692543,1438.1587431566227,69.80993044025823,1436.463415520828,1.0,1.0,46.0,500.0838726999244,518.6918560212166,88.30423281300311,0.05347701099890401,110000.0,2900.0
23,28,12,known,3,100.0,300.0,150.0,8253.188337956228,539.2828623456646,8235.550481671335,1293.7918898125101,83.6756607273909,1291.0832033399167,1.0,1.0,998.0,485.9846886913232,535.3457552045473,102.70379123912113,1.5502847259995178,110000.0,2900.0
23,29,12,known,3,100.0,300.0,150.0,1999.902020308532,61.257274648922234,1998.963640774072,876.5723577187329,57.87926911520417,874.6594128706715,1.0,1.0,288.0,508.931833351502,510.5345325139505,66.96779189706795,0.4802029330021469,110000.0,2900.0
23,30,12,known,3,100.0,300.0,150.0,8993.757629255117,626.2966259984421,8971.924477504677,1209.8724377326703,65.42541456370209,1208.102160710907,1.0,1.0,437.0,426.5319502239141,611.9901987152957,88.72804771881638,0.7981008110000403,110000.0,2900.0
23,31,12,known,3,100.0,300.0,150.0,2927.7358351471157,126.57151753372648,2924.998593393472,1068.804443679011,72.96456347514281,1066.3109824553444,1.0,1.0,135.0,583.9232068359388,444.702735008985,64.06459368702292,0.23156634900078643,110000.0,2900.0
23,32,12,known,3,100.0,300.0,150.0,6477.098828540311,385.07385673598526,6465.642068622168,808.9787729689799,57.450161737911216,806.9362639209396,1.0,1.0,437.0,435.25093175238,596.8553884343075,78.62476345748605,0.7221638150003855,110000.0,2900.0
23,33,12,known,3,100.0,300.0,150.0,7236.654233239946,456.0156861796826,7222.272093006998,1654.76932520131,73.84212318790982,1653.1209455058938,1.0,1.0,344.0,515.8591908355498,504.7679640832972,76.91583004495148,0.6532402520024334,110000.0,2900.0
23,34,12,known,3,100.0,300.0,150.0,11420.990247508695,978.4613611802205,11378.999586886628,1030.1770375323122,63.45843615061169,1028.2206745344938,1.0,1.0,223.0,589.1740561951801,440.227510927965,73.08609868052787,0.5169103940024797,110000.0,2900.0
23,35,12,known,3,100.0,300.0,150.0,1643.4560509332507,90.22541786874505,1640.97750299007,1276.287261624068,64.73222196849905,1274.6446224822364,1.0,1.0,36.0,598.942694538386,435.8091038847819,82.56879034716313,0.06095897799968952,110000.0,2900.0
23,36,12,known,3,100.0,300.0,150.0,2108.9393789530463,87.22920171461666,2107.134635106901,1336.6527799668809,69.90125337731597,1334.8237595163907,1.0,1.0,36.0,571.3065415258968,455.88471617587976,66.57315896081577,0.05254778499875101,110000.0,2900.0
23,37,12,known,3,100.0,300.0,150.0,4724.568714522038,280.56866198168086,4716.230567323255,1119.1724954488564,67.62921892761022,1117.1272816096034,1.0,1.0,688.0,474.64975739763526,547.6399419726141,82.53718648586732,1.2665313340003195,110000.0,2900.0
23,38,12,known,3,100.0,300.0,150.0,14182.292974012613,1715.8780519490922,14078.110544798506,2137.352409535767,140.93396162432146,2132.700855959228,1.0,1.0,187.0,406.20920723661646,643.3479156101326,66.13836979196752,0.3049499150001793,110000.0,2900.0
23,39,12,known,3,100.0,300.0,150.0,5225.4753480308045,236.23072974330734,5220.132915472804,1026.7576387236188,52.30718480490813,1025.4244034033356,1.0,1.0,129.0,516.9938120873366,502.61057184987436,75.4744549472614,0.22168987999975798,110000.0,2900.0
23,40,12,known,3,100.0,300.0,150.0,4908.984365261393,233.91843987257232,4903.407964045861,1136.2242753386563,62.97636108459218,1134.4776691558975,1.0,1.0,524.0,471.53955358251915,550.2688891877617,75.48102353304397,0.8562916679984482,110000.0,2900.0
23,41,12,known,3,100.0,300.0,150.0,3729.4019646595016,172.98504766193633,3725.3879244035184,957.9991214809494,71.39904983964514,955.334754125624,1.0,1.0,570.0,583.4058222884179,444.8894614132126,89.05504882082298,0.8380645799988997,110000.0,2900.0
23,42,12,known,3,100.0,300.0,150.0,3838.7054727888644,175.7999992101414,3834.6778309392425,1416.433987170878,69.88182679906105,1414.7090762047217,1.0,1.0,114.0,429.3002990228206,604.2314666991499,70.39884351194648,0.1430606979993172,110000.0,2900.0
23,43,12,known,3,100.0,300.0,150.0,1500.0044087878675,99.9439772065934,1496.671115443593,1467.171739537405,73.7795954957365,1465.3154897788054,1.0,1.0,37.0,587.0843132793436,443.73209790196177,64.7466037156622,0.04488800699982676,110000.0,2900.0
23,44,12,known,3,100.0,300.0,150.0,10422.880740439121,899.6855284841284,10383.978470665905,1639.0766457308994,93.15394959425518,1636.4273867958357,1.0,1.0,341.0,488.10116060067054,533.2032146337023,86.01581922772633,0.5007319770011236,110000.0,2900.0
23,45,12,known,3,100.0,300.0,150.0,2076.6219082073376,182.00241961913073,2068.63086820715,1090.5971162986361,50.9912320252276,1089.4044080760139,1.0,1.0,411.0,431.59212359533325,602.7555267648613,92.21962640586766,0.7436782430013409,110000.0,2900.0
23,46,12,known,3,100.0,300.0,150.0,8979.820777956933,620.873433713603,8958.331171793981,1510.3522071976429,72.02154759445938,1508.6340465695753,1.0,1.0,71.0,568.9946792093942,457.0810899060036,64.22395317677581,0.10551740400114795,110000.0,2900.0
23,47,12,known,3,100.0,300.0,150.0,2493.887362244518,155.16472936482563,2489.0556607524995,1251.9510983600455,53.1128860664965,1250.823958044701,1.0,1.0,186.0,407.1271050408323,636.0663696474676,73.57449837597528,0.3173663449997548,110000.0,2900.0
23,48,12,known,3,100.0,300.0,150.0,6203.450728264519,381.8099777311499,6191.689759581833,1461.9223450701134,56.99691646166094,1460.8108346152014,1.0,1.0,1607.0,432.9509044979862,599.8980424349393,81.73209628564273,2.5604875680000987,110000.0,2900.0
23,49,12,known,3,100.0,300.0,150.0,2567.353168616209,105.24816989036536,2565.1949468097773,1581.604140786881,67.27000547901761,1580.172903361231,1.0,1.0,37.0,529.5943931843742,490.73803682898665,64.79456398863819,0.05295886100066127,110000.0,2900.0
23,50,12,known,3,100.0,300.0,150.0,3017.0398416604776,146.34313967850954,3013.488525220515,1692.4103426228235,73.53701193637139,1690.8119575198693,1.0,1.0,50.0,456.5571138957378,568.8712668951263,69.18937548408762,0.09540913999808254,110000.0,2900.0
23,51,12,known,3,100.0,300.0,150.0,4462.592184224856,177.16892074213678,4459.073914640555,963.0456360522849,56.06307917262363,961.4124132093542,1.0,1.0,1037.0,561.2225609181494,462.66685166257844,80.56341814929031,1.7977530630014371,110000.0,2900.0
23,52,12,known,3,100.0,300.0,150.0,1243.0686145817667,78.80211284932263,1240.568340547475,758.0168783920677,57.13203876308836,755.8607795580002,1.0,1.0,190.0,509.99887602239454,509.8713850895679,72.39964621331056,0.3005034279995016,110000.0,2900.0
23,53,12,known,3,100.0,300.0,150.0,1888.129060989877,93.45413194931807,1885.8148573431365,1156.5507519621178,50.152717810981514,1155.4628279439858,1.0,1.0,55.0,583.6739425596404,444.9849000914932,77.15860185486648,0.07837622100123554,110000.0,2900.0
23,54,12,known,3,100.0,300.0,150.0,9904.547043331038,825.3321828454215,9870.100248807874,1565.8881173700877,89.96173416237352,1563.3017886855166,1.0,1.0,393.0,419.44081561103854,621.874556203253,93.14795966901592,0.6472228549973806,110000.0,2900.0
23,55,12,known,3,100.0,300.0,150.0,1986.5330093118819,118.22772237868458,1983.0117505317185,1176.1848130387068,57.63309860756474,1174.7719524945205,1.0,1.0,51.0,584.3969943046062,445.59384904893415,68.02186221461429,0.051311753999470966,110000.0,2900.0
23,56,12,known,3,100.0,300.0,150.0,1821.9126003754172,92.91648517407774,1819.5417143307297,874.578689451238,56.93430868843143,872.723534996287,1.0,1.0,288.0,507.06140847394386,512.6302248579517,87.86005580017857,0.48150220200113836,110000.0,2900.0
23,57,12,known,3,100.0,300.0,150.0,5717.616916803212,260.50385596473654,5711.679345721516,1086.614589658047,71.1185824518385,1084.284747512279,1.0,1.0,680.0,554.5125058379739,468.6344059281993,65.3107633741942,1.106555409001885,110000.0,2900.0
23,58,12,known,3,100.0,300.0,150.0,6872.590404680439,399.07717127168723,6860.9938261067855,1051.4526448218464,66.8136887104956,1049.3276872854126,1.0,1.0,159.0,521.8596395283823,498.973795571961,73.25842335060453,0.23497524600315955,110000.0,2900.0
23,59,12,known,3,100.0,300.0,150.0,2421.6983858010813,145.5218104940487,2417.3221701837956,1475.5102357934009,65.61151578795817,1474.0507402824041,1.0,1.0,40.0,531.458187813566,489.6745383115718,75.27117728297733,0.04558786599955056,110000.0,2900.0
23,60,12,known,3,100.0,300.0,150.0,4821.099551133479,261.8700705740109,4813.982233876335,1135.4719091319619,62.2125879738126,1133.7663120437926,1.0,1.0,574.0,394.87517515010643,657.6477382602544,71.91613848656561,0.8734868020001159,110000.0,2900.0
23,61,12,known,3,100.0,300.0,150.0,8263.165359715305,593.6219184445532,8241.815017333329,1122.14890615909,71.43449790254618,1119.8728856899131,1.0,1.0,52.0,534.7839852885562,485.10728754651166,87.41327614526438,0.0821875559995533,110000.0,2900.0
23,62,12,known,3,100.0,300.0,150.0,12759.057310851329,1428.9802588163373,12678.783809242192,1932.6458963168163,112.23008757249747,1929.3845049636163,1.0,1.0,212.0,399.4049453680197,652.0613852134093,75.6873263504303,0.36928004800211056,110000.0,2900.0
23,63,12,known,3,100.0,300.0,150.0,3294.0640304454414,139.42638282543297,3291.1119884389655,854.0717912942519,55.262098699984385,852.282068995849,1.0,1.0,835.0,477.2125930354104,543.1233092293048,69.36148040635375,1.4649761889995716,110000.0,2900.0
23,64,12,known,3,100.0,300.0,150.0,9563.843109756717,723.799365412344,9536.414918965604,983.4299541326786,68.05424772597269,981.0724203909998,1.0,1.0,1560.0,371.6241840663987,700.4229831157153,94.79305487661514,2.81453146900094,110000.0,2900.0
23,65,12,known,3,100.0,300.0,150.0,3145.362001763355,130.89825834201278,3142.637072284964,1431.441059006819,71.90633061286233,1429.6338639764929,1.0,1.0,149.0,597.241961755146,434.38467002401234,73.19130991692418,0.22538376200100174,110000.0,2900.0
23,66,12,known,3,100.0,300.0,150.0,5063.625148237807,249.82335414811294,5057.458643784301,1661.2205109466927,66.32930832592736,1659.8957825258171,1.0,1.0,27.0,531.8350620062361,488.2926811796902,72.1395571860475,0.05557825399955618,110000.0,2900.0
23,67,12,known,3,100.0,300.0,150.0,10454.653143325391,897.0232159909781,10416.099159340636,1866.345177463879,114.03755268715264,1862.857954332483,1.0,1.0,56.0,390.50177660894286,664.503929701676,60.63515650246593,0.10279964899746119,110000.0,2900.0
23,68,12,known,3,100.0,300.0,150.0,1665.9457579565403,64.88181218069089,1664.6818371393197,1204.6725918725344,62.43316542675311,1203.0536785462589,1.0,1.0,53.0,573.8765893089085,454.24734515856653,76.89027100411272,0.06991050299984636,110000.0,2900.0
23,69,12,known,3,100.0,300.0,150.0,2642.345500647131,121.80295851700983,2639.536660871873,1057.0805690230547,52.19556801827888,1055.7911498423134,1.0,1.0,537.0,417.9113587500914,624.5704510243401,82.48456007188393,0.8478140879997227,110000.0,2900.0
23,70,12,known,3,100.0,300.0,150.0,5057.257969658226,221.0048526874863,5052.426647340882,1298.5791126891893,51.42877620899766,1297.5603234109337,1.0,1.0,35.0,425.94459566646754,612.5588899562899,73.34538121149433,0.0495530440020957,110000.0,2900.0
23,71,12,known,3,100.0,300.0,150.0,5284.76185410763,241.78104360942265,5279.228142596439,867.7986987399527,57.48354268618145,865.8927323029111,1.0,1.0,998.0,593.979767121896,435.90978640390495,78.9221073417286,1.59021206000034,110000.0,2900.0
23,72,12,known,3,100.0,300.0,150.0,4661.097142697438,317.44910295787145,4650.27446939355,1117.4277138273862,89.40091193005716,1113.8456682034425,1.0,1.0,53.0,569.4451433660722,455.2747395819155,64.8899919815503,0.09966049599825055,110000.0,2900.0
23,73,12,known,3,100.0,300.0,150.0,12231.72063065089,1179.8852319977677,12174.681122132284,1819.2178787967591,98.42619889062392,1816.553322615585,1.0,1.0,76.0,442.76290701029137,584.5323925664821,66.52521654314039,0.11644069400063017,110000.0,2900.0
23,74,12,known,3,100.0,300.0,150.0,5310.099225001175,275.02170988997085,5302.972453110357,1315.9428591123003,63.14070588446871,1314.4271983297767,1.0,1.0,224.0,460.02812862935554,564.6757136584753,67.65843844797483,0.3604969270018046,110000.0,2900.0
23,75,12,known,3,100.0,300.0,150.0,4292.482783289142,193.05389175446194,4288.139298076982,829.0006556775081,47.26093526682526,827.6523975144659,1.0,1.0,122.0,598.4367614783961,435.166218528981,59.949648270023005,0.20352738200017484,110000.0,2900.0
23,76,12,known,3,100.0,300.0,150.0,7334.02715978159,446.2536960894871,7320.437966347403,1045.7217140028527,63.04454291143554,1043.8195671408694,1.0,1.0,80.0,509.52847430489385,509.5877566041582,86.21139235590475,0.12067852200198104,110000.0,2900.0
23,77,12,known,3,100.0,300.0,150.0,6034.408246678833,284.02635866038105,6027.720291716564,740.1210546109478,56.8705465820713,737.932867142993,1.0,1.0,436.0,595.1678435722127,434.34776716654875,63.315683586364806,0.7057800559996394,110000.0,2900.0
23,78,12,known,3,100.0,300.0,150.0,2722.194408747095,88.59350544318347,2720.752394064413,679.7469604473613,53.513186186898395,677.6372695930714,1.0,1.0,661.0,535.2887342886472,483.89331926049437,79.9620129441052,1.0782719449998694,110000.0,2900.0
23,79,12,known,3,100.0,300.0,150.0,1824.840908109785,96.89036280709252,1822.2668842697146,967.2767680523368,36.984313863798405,966.5694525184408,1.0,1.0,38.0,435.52966979196714,596.7185877274804,68.11035845416423,0.03751333699983661,110000.0,2900.0
23,80,12,known,3,100.0,300.0,150.0,4312.572776151515,246.74404731954195,4305.508253936527,1629.0642687835698,84.52182015920906,1626.870140405903,1.0,1.0,711.0,443.83315329722797,587.1499907849378,63.2623381636939,1.1341171139974904,110000.0,2900.0
23,81,12,known,3,100.0,300.0,150.0,2025.3797386739175,82.47688786253188,2023.699742748251,135.70199329061796,54.90054023443827,124.10061105818032,1.0,1.0,705.0,198.76735407752363,1306.605332344498,73.14207342031919,1.2028368999999657,110000.0,2900.0
23,82,12,known,3,100.0,300.0,150.0,5498.535015040526,369.25340151087556,5486.12242272257,1923.7989963640262,126.9045701318819,1919.6087644337522,1.0,1.0,58.0,429.4285262379672,604.3253928531028,72.37330457576242,0.09364495600311784,110000.0,2900.0
23,83,12,known,3,100.0,300.0,150.0,5776.6646474611525,253.72738869764473,5771.089746438895,982.7876151554784,59.881083203607226,980.9616467412758,1.0,1.0,48.0,589.3298092962194,439.965821600051,75.97336009482697,0.0747623899987957,110000.0,2900.0
23,84,12,known,3,100.0,300.0,150.0,5830.282020854406,390.7006216339967,5817.176417038849,1749.1195392760358,89.18574374961858,1746.8443164143273,1.0,1.0,75.0,423.3813935166178,614.5172950780908,75.7126238655489,0.15409818300031475,110000.0,2900.0
23,85,12,known,3,100.0,300.0,150.0,3886.03111675585,191.13544293463352,3881.3277474143947,1497.1704831109146,86.42910964569387,1494.673698338344,1.0,1.0,508.0,562.1794643707431,461.496929318481,74.81051640718862,0.9536423740028113,110000.0,2900.0
23,86,12,known,3,100.0,300.0,150.0,4333.06863264211,176.7131535272181,4329.463735447779,1079.7555757618304,59.77565700744502,1078.0997051377437,1.0,1.0,502.0,518.9301427937564,500.330450954736,90.31003599242587,0.8236789380025584,110000.0,2900.0
23,87,12,known,3,100.0,300.0,150.0,6958.181717988753,400.6369260666915,6946.638242633969,1041.473373082131,63.268302689068655,1039.5498586955396,1.0,1.0,1085.0,596.2312801364936,434.11016788859115,67.79509464295933,2.4301862590000383,110000.0,2900.0
23,88,12,known,3,100.0,300.0,150.0,3529.0343220281256,178.32547745314108,3524.525963891261,1393.7564717074904,80.14039931830281,1391.4505448716513,1.0,1.0,41.0,449.72655200327085,581.5137368428898,76.72001464911499,0.07178628100155038,110000.0,2900.0
23,89,12,known,3,100.0,300.0,150.0,2847.029441956451,206.15369215377783,2839.5558276917586,1335.9390659868382,85.882923958569,1333.1756491183417,1.0,1.0,841.0,374.5813076897421,695.2358379821775,82.91428555261932,1.5456789019990538,110000.0,2900.0
23,90,12,known,3,100.0,300.0,150.0,4575.418671449347,224.25756632415664,4569.919535724199,1587.0159110772854,61.876993057989935,1585.8091750720098,1.0,1.0,520.0,412.4183960468536,632.1123541809712,70.38915036634133,0.8905153020023135,110000.0,2900.0
23,91,12,known,3,100.0,300.0,150.0,2834.6073799521487,121.5924987571497,2831.99828084785,943.994054872731,62.14037773186351,941.9465744353031,1.0,1.0,271.0,560.8655159235367,463.964134011701,62.351664285562656,0.40980656299871043,110000.0,2900.0
23,92,12,known,3,100.0,300.0,150.0,3572.966313362641,159.5329832327181,3569.4029617969845,1377.0855385380412,58.89506237267673,1375.8255529240346,1.0,1.0,38.0,510.7346918583716,509.05130336557613,88.34918624626654,0.07211004900091211,110000.0,2900.0
23,93,12,known,3,100.0,300.0,150.0,1441.4244899439457,57.39390763846895,1440.2813959696039,1020.1022007557683,42.464133814809095,1019.217983223471,1.0,1.0,271.0,470.2215280925505,551.4071852509433,81.43459203133996,0.4631226899982721,110000.0,2900.0
23,94,12,known,3,100.0,300.0,150.0,3511.6499802526764,142.3864315264599,3508.762130428021,965.2985954705737,59.81061147031058,963.4438588589425,1.0,1.0,704.0,534.6287215273286,484.9089255141437,77.98363254617323,1.0983707679988584,110000.0,2900.0
23,95,12,known,3,100.0,300.0,150.0,2627.508973251365,158.61845148903697,2622.7168340031803,1632.15636704247,106.66558527449953,1628.6672033891152,1.0,1.0,348.0,393.849855634835,660.1667296059073,79.31850136563864,0.54886880399863,110000.0,2900.0
23,96,12,known,3,100.0,300.0,150.0,2296.342484550874,102.99419483935806,2294.0316044428578,1258.580254397741,62.04467645378769,1257.05000492567,1.0,1.0,344.0,550.9006755337338,471.91716329002116,81.95039151265432,0.5532358130003558,110000.0,2900.0
23,97,12,known,3,100.0,300.0,150.0,1321.0065958887303,78.32650977351483,1318.6824425343011,1257.3399795078487,65.65115251726338,1255.6248445463127,1.0,1.0,52.0,538.5213790892932,483.07818075498017,75.64410217697834,0.06964625000182423,110000.0,2900.0
23,98,12,known,3,100.0,300.0,150.0,3176.3929707446014,91.48264858220662,3175.075310855492,1069.2436092123767,45.98032797589542,1068.254513344427,1.0,1.0,352.0,599.2893211308757,433.6060445459493,74.34860915280862,0.5946072930019,110000.0,2900.0
23,99,12,known,3,100.0,300.0,150.0,2669.4321581365843,99.84191996800355,2667.564364342658,819.3699769345689,44.58353275885058,818.1561389542319,1.0,1.0,260.0,374.3541174157211,695.8847721405008,74.3414646713892,0.37310364299992216,110000.0,2900.0
24,0,12,known,3,100.0,300.0,150.0,2338.1861559686313,57.33365315830172,2337.4831233998007,873.9992085317915,48.83276275168918,872.633931151107,1.0,1.0,188.0,766.334310346367,413.2593713019959,82.00409164724717,0.2911118769989116,150000.0,2900.0
24,1,12,known,3,100.0,300.0,150.0,3372.290522541444,132.76808413084228,3369.6759494436656,1122.400462705574,55.2557658139244,1121.039517156288,1.0,1.0,44.0,765.8701726002636,412.20702320871885,76.4742918200838,0.0642686449973553,150000.0,2900.0
24,2,12,known,3,100.0,300.0,150.0,2335.4916797623555,64.42864578691317,2334.602821860981,1210.0413726978547,45.27737745239926,1209.193980605073,1.0,1.0,40.0,766.2972889911789,413.7863982743811,81.03464342633623,0.07137922599940794,150000.0,2900.0
24,3,12,known,3,100.0,300.0,150.0,1385.890569096146,61.21380188243428,1384.5380240241643,970.7236994347816,39.414900706382035,969.9231754353817,1.0,1.0,500.0,766.445277790567,411.3457177412775,89.34050531659116,0.8533440379978856,150000.0,2900.0
24,4,12,known,3,100.0,300.0,150.0,12785.964936464808,1224.1407248433181,12727.229818082473,394.3209795251528,60.39520225908273,389.668390349744,1.0,1.0,441.0,752.5277455856935,420.3699329105509,85.06195513451493,0.7997408750015893,150000.0,2900.0
24,5,12,known,3,100.0,300.0,150.0,5270.334924804509,233.273851312738,5265.169848153797,793.2676168798032,50.429567147808534,791.6630411655245,1.0,1.0,423.0,764.5216310771236,413.65481957988504,91.0380400227847,0.6471178339998005,150000.0,2900.0
24,6,12,known,3,100.0,300.0,150.0,1844.3686418831821,77.13755537239301,1842.7548628922907,987.0772715413418,62.02887421767839,985.1263668975606,1.0,1.0,131.0,766.3331023720515,413.5674587380375,81.48522965259217,0.18810144199960632,150000.0,2900.0
24,7,12,known,3,100.0,300.0,150.0,1985.7118035255335,86.88250499988166,1983.8101716105732,1233.0796955451854,51.88534078782898,1231.9876001718271,1.0,1.0,52.0,766.1878929301942,412.0881279726192,79.12190468008129,0.050803108999389224,150000.0,2900.0
24,8,12,known,3,100.0,300.0,150.0,1802.8938633628898,64.4868744044624,1801.7401936963913,1209.3690886679315,52.6111940467331,1208.224174102836,1.0,1.0,122.0,766.5105243193528,412.1546034664165,83.56929516645752,0.17340173499906086,150000.0,2900.0
24,9,12,known,3,100.0,300.0,150.0,4019.8724230936145,167.12610296793474,4016.3967886222695,851.9809476405553,44.828066045293724,850.8007872805111,1.0,1.0,494.0,765.0053848654491,413.3217771821542,84.91726405854769,0.8692758930010314,150000.0,2900.0
24,10,12,known,3,100.0,300.0,150.0,1806.114024418051,62.437196944923365,1805.0344776865704,878.0340804296496,43.539120932382176,876.9539277204796,1.0,1.0,342.0,766.5734448053355,412.5793039464132,86.0990017591841,0.5952294729977439,150000.0,2900.0
24,11,12,known,3,100.0,300.0,150.0,3677.489540507208,140.7721574660174,3674.794214676827,642.7056502341327,52.25810601225691,640.5775856201113,1.0,1.0,549.0,765.3164641627465,412.44896048035844,82.74131476820098,0.8299293109994323,150000.0,2900.0
24,12,12,known,3,100.0,300.0,150.0,2277.7706173154556,87.56727655704518,2276.086763983749,715.1309637099931,46.66538572234819,713.6067803995194,1.0,1.0,444.0,766.3148374707105,412.8907793306741,79.31102025692675,0.7842839220029418,150000.0,2900.0
24,13,12,known,3,100.0,300.0,150.0,3779.7793151005867,118.73102798849277,3777.9140559116818,1044.5022233701736,46.525453472881075,1043.4655129923456,1.0,1.0,386.0,765.6292527181959,414.2449484678679,68.84838586305129,0.7329664520002552,150000.0,2900.0
24,14,12,known,3,100.0,300.0,150.0,4104.36255063944,153.693015792718,4101.48392706689,1101.0530505009472,35.33363430017845,1100.4859627930664,1.0,1.0,82.0,765.3838182045009,411.9547552492059,67.28634589573258,0.14642862799883005,150000.0,2900.0
24,15,12,known,3,100.0,300.0,150.0,3541.011682734511,100.26932715238851,3539.591756021406,806.6517119941562,47.705074024499,805.2398464901127,1.0,1.0,438.0,765.6519086058604,413.4063779813649,78.37288271013247,0.7712507540018123,150000.0,2900.0
24,16,12,known,3,100.0,300.0,150.0,4893.053707192203,208.55350552558073,4888.60716531819,950.5897522727365,51.79905110111277,949.1773993469118,1.0,1.0,50.0,764.8025944489158,414.85450051588595,65.76396014642187,0.07312950200139312,150000.0,2900.0
24,17,12,known,3,100.0,300.0,150.0,2381.2545149136954,84.53773702596119,2379.753440131012,1085.9526895030394,54.19030607831148,1084.5997669951914,1.0,1.0,453.0,766.4112562536549,410.8980789509229,78.75727896765433,0.810243004001677,150000.0,2900.0
24,18,12,known,3,100.0,300.0,150.0,2083.761596854054,79.89240916322886,2082.2294771426737,1012.6665650052895,39.24648927739576,1011.9057688139798,1.0,1.0,254.0,766.4028730173188,412.01756839901947,81.71948508443259,0.44774902000062866,150000.0,2900.0
24,19,12,known,3,100.0,300.0,150.0,3407.163474843956,93.62521420964629,3405.876871464225,1174.9310376031583,44.84950257884366,1174.0747272817284,1.0,1.0,137.0,765.8074253095207,413.761424717874,87.06829440624074,0.20390746900011436,150000.0,2900.0
24,20,12,known,3,100.0,300.0,150.0,10774.946494702132,899.4723927880663,10737.337723025474,1199.1780987495817,59.89924567056224,1197.6811733047984,1.0,1.0,88.0,756.8576657599997,419.0753114129572,81.98077516819441,0.1158525169994391,150000.0,2900.0
24,21,12,known,3,100.0,300.0,150.0,4487.514764825795,196.5550147635233,4483.2081025422885,1110.7714298137666,46.469110116123616,1109.798986796949,1.0,1.0,45.0,764.8208942312984,413.50592946632884,73.05620458276994,0.04586335800195229,150000.0,2900.0
24,22,12,known,3,100.0,300.0,150.0,7935.7927285120395,505.61255763653423,7919.669322103341,795.0954105003855,54.276037523074784,793.2407097152606,1.0,1.0,285.0,760.8171003110084,416.26571822562954,77.53431747852034,0.4464637710007082,150000.0,2900.0
24,23,12,known,3,100.0,300.0,150.0,4972.115618682437,278.6585420242321,4964.300871472514,1037.7764901101648,56.12102224976192,1036.2579188054558,1.0,1.0,222.0,764.343537934339,412.77235036804586,88.02452416032146,0.3869459999987157,150000.0,2900.0
24,24,12,known,3,100.0,300.0,150.0,1507.420270722048,48.934648558807815,1506.6257905512432,1089.270282162625,47.41580782279288,1088.2377905454105,1.0,1.0,141.0,766.589096935033,412.62071520551603,70.90719220998574,0.24292627300019376,150000.0,2900.0
24,25,12,known,3,100.0,300.0,150.0,3205.4423501845154,125.98707905122971,3202.96548783601,695.1597316378243,48.52607424018765,693.4639663382717,1.0,1.0,475.0,765.9490047606499,411.30736117090436,78.46197421561199,0.8021704269995098,150000.0,2900.0
24,26,12,known,3,100.0,300.0,150.0,4298.640903110918,145.35852191251738,4296.182551289651,1017.390768765484,46.78194433771396,1016.3146294594039,1.0,1.0,46.0,765.2239148884353,412.98823462703604,70.09498354795682,0.06249916899832897,150000.0,2900.0
24,27,12,known,3,100.0,300.0,150.0,1225.4251234888632,90.30130068745872,1222.0934532071794,734.8535469641239,55.87552501532977,732.7261843212749,1.0,1.0,88.0,766.4585993604933,411.6353223606273,66.23541148093464,0.1326244810006756,150000.0,2900.0
24,28,12,known,3,100.0,300.0,150.0,10551.16640812069,900.113725308322,10512.70221462427,1241.8346851675885,76.12427948640085,1239.4992857432233,1.0,1.0,43.0,757.1225512703145,417.43880021018754,76.18123803051331,0.06281385599868372,150000.0,2900.0
24,29,12,known,3,100.0,300.0,150.0,1594.9165493791486,50.87592843439882,1594.104902253747,1234.0194302159034,46.45507067430919,1233.1447119292316,1.0,1.0,41.0,766.5825934646537,413.1028605111224,70.77047504832068,0.062303693001013016,150000.0,2900.0
24,30,12,known,3,100.0,300.0,150.0,1547.948577362284,81.27567843732615,1545.813398263992,1033.8457909342521,46.01466547045598,1032.8212672065347,1.0,1.0,334.0,766.5752049569891,411.346469418132,75.95631883009032,0.7287161339991144,150000.0,2900.0
24,31,12,known,3,100.0,300.0,150.0,2379.432339675126,65.15490441711212,2378.540118964202,1107.586916295031,46.21891487584695,1106.6221527945456,1.0,1.0,722.0,766.3856972593358,412.7604779126638,97.70427455212983,1.0725886850013922,150000.0,2900.0
24,32,12,known,3,100.0,300.0,150.0,10014.993434051186,750.2353683708242,9986.853377122041,1103.879662507103,59.81018825506489,1102.2581597237959,1.0,1.0,399.0,758.2087722629592,416.19497737164113,71.8659538912435,0.5774085730008665,150000.0,2900.0
24,33,12,known,3,100.0,300.0,150.0,1464.5971757626437,66.1664168394871,1463.101805252982,1211.870278736265,59.747764740722666,1210.3965371285558,1.0,1.0,36.0,766.5157068773913,412.6633676756107,65.54260135630871,0.04126346499833744,150000.0,2900.0
24,34,12,known,3,100.0,300.0,150.0,1367.8349085488696,43.58585893963861,1367.1403036796873,1254.9724208987354,40.21997917582142,1254.3277603926051,1.0,1.0,60.0,766.5714922477874,412.3944565844256,73.84923928233347,0.13750935700227274,150000.0,2900.0
24,35,12,known,3,100.0,300.0,150.0,2598.3769275734126,123.10537939122719,2595.4590582998594,1132.4749037739991,54.97461026236782,1131.1397791185798,1.0,1.0,43.0,766.3276479115224,412.65719005066467,75.87829540352524,0.061246367997227935,150000.0,2900.0
24,36,12,known,3,100.0,300.0,150.0,5773.086742000913,293.77226772507464,5765.607373502151,1063.2530439098387,55.67177960470785,1061.7945603266116,1.0,1.0,361.0,763.9081556546662,414.01983773412866,67.78268857202781,0.540211667001131,150000.0,2900.0
24,37,12,known,3,100.0,300.0,150.0,6718.264608940436,324.3358579597221,6710.431104406268,1068.851561253092,59.34566783848552,1067.2027697218446,1.0,1.0,704.0,763.0185219676483,415.26561157891086,90.03071657124062,0.9831784989983134,150000.0,2900.0
24,38,12,known,3,100.0,300.0,150.0,3674.077302093049,131.37198852320944,3671.727852440428,1019.4351780156537,48.662005625235814,1018.2730927331513,1.0,1.0,38.0,765.611506330302,413.48435579731256,67.29074650170689,0.04057047199967201,150000.0,2900.0
24,39,12,known,3,100.0,300.0,150.0,1102.6555176332245,61.28362920783436,1100.9511830040924,937.9185612924807,37.36963144058667,937.1738036580789,1.0,1.0,297.0,766.6682703867424,411.06896883022785,84.9140055184437,0.4858343230007449,150000.0,2900.0
24,40,12,known,3,100.0,300.0,150.0,2734.358303505017,112.81192779145584,2732.0301610514493,940.6999241408145,50.015427180271416,939.3693652246219,1.0,1.0,184.0,766.1138285888982,412.86132425725793,74.8522346163818,0.2955189929998596,150000.0,2900.0
24,41,12,known,3,100.0,300.0,150.0,7141.440957989847,376.0662735755752,7131.532311806063,1108.7538667029642,38.157305709529666,1108.0970882326892,1.0,1.0,80.0,762.5291148123516,414.48630850048755,75.10072309861945,0.1207956779981032,150000.0,2900.0
24,42,12,known,3,100.0,300.0,150.0,2496.944604673785,77.32026651739407,2495.7471697259725,906.6966297503704,44.18107449912224,905.6195730309628,1.0,1.0,454.0,766.2601636622601,413.53263714725625,96.8733359724265,0.8293100590017275,150000.0,2900.0
24,43,12,known,3,100.0,300.0,150.0,1663.3311578491762,86.32070827291182,1661.0897856513186,1091.1886407553366,58.90891158487658,1089.5973521670123,1.0,1.0,38.0,766.4379455909481,413.11477912995764,66.24097686930564,0.045031626999843866,150000.0,2900.0
24,44,12,known,3,100.0,300.0,150.0,3209.382188315772,114.23072602526962,3207.3486514425394,1219.2563778665015,57.94610857580116,1217.87863248727,1.0,1.0,57.0,765.9284409478748,414.4746458925838,77.04514409751913,0.08267711299777147,150000.0,2900.0
24,45,12,known,3,100.0,300.0,150.0,2130.809497035956,109.93445752101631,2127.9716933521895,1328.8406884243707,60.9597526664727,1327.4417063536155,1.0,1.0,31.0,766.2561653877523,413.11071390164784,72.26300218767274,0.05313602900059777,150000.0,2900.0
24,46,12,known,3,100.0,300.0,150.0,3638.4645156129613,147.31723007471106,3635.4809399992423,797.907658272107,45.024201445731826,796.6363363627418,1.0,1.0,715.0,765.6378853892816,413.7167642349085,66.10762455516304,1.0967347110017727,150000.0,2900.0
24,47,12,known,3,100.0,300.0,150.0,5629.632734456391,279.0615145767435,5622.71192539197,1048.8108875037065,54.631136410285414,1047.3870901824373,1.0,1.0,173.0,763.575776682081,414.7101580914637,95.06121781901278,0.29794393200063496,150000.0,2900.0
24,48,12,known,3,100.0,300.0,150.0,2731.8164623560097,106.04355623595109,2729.7574888953295,852.1338178421908,41.36837482349789,851.1290742741494,1.0,1.0,409.0,766.1643097778575,411.93533440251304,64.96911983093946,0.7132181019987911,150000.0,2900.0
24,49,12,known,3,100.0,300.0,150.0,1158.2683872221078,61.05211700085432,1156.6582450524513,868.1998578858852,48.75878443877911,866.829610807755,1.0,1.0,222.0,766.6752262526898,411.5422993323358,73.39105970087135,0.3973560579979676,150000.0,2900.0
24,50,12,known,3,100.0,300.0,150.0,6963.448293339209,366.26018358830777,6953.809431665971,1128.856035285911,37.596434735505426,1128.229788871312,1.0,1.0,784.0,762.6414495676364,413.6165115748149,78.77314386310687,1.3799659680007608,150000.0,2900.0
24,51,12,known,3,100.0,300.0,150.0,1097.796650768521,77.12496720011733,1095.0841181721898,903.6304769952343,59.5208032245354,901.6680724846259,1.0,1.0,237.0,766.5717680261124,412.02678176304795,85.81474712658317,0.3677679739994346,150000.0,2900.0
24,52,12,known,3,100.0,300.0,150.0,2467.047010952791,102.07124207155842,2464.9345662295113,1202.319567212312,54.55154549243908,1201.0813755054182,1.0,1.0,63.0,766.078398147818,413.7204309708571,79.97813851784841,0.10196714099947712,150000.0,2900.0
24,53,12,known,3,100.0,300.0,150.0,3519.5770392442673,126.42260379891125,3517.3057672633677,1171.8012150725565,54.438965434920796,1170.5359826540555,1.0,1.0,43.0,765.4354349061833,414.93467235416745,83.02543759852536,0.056515042000683025,150000.0,2900.0
24,54,12,known,3,100.0,300.0,150.0,2275.6257015410433,57.392161912574664,2274.9018601392822,1196.0858648354863,26.36410679162472,1195.7952709106744,1.0,1.0,38.0,766.2471856732982,413.43271505559414,63.380824346108334,0.048986072000843706,150000.0,2900.0
24,55,12,known,3,100.0,300.0,150.0,4224.867120298677,166.80061147428734,4221.5731357152445,1250.8138296160967,49.76293680047493,1249.823542137,1.0,1.0,36.0,765.203502835664,414.17655607048636,95.68460407570612,0.05193598100231611,150000.0,2900.0
24,56,12,known,3,100.0,300.0,150.0,1249.5082998923706,61.31400083265977,1248.0030387790791,1092.7225723319825,49.750141074449985,1091.5894574183542,1.0,1.0,68.0,766.5511381422876,412.44335529167233,91.87793768910558,0.19355243800237076,150000.0,2900.0
24,57,12,known,3,100.0,300.0,150.0,3128.791985515134,130.58299004442355,3126.0657976656207,1394.7055217823306,71.18757775169694,1392.887583857351,1.0,1.0,52.0,765.6639728727723,413.07974561149183,76.25861107795075,0.1185325840015139,150000.0,2900.0
24,58,12,known,3,100.0,300.0,150.0,4504.757594519532,160.72502864876174,4501.889431177455,1106.2043643828056,52.15883812867412,1104.9740048456497,1.0,1.0,364.0,765.2294647319022,411.2634150517688,83.8078366926681,0.5549768150012824,150000.0,2900.0
24,59,12,known,3,100.0,300.0,150.0,5162.448625991619,223.62540528482367,5157.602882552511,500.3027075013758,46.442073062846426,498.14248261198566,1.0,1.0,1086.0,764.0641528777547,414.7784148011088,91.68786046297076,1.8580691749994003,150000.0,2900.0
24,60,12,known,3,100.0,300.0,150.0,3479.75895194488,165.95915443344035,3475.799177556187,1267.1190764819055,50.899928738678575,1266.096343584782,1.0,1.0,37.0,765.4476012530165,412.8715770267354,68.54845480189789,0.052434037999773864,150000.0,2900.0
24,61,12,known,3,100.0,300.0,150.0,4490.00661588944,184.0363243169692,4486.233391394482,1143.314458831106,59.59255099712449,1141.7603424703102,1.0,1.0,849.0,765.0883533261821,413.26715431100286,82.01581177930127,1.4945329459987988,150000.0,2900.0
24,62,12,known,3,100.0,300.0,150.0,8529.276897829293,571.3453382945227,8510.119206230522,851.0842963507902,69.29309101649847,848.2587736253006,1.0,1.0,431.0,760.408214368178,416.9135132579934,84.58382405761016,0.7820744490018114,150000.0,2900.0
24,63,12,known,3,100.0,300.0,150.0,3348.5729249759343,172.252732469983,3344.1395948791537,522.3193612573532,49.19293901398824,519.997663355765,1.0,1.0,755.0,765.8216623394458,412.6990565704967,85.75101470709531,1.737929785002052,150000.0,2900.0
24,64,12,known,3,100.0,300.0,150.0,2940.1156536967756,110.2353900760142,2938.0483685412,846.2456249844557,62.8861021855581,843.9057980350887,1.0,1.0,127.0,765.762955525633,413.4604419353051,70.54884814184908,0.22041025799990166,150000.0,2900.0
24,65,12,known,3,100.0,300.0,150.0,2942.6295320967506,111.6077559097277,2940.5122465292907,1121.546279940941,47.91542402573034,1120.5222756330184,1.0,1.0,409.0,765.8616506542463,414.06327486222835,81.71325769355195,0.7813163719984004,150000.0,2900.0
24,66,12,known,3,100.0,300.0,150.0,2271.4850008062067,104.53959036464272,2269.0781350438256,849.8651998660499,54.08238757889213,848.1426491440739,1.0,1.0,316.0,766.2814585624,412.96644580751064,85.05326320126674,0.46616239600189147,150000.0,2900.0
24,67,12,known,3,100.0,300.0,150.0,1764.5592417557928,51.82795612546893,1763.7979421208183,1004.8129168353305,53.487012688252,1003.3883282721657,1.0,1.0,457.0,766.567414681031,413.9766888440972,84.61407646781042,0.8743676289996074,150000.0,2900.0
24,68,12,known,3,100.0,300.0,150.0,3167.065515404683,120.94538161000851,3164.7553133745964,1021.5553300164371,56.19139116010164,1020.0087351804808,1.0,1.0,102.0,766.0099457491066,413.168591980204,77.37466345878495,0.14366895200146246,150000.0,2900.0
24,69,12,known,3,100.0,300.0,150.0,2985.0546815863195,72.04020857755417,2984.185259062933,737.6435111153976,42.00136104132858,736.4467632906859,1.0,1.0,432.0,766.074258931732,413.737101400364,91.08191045232135,0.7603217079995375,150000.0,2900.0
24,70,12,known,3,100.0,300.0,150.0,1299.6548531301405,47.49755338740239,1298.7866336265313,1060.325969340515,30.30550592865745,1059.8927953186164,1.0,1.0,817.0,766.479019495065,412.30535829177364,81.99585559759069,1.6792704939980467,150000.0,2900.0
24,71,12,known,3,100.0,300.0,150.0,5173.931030094535,237.05384391415961,5168.497632703397,1046.421866453253,63.48002517869232,1044.4946189400987,1.0,1.0,350.0,764.4794177780402,413.18417586053806,69.6235011922599,0.9698734930025239,150000.0,2900.0
24,72,12,known,3,100.0,300.0,150.0,359.3983260454902,44.048225681877305,356.688814765166,234.9035078262597,31.79567036496942,232.74168800437076,1.0,1.0,688.0,766.7251325464171,412.3807759461191,86.4179454046389,1.465018749000592,150000.0,2900.0
24,73,12,known,3,100.0,300.0,150.0,3781.8669034132004,165.0657129946165,3778.262905824014,1164.091903594454,49.56773736531574,1163.0361126923974,1.0,1.0,333.0,765.4550189045258,413.476214569796,75.91703712841715,0.7017022219988576,150000.0,2900.0
24,74,12,known,3,100.0,300.0,150.0,4729.514680946599,249.08167341710342,4722.95113644606,987.8912884378534,43.21272939516427,986.9457218052178,1.0,1.0,701.0,764.3678041299316,412.021401077616,86.825050146499,1.416786054000113,150000.0,2900.0
24,75,12,known,3,100.0,300.0,150.0,813.2382427120779,45.83853863312039,811.9453600984542,726.4977793016698,41.573033661421356,725.3073184536635,1.0,1.0,421.0,766.6267207292268,412.0183630161977,88.27281103011835,0.8352854849981668,150000.0,2900.0
24,76,12,known,3,100.0,300.0,150.0,1796.5073751336104,82.23450930921567,1794.6242599463894,929.541275548826,46.60879800886924,928.3720175108181,1.0,1.0,182.0,766.4285197525876,414.78175926632036,74.03307738749658,0.36662417399929836,150000.0,2900.0
24,77,12,known,3,100.0,300.0,150.0,3220.4046577888284,144.37529273380883,3217.166755820408,1469.3021765118738,59.178760908239596,1468.1099278187226,1.0,1.0,28.0,765.6324476290873,413.7200568312359,78.86410536027603,0.058524254000076326,150000.0,2900.0
24,78,12,known,3,100.0,300.0,150.0,3237.4595018293016,112.72766077073472,3235.496329851417,1051.9891049410915,55.83879970600929,1050.5061186695443,1.0,1.0,58.0,765.7094044410999,413.6596330494126,77.23106840221193,0.10114576799969655,150000.0,2900.0
24,79,12,known,3,100.0,300.0,150.0,5874.377875916091,307.60632772239876,5866.318588024144,1104.4904716766937,64.35263974079209,1102.614139118031,1.0,1.0,36.0,763.2173154741749,414.5151113647054,62.03777856699545,0.05744718999994802,150000.0,2900.0
24,80,12,known,3,100.0,300.0,150.0,4935.498233300607,219.07793435233697,4930.633597175249,1063.3537890960051,58.775895165178724,1061.7281549117756,1.0,1.0,503.0,764.8131865964264,414.6233669550814,66.49436885843296,0.9960024560023157,150000.0,2900.0
24,81,12,known,3,100.0,300.0,150.0,3292.868348456239,132.34934249359472,3290.2075332426116,850.3844973354238,63.84012600112203,847.9848062439459,1.0,1.0,366.0,765.7890085432117,413.82015049245734,92.4833422695102,0.6805563510024513,150000.0,2900.0
24,82,12,known,3,100.0,300.0,150.0,1449.7769730496093,76.69786945041862,1447.7467694340244,1349.204758394365,57.15045613308556,1347.9938076407389,1.0,1.0,76.0,766.5378906358411,411.9293234961641,77.82750376105074,0.15368573300293065,150000.0,2900.0
24,83,12,known,3,100.0,300.0,150.0,2247.1755154514344,134.90793908179973,2243.1222983192692,900.6165609231676,55.76560821628922,898.8884172962411,1.0,1.0,487.0,766.2049379871778,412.2829986743524,73.87351042765104,1.0046858099995006,150000.0,2900.0
24,84,12,known,3,100.0,300.0,150.0,3211.651779580931,116.95659478529852,3209.521507673938,1094.6232568461382,44.77527638440452,1093.707113012047,1.0,1.0,32.0,765.6413570643188,412.25092289518017,57.20438940784185,0.03444412400131114,150000.0,2900.0
24,85,12,known,3,100.0,300.0,150.0,5497.361752141734,284.57858338383943,5489.99100762379,1626.5132038580398,63.53548882850068,1625.2718061862358,1.0,1.0,79.0,764.4418670626198,413.5471209684741,86.39410209825418,0.15479023999796482,150000.0,2900.0
24,86,12,known,3,100.0,300.0,150.0,2862.8486576295945,131.84097456662735,2859.811251449454,947.9521502449114,51.34620279887757,946.5605351017375,1.0,1.0,238.0,766.0288048348197,413.744431997379,87.08553111698336,0.5407045779975306,150000.0,2900.0
24,87,12,known,3,100.0,300.0,150.0,3062.454360416033,144.88382632244486,3059.0252346950883,706.4472664801845,62.494744488711966,703.6775875559882,1.0,1.0,917.0,765.7159381324096,413.1190583794289,85.117284528749,1.9952620580006624,150000.0,2900.0
24,88,12,known,3,100.0,300.0,150.0,2409.178880964939,85.26570100791204,2407.6695455811832,1044.6090160209108,51.13069949212368,1043.3569130080186,1.0,1.0,134.0,766.288316523198,412.2771484263023,81.25356178930258,0.24608344299849705,150000.0,2900.0
24,89,12,known,3,100.0,300.0,150.0,2372.137628937716,100.06831386568554,2370.0260047481183,1452.2062902873733,68.73928560872875,1450.5785122371751,1.0,1.0,65.0,766.059040650786,412.2548100248278,65.54246038697413,0.13029073500001687,150000.0,2900.0
24,90,12,known,3,100.0,300.0,150.0,1574.7978054165364,60.4544313785124,1573.6369942497665,1127.2952272053165,42.05502508150759,1126.5104989059266,1.0,1.0,365.0,766.5063385394749,413.15474473247656,78.01242923366429,0.7323640949980472,150000.0,2900.0
24,91,12,known,3,100.0,300.0,150.0,4943.4822151961525,240.82231649332718,4937.612887199587,989.3069602910768,45.30218506362709,988.2691807948031,1.0,1.0,57.0,764.3370963439611,413.816991357293,75.02587648480446,0.11901723100163508,150000.0,2900.0
24,92,12,known,3,100.0,300.0,150.0,3387.9353793084906,136.10789443137568,3385.2002563280685,1121.519921127981,62.053216735169364,1119.8019163136535,1.0,1.0,323.0,765.7763160333408,412.7383413493161,76.95093345913128,0.6643411429977277,150000.0,2900.0
24,93,12,known,3,100.0,300.0,150.0,2242.189613463199,90.2707040723259,2240.371724225365,810.1080882697449,48.998492919243596,808.624920696675,1.0,1.0,682.0,766.385221515482,412.2446471625867,74.70800807941676,1.485730849999527,150000.0,2900.0
24,94,12,known,3,100.0,300.0,150.0,2701.093306021961,86.46946503755781,2699.7088879086136,1416.1766911329235,46.366124675105176,1415.4174659763135,1.0,1.0,55.0,766.241229063352,412.777868114058,84.40410932807532,0.10261957599868765,150000.0,2900.0
24,95,12,known,3,100.0,300.0,150.0,2739.1292897882604,59.97617695907547,2738.47258966989,736.7391656915432,42.11501481229358,735.5344477257552,1.0,1.0,411.0,766.1827521582028,414.2525662577815,88.3372403807777,0.8586762790000648,150000.0,2900.0
24,96,12,known,3,100.0,300.0,150.0,1829.5474782649799,70.60477672769359,1828.1846024756305,853.6626911091237,47.163599941690066,852.3588358386456,1.0,1.0,222.0,766.4937683492302,411.8829515339173,87.57497124371368,0.5169823709984485,150000.0,2900.0
24,97,12,known,3,100.0,300.0,150.0,1949.0531312421022,144.11634752054113,1943.7177230199818,1265.3069516885244,44.18070939336956,1264.5353877645357,1.0,1.0,36.0,766.5327832215261,412.2503467106243,71.850999511853,0.06067600499955006,150000.0,2900.0
24,98,12,known,3,100.0,300.0,150.0,7378.198629837887,506.2717560045111,7360.808646501673,1051.6539177970767,64.24488494054783,1049.689743484672,1.0,1.0,400.0,761.3843901293432,414.6373440869149,75.12510890042027,0.7804271710010653,150000.0,2900.0
24,99,12,known,3,100.0,300.0,150.0,4474.155217315037,243.44842851163742,4467.527030839609,1133.9574334732342,51.9050430351841,1132.768876442463,1.0,1.0,36.0,764.7211839127829,414.3949710077482,77.78890067571095,0.07967069599908427,150000.0,2900.0
