condition_id,trial_id,n_anchors,gauge,dof,sigma_r_mm,sigma_deploy_mm,sigma_v_mm,rmse_anchor_abs_mm,rmse_anchor_abs_h_mm,rmse_anchor_abs_v_mm,rmse_anchor_shape_mm,rmse_anchor_shape_h_mm,rmse_anchor_shape_v_mm,converged,rigidity_ok,iterations,rigidity_min_singular,rigidity_cond,rms_residual_mm,compute_time_s,r_max_mm,known_z_max_mm,height_pattern,unknown_z_std_mm
0,0,8,known,3,100.0,300.0,150.0,2187.1588681645044,105.98986925580871,2184.5892204727575,1798.9492754079242,69.30643605890295,1797.6137275320048,1.0,1.0,37.0,1261.1001536509295,200.29421213632656,65.92293515030529,0.05075070005841553,150000.0,1500.0,,0.0
0,1,8,known,3,100.0,300.0,150.0,1810.1748654760784,80.7822977638237,1808.371439712908,1638.0552240157263,66.13429000817978,1636.719637754226,1.0,1.0,40.0,1057.3030105368964,238.81356532918883,99.75987233602477,0.046096500009298325,150000.0,1500.0,,0.0
0,2,8,known,3,100.0,300.0,150.0,106.60629698199969,50.387708049493064,93.94669463974435,74.44009496082617,43.70786251252992,60.25736878061139,1.0,1.0,189.0,0.2693196891987877,932741.585332517,81.65708591297243,0.4285653999540955,150000.0,1500.0,,0.0
0,3,8,known,3,100.0,300.0,150.0,1391.898497857651,70.50804640202617,1390.1115220481252,1173.9742006138874,42.86071510738176,1173.1915371359871,1.0,1.0,83.0,788.1465835871065,320.4489730579426,73.60869931343203,0.09566210000775754,150000.0,1500.0,,0.0
0,4,8,known,3,100.0,300.0,150.0,2063.460348589861,66.8844130779886,2062.3760776080107,1347.6040165132806,52.31620519932205,1346.5881330222203,1.0,1.0,43.0,1247.5915190127726,202.72407448514673,78.90572842010101,0.04261240002233535,150000.0,1500.0,,0.0
0,5,8,known,3,100.0,300.0,150.0,2251.6283603867855,97.6623828398921,2249.509353676068,1427.5308084361652,53.53067992268353,1426.5267874601677,1.0,1.0,35.0,1346.8651720254427,187.5966359570191,87.29271019680144,0.022225099964998662,150000.0,1500.0,,0.0
0,6,8,known,3,100.0,300.0,150.0,2988.9433460451223,89.24410309250632,2987.610720279773,1319.4243046823883,58.24013706551246,1318.138301628928,1.0,1.0,33.0,1732.879231595913,145.1444596922532,61.64065042007241,0.031072699930518866,150000.0,1500.0,,0.0
0,7,8,known,3,100.0,300.0,150.0,3115.8797637863227,100.23633165177192,3114.2670695028883,1379.1494944429573,31.029236263991876,1378.8003896573057,1.0,1.0,84.0,1814.442120794327,139.32196455960317,67.23795345434925,0.0809657999780029,150000.0,1500.0,,0.0
0,8,8,known,3,100.0,300.0,150.0,1349.86240468895,76.35087385517306,1347.7013970661994,1187.169007233288,47.386278025580026,1186.2229100764127,1.0,1.0,62.0,826.3362759104425,305.87260895539026,95.8908885634958,0.07981469994410872,150000.0,1500.0,,0.0
0,9,8,known,3,100.0,300.0,150.0,3799.038842187847,173.6659442621479,3795.0673596466654,1514.5257192414128,71.61989145771425,1512.8313671362398,1.0,1.0,76.0,2250.4302973114236,112.23724087057549,69.44399011214972,0.10568359994795173,150000.0,1500.0,,0.0
0,10,8,known,3,100.0,300.0,150.0,2708.376270604596,102.97164104402196,2706.418087494015,1084.760194217428,43.78520201885339,1083.876162226479,1.0,1.0,50.0,1634.9839095595933,154.50931779096547,66.59400431343093,0.04651250003371388,150000.0,1500.0,,0.0
0,11,8,known,3,100.0,300.0,150.0,2384.3467966084204,101.84520028162451,2382.170691129507,1031.7374388028486,40.75228799509259,1030.9322934366867,1.0,1.0,48.0,1425.588266592806,177.37496494936622,73.74087224450719,0.03984219999983907,150000.0,1500.0,,0.0
0,12,8,known,3,100.0,300.0,150.0,1007.569884325532,41.014908217559125,1006.73474614899,326.2607409620645,37.245008543109876,324.12787666558245,1.0,1.0,416.0,587.377833569097,429.9937210928969,63.04308919905732,0.44246149994432926,150000.0,1500.0,,0.0
0,13,8,known,3,100.0,300.0,150.0,1299.301007742297,42.13685966796171,1298.6175702559517,1021.3147721243959,26.913449094552142,1020.9601020692933,1.0,1.0,139.0,794.2017858215652,319.1936642394453,94.86039727545155,0.192319699912332,150000.0,1500.0,,0.0
0,14,8,known,3,100.0,300.0,150.0,1505.4238807475883,108.33238053890778,1501.5209475901102,1095.2544600117067,80.62521914069109,1092.2828874490576,1.0,1.0,40.0,879.579905887158,287.78115785638613,92.77400809921346,0.030512800090946257,150000.0,1500.0,,0.0
0,15,8,known,3,100.0,300.0,150.0,2011.3093861542222,67.68243050206769,2010.170275233769,1079.9443747778257,32.31198605483414,1079.4608784812262,1.0,1.0,111.0,1194.1944242648724,210.94623213013466,84.5719429988729,0.14509539993014187,150000.0,1500.0,,0.0
0,16,8,known,3,100.0,300.0,150.0,2726.338474565528,132.2118336386351,2723.130828466051,1477.7682606791718,65.37576220780653,1476.3214561830673,1.0,1.0,58.0,1590.4621218097498,157.74578525170205,64.32136088143807,0.08396940003149211,150000.0,1500.0,,0.0
0,17,8,known,3,100.0,300.0,150.0,2797.9025806743853,77.62179528576492,2796.8256484523667,1586.0539331691164,53.37664486759406,1585.1555168827767,1.0,1.0,37.0,1661.9377386705855,152.49758226218907,108.05384521293847,0.04837999993469566,150000.0,1500.0,,0.0
0,18,8,known,3,100.0,300.0,150.0,4226.928230967229,165.8989729185861,4223.671365119723,1069.9060712874418,32.46694524038921,1069.413343307669,1.0,1.0,102.0,2486.3435425391503,101.52432339870188,91.75171481271677,0.10597869998309761,150000.0,1500.0,,0.0
0,19,8,known,3,100.0,300.0,150.0,3696.497685525663,175.22701906573695,3692.342160592098,1222.4303351121428,87.88981420703705,1219.266707804752,1.0,1.0,75.0,2174.517338207116,115.92340080411846,65.73558850066766,0.07771370001137257,150000.0,1500.0,,0.0
0,20,8,known,3,100.0,300.0,150.0,1797.9360414965774,71.66401918674755,1796.507243978266,953.9380368277721,35.3204284196122,953.2839269824489,1.0,1.0,36.0,1045.7960714417356,242.05177085997605,71.14141939050262,0.03189189999829978,150000.0,1500.0,,0.0
0,21,8,known,3,100.0,300.0,150.0,4371.924716521441,148.39244227857418,4369.405612895841,1392.1910430209914,47.66297820489096,1391.3749102152576,1.0,1.0,34.0,2492.5580033149595,101.21795051299229,76.63642801612932,0.038837899919599295,150000.0,1500.0,,0.0
0,22,8,known,3,100.0,300.0,150.0,1534.9403121508997,91.68726179208157,1532.1994673967783,581.6276732361534,57.37016041057036,578.7913397491078,1.0,1.0,268.0,851.3410711753158,296.41219650629324,85.54804969359701,0.35372609994374216,150000.0,1500.0,,0.0
0,23,8,known,3,100.0,300.0,150.0,846.205438792375,59.10748061877216,844.1385848169112,303.22366786085894,37.1111260347353,300.94410955429333,1.0,1.0,86.0,546.3710525663375,461.8675649703998,93.52437445066502,0.08446169993840158,150000.0,1500.0,,0.0
0,24,8,known,3,100.0,300.0,150.0,2232.1018062059434,96.69694439780214,2230.0063170789363,1667.8317860403897,52.889842469490105,1666.9929607200593,1.0,1.0,36.0,1330.4614212178305,190.65926638812766,93.70680449808017,0.03509799996390939,150000.0,1500.0,,0.0
0,25,8,known,3,100.0,300.0,150.0,2701.217278461212,61.63892387670418,2700.5139193347477,1063.1899535142138,56.85338591500229,1061.6687665009065,1.0,1.0,90.0,1561.307656724563,161.86883413625017,76.16236169244958,0.11487980000674725,150000.0,1500.0,,0.0
0,26,8,known,3,100.0,300.0,150.0,1354.6424375053714,78.65333466094124,1352.3571223745626,1154.8804772526153,66.9194275321476,1152.9400274767106,1.0,1.0,35.0,826.1053146850537,304.04701303661307,82.49059150800308,0.033627099939621985,150000.0,1500.0,,0.0
0,27,8,known,3,100.0,300.0,150.0,1015.4355778021944,80.41510714060595,1012.2464241527559,1009.0975274358269,53.276942623776826,1007.6901246225261,1.0,1.0,39.0,608.4061149881537,414.3842081259751,81.97507486000663,0.022765500005334616,150000.0,1500.0,,0.0
0,28,8,known,3,100.0,300.0,150.0,2477.0889951449585,88.21314697339879,2475.5177903964473,591.7623410613633,35.88601900290747,590.6732277144007,1.0,1.0,266.0,1426.1846714233611,176.505202295904,83.74581137219333,0.3272310000611469,150000.0,1500.0,,0.0
0,29,8,known,3,100.0,300.0,150.0,3243.62271131141,102.59857501487119,3241.99966467304,1562.9113780576472,42.464938670870005,1562.334376708691,1.0,1.0,44.0,1842.1790258962894,137.36000651193342,69.40685207116846,0.03600900003220886,150000.0,1500.0,,0.0
0,30,8,known,3,100.0,300.0,150.0,1623.5494577197812,84.48611022078146,1621.3497274931024,1188.497454442886,38.98725097161639,1187.8578170298397,1.0,1.0,38.0,948.9148342164465,266.22852249094683,81.62574372410704,0.01788289996329695,150000.0,1500.0,,0.0
0,31,8,known,3,100.0,300.0,150.0,2556.3195651982064,119.97411630570167,2553.5026788377986,1161.0649707263913,67.30964226850782,1159.112280284167,1.0,1.0,32.0,1507.2408766739857,166.56277420343628,84.63824717742085,0.020631000050343573,150000.0,1500.0,,0.0
0,32,8,known,3,100.0,300.0,150.0,5084.904183587444,238.72142054270557,5079.297455321864,1600.5104210451514,67.57900685324385,1599.083076549451,1.0,1.0,137.0,2989.092867147948,84.49799803682058,87.06022258136622,0.13013480009976774,150000.0,1500.0,,0.0
0,33,8,known,3,100.0,300.0,150.0,3422.6121604769064,134.994722359629,3419.948892305182,1213.2100056471309,55.440763610657854,1211.9425892065096,1.0,1.0,20.0,1996.5602114121193,126.46908097466124,60.595855016447814,0.025527399964630604,150000.0,1500.0,,0.0
0,34,8,known,3,100.0,300.0,150.0,1722.7707120179268,99.99005745528034,1719.866539763142,1327.1000197227715,64.14653052232661,1325.5488240612374,1.0,1.0,33.0,1038.301821392222,242.70551531070623,74.60019880407499,0.022243699990212917,150000.0,1500.0,,0.0
0,35,8,known,3,100.0,300.0,150.0,4102.528867300602,204.8453580788032,4097.411559302815,1344.468246083081,59.04256495501999,1343.1711879910351,1.0,1.0,38.0,2444.8199111542094,103.00740161152821,62.120095226690225,0.03931140003260225,150000.0,1500.0,,0.0
0,36,8,known,3,100.0,300.0,150.0,3541.4631779921665,158.07780788675345,3537.933414823984,1377.1871883720687,52.25273143361623,1376.1955543722304,1.0,1.0,51.0,2120.1602221726907,118.94834006834333,67.53183064201862,0.04340460000094026,150000.0,1500.0,,0.0
0,37,8,known,3,100.0,300.0,150.0,4221.45116264774,197.22032403201356,4216.841716546716,901.4500910983128,49.19777486786991,900.1065746283641,1.0,1.0,73.0,2450.035826229955,103.0516436762733,94.97549840057786,0.08456260000821203,150000.0,1500.0,,0.0
0,38,8,known,3,100.0,300.0,150.0,1588.4108812593115,90.48708693305353,1585.8313954520363,1334.3296891265377,76.30829552086807,1332.145924183692,1.0,1.0,28.0,923.4657715145396,273.6454016889577,70.56785219851112,0.022085400065407157,150000.0,1500.0,,0.0
0,39,8,known,3,100.0,300.0,150.0,1005.2421768767048,60.82538803506781,1003.4002722454284,837.5704788575481,44.46445291233786,836.3893946487299,1.0,1.0,43.0,562.261667196034,450.51938299647895,78.65431305585456,0.03896040003746748,150000.0,1500.0,,0.0
0,40,8,known,3,100.0,300.0,150.0,1145.5193334884352,78.7378445097728,1142.8100871263537,788.8222981167328,63.63850698553206,786.2510784951687,1.0,1.0,68.0,655.4757634125755,384.12262553719256,74.53822669148104,0.06861529999878258,150000.0,1500.0,,0.0
0,41,8,known,3,100.0,300.0,150.0,2280.493083790707,121.43337978407476,2277.257701598891,1668.4925414700172,75.01907842216957,1666.8051772219108,1.0,1.0,36.0,1323.7870801271374,190.16191081542044,73.92220815246625,0.03613729996141046,150000.0,1500.0,,0.0
0,42,8,known,3,100.0,300.0,150.0,1209.88850776363,52.59434394976756,1208.7448184803097,989.0380995771131,48.154166094654784,987.8651419616122,1.0,1.0,42.0,740.365605551948,339.7298914410844,60.92185342586709,0.02968809998128563,150000.0,1500.0,,0.0
0,43,8,known,3,100.0,300.0,150.0,2311.5208986345224,121.12494117215607,2308.345211065752,1383.5602403166317,52.65336039502436,1382.5579778888577,1.0,1.0,69.0,1345.3856231701902,186.8351005446333,62.20831550005865,0.06932710006367415,150000.0,1500.0,,0.0
0,44,8,known,3,100.0,300.0,150.0,990.9989916407297,39.97034690835375,990.1925937922223,587.2942024505662,28.070501935392745,586.6229855308619,1.0,1.0,82.0,616.1165710093793,410.7695027918997,93.2506013578495,0.07697860000189394,150000.0,1500.0,,0.0
0,45,8,known,3,100.0,300.0,150.0,1715.0453679296384,59.92697663159989,1713.9980663725103,953.5718464855146,39.9991319898988,952.7325626060277,1.0,1.0,37.0,1004.2606289044548,251.25210804552324,67.63983329635504,0.019922200008295476,150000.0,1500.0,,0.0
0,46,8,known,3,100.0,300.0,150.0,4573.552758730109,190.73511586603573,4569.573826131203,1062.6490427752888,59.21319505232727,1060.9980139674778,1.0,1.0,41.0,2658.8753428470045,95.49535102692293,81.00880389309478,0.043792700045742095,150000.0,1500.0,,0.0
0,47,8,known,3,100.0,300.0,150.0,1474.2592494113962,71.22406580171051,1472.5377641764326,1155.186922165236,60.94704854538839,1153.5780348182768,1.0,1.0,36.0,837.9069639758789,300.8963704569149,80.44475840414428,0.03506510006263852,150000.0,1500.0,,0.0
0,48,8,known,3,100.0,300.0,150.0,3131.8372983279996,107.66645979929213,3129.9860697186355,901.9424674074334,53.97575950754759,900.3259586941789,1.0,1.0,47.0,1785.2117981836725,141.19117208165932,79.78226403851407,0.042919599916785955,150000.0,1500.0,,0.0
0,49,8,known,3,100.0,300.0,150.0,3125.259565036552,112.5926452196737,3123.2307383693083,1119.69883945713,55.597661596181865,1118.31766109039,1.0,1.0,43.0,1802.0102529099117,140.25593041967838,61.56171525220595,0.04133240005467087,150000.0,1500.0,,0.0
0,50,8,known,3,100.0,300.0,150.0,1409.936161955876,86.31564507777938,1407.2915796684329,1177.1539824273473,51.541695122240405,1176.0250643623585,1.0,1.0,44.0,816.8265424021126,308.54132919405646,67.62353723891137,0.042638199985958636,150000.0,1500.0,,0.0
0,51,8,known,3,100.0,300.0,150.0,2742.9886625046174,105.73029863826328,2740.950183162535,1188.3160287399694,45.93926837263055,1187.4277105498757,1.0,1.0,36.0,1542.1060640974918,163.55140618460962,49.72070881263021,0.033004999975673854,150000.0,1500.0,,0.0
0,52,8,known,3,100.0,300.0,150.0,1615.7415408519716,162.448437747618,1607.554425799656,1423.6707817385332,104.54582157579142,1419.8269845185534,1.0,1.0,41.0,958.717259209558,263.349959361722,86.09098040609797,0.030650599976070225,150000.0,1500.0,,0.0
0,53,8,known,3,100.0,300.0,150.0,3167.3204300333855,168.10613675914365,3162.856151216932,1295.0313306903058,89.94988264310838,1291.9036984551112,1.0,1.0,43.0,1817.837779956434,139.66784377146075,63.900506855635186,0.05257920001167804,150000.0,1500.0,,0.0
0,54,8,known,3,100.0,300.0,150.0,3204.8203289285357,63.94241196804055,3204.182377559885,714.5578328676429,30.7564228394955,713.8956078913923,1.0,1.0,168.0,1824.181192935687,138.34457670609677,79.02863295460993,0.15131510002538562,150000.0,1500.0,,0.0
0,55,8,known,3,100.0,300.0,150.0,1518.3178105651518,65.71514880290407,1516.895017164065,1133.839453109476,59.33327464829264,1132.285947959748,1.0,1.0,33.0,825.0329352861614,305.4006634788158,75.77515319219454,0.019228699966333807,150000.0,1500.0,,0.0
0,56,8,known,3,100.0,300.0,150.0,3205.9393992892637,149.34476554808663,3202.4589884834736,1384.5194551600582,55.13562205403364,1383.4211885385516,1.0,1.0,42.0,1862.431525060675,135.89312189605292,51.66406043088381,0.03553949994966388,150000.0,1500.0,,0.0
0,57,8,known,3,100.0,300.0,150.0,3248.036526949458,132.14719219185645,3245.3471925194235,1133.0266252037015,71.48388296698742,1130.7693787401793,1.0,1.0,84.0,1864.5471571175804,135.4467037308176,76.19114903254437,0.1065559999551624,150000.0,1500.0,,0.0
0,58,8,known,3,100.0,300.0,150.0,2426.2551749301447,173.5792959452782,2420.038099265061,1371.2692195878594,89.56834140867039,1368.3408876469332,1.0,1.0,36.0,1362.6565065767034,185.05481895548505,69.16723048203838,0.040697499993257225,150000.0,1500.0,,0.0
0,59,8,known,3,100.0,300.0,150.0,900.5378614975523,51.6039759946544,899.0581013772846,812.9117813264386,43.13082801295133,811.7667743226749,1.0,1.0,59.0,542.7094882454984,465.0605508662182,74.17106225066912,0.06927750003524125,150000.0,1500.0,,0.0
0,60,8,known,3,100.0,300.0,150.0,4197.439723074565,194.21729287941972,4192.944057817952,1400.792120308598,60.19421607264282,1399.498203167856,1.0,1.0,37.0,2462.707396498843,102.47619503393204,55.98204174165232,0.04173830000218004,150000.0,1500.0,,0.0
0,61,8,known,3,100.0,300.0,150.0,1918.34204408317,98.48490542740129,1915.81233984442,1307.702640746174,77.96098009842372,1305.3766821100376,1.0,1.0,31.0,1125.1168301029531,223.93365222613022,57.575218279723465,0.027844600030221045,150000.0,1500.0,,0.0
0,62,8,known,3,100.0,300.0,150.0,2428.716890527753,83.45913820383272,2427.282494186672,709.493870592901,52.26410129082206,707.5662627098318,1.0,1.0,52.0,1400.190726107022,180.35027717961378,69.87728536409497,0.06310840009246022,150000.0,1500.0,,0.0
0,63,8,known,3,100.0,300.0,150.0,1501.9148742912853,93.62562336623809,1498.9938399695611,1083.274907779526,60.604726337241836,1081.5782879525314,1.0,1.0,44.0,853.7191741746178,295.0668758003942,78.91863483061312,0.049151499988511205,150000.0,1500.0,,0.0
0,64,8,known,3,100.0,300.0,150.0,2095.7048405242504,82.47171159353644,2094.081468182078,1141.6129192904405,44.73036372984691,1140.7362762932707,1.0,1.0,41.0,1218.0021942252188,207.2986769298424,56.3204038926062,0.03842979995533824,150000.0,1500.0,,0.0
0,65,8,known,3,100.0,300.0,150.0,1636.3765579530402,118.1954671919055,1632.1023469603638,1177.8743190508662,64.39074083706129,1176.112980956335,1.0,1.0,51.0,976.382399116503,258.4760984681555,71.57322718716806,0.04848710005171597,150000.0,1500.0,,0.0
0,66,8,known,3,100.0,300.0,150.0,1285.8462201616885,73.07799109616131,1283.7679342939873,1129.0840736040907,58.40012773659449,1127.5727339496805,1.0,1.0,45.0,777.7157456970646,324.68287949006304,76.46332676153068,0.034996400005184114,150000.0,1500.0,,0.0
0,67,8,known,3,100.0,300.0,150.0,2589.95384681736,55.84022224562325,2589.351810438976,810.139558385738,36.67571781875916,809.308961882863,1.0,1.0,66.0,1471.445490062903,171.76202941221456,74.95346587206606,0.06848210003226995,150000.0,1500.0,,0.0
0,68,8,known,3,100.0,300.0,150.0,4213.082849529168,175.51316969204075,4209.425403099746,978.582521511243,51.50857608838125,977.2259810282624,1.0,1.0,106.0,2480.2199644118205,101.55029586905141,99.34120968357583,0.1434531999984756,150000.0,1500.0,,0.0
0,69,8,known,3,100.0,300.0,150.0,2209.3767465451547,86.54529618751162,2207.6810276582687,1342.870922029787,42.52254315578661,1342.1975065379515,1.0,1.0,36.0,1322.1568416594039,190.7833326540658,77.00362047206731,0.039068799931555986,150000.0,1500.0,,0.0
0,70,8,known,3,100.0,300.0,150.0,1611.1895289062102,61.27295050389605,1610.0240133592924,549.0288740524469,47.57212675479605,546.9639817202986,1.0,1.0,95.0,1014.3840590216764,249.57879733406588,102.49318476968766,0.11142450000625104,150000.0,1500.0,,0.0
0,71,8,known,3,100.0,300.0,150.0,2435.848945450204,121.66217018215804,2432.808747394139,1705.4927099554275,58.73111548798718,1704.481164397144,1.0,1.0,35.0,1410.8653264885374,178.96488384955086,61.25639623250687,0.04190900002140552,150000.0,1500.0,,0.0
0,72,8,known,3,100.0,300.0,150.0,90.6767191089202,63.30622645702246,64.91986660591813,54.8900666922954,40.84824019578265,36.66525186593273,1.0,1.0,95.0,0.04356166365391036,5792336.572240706,85.01324450704405,0.10756390006281435,150000.0,1500.0,,0.0
0,73,8,known,3,100.0,300.0,150.0,2991.3413376465955,132.8400793531356,2988.3902877018554,1280.932854082048,76.40876638299218,1278.6518983236253,1.0,1.0,39.0,1760.615339799089,143.60864517786072,64.74797923802917,0.03269849997013807,150000.0,1500.0,,0.0
0,74,8,known,3,100.0,300.0,150.0,2851.686859678859,76.37523074261901,2850.6639173697913,1037.7553271186043,30.79178354354025,1037.2984069346917,1.0,1.0,64.0,1663.037188444486,151.65757023800595,70.05599141962463,0.04532709997147322,150000.0,1500.0,,0.0
0,75,8,known,3,100.0,300.0,150.0,645.253574278732,80.66014395298336,640.1922494821092,545.5762551576717,56.43064521160331,542.6500091890452,1.0,1.0,58.0,371.9694209479862,681.9500562044364,82.68251151750364,0.04761590005364269,150000.0,1500.0,,0.0
0,76,8,known,3,100.0,300.0,150.0,4120.037500348856,194.1535235223079,4115.460291824564,1397.3700320755688,56.59466567838928,1396.2234958485792,1.0,1.0,34.0,2392.2030229941915,105.45862216705869,81.55136855200988,0.02885000000242144,150000.0,1500.0,,0.0
0,77,8,known,3,100.0,300.0,150.0,3242.9660624907783,127.64121385637299,3240.4531477853857,1878.4590589297884,54.073219368763304,1877.6806232750243,1.0,1.0,35.0,1874.8703348224005,134.68887127598882,68.0786179567277,0.029268299927935004,150000.0,1500.0,,0.0
0,78,8,known,3,100.0,300.0,150.0,3424.171083688044,172.62845210452778,3419.8168120367714,1255.7397700202253,68.31181224076157,1253.8803237625316,1.0,1.0,61.0,2009.4182991965538,125.75890459775994,79.97010195640743,0.11601120000705123,150000.0,1500.0,,0.0
0,79,8,known,3,100.0,300.0,150.0,1381.9913054254694,97.93543093258307,1378.5168187728584,1261.3476580498448,64.48990906705417,1259.6979662190263,1.0,1.0,34.0,789.6335922334362,319.92695686448104,69.65555456849299,0.03041150001809001,150000.0,1500.0,,0.0
0,80,8,known,3,100.0,300.0,150.0,2658.89694542896,111.31546832724544,2656.5657968366863,1070.0618298547001,38.63712499030672,1069.3640597497526,1.0,1.0,41.0,1564.197778777199,162.0585972783685,66.50355349785531,0.0656261999392882,150000.0,1500.0,,0.0
0,81,8,known,3,100.0,300.0,150.0,1062.6233735471787,82.01063923367617,1059.4539579714028,625.3954440787767,71.13586378535395,621.3365837917496,1.0,1.0,341.0,570.7749296078682,441.4415334161246,78.3080511043972,0.4964477999601513,150000.0,1500.0,,0.0
0,82,8,known,3,100.0,300.0,150.0,2833.041464590965,171.55940800979698,2827.8421649050797,1334.362792294832,65.42149943286474,1332.7580758985541,1.0,1.0,53.0,1668.6389573335014,151.88112114356565,74.16948745666403,0.03419250005390495,150000.0,1500.0,,0.0
0,83,8,known,3,100.0,300.0,150.0,5382.993047134074,333.3632944971504,5372.660705774728,1757.5393829586037,93.7804675218335,1755.0355855542919,1.0,1.0,42.0,3108.8079361272034,81.14594907663717,102.45075823153464,0.03708569996524602,150000.0,1500.0,,0.0
0,84,8,known,3,100.0,300.0,150.0,1288.169782015112,97.01189679377768,1284.5116111492862,951.0647683252149,68.60595162518506,948.587063453375,1.0,1.0,62.0,771.8090264280825,327.1619115804669,53.347727168959594,0.05466649995651096,150000.0,1500.0,,0.0
0,85,8,known,3,100.0,300.0,150.0,1855.258063809864,85.41968216486342,1853.2905765773428,1327.5310529649248,53.51142567070544,1326.4521189657962,1.0,1.0,47.0,1069.9299719270134,236.337488169604,59.92466873746748,0.02947060007136315,150000.0,1500.0,,0.0
0,86,8,known,3,100.0,300.0,150.0,151.80391334206163,55.180642649758276,141.4196760805364,137.98538423642074,38.444521429612465,132.52163987410032,1.0,1.0,219.0,0.3948171698161849,639423.1533138307,70.55781169241524,0.20764410006813705,150000.0,1500.0,,0.0
0,87,8,known,3,100.0,300.0,150.0,4227.477933892222,172.40339155356867,4223.961026350324,1595.5062272439675,49.30850574531624,1594.7441150339585,1.0,1.0,35.0,2406.878342330009,104.89126268811835,71.14324989140835,0.02316670003347099,150000.0,1500.0,,0.0
0,88,8,known,3,100.0,300.0,150.0,3451.2528715454146,145.3654057821984,3448.190145881205,1194.2768993149748,68.65370592681936,1192.3019671626412,1.0,1.0,114.0,2088.499975594548,120.74182086022857,85.85079489808096,0.12818620004691184,150000.0,1500.0,,0.0
0,89,8,known,3,100.0,300.0,150.0,1073.8645516601741,100.73590238793794,1069.129250035932,771.6081874753199,54.60373600009345,769.6737146309341,1.0,1.0,36.0,655.0317795859353,384.9261992089529,51.28316500311625,0.032796300016343594,150000.0,1500.0,,0.0
0,90,8,known,3,100.0,300.0,150.0,4292.819907614149,181.07626180846933,4288.999201051199,968.3436861629638,57.033643067571084,966.662639233625,1.0,1.0,54.0,2490.1474920369237,101.49781311621437,69.91407291629466,0.037993400008417666,150000.0,1500.0,,0.0
0,91,8,known,3,100.0,300.0,150.0,848.8323638113023,69.46166148416675,845.9854959970307,755.7220203081465,53.385348940976144,753.834051033168,1.0,1.0,64.0,519.7456483731493,486.14337615370493,82.67606390386166,0.045367199927568436,150000.0,1500.0,,0.0
0,92,8,known,3,100.0,300.0,150.0,2193.7791255948055,122.99990103239907,2190.328257645764,936.8384893085771,71.3002214610355,934.1213162483684,1.0,1.0,111.0,1275.6770138191164,197.99730653405854,74.71834451464792,0.1293539999751374,150000.0,1500.0,,0.0
0,93,8,known,3,100.0,300.0,150.0,944.1821052554498,69.01189650023714,941.6566285149029,751.6004573226954,60.21769782867149,749.1842739379276,1.0,1.0,76.0,545.3587047824183,461.1122959271735,94.6975784730119,0.1260368999792263,150000.0,1500.0,,0.0
0,94,8,known,3,100.0,300.0,150.0,3568.602357714026,126.77379276786692,3566.349841637715,908.931640212117,39.15089293710268,908.0880652012319,1.0,1.0,37.0,2011.5651906088917,125.31638137602805,74.68251236476601,0.030657799914479256,150000.0,1500.0,,0.0
0,95,8,known,3,100.0,300.0,150.0,1925.8454552728438,99.84574936178538,1923.2554546730007,1344.5595033884024,53.051713057634416,1343.5124762702123,1.0,1.0,38.0,1117.1025595434858,226.67739074670135,68.31224129982635,0.0454185000853613,150000.0,1500.0,,0.0
0,96,8,known,3,100.0,300.0,150.0,1746.9733930840312,82.6383126605043,1745.017749314934,1449.962305155919,69.51178452430106,1448.295135041651,1.0,1.0,62.0,1034.5192956158862,244.20767224700327,92.67740800729128,0.07796769996639341,150000.0,1500.0,,0.0
0,97,8,known,3,100.0,300.0,150.0,2709.8705340499055,103.8309240451622,2707.8806196957516,797.5971965171236,55.79975014855643,795.6429323354376,1.0,1.0,63.0,1645.354453543718,153.69977135745077,69.4582910508366,0.06469849997665733,150000.0,1500.0,,0.0
0,98,8,known,3,100.0,300.0,150.0,2890.799986362656,146.90354696837494,2887.064929827946,1342.2707881613144,75.56832813263246,1340.1418941792822,1.0,1.0,57.0,1753.8203084574939,144.17927380259522,80.79297494924597,0.06897709995973855,150000.0,1500.0,,0.0
0,99,8,known,3,100.0,300.0,150.0,3538.4299332514124,191.3280562544999,3533.2534536061053,1278.756363520657,74.49966526570947,1276.5843634949756,1.0,1.0,40.0,2094.8260201544676,120.42330999951783,77.77681107450144,0.02682030003052205,150000.0,1500.0,,0.0
1,0,8,known,3,100.0,300.0,150.0,1471.8626596089744,52.16938464812772,1470.9378110772186,793.4242728869559,37.079031219434256,792.5573936630852,1.0,1.0,34.0,3395.1694876238466,74.4245491242516,68.94766511077343,0.03149119997397065,150000.0,5000.0,,0.0
1,1,8,known,3,100.0,300.0,150.0,1914.5299064648946,129.1780349978023,1910.166955536239,735.0863455581868,46.59394934412868,733.6081646973449,1.0,1.0,35.0,3664.698853843873,68.81103434807497,81.34627728103766,0.025545500102452934,150000.0,5000.0,,0.0
1,2,8,known,3,100.0,300.0,150.0,2152.381939407473,85.92510367599128,2150.666150206895,1353.8239211087964,50.16055960757987,1352.894351982538,1.0,1.0,28.0,2220.190526098056,113.39422595515866,70.65421376759672,0.030810300027951598,150000.0,5000.0,,0.0
1,3,8,known,3,100.0,300.0,150.0,981.9298808023128,79.02100750092588,978.7451002104597,825.0352238514354,45.24747081002616,823.7935341946329,1.0,1.0,34.0,2590.00017171704,97.33615559374243,102.58432548830233,0.03369179996661842,150000.0,5000.0,,0.0
1,4,8,known,3,100.0,300.0,150.0,1569.965275632533,93.99414502679905,1567.1490252661413,729.6613302378751,64.06322648685817,726.8435594105507,1.0,1.0,38.0,3404.303546430171,73.86830787936093,60.59846728898442,0.03804430004674941,150000.0,5000.0,,0.0
1,5,8,known,3,100.0,300.0,150.0,1353.380982182883,72.51742718465263,1351.4367560817723,874.1077028537958,54.9195129160743,872.380721525528,1.0,1.0,35.0,2514.644900703213,100.05223036982089,82.5795734734797,0.02403620001859963,150000.0,5000.0,,0.0
1,6,8,known,3,100.0,300.0,150.0,996.0050205088921,62.150667360721826,994.0640298419088,829.7192619961222,49.81570429577834,828.2224636732,1.0,1.0,41.0,2447.1574173617378,103.24179671105603,83.97032329811435,0.040053200093097985,150000.0,5000.0,,0.0
1,7,8,known,3,100.0,300.0,150.0,716.6568739514146,69.57646214933216,713.2714706874208,524.5908344985917,50.758541499789885,522.1294036010066,1.0,1.0,52.0,2321.1288309672227,108.6545896191604,103.13370752473442,0.05617820005863905,150000.0,5000.0,,0.0
1,8,8,known,3,100.0,300.0,150.0,1742.0307201472076,73.4955766944171,1740.479655193635,1270.584854817145,66.12487626052493,1268.8630241402086,1.0,1.0,48.0,2127.511473997272,118.38310414741514,79.15704884736465,0.054276600014418364,150000.0,5000.0,,0.0
1,9,8,known,3,100.0,300.0,150.0,1515.6458613789675,83.76941230216639,1513.3291323032615,910.5282715629041,59.769749408242006,908.5644227962075,1.0,1.0,31.0,3416.1061095940204,73.8292402430676,101.2951409362074,0.038044000044465065,150000.0,5000.0,,0.0
1,10,8,known,3,100.0,300.0,150.0,1307.3259120982257,64.0136708866214,1305.7577456722504,1059.6950268496391,51.49244779316847,1058.4432331259552,1.0,1.0,36.0,2746.769736869423,92.32381179491072,50.35444810389379,0.032720700022764504,150000.0,5000.0,,0.0
1,11,8,known,3,100.0,300.0,150.0,1880.6109503057912,70.94001016516785,1879.272481937576,893.9992296129482,65.1556696871373,891.6217590750944,1.0,1.0,33.0,2001.6106535099525,125.52306840765608,60.566163419218164,0.024823699961416423,150000.0,5000.0,,0.0
1,12,8,known,3,100.0,300.0,150.0,949.4097380008379,69.8481542913554,946.8368845545206,702.5818032459647,40.777533512958655,701.3974501043976,1.0,1.0,33.0,2984.3732334159263,84.79388399358794,87.30781728475858,0.034072899958118796,150000.0,5000.0,,0.0
1,13,8,known,3,100.0,300.0,150.0,1581.119044397558,75.94355129830599,1579.2941491605823,598.9638084781313,52.1208422461504,596.6917643726781,1.0,1.0,32.0,3434.5731585615795,73.55369220586638,68.72354877855699,0.025425500003620982,150000.0,5000.0,,0.0
1,14,8,known,3,100.0,300.0,150.0,631.2384386397523,77.7642981123728,626.4301081169729,314.25539218943015,52.887661200494364,309.77305695117235,1.0,1.0,36.0,2900.5376223480407,87.00649821884404,87.19670597459773,0.02510279999114573,150000.0,5000.0,,0.0
1,15,8,known,3,100.0,300.0,150.0,1342.1789961652112,64.77594508727962,1340.6149837612227,1213.3616169684346,53.93229112564989,1212.1624154816022,1.0,1.0,22.0,2659.3669744558333,95.62726328216891,52.60154012057556,0.018634700099937618,150000.0,5000.0,,0.0
1,16,8,known,3,100.0,300.0,150.0,1046.2623374635248,71.64170824692303,1043.8066604664396,668.6967696445831,63.80797185888376,665.6454855704774,1.0,1.0,30.0,3062.9571814217034,82.33215352014957,59.52571967860581,0.027669799979776144,150000.0,5000.0,,0.0
1,17,8,known,3,100.0,300.0,150.0,2316.5804176513784,127.34397550591724,2313.0776777592628,1775.8687505632834,82.82418781351127,1773.936293427763,1.0,1.0,37.0,3375.79040609417,74.85719851334443,51.01659684494831,0.029041499947197735,150000.0,5000.0,,0.0
1,18,8,known,3,100.0,300.0,150.0,615.6014197106908,99.56359330555799,607.4966657010585,547.5147400245182,68.70420813544429,543.1870049334734,1.0,1.0,57.0,2541.1316266085946,99.4634138397789,97.63960750124184,0.052892600069753826,150000.0,5000.0,,0.0
1,19,8,known,3,100.0,300.0,150.0,606.3538823095637,42.58750670481422,604.8564580663312,444.4517178096207,40.147166157031414,442.6347642396408,1.0,1.0,33.0,2794.740623505666,90.28591173360775,60.73574204441777,0.06448169995564967,150000.0,5000.0,,0.0
1,20,8,known,3,100.0,300.0,150.0,1971.997568176377,118.11677268722545,1968.4569685170916,1499.1522780948344,87.8544648729187,1496.5758069402382,1.0,1.0,30.0,3472.3408658602284,73.0921185475065,70.27901438091331,0.03371059999335557,150000.0,5000.0,,0.0
1,21,8,known,3,100.0,300.0,150.0,1109.712242566182,116.11527303450269,1103.6206343981557,362.8317521864071,62.839052485097135,357.3487566473872,1.0,1.0,29.0,3248.4100644158184,77.67148675306528,83.18704795264402,0.0353330000070855,150000.0,5000.0,,0.0
1,22,8,known,3,100.0,300.0,150.0,1102.8452410381265,169.4948786658298,1089.74268145581,791.2298394322673,71.54900494439316,787.988197055945,1.0,1.0,25.0,3071.2264266248176,82.5338078838864,64.87747702830866,0.02433239994570613,150000.0,5000.0,,0.0
1,23,8,known,3,100.0,300.0,150.0,1278.5593995267268,52.49678164300172,1277.4812037894221,1160.5105082741243,53.01730888130452,1159.298841875403,1.0,1.0,23.0,2502.831695396005,101.24162571747515,61.512434505365995,0.01979389996267855,150000.0,5000.0,,0.0
1,24,8,known,3,100.0,300.0,150.0,3209.167822493813,146.15883147969296,3205.8377546142556,1041.4709475291206,49.40159429278615,1040.298619161121,1.0,1.0,32.0,1291.644857830496,195.59162197335633,84.75450652820584,0.03034169995225966,150000.0,5000.0,,0.0
1,25,8,known,3,100.0,300.0,150.0,2741.204997366347,116.8939632893251,2738.711492460049,965.1063077208931,72.00281923178797,962.4166349483626,1.0,1.0,37.0,4105.371515275334,61.48989337814194,90.41916514711696,0.02776670001912862,150000.0,5000.0,,0.0
1,26,8,known,3,100.0,300.0,150.0,1327.0309557635019,45.733408796986865,1326.2426674158846,1104.0586257104053,37.432355243852484,1103.4238840021756,1.0,1.0,32.0,3008.166751846871,84.1960141769519,70.75053302721732,0.03384679998271167,150000.0,5000.0,,0.0
1,27,8,known,3,100.0,300.0,150.0,2502.737952948502,117.36153995711439,2499.984705966769,1447.450736101518,80.43782956862367,1445.2139595973724,1.0,1.0,41.0,3510.34795243416,71.94825506442886,79.82066093824552,0.03675279999151826,150000.0,5000.0,,0.0
1,28,8,known,3,100.0,300.0,150.0,767.5271106153838,69.37649990049829,764.3852214630759,621.7554244377388,58.59592300986297,618.9881465944037,1.0,1.0,39.0,2820.6711726672634,89.7998531337876,90.8366109999052,0.02231429994571954,150000.0,5000.0,,0.0
1,29,8,known,3,100.0,300.0,150.0,1290.6883351629629,76.78378308088237,1288.4023553151121,1233.3749865894501,66.52517758531359,1231.5795785460916,1.0,1.0,44.0,2575.7925585119947,97.68692863470791,74.890711754433,0.02662020002026111,150000.0,5000.0,,0.0
1,30,8,known,3,100.0,300.0,150.0,1106.9861395932794,87.03359030117923,1103.55945350077,928.1830855533884,60.72653813320586,926.1944330829056,1.0,1.0,31.0,2422.721812869145,103.91359148412675,77.1520025554502,0.01921489997766912,150000.0,5000.0,,0.0
1,31,8,known,3,100.0,300.0,150.0,1929.6183829915726,39.3828461308862,1929.2164459722092,898.078694324309,40.32790780521162,897.1727821614463,1.0,1.0,32.0,1744.7640721345574,144.56327795831936,76.03175786581536,0.021636599907651544,150000.0,5000.0,,0.0
1,32,8,known,3,100.0,300.0,150.0,1375.966455035081,115.17771059651983,1371.1374038963243,1127.4161942914402,79.2693983509538,1124.6259990039678,1.0,1.0,20.0,3183.8264694011177,79.06969384254747,52.155872586829936,0.0119698999915272,150000.0,5000.0,,0.0
1,33,8,known,3,100.0,300.0,150.0,1133.215643406023,63.80163447565416,1131.4181569598227,310.4532441989903,47.5328251298218,306.79284113038835,1.0,1.0,27.0,3251.2321498761935,77.7208736280133,45.19595841140323,0.02139610005542636,150000.0,5000.0,,0.0
1,34,8,known,3,100.0,300.0,150.0,2234.458093565133,118.45239088175141,2231.316204170338,1615.9805145331766,70.74622146770355,1614.431167779832,1.0,1.0,46.0,2600.5107271645193,97.28160712636587,71.11402693864729,0.03750109998509288,150000.0,5000.0,,0.0
1,35,8,known,3,100.0,300.0,150.0,2363.696031283494,114.16892324211076,2360.9371836775067,952.2487700267351,58.61364442921347,950.4431391220389,1.0,1.0,28.0,3891.751619113634,64.91793086201984,51.14379146593645,0.02408629993442446,150000.0,5000.0,,0.0
1,36,8,known,3,100.0,300.0,150.0,752.5575898261936,77.08737098059372,748.5990002934213,699.0339053278049,73.62458255119205,695.145899536209,1.0,1.0,42.0,2565.9091187671534,98.61750439768832,63.683542944476976,0.0304600999224931,150000.0,5000.0,,0.0
1,37,8,known,3,100.0,300.0,150.0,6160.814488089487,307.91933335643887,6153.114726770391,1805.1207237885362,63.839209009095846,1803.9915140720432,1.0,1.0,43.0,1325.5259347435522,190.56813846661072,77.24273499082052,0.042689000023528934,150000.0,5000.0,,0.0
1,38,8,known,3,100.0,300.0,150.0,684.6891236170003,73.40629634755669,680.742764673963,489.67814308398374,47.999272103382715,487.31997054473754,1.0,1.0,39.0,2703.794512899398,92.95632190451855,77.66565226687922,0.05405899998731911,150000.0,5000.0,,0.0
1,39,8,known,3,100.0,300.0,150.0,1416.1949067234336,64.53166832512426,1414.723887411452,1263.5722225173172,57.38312753527694,1262.2685681706657,1.0,1.0,25.0,2765.302294224555,91.19362107740922,72.29801493627023,0.02844089991413057,150000.0,5000.0,,0.0
1,40,8,known,3,100.0,300.0,150.0,1448.7355723420592,96.46684454968334,1445.5202891941367,1222.967676658599,77.50257122477757,1220.5094385564087,1.0,1.0,25.0,2415.127643795933,104.77913680949023,66.14840379313104,0.029646100010722876,150000.0,5000.0,,0.0
1,41,8,known,3,100.0,300.0,150.0,1779.592493025099,108.05359818057768,1776.309055640802,1111.077151259928,45.85601816025431,1110.1304705530624,1.0,1.0,73.0,1970.919233968603,128.1379872241106,87.04948416966883,0.08461889997124672,150000.0,5000.0,,0.0
1,42,8,known,3,100.0,300.0,150.0,1131.5922374128083,79.83566717814567,1128.7724562635049,1070.7560538420835,50.17656130153286,1069.5797490301622,1.0,1.0,25.0,2638.0912602237167,95.50214151509748,52.10410660819632,0.02161950001027435,150000.0,5000.0,,0.0
1,43,8,known,3,100.0,300.0,150.0,1150.158986036181,61.714366365372875,1148.502081035945,1030.5926477973487,49.97609634886166,1029.3801996773007,1.0,1.0,35.0,2871.5807077081545,88.18046974809516,68.1594362860782,0.025405399966984987,150000.0,5000.0,,0.0
1,44,8,known,3,100.0,300.0,150.0,1046.919271300537,62.286178226554384,1045.064779151215,854.6139670829818,58.38480241068058,852.6172925649454,1.0,1.0,32.0,2394.1530286605457,105.2891486796343,102.56708616873213,0.01906660001259297,150000.0,5000.0,,0.0
1,45,8,known,3,100.0,300.0,150.0,1073.40078317299,59.05313714733631,1071.7751482048118,1031.0846505675008,38.321146979170024,1030.3722853076486,1.0,1.0,19.0,2717.6534938235977,92.57545627263742,57.856110347115205,0.018568299943581223,150000.0,5000.0,,0.0
1,46,8,known,3,100.0,300.0,150.0,1732.7230685460847,91.27487818037936,1730.3173491833563,767.4028845698963,88.74439311632104,762.2543013565837,1.0,1.0,25.0,3503.872609967178,72.06502126548494,39.307210214070146,0.019150699954479933,150000.0,5000.0,,0.0
1,47,8,known,3,100.0,300.0,150.0,5345.301922638407,228.66913915315718,5340.408511430638,1241.3950251895426,71.34147212592111,1239.343375711611,1.0,1.0,53.0,784.6394391046832,322.2276784931419,80.66122893202724,0.03967269998975098,150000.0,5000.0,,0.0
1,48,8,known,3,100.0,300.0,150.0,1866.206254028265,127.05789477947566,1861.875955575026,1090.5079232763937,51.4056991562405,1089.2956370163479,1.0,1.0,36.0,3499.614188042212,72.37801620941092,63.31739283420846,0.03307389991823584,150000.0,5000.0,,0.0
1,49,8,known,3,100.0,300.0,150.0,868.7903797186757,95.72322708884997,863.5008903802111,689.793191111813,92.53652155984182,683.558072647689,1.0,1.0,31.0,2975.9538787892293,84.85133809714559,85.1768216012072,0.019108899985440075,150000.0,5000.0,,0.0
1,50,8,known,3,100.0,300.0,150.0,1452.5298685093896,96.59163108728289,1449.314691747725,1228.7762529905688,62.42237672933962,1227.1896865590918,1.0,1.0,30.0,2947.7943851059704,85.47010722419472,60.29782659596974,0.03413919999729842,150000.0,5000.0,,0.0
1,51,8,known,3,100.0,300.0,150.0,899.3769902578638,34.71466607170264,898.7067722927338,670.4491881354904,39.61843925670014,669.2775904976958,1.0,1.0,31.0,2907.8408560109006,86.77135392926259,70.24015376291618,0.018957899999804795,150000.0,5000.0,,0.0
1,52,8,known,3,100.0,300.0,150.0,2519.95791177378,129.82139446169356,2516.611667033929,1512.473317741656,67.99158767254659,1510.944301053556,1.0,1.0,22.0,2117.328269493151,119.54586366311108,82.53338184083796,0.017136999987997115,150000.0,5000.0,,0.0
1,53,8,known,3,100.0,300.0,150.0,869.9778607093964,130.26457705380432,860.1701099721446,585.3937762423894,67.03961529738905,581.5424002118014,1.0,1.0,34.0,3035.730599570683,83.28759732991908,48.52405212924171,0.01946410001255572,150000.0,5000.0,,0.0
1,54,8,known,3,100.0,300.0,150.0,1467.0414893299828,74.46247624485395,1465.150528460137,1223.1695391406588,50.97804043777595,1222.106771470765,1.0,1.0,53.0,3191.2761948791644,78.91761892788556,93.54476654622178,0.03710980003233999,150000.0,5000.0,,0.0
1,55,8,known,3,100.0,300.0,150.0,1854.0797866226333,90.66654499833405,1851.861612750989,1583.625202932408,55.56563232207015,1582.650069935663,1.0,1.0,28.0,2736.4683436705336,92.59850986796518,60.54691381212135,0.03296610002871603,150000.0,5000.0,,0.0
1,56,8,known,3,100.0,300.0,150.0,3679.475282696743,180.99251659747463,3675.0210972063805,1316.6734131110513,66.22989371804891,1315.006645599786,1.0,1.0,47.0,1098.6541870935419,229.7464937637053,69.61668502381576,0.09280390001367778,150000.0,5000.0,,0.0
1,57,8,known,3,100.0,300.0,150.0,2453.721777185638,145.4964224071541,2449.4042849031202,1599.102053668854,86.08836138028965,1596.7830698259556,1.0,1.0,36.0,3625.806752588752,69.50503953450878,80.26494149407579,0.03909209999255836,150000.0,5000.0,,0.0
1,58,8,known,3,100.0,300.0,150.0,1207.8685432394013,57.705136189441305,1206.4893430961715,996.4643146199894,39.80513266074132,995.668961917035,1.0,1.0,30.0,2358.568856651513,107.50448161766737,73.89892998430209,0.03851989994291216,150000.0,5000.0,,0.0
1,59,8,known,3,100.0,300.0,150.0,2532.7622616615395,88.34455527744768,2531.221032160113,1354.4241258461523,59.407228742794956,1353.1206501444042,1.0,1.0,18.0,1549.9432063424022,163.48980706660558,63.091199647207,0.01659549993928522,150000.0,5000.0,,0.0
1,60,8,known,3,100.0,300.0,150.0,1621.8534604473284,59.94717761984279,1620.745193748971,966.1589971483487,37.85815136966312,965.4169918463081,1.0,1.0,21.0,2008.6191868802655,125.74279515960971,52.52041195742448,0.027010299963876605,150000.0,5000.0,,0.0
1,61,8,known,3,100.0,300.0,150.0,2153.9389968390155,73.10081697779431,2152.6981842936193,1470.8515671390255,68.3541513133763,1469.26241446297,1.0,1.0,45.0,1869.683421389378,135.04469743191152,88.53786568405685,0.038295699981972575,150000.0,5000.0,,0.0
1,62,8,known,3,100.0,300.0,150.0,2118.473734842925,127.14378705368316,2114.654918097272,980.3817782985798,46.816960780669454,979.2632962605853,1.0,1.0,35.0,2000.6375368130766,126.45888614015956,52.854255624797624,0.04274290008470416,150000.0,5000.0,,0.0
1,63,8,known,3,100.0,300.0,150.0,1082.953482640729,89.50895359401046,1079.2480682355606,256.57720175141,57.65658893752828,250.0151559619389,1.0,1.0,60.0,1999.730556345444,125.7422148148423,87.43765274957597,0.06582470005378127,150000.0,5000.0,,0.0
1,64,8,known,3,100.0,300.0,150.0,921.2542531395044,91.52055153459808,916.6969987811834,781.6129741297042,68.0609260288486,778.6440468378202,1.0,1.0,33.0,2768.580994493588,90.88661038346969,68.03990165059231,0.040787899983115494,150000.0,5000.0,,0.0
1,65,8,known,3,100.0,300.0,150.0,1393.1373350633714,71.32913009109228,1391.3100982699439,1160.7940368237162,61.30502813803838,1159.1740548556515,1.0,1.0,27.0,2299.3520662551005,109.91066829101062,53.69921174539452,0.03430030005984008,150000.0,5000.0,,0.0
1,66,8,known,3,100.0,300.0,150.0,2272.7332147767124,122.64153044967314,2269.421803138027,1198.176067162985,82.3996403168468,1195.3393606829034,1.0,1.0,90.0,2126.087076117318,118.56534825709006,103.29195948024922,0.07732979999855161,150000.0,5000.0,,0.0
1,67,8,known,3,100.0,300.0,150.0,515.5324197776006,90.01180001161039,507.61358502350777,452.4580878878885,62.661135906684045,448.0980956688483,1.0,1.0,90.0,2520.3671342566486,100.10859211718083,75.89895112280719,0.10759069991763681,150000.0,5000.0,,0.0
1,68,8,known,3,100.0,300.0,150.0,769.1806104030474,61.270054708706716,766.7364552543439,744.9220963160786,54.82201070852209,742.9020640177383,1.0,1.0,30.0,2651.3424569244103,94.94511182267875,78.88231342178156,0.030513299978338182,150000.0,5000.0,,0.0
1,69,8,known,3,100.0,300.0,150.0,436.9708922236508,74.99194876875532,430.4878259261205,295.99175764240294,42.7819622353938,292.8836361074622,1.0,1.0,54.0,2664.340386839945,94.7963248843012,61.552824560341136,0.04803019994869828,150000.0,5000.0,,0.0
1,70,8,known,3,100.0,300.0,150.0,746.4685393301208,77.51423415736197,742.4330432521452,306.8222519062925,43.4911315822072,303.724242922009,1.0,1.0,43.0,2941.1280280588967,85.95436931123736,91.92009795028731,0.025109799928031862,150000.0,5000.0,,0.0
1,71,8,known,3,100.0,300.0,150.0,2370.0623059000213,126.29190343321865,2366.6950984390323,1785.3080976017147,70.38139021407386,1783.9202513772268,1.0,1.0,42.0,3166.5004629919117,79.67710777474117,101.97256030503367,0.02810160000808537,150000.0,5000.0,,0.0
1,72,8,known,3,100.0,300.0,150.0,1231.8363637012242,94.81395865447172,1228.1820468403384,1053.431064766176,66.7294531446776,1051.3154561298009,1.0,1.0,41.0,2957.7377237809255,85.29246070554161,78.29299812370684,0.026435200008563697,150000.0,5000.0,,0.0
1,73,8,known,3,100.0,300.0,150.0,2347.4229631091516,104.01789075838836,2345.1172350512297,862.1345150344993,71.55999776206913,859.1595246134817,1.0,1.0,40.0,3968.536433632375,63.38855048338848,43.95913571997504,0.032521599903702736,150000.0,5000.0,,0.0
1,74,8,known,3,100.0,300.0,150.0,1036.0850035075973,94.49633453362483,1031.766726180413,900.0625906990365,84.56043772450974,896.0815808550583,1.0,1.0,30.0,2977.010823557406,84.86432544331076,57.297130519501195,0.023673500050790608,150000.0,5000.0,,0.0
1,75,8,known,3,100.0,300.0,150.0,4061.3383955399777,225.71738885809089,4055.0611861542025,1730.0713376045076,81.66233858498896,1728.1429615797072,1.0,1.0,52.0,1639.2626005054672,154.3932695226668,55.653187096775156,0.03562679991591722,150000.0,5000.0,,0.0
1,76,8,known,3,100.0,300.0,150.0,1690.7133481032229,59.15978279710273,1689.6780005533035,688.0022445612007,51.85937928729509,686.0449644893449,1.0,1.0,26.0,3571.1744742105657,70.51353990973163,46.834306275257674,0.020073599996976554,150000.0,5000.0,,0.0
1,77,8,known,3,100.0,300.0,150.0,1621.922041426188,80.98490073551265,1619.8989333649652,894.6935352441152,49.48059289935808,893.32423729234,1.0,1.0,21.0,3448.1617897113642,72.97549443952043,74.63180088317924,0.01586489996407181,150000.0,5000.0,,0.0
1,78,8,known,3,100.0,300.0,150.0,609.2848820128701,54.28802486471416,606.8614980419545,594.6286958889809,51.00573206989224,592.4370863396758,1.0,1.0,49.0,2680.7308625890073,94.02411561112685,79.41312817950286,0.0446290000109002,150000.0,5000.0,,0.0
1,79,8,known,3,100.0,300.0,150.0,1013.5988813433218,48.61387398695891,1012.4324093569967,820.283853958937,38.42325235109182,819.3834601360288,1.0,1.0,34.0,2716.0906628272323,93.16538103446831,54.54951721317326,0.019424499943852425,150000.0,5000.0,,0.0
1,80,8,known,3,100.0,300.0,150.0,2867.168450182905,114.34586772682663,2864.887422615074,1655.7249593420245,61.20971531842445,1654.5931559567102,1.0,1.0,29.0,3823.261794758772,66.00294518838696,61.307834031089456,0.018544899998232722,150000.0,5000.0,,0.0
1,81,8,known,3,100.0,300.0,150.0,1581.8607844008268,106.60852498115348,1578.264288269408,1267.588872275365,67.63213514334038,1265.7833319380866,1.0,1.0,15.0,3260.0301796537765,77.5440676842471,82.4331966632883,0.01053259999025613,150000.0,5000.0,,0.0
1,82,8,known,3,100.0,300.0,150.0,1523.768599480784,82.27302676978022,1521.5458894919234,672.2845443603046,42.23414695999857,670.9566196232835,1.0,1.0,79.0,1938.4098757167187,129.90015817942924,54.6620221773005,0.08833589998539537,150000.0,5000.0,,0.0
1,83,8,known,3,100.0,300.0,150.0,1835.6959162832086,61.41810272695749,1834.668175370214,893.3871210961114,41.26397102117574,892.4336573863413,1.0,1.0,33.0,1732.6929471052626,145.05305843482896,70.500470414359,0.050424400018528104,150000.0,5000.0,,0.0
1,84,8,known,3,100.0,300.0,150.0,3114.8473574888576,164.47502380193916,3110.5018931035343,1240.710165940232,53.86237918896301,1239.5404632264097,1.0,1.0,31.0,1311.511289573851,191.95588089749523,53.63825878002419,0.045309699955396354,150000.0,5000.0,,0.0
1,85,8,known,3,100.0,300.0,150.0,1257.0807210917992,86.93760211603816,1254.0708882192391,1015.43992212778,49.68420634753303,1014.2237007142398,1.0,1.0,20.0,2431.698455794183,103.74803368538865,58.36096011930061,0.014437800040468574,150000.0,5000.0,,0.0
1,86,8,known,3,100.0,300.0,150.0,1330.7234838692052,119.6109656686967,1325.3370165406218,907.4056059241667,64.78702841548368,905.0898157706202,1.0,1.0,29.0,2340.477835600441,108.14386402398956,83.16448781588407,0.023833499988541007,150000.0,5000.0,,0.0
1,87,8,known,3,100.0,300.0,150.0,1580.7291547612367,72.26383222647648,1579.0765020302588,843.8895723892807,38.3412315389926,843.0181257549783,1.0,1.0,29.0,1937.7335286666914,129.65586156728395,77.23288006537588,0.03255229990463704,150000.0,5000.0,,0.0
1,88,8,known,3,100.0,300.0,150.0,765.931951150309,58.58245389438087,763.6883198587184,466.43399281911354,33.20005871517491,465.25092773522744,1.0,1.0,47.0,2930.1305394890396,85.806633091476,60.242274317157744,0.04542590002529323,150000.0,5000.0,,0.0
1,89,8,known,3,100.0,300.0,150.0,952.8147387443818,93.33794826088912,948.2320147426854,819.1123011453698,70.10850411510378,816.1064633602687,1.0,1.0,35.0,2948.1970748722397,85.42052175786618,81.7772032805892,0.024860600009560585,150000.0,5000.0,,0.0
1,90,8,known,3,100.0,300.0,150.0,1164.799051895203,96.40699387866441,1160.8025339510777,1061.9290972294227,62.91249340881639,1060.063878129796,1.0,1.0,44.0,2663.226132298046,94.76456354953483,84.72916648952295,0.034507500007748604,150000.0,5000.0,,0.0
1,91,8,known,3,100.0,300.0,150.0,2041.8132656678476,112.24504770389106,2038.7256954095496,1313.6740391775259,69.2524705538827,1311.8473907170678,1.0,1.0,34.0,3438.719609789718,73.28502236831153,64.81236714908661,0.02440059999935329,150000.0,5000.0,,0.0
1,92,8,known,3,100.0,300.0,150.0,2036.0284359759603,53.12565572053069,2035.3352197628228,739.5654557807767,53.372311871753524,737.6370785892559,1.0,1.0,35.0,3766.173952637992,67.16068200325539,100.34022754213656,0.019610200077295303,150000.0,5000.0,,0.0
1,93,8,known,3,100.0,300.0,150.0,2438.6202086795643,161.08001570901234,2433.2944233527405,1948.136725129788,78.21157083191585,1946.5661175483917,1.0,1.0,38.0,3542.798845353777,71.350575324548,72.6836315451929,0.025359600083902478,150000.0,5000.0,,0.0
1,94,8,known,3,100.0,300.0,150.0,6783.853264804421,445.0920008474827,6769.23616290488,1897.5311658061823,61.5479375207295,1896.5327248936976,1.0,1.0,39.0,1890.8454482512684,133.6346154699668,80.12701737812763,0.030352500034496188,150000.0,5000.0,,0.0
1,95,8,known,3,100.0,300.0,150.0,2322.9239083728667,140.06911769552173,2318.697075160589,1521.1639334763113,104.58441713265128,1517.5644342834828,1.0,1.0,30.0,1910.9394813599051,131.8314220930574,62.8977019399495,0.020434800069779158,150000.0,5000.0,,0.0
1,96,8,known,3,100.0,300.0,150.0,1500.7274196012497,50.292866841388246,1499.8844673800377,947.8190270714217,43.081959820582405,946.8394018082655,1.0,1.0,31.0,2144.2760436480557,117.45664543203146,73.65348781141596,0.021738599985837936,150000.0,5000.0,,0.0
1,97,8,known,3,100.0,300.0,150.0,1510.945925722641,79.69194294362615,1508.8428628216122,1048.1275046498338,57.857593793287364,1046.5293903392958,1.0,1.0,28.0,3272.147524203448,77.33916729716837,63.709619614801895,0.03611310000997037,150000.0,5000.0,,0.0
1,98,8,known,3,100.0,300.0,150.0,2644.48239526836,99.18948224968425,2642.621536560868,1249.3972993614075,43.216983609120625,1248.649632194439,1.0,1.0,26.0,1737.815421949209,145.55417697081637,66.5082889814253,0.016701400047168136,150000.0,5000.0,,0.0
1,99,8,known,3,100.0,300.0,150.0,1173.5506286514963,80.24441788617732,1170.8039594255013,980.8359794823534,51.62653003138329,979.4763499156201,1.0,1.0,19.0,2966.5515559519695,84.98335866132672,48.71268601930461,0.017840799991972744,150000.0,5000.0,,0.0
2,0,8,known,3,100.0,300.0,150.0,1332.6143916035905,50.22532027412606,1331.6675763539372,653.0889594485145,45.79950808324894,651.4810772485075,1.0,1.0,30.0,2859.856602699454,88.49474734012996,67.84764170807715,0.017289099982008338,150000.0,6000.0,,0.0
2,1,8,known,3,100.0,300.0,150.0,2457.090569066547,103.70102779139457,2454.9012528879393,1416.8470256101477,66.87343146789681,1415.267973969605,1.0,1.0,21.0,2372.351987282017,106.49930356803645,75.77401057274298,0.01565920002758503,150000.0,6000.0,,0.0
2,2,8,known,3,100.0,300.0,150.0,716.2921394190171,64.96679699430126,713.3398518811169,694.7810223095464,42.13772118667541,693.5020413918711,1.0,1.0,26.0,3392.323652518029,74.35190987408757,89.47529158065637,0.01627710007596761,150000.0,6000.0,,0.0
2,3,8,known,3,100.0,300.0,150.0,1377.8984043590526,75.6711007775995,1375.818991452847,1307.9925829550339,57.928651463205135,1306.7091751438177,1.0,1.0,22.0,3341.39466356449,75.38549127931883,75.71763228780132,0.021340299979783595,150000.0,6000.0,,0.0
2,4,8,known,3,100.0,300.0,150.0,3262.8316292643567,204.6919285231258,3256.404682364491,1241.8166969594536,82.89349716643163,1239.0469631837227,1.0,1.0,37.0,2126.8597282913884,118.589063175386,58.1346661012898,0.030619300086982548,150000.0,6000.0,,0.0
2,5,8,known,3,100.0,300.0,150.0,1371.4055822565563,148.07030225689178,1363.3885934076156,632.2062768993915,81.53336342635038,626.9267000211242,1.0,1.0,31.0,4086.451691335617,61.94797088182955,65.10490515944865,0.022222099942155182,150000.0,6000.0,,0.0
2,6,8,known,3,100.0,300.0,150.0,683.972353568464,38.53039015756475,682.8862200105444,386.22408945356204,42.495108778230765,383.87916458719064,1.0,1.0,50.0,3079.8170870467056,81.90650644275505,94.03567763856248,0.04133709997404367,150000.0,6000.0,,0.0
2,7,8,known,3,100.0,300.0,150.0,1436.5915164700452,48.17503317721142,1435.7835322123174,650.9958377423055,44.51206019266587,649.472291368316,1.0,1.0,34.0,2713.0766266484416,93.01457652153299,73.30085497549511,0.02019900002051145,150000.0,6000.0,,0.0
2,8,8,known,3,100.0,300.0,150.0,1053.9569467107456,114.93661182147696,1047.671141524303,1003.0633730401681,68.70734637831475,1000.7074651906869,1.0,1.0,30.0,3360.3585537000663,75.0512104288884,63.597030194065425,0.021332499920390546,150000.0,6000.0,,0.0
2,9,8,known,3,100.0,300.0,150.0,1067.4057171289694,80.41553669317716,1064.3722593237562,1022.0493415077792,64.8482891971687,1019.9899783158095,1.0,1.0,19.0,3419.353936368859,73.77531666018025,77.32822695049202,0.015859800041653216,150000.0,6000.0,,0.0
2,10,8,known,3,100.0,300.0,150.0,2568.609336083376,111.85198096027827,2566.1728421464413,1251.6274313734955,59.35056062125374,1250.2194759003546,1.0,1.0,23.0,2476.826738841158,101.8601224561579,69.62713744650624,0.03143370000179857,150000.0,6000.0,,0.0
2,11,8,known,3,100.0,300.0,150.0,644.0810994755792,89.21430009513547,637.8724569694213,462.0443086747196,50.23954617358345,459.30483470019334,1.0,1.0,34.0,3112.397621652757,81.58309947238195,40.61787781547265,0.04191030003130436,150000.0,6000.0,,0.0
2,12,8,known,3,100.0,300.0,150.0,1200.7931581671614,40.06967506888168,1200.1244226499766,1140.2168063523336,35.46553567566239,1139.6651092612926,1.0,1.0,32.0,3329.3514747712884,75.82873925601903,84.5501670448784,0.04065680003259331,150000.0,6000.0,,0.0
2,13,8,known,3,100.0,300.0,150.0,1170.6248861678926,65.07473131560535,1168.8147430024117,1105.7919652893693,46.86740305684107,1104.7983150915977,1.0,1.0,35.0,3464.193090707721,73.07224861518259,67.15861743359784,0.03710560000035912,150000.0,6000.0,,0.0
2,14,8,known,3,100.0,300.0,150.0,1310.2971645439231,63.87806178179646,1308.7391843430248,853.2567865801088,34.673032554762514,852.5520070109915,1.0,1.0,22.0,2920.3777794546127,86.39655066597724,49.561161027701544,0.012597699998877943,150000.0,6000.0,,0.0
2,15,8,known,3,100.0,300.0,150.0,1160.9767213684822,95.27386888032424,1157.0608616093127,625.4493771512404,62.8376640287742,622.2847831646548,1.0,1.0,30.0,2785.9062317666617,90.33192174316932,61.347588517428896,0.029924800037406385,150000.0,6000.0,,0.0
2,16,8,known,3,100.0,300.0,150.0,2054.6567114389986,91.41305223332736,2052.622190210051,1509.3536497861405,59.21203815023347,1508.1917565949095,1.0,1.0,60.0,4104.744409370115,61.38456184374701,96.4117965767493,0.06776209990493953,150000.0,6000.0,,0.0
2,17,8,known,3,100.0,300.0,150.0,356.6142964141905,70.0224423995948,349.6721521187862,270.5069477719138,47.5925220646091,266.2873647704799,1.0,1.0,30.0,3459.197860340977,73.15209099254471,69.79351919599105,0.02662280004005879,150000.0,6000.0,,0.0
2,18,8,known,3,100.0,300.0,150.0,1223.2806166233893,99.09745345083331,1219.2600878098403,1086.0368046027706,88.73998655994338,1082.405264093416,1.0,1.0,25.0,3760.3867442945825,67.12150278115794,62.999889377614245,0.028922100085765123,150000.0,6000.0,,0.0
2,19,8,known,3,100.0,300.0,150.0,1520.989482064109,78.58927111013892,1518.9577778911512,926.168484622639,52.36401959640772,924.6870126480109,1.0,1.0,26.0,4120.366869429842,61.39742737993785,79.77956963353493,0.02266100002452731,150000.0,6000.0,,0.0
2,20,8,known,3,100.0,300.0,150.0,952.6687498305391,100.79395454055611,947.3216590112138,889.531046499273,75.45929340005856,886.3246457848588,1.0,1.0,29.0,3364.033513979746,75.17279637632274,82.11326907572517,0.01922649994958192,150000.0,6000.0,,0.0
2,21,8,known,3,100.0,300.0,150.0,1213.0561544553764,79.7035351557295,1210.434872409807,1069.8914989732602,60.33565177282711,1068.1888544168573,1.0,1.0,19.0,3475.844852523441,72.56541504989748,60.262875598456276,0.06280019995756447,150000.0,6000.0,,0.0
2,22,8,known,3,100.0,300.0,150.0,3178.794120209751,170.08920280062705,3174.2403377455103,1253.9911762175198,75.88447316129042,1251.6930201788425,1.0,1.0,37.0,2094.3764860698225,120.38104554601472,77.15454935836802,0.05655890004709363,150000.0,6000.0,,0.0
2,23,8,known,3,100.0,300.0,150.0,1315.2248805721536,51.95676937975903,1314.1982272821913,1144.001577909252,40.56299072045935,1143.2822285169443,1.0,1.0,22.0,3764.2199280639215,67.08350297640601,71.74767463823322,0.01917640003375709,150000.0,6000.0,,0.0
2,24,8,known,3,100.0,300.0,150.0,2272.4269805935587,134.3609034961832,2268.4513505343784,1081.3859978163925,65.80792000086473,1079.3817646868577,1.0,1.0,47.0,2565.168660092729,98.16637666817664,70.16404165792468,0.05909270001575351,150000.0,6000.0,,0.0
2,25,8,known,3,100.0,300.0,150.0,1945.6509462426181,96.40057381825092,1943.2613138696267,1302.226534433496,71.72714101926057,1300.2496545755653,1.0,1.0,37.0,3831.990578375588,65.952887655665,80.49556570160405,0.03630079992581159,150000.0,6000.0,,0.0
2,26,8,known,3,100.0,300.0,150.0,523.6747343562591,58.26214778666577,520.4236250770936,490.69245300015143,54.975009685768065,487.60314984765586,1.0,1.0,41.0,3351.999859344148,75.2863243976523,83.95986645615596,0.035347500001080334,150000.0,6000.0,,0.0
2,27,8,known,3,100.0,300.0,150.0,530.9279937117054,64.09459230796087,527.0449864514537,388.6708779041599,59.69544971564075,384.0592462290653,1.0,1.0,35.0,3352.0055665974724,75.32817322580733,56.64490877006769,0.03619809995871037,150000.0,6000.0,,0.0
2,28,8,known,3,100.0,300.0,150.0,1818.9074810284244,129.973953121779,1814.2577534769048,1339.0218061077762,74.85000367485057,1336.9281484739581,1.0,1.0,30.0,3784.479918468082,66.53270795203771,63.408139834467484,0.030524800065904856,150000.0,6000.0,,0.0
2,29,8,known,3,100.0,300.0,150.0,1131.0322019463429,71.77409415520857,1128.7525509374464,462.6107127941115,52.33707724503145,459.6406225926115,1.0,1.0,56.0,2835.699334940863,88.92590470757008,85.59224716707776,0.06431620009243488,150000.0,6000.0,,0.0
2,30,8,known,3,100.0,300.0,150.0,707.7460854104678,52.7020274690077,705.7811400954952,683.9372644166865,49.058525922703275,682.1755219091872,1.0,1.0,37.0,3324.710707820361,76.09527441111288,84.96711904772143,0.02952840004581958,150000.0,6000.0,,0.0
2,31,8,known,3,100.0,300.0,150.0,1634.713404757363,174.3243051602307,1625.3919380641128,556.4213037986423,76.46225424235777,551.1426230996456,1.0,1.0,37.0,4238.950226431784,59.36250556146566,82.61882022530992,0.04671779996715486,150000.0,6000.0,,0.0
2,32,8,known,3,100.0,300.0,150.0,984.5927994374655,64.66509253800356,982.4670002148453,411.76185787105993,43.37204614278036,409.4712361214344,1.0,1.0,38.0,2776.8923632263195,90.60766727177307,71.23948811238388,0.043231300078332424,150000.0,6000.0,,0.0
2,33,8,known,3,100.0,300.0,150.0,1748.241610267259,123.34047616468827,1743.8852757017378,1447.2280663162903,95.60844145745861,1444.0665157310673,1.0,1.0,20.0,2979.371912505515,84.62045731426245,55.62749294377847,0.02654160000383854,150000.0,6000.0,,0.0
2,34,8,known,3,100.0,300.0,150.0,1485.1717503204086,78.06551087308308,1483.118641229322,1262.3413289091109,55.66792336460194,1261.113283167017,1.0,1.0,28.0,3004.8130509655757,84.39886927633486,74.94714391175854,0.029789700056426227,150000.0,6000.0,,0.0
2,35,8,known,3,100.0,300.0,150.0,2094.8133741440415,74.75675939253003,2093.4790420297672,800.4717557903268,66.49340658889506,797.7052455000232,1.0,1.0,31.0,2325.5559482775448,108.88352908707502,75.06597846747883,0.030840500025078654,150000.0,6000.0,,0.0
2,36,8,known,3,100.0,300.0,150.0,889.527867806492,77.3204802960159,886.1610299100031,650.3617689973189,60.573111177933896,647.5348089296417,1.0,1.0,29.0,3659.7819099478843,68.65178518496795,82.46602236906057,0.0393930000718683,150000.0,6000.0,,0.0
2,37,8,known,3,100.0,300.0,150.0,1915.338312405613,98.11976701917754,1912.823400706109,1232.1441224923929,55.16266456447581,1230.9086964639969,1.0,1.0,38.0,2879.2756696103943,87.60133907310875,75.75335849753715,0.0441809999756515,150000.0,6000.0,,0.0
2,38,8,known,3,100.0,300.0,150.0,3585.716591176666,118.03478487782971,3583.773327346256,1520.9970048630025,71.19702443271143,1519.329744497274,1.0,1.0,25.0,1956.8302706809943,128.35518099984154,63.94423275018892,0.033252199995331466,150000.0,6000.0,,0.0
2,39,8,known,3,100.0,300.0,150.0,1394.0354739850188,55.026038266892144,1392.9490435192836,1130.0482364169088,45.1887326712151,1129.1443641397389,1.0,1.0,35.0,3462.1216070474957,73.00786743307637,84.09389853188583,0.032735200016759336,150000.0,6000.0,,0.0
2,40,8,known,3,100.0,300.0,150.0,1379.234204019332,85.19600775419416,1376.6003885658276,866.3232577400528,57.10021017720981,864.4394443216114,1.0,1.0,27.0,4014.3901185861855,62.5427944698846,63.13658283750858,0.019211700069718063,150000.0,6000.0,,0.0
2,41,8,known,3,100.0,300.0,150.0,902.0624553568782,85.02026323991863,898.046896438652,663.9031170231091,49.23787518543653,662.0747544199396,1.0,1.0,36.0,3676.8646570653127,68.5010993974281,66.9638556651005,0.03974959999322891,150000.0,6000.0,,0.0
2,42,8,known,3,100.0,300.0,150.0,608.4116588572298,55.137617477963616,605.9080703970363,461.67834617367964,47.97834884635565,459.17858548460356,1.0,1.0,30.0,3589.6645749236345,70.40891273171829,73.94911339543707,0.03758719994220883,150000.0,6000.0,,0.0
2,43,8,known,3,100.0,300.0,150.0,1013.8464505327718,76.87696071414766,1010.927573157076,695.3889394293489,54.3406723571421,693.2624816102832,1.0,1.0,24.0,3144.189187369594,80.43174451316376,68.52094555822913,0.03369509999174625,150000.0,6000.0,,0.0
2,44,8,known,3,100.0,300.0,150.0,912.3894802378211,75.07425612355816,909.2955623537023,673.6747698494478,62.93835214553688,670.7283051734963,1.0,1.0,35.0,3137.412343118744,80.59588592199628,87.79519311145314,0.029299400048330426,150000.0,6000.0,,0.0
2,45,8,known,3,100.0,300.0,150.0,2435.786537039294,95.78720364249007,2433.902394435781,1525.3921095437763,65.626089386118,1523.97975847788,1.0,1.0,26.0,4164.29965823704,60.626200423456766,79.66480199126595,0.033728200010955334,150000.0,6000.0,,0.0
2,46,8,known,3,100.0,300.0,150.0,981.8741661092918,51.117601260011085,980.5426400285913,657.9046133972706,51.32731466060411,655.8993726930553,1.0,1.0,29.0,3042.578725629434,82.85176117201799,73.86817934302721,0.020562099991366267,150000.0,6000.0,,0.0
2,47,8,known,3,100.0,300.0,150.0,2315.759411887323,158.78261064283657,2310.3094460054836,1226.7002807082451,72.99464249198432,1224.5265864231592,1.0,1.0,33.0,4579.109498613263,55.02066958339021,75.88633561325965,0.02430409996304661,150000.0,6000.0,,0.0
2,48,8,known,3,100.0,300.0,150.0,2062.983217552783,155.50140152813054,2057.1142578931344,1212.2263805490247,74.41288234987698,1209.9402963119182,1.0,1.0,24.0,4317.68730956512,58.533353703155136,70.03090359863343,0.02319460001308471,150000.0,6000.0,,0.0
2,49,8,known,3,100.0,300.0,150.0,1495.9269460365726,71.4938158587358,1494.2175417830779,1023.3334833953804,61.587721235606374,1021.478521962713,1.0,1.0,37.0,3839.757372223082,65.64847514673255,80.1422692045311,0.0341070001013577,150000.0,6000.0,,0.0
2,50,8,known,3,100.0,300.0,150.0,2350.673399510662,96.11517404858752,2348.7075817318387,1203.8337017986257,77.60747064430586,1201.329539338135,1.0,1.0,39.0,4574.129802939622,55.018733913170806,57.344072474164236,0.045343599980697036,150000.0,6000.0,,0.0
2,51,8,known,3,100.0,300.0,150.0,1491.5874846706233,124.47867832493353,1486.384298581129,1123.9827570162088,64.1451978189272,1122.1508952304625,1.0,1.0,44.0,3915.3557905755206,64.50524996718583,80.50184994836,0.08429919998161495,150000.0,6000.0,,0.0
2,52,8,known,3,100.0,300.0,150.0,882.5080718343736,62.99073383831976,880.2571580528806,781.6403401782376,56.917413070098796,779.5652823743236,1.0,1.0,27.0,3553.9270557124405,71.17855350364415,64.29194369789185,0.02638449997175485,150000.0,6000.0,,0.0
2,53,8,known,3,100.0,300.0,150.0,1298.7397824983866,81.85014658392868,1296.158005857367,862.5955186495801,47.43119659280119,861.290491288574,1.0,1.0,36.0,3935.14262458534,64.39752324744073,94.20879960795891,0.02493850002065301,150000.0,6000.0,,0.0
2,54,8,known,3,100.0,300.0,150.0,1262.31404808048,49.901490744254616,1261.327315649205,917.6180192114025,57.877857910199765,915.7909055811728,1.0,1.0,38.0,2973.5890757696015,84.90055797109362,103.14901101148445,0.033566800062544644,150000.0,6000.0,,0.0
2,55,8,known,3,100.0,300.0,150.0,625.3160508519063,92.61802986109917,618.4190035871087,488.28374310279736,75.76440359032989,482.36995027372944,1.0,1.0,36.0,3131.7270060564865,80.47212757301932,95.53857448544342,0.03258070000447333,150000.0,6000.0,,0.0
2,56,8,known,3,100.0,300.0,150.0,1416.4886062151154,35.34424200439753,1416.047582567187,1002.4252182028866,36.94043666202038,1001.7443397535741,1.0,1.0,30.0,3996.542201393561,62.92205972322882,80.35750668581277,0.02566869999282062,150000.0,6000.0,,0.0
2,57,8,known,3,100.0,300.0,150.0,1233.951916116149,38.942793909246475,1233.3372572371507,673.3340016538028,40.691323495930895,672.1033357864494,1.0,1.0,35.0,2845.8904010882693,88.28861539505783,73.1848754555539,0.02929580002091825,150000.0,6000.0,,0.0
2,58,8,known,3,100.0,300.0,150.0,2586.368376538495,149.83968080658727,2582.024292917119,1939.5885281456035,89.95809774539671,1937.5012772032069,1.0,1.0,47.0,3148.826667974128,80.13595743417974,73.76711783593612,0.03464860003441572,150000.0,6000.0,,0.0
2,59,8,known,3,100.0,300.0,150.0,1342.255518087628,75.07266797218854,1340.1544576503948,922.3630449222024,45.46631152680239,921.2417712817328,1.0,1.0,34.0,3981.879262576077,63.38750125475191,70.88791326050709,0.03278030001092702,150000.0,6000.0,,0.0
2,60,8,known,3,100.0,300.0,150.0,864.2665162261052,66.07459853551599,861.7370587934458,756.2039182372712,50.34396106274278,754.5262431101484,1.0,1.0,34.0,3503.2967438425467,72.10580401833653,71.81527876660894,0.02769389993045479,150000.0,6000.0,,0.0
2,61,8,known,3,100.0,300.0,150.0,930.5044097833588,79.10187076138698,927.1361014804277,857.826311343384,64.62345725738254,855.3886772719754,1.0,1.0,28.0,3237.9428053624265,77.95995742976632,89.09847377327732,0.018877999973483384,150000.0,6000.0,,0.0
2,62,8,known,3,100.0,300.0,150.0,1408.1418396269864,78.02682149516396,1405.9783979974354,868.6373322732758,71.48453022632273,865.6909246129101,1.0,1.0,31.0,3010.1031751703345,83.05078409741266,81.28779935411596,0.020301899989135563,150000.0,6000.0,,0.0
2,63,8,known,3,100.0,300.0,150.0,1608.5259344378917,95.74319424971755,1605.6739776536685,1306.9639411680714,74.91419322626759,1304.8151620696456,1.0,1.0,35.0,3818.8300595528817,66.18044061358654,80.15154192456296,0.03724770003464073,150000.0,6000.0,,0.0
2,64,8,known,3,100.0,300.0,150.0,661.2270622904371,55.92669893112022,658.8576722266421,463.3050872566831,36.73264858746369,461.84663732203643,1.0,1.0,58.0,3093.428951803248,81.53779913910576,82.23226186148179,0.04210870002862066,150000.0,6000.0,,0.0
2,65,8,known,3,100.0,300.0,150.0,1653.164953916982,56.479058566387685,1652.1998912972947,1121.000864053468,53.39300119282684,1119.728594183539,1.0,1.0,36.0,2774.9505207558,90.70258050054629,81.2408424624774,0.03765820001717657,150000.0,6000.0,,0.0
2,66,8,known,3,100.0,300.0,150.0,1087.0995782188843,154.8182248721382,1076.0189636856387,886.4834060584134,76.42327242952824,883.1830572696059,1.0,1.0,30.0,3025.2438655484607,83.31098206025133,71.4507539637919,0.029105300083756447,150000.0,6000.0,,0.0
2,67,8,known,3,100.0,300.0,150.0,1594.055867189648,40.93411033419841,1593.5302025166918,977.0436288037843,52.21570784689393,975.64736069961,1.0,1.0,24.0,2799.6849464056913,90.22008250332672,69.08533158600383,0.020258400007151067,150000.0,6000.0,,0.0
2,68,8,known,3,100.0,300.0,150.0,610.3407072820677,73.78039031790404,605.8648636206859,487.19447461068637,73.57200377908717,481.60732589020347,1.0,1.0,34.0,3306.683589715061,76.65705858079133,101.80544485233656,0.02355429995805025,150000.0,6000.0,,0.0
2,69,8,known,3,100.0,300.0,150.0,882.0628992514235,58.0158943288219,880.1528925368897,769.5178639163347,51.766496438234086,767.77468878107,1.0,1.0,31.0,3197.122467532449,78.70938985388509,67.18015477292249,0.017470399965532124,150000.0,6000.0,,0.0
2,70,8,known,3,100.0,300.0,150.0,1216.6963447833318,96.88089262545425,1212.8330833437944,652.9604328557084,54.73985512572226,650.661874659895,1.0,1.0,30.0,2925.6602071480274,86.32046610550792,64.92044597597295,0.02481079997960478,150000.0,6000.0,,0.0
2,71,8,known,3,100.0,300.0,150.0,817.8127803687066,62.995022778130156,815.382959620556,524.3599905910462,60.31195438599321,520.8798977603033,1.0,1.0,75.0,3097.83440239322,81.51240213770204,82.28044566288209,0.0699775000102818,150000.0,6000.0,,0.0
2,72,8,known,3,100.0,300.0,150.0,1098.5947239615064,52.696464635053815,1097.3301463693708,652.7937601839296,52.75523703957716,650.6585727553061,1.0,1.0,32.0,2893.544869944926,87.16029594661869,66.64842225405643,0.025770300067961216,150000.0,6000.0,,0.0
2,73,8,known,3,100.0,300.0,150.0,2669.282767888891,151.44905994423758,2664.9828662095724,1990.505838480884,94.78667238078867,1988.2477158959503,1.0,1.0,35.0,3982.138885909807,63.434775690906804,58.70375248519575,0.021370299975387752,150000.0,6000.0,,0.0
2,74,8,known,3,100.0,300.0,150.0,695.0174926098665,59.195548927753784,692.4920230738024,621.0947460463947,43.25323359663699,619.5868311624048,1.0,1.0,35.0,3503.5636515079846,72.11484233077289,73.59998288920569,0.03380550001747906,150000.0,6000.0,,0.0
2,75,8,known,3,100.0,300.0,150.0,1702.334967370017,47.68136844891014,1701.6670732647783,798.198776949733,58.8560592014803,796.0259115250718,1.0,1.0,36.0,2549.6621706241576,99.6906651225528,74.75135255251014,0.029492400004528463,150000.0,6000.0,,0.0
2,76,8,known,3,100.0,300.0,150.0,1138.1674255941305,55.39775615038943,1136.8184451780646,525.4606682399483,51.032523928497646,522.9766680920482,1.0,1.0,48.0,2738.597953304239,92.15799894943905,73.78329472203836,0.04571299999952316,150000.0,6000.0,,0.0
2,77,8,known,3,100.0,300.0,150.0,2383.3432225701176,201.47726223968024,2374.8119566338964,1352.07700856541,82.77101208524586,1349.5411059503047,1.0,1.0,18.0,4564.2047893680865,55.13465427246688,44.39393478891592,0.012400700012221932,150000.0,6000.0,,0.0
2,78,8,known,3,100.0,300.0,150.0,1086.230670041491,56.705156104095195,1084.7495534961038,934.6372300217279,50.255597946421176,933.2851261097736,1.0,1.0,26.0,3048.2356092155856,83.29840100964299,50.51803719915908,0.02681830001529306,150000.0,6000.0,,0.0
2,79,8,known,3,100.0,300.0,150.0,2331.0727342374253,131.01810683898006,2327.387880862465,1310.467669070152,80.75252896249357,1307.9772707292427,1.0,1.0,25.0,2350.1581279782627,107.36488341130959,46.7686813119763,0.014620100031606853,150000.0,6000.0,,0.0
2,80,8,known,3,100.0,300.0,150.0,1301.5961879640406,114.12896108473132,1296.582900073976,833.8867196442513,76.5274608457996,830.3677552359223,1.0,1.0,39.0,2975.0841783350265,84.612360402078,61.559280544585306,0.023743400000967085,150000.0,6000.0,,0.0
2,81,8,known,3,100.0,300.0,150.0,1072.389324035804,68.75390351493053,1070.183051191444,844.2551484013399,56.826557394704665,842.3404881500323,1.0,1.0,33.0,3015.738743622461,83.69059419136461,77.86371013889703,0.02160769992042333,150000.0,6000.0,,0.0
2,82,8,known,3,100.0,300.0,150.0,1540.3608326325646,89.37339353647816,1537.765876600291,1193.0926888199283,73.20474103748359,1190.8447547876262,1.0,1.0,22.0,3848.2882046628943,65.4719149494922,77.31944925224295,0.016387199983000755,150000.0,6000.0,,0.0
2,83,8,known,3,100.0,300.0,150.0,1871.649766168125,97.92261839783386,1869.0864099883956,801.6192922375179,74.96302393419117,798.1065309405889,1.0,1.0,42.0,4370.924966919934,57.55048183398669,73.77775030088799,0.02822770003695041,150000.0,6000.0,,0.0
2,84,8,known,3,100.0,300.0,150.0,582.6738979963552,70.05842449503969,578.4467897426174,563.9889248199823,68.92574044059606,559.761332734153,1.0,1.0,32.0,3442.1454821557154,73.27694542513643,64.27778480089889,0.027836699970066547,150000.0,6000.0,,0.0
2,85,8,known,3,100.0,300.0,150.0,649.3648319610837,68.9250804800625,645.6965372902843,578.2987192632689,51.78699822489739,575.9752733550214,1.0,1.0,26.0,3188.5145950674146,78.89303691109662,95.12176330720074,0.018751899944618344,150000.0,6000.0,,0.0
2,86,8,known,3,100.0,300.0,150.0,2291.4756654966886,61.606986025712665,2290.6473549711486,1155.1981599262556,52.65292885971634,1153.9975986887928,1.0,1.0,28.0,2271.571341906457,111.26834853668613,70.5416357120307,0.01619100000243634,150000.0,6000.0,,0.0
2,87,8,known,3,100.0,300.0,150.0,1515.7563861847977,176.89396672898147,1505.3989327732643,753.4626526259814,75.55297980050523,749.6650693112522,1.0,1.0,28.0,2833.3956362060176,88.91620890918826,81.62708603224345,0.02444479998666793,150000.0,6000.0,,0.0
2,88,8,known,3,100.0,300.0,150.0,1540.468712844342,82.29051440040055,1538.2691983173886,935.8863059704214,54.647040978349914,934.2895047121484,1.0,1.0,35.0,2875.656314987,88.17048129029833,79.62620849738727,0.04914240003563464,150000.0,6000.0,,0.0
2,89,8,known,3,100.0,300.0,150.0,2687.921679884731,178.1760526035792,2682.0097411219376,1908.1168740937999,105.78986059932912,1905.182015083039,1.0,1.0,61.0,3972.529399967676,63.64165517170248,64.60144062672452,0.059898899984546006,150000.0,6000.0,,0.0
2,90,8,known,3,100.0,300.0,150.0,714.3590809062981,86.53528845376553,709.0983996072157,697.0848267320345,81.3211549160077,692.3251587391268,1.0,1.0,27.0,3453.6367423942543,73.15185673619779,91.69825634313621,0.03578159993048757,150000.0,6000.0,,0.0
2,91,8,known,3,100.0,300.0,150.0,2835.9697632501247,150.2189355077575,2831.988483289416,2167.890937284647,84.52233388767817,2166.2426205379406,1.0,1.0,23.0,3285.602137094316,76.79242418968221,64.40679892246634,0.02561400004196912,150000.0,6000.0,,0.0
2,92,8,known,3,100.0,300.0,150.0,2398.6812057649145,126.70041744814168,2395.3326556259967,1283.5529584083101,75.77319677973372,1281.3144109423358,1.0,1.0,36.0,4532.256858915069,55.63990294374479,107.30782398485849,0.031526200007647276,150000.0,6000.0,,0.0
2,93,8,known,3,100.0,300.0,150.0,1468.0249803435925,83.54620450019041,1465.6457193423032,1205.3193587656688,59.0979637740988,1203.8696720546782,1.0,1.0,25.0,3411.4225515913854,74.16457260898636,64.49350667699177,0.024376500048674643,150000.0,6000.0,,0.0
2,94,8,known,3,100.0,300.0,150.0,3316.3758023222153,189.00289164793247,3310.985709600245,2039.685321820183,93.86012561576051,2037.524598346753,1.0,1.0,70.0,2304.0878729671704,109.5786397933213,114.25791170413677,0.0737295999424532,150000.0,6000.0,,0.0
2,95,8,known,3,100.0,300.0,150.0,1259.5672830588514,76.75355793505885,1257.2265634707876,1144.543532335037,70.28169199863271,1142.3836401050976,1.0,1.0,118.0,3412.89284475302,73.82858600448196,84.50772062896169,0.12454439990688115,150000.0,6000.0,,0.0
2,96,8,known,3,100.0,300.0,150.0,2539.896130666536,155.5145108447419,2535.1306852885436,1247.7994244639633,88.07470582404166,1244.687209658156,1.0,1.0,29.0,4692.20979749513,53.68705782339317,77.57165208640583,0.022848799941129982,150000.0,6000.0,,0.0
2,97,8,known,3,100.0,300.0,150.0,2303.2950496385984,86.4608570749045,2301.6716981106465,1354.3377448702922,50.70073801259671,1353.3884004029762,1.0,1.0,23.0,2458.914492331211,102.7519507817504,96.21813729274531,0.02361369994468987,150000.0,6000.0,,0.0
2,98,8,known,3,100.0,300.0,150.0,1003.0901397617778,54.14169076041224,1001.6279278299436,715.2559509254738,57.772035133892416,712.9189766662073,1.0,1.0,35.0,3079.6302573727917,82.35809554444707,54.97834673593191,0.03656909998971969,150000.0,6000.0,,0.0
2,99,8,known,3,100.0,300.0,150.0,1819.8423577047315,94.19633787033335,1817.4028878672264,1219.5937604681137,60.92763834357643,1218.0709188953774,1.0,1.0,25.0,4202.959056226978,60.1420199716454,94.50332782744248,0.025928700109943748,150000.0,6000.0,,0.0
3,0,8,known,3,100.0,300.0,150.0,1316.9079081776852,46.13780740154398,1316.0994420442191,1095.3378525441753,39.287564806793945,1094.6330428356516,1.0,1.0,29.0,4551.0456162925075,55.63623313450772,77.26090185267081,0.022552000009454787,150000.0,7000.0,,0.0
3,1,8,known,3,100.0,300.0,150.0,726.782566438253,80.15549050499475,722.3489435310869,580.5154828065112,56.33487140410589,577.7755689209778,1.0,1.0,35.0,3831.489587110031,66.01956957329948,85.02951489954455,0.03673020005226135,150000.0,7000.0,,0.0
3,2,8,known,3,100.0,300.0,150.0,920.9048893954016,44.632235593934,919.8226888146673,751.4052636317322,44.39722220811059,750.0924988784227,1.0,1.0,24.0,4014.353247727115,62.71682512971281,80.95333848028785,0.02099740004632622,150000.0,7000.0,,0.0
3,3,8,known,3,100.0,300.0,150.0,1279.7888122811646,100.3717721991983,1275.8467429066966,838.2272797928688,46.037634537323186,836.9620713002233,1.0,1.0,32.0,3752.3751229407067,67.3047148608686,79.31001167428994,0.03532979998271912,150000.0,7000.0,,0.0
3,4,8,known,3,100.0,300.0,150.0,923.0458918229451,89.63644619491653,918.6833110080764,572.0013244853972,56.706908551539414,569.1834868788588,1.0,1.0,28.0,3786.1877346192005,66.87234048490986,93.85971442507692,0.02303190005477518,150000.0,7000.0,,0.0
3,5,8,known,3,100.0,300.0,150.0,886.3840155220738,50.16457879206623,884.9633540478671,671.3125402888319,38.184531639580435,670.2256845962489,1.0,1.0,46.0,4285.443767118944,59.28267281596735,69.7723539110693,0.03898800001479685,150000.0,7000.0,,0.0
3,6,8,known,3,100.0,300.0,150.0,1116.4900064297399,83.48333539251054,1113.3644808279194,730.7472352834847,43.462524537540546,729.4535837428452,1.0,1.0,37.0,3788.8554039135333,66.64748719043746,86.23409864488873,0.034227099968120456,150000.0,7000.0,,0.0
3,7,8,known,3,100.0,300.0,150.0,1258.9614745910649,68.97380334424639,1257.0706459689281,736.864303914818,66.01183993528336,733.9015188512884,1.0,1.0,29.0,3529.141763572781,71.54747182067493,62.31862148092558,0.040617299964651465,150000.0,7000.0,,0.0
3,8,8,known,3,100.0,300.0,150.0,1410.0048244037832,100.09336741404132,1406.447625274991,836.7713507619343,53.020846845183335,835.089865377237,1.0,1.0,46.0,4540.1498514654695,55.80510989815344,55.92782042379035,0.03759149997495115,150000.0,7000.0,,0.0
3,9,8,known,3,100.0,300.0,150.0,309.6178047542135,53.55558556624565,304.95078992433326,174.8464121988566,49.94958337755741,167.55986088327035,1.0,1.0,36.0,3915.64670034152,64.20108786088218,86.60186856462285,0.030685100005939603,150000.0,7000.0,,0.0
3,10,8,known,3,100.0,300.0,150.0,728.930569221439,40.92437415111219,727.7808532421218,457.088595263555,46.146325946089966,454.7532303587158,1.0,1.0,33.0,3686.0670118823514,68.76723332750385,56.94905994665316,0.033476099953986704,150000.0,7000.0,,0.0
3,11,8,known,3,100.0,300.0,150.0,1717.578908602166,63.14281559462014,1716.417866404854,1301.0867313154467,55.08471687297986,1299.9201346129453,1.0,1.0,30.0,3670.9370275448496,68.59294643201014,91.95874786082157,0.020289600011892617,150000.0,7000.0,,0.0
3,12,8,known,3,100.0,300.0,150.0,1025.57770058203,80.06180992632531,1022.4479089530404,1002.287554044762,74.27340049006399,999.5317918769139,1.0,1.0,27.0,4182.3734683243265,60.36229574706537,93.14235635953163,0.027980499900877476,150000.0,7000.0,,0.0
3,13,8,known,3,100.0,300.0,150.0,489.95044691286614,57.55113026111511,486.55863761296587,251.74158609221044,38.006691198599,248.85601779413764,1.0,1.0,30.0,3876.825892862468,65.03975063536112,62.88178480356887,0.01905030000489205,150000.0,7000.0,,0.0
3,14,8,known,3,100.0,300.0,150.0,913.1269899050061,33.470742447304914,912.5133473506037,838.7293117933378,30.277674939835126,838.182629778,1.0,1.0,25.0,3923.125931926735,64.15658354310803,64.13929812053077,0.022949700010940433,150000.0,7000.0,,0.0
3,15,8,known,3,100.0,300.0,150.0,1114.1269097050908,157.4152053515494,1102.950236435509,448.2808690498887,78.14669038456807,441.41684645928717,1.0,1.0,33.0,3531.7553097488953,71.09869696076603,68.38375327212451,0.03134830005001277,150000.0,7000.0,,0.0
3,16,8,known,3,100.0,300.0,150.0,1049.3160851952061,100.25039160216892,1044.5162064961007,817.1702053652623,65.22274237518948,814.5631580262911,1.0,1.0,31.0,4486.804455804458,56.51992329239594,50.13781679510704,0.02398140006698668,150000.0,7000.0,,0.0
3,17,8,known,3,100.0,300.0,150.0,1094.2453653997013,67.03812034073502,1092.1899148590903,895.8838185577788,59.30666955413257,893.9186402017043,1.0,1.0,24.0,4350.993504635347,57.94457092577174,72.18750018644857,0.0258936999598518,150000.0,7000.0,,0.0
3,18,8,known,3,100.0,300.0,150.0,911.3304360504526,46.83755600633892,910.1260390842914,617.7588464553858,45.962236016993074,616.0466420931187,1.0,1.0,37.0,4438.9179558268615,56.55760889794803,82.53680130717515,0.045570399961434305,150000.0,7000.0,,0.0
3,19,8,known,3,100.0,300.0,150.0,1031.1979105616415,52.87283892854454,1029.8415381262942,975.52113037346,46.682322184854655,974.4035286268944,1.0,1.0,34.0,4005.2351222330353,63.07248281314046,64.91695541555521,0.04573569993954152,150000.0,7000.0,,0.0
3,20,8,known,3,100.0,300.0,150.0,885.1851683035993,91.93384643135096,880.3981770000481,656.5849432766353,65.09825989196257,653.3498330118566,1.0,1.0,41.0,4441.603245405518,56.78175532317079,68.41804349571747,0.04352240008302033,150000.0,7000.0,,0.0
3,21,8,known,3,100.0,300.0,150.0,1218.653491586853,89.46664012989612,1215.3649875081544,854.4092417222487,77.40867371461806,850.8954398597584,1.0,1.0,60.0,3660.2023404787415,68.82372804882382,81.36988794387435,0.05763239995576441,150000.0,7000.0,,0.0
3,22,8,known,3,100.0,300.0,150.0,1388.3405323100023,91.31990796044813,1385.3339337737007,1226.4902708835848,85.45302988964102,1223.5097728480835,1.0,1.0,28.0,3791.041235880033,66.81957269401437,66.98713005895306,0.020672200014814734,150000.0,7000.0,,0.0
3,23,8,known,3,100.0,300.0,150.0,1507.447057228194,99.01722713626157,1504.1915499949425,1343.329305516148,63.155422872390076,1341.843886456359,1.0,1.0,29.0,3887.649476285359,64.87623294468527,87.97577389934341,0.02819039998576045,150000.0,7000.0,,0.0
3,24,8,known,3,100.0,300.0,150.0,904.2208431012758,56.30925698446604,902.4658446039049,813.2087224510615,35.19271971265925,812.4468590312315,1.0,1.0,32.0,3864.2091053918916,65.42334209116567,57.45738687839252,0.018978499923832715,150000.0,7000.0,,0.0
3,25,8,known,3,100.0,300.0,150.0,1322.998699746791,101.95541253995377,1319.0643097989982,1075.332465985595,80.89015049440395,1072.2857342871132,1.0,1.0,24.0,4196.499209609563,60.17621173177944,51.775398983132966,0.018403600086458027,150000.0,7000.0,,0.0
3,26,8,known,3,100.0,300.0,150.0,510.5310922908776,71.82518996963046,505.4533987239013,441.45956799306464,63.23542247856831,436.9071200113134,1.0,1.0,31.0,4234.504878501067,59.74707881604262,62.57389880900749,0.02150249993428588,150000.0,7000.0,,0.0
3,27,8,known,3,100.0,300.0,150.0,1365.8882873436482,85.3364242280783,1363.2199045651182,515.6133222903599,51.41807703675067,513.043155569924,1.0,1.0,24.0,4797.439904529105,52.69766981122652,68.23750376388223,0.01634980004746467,150000.0,7000.0,,0.0
3,28,8,known,3,100.0,300.0,150.0,521.9460829600986,90.56163478522674,514.0294775812155,431.04240665874914,80.79440638529204,423.4026691401635,1.0,1.0,33.0,4224.220671046253,59.646376666996595,78.70029420925653,0.018025600002147257,150000.0,7000.0,,0.0
3,29,8,known,3,100.0,300.0,150.0,1171.3924084561838,86.07406832012558,1168.2257612942806,912.7797997531931,52.670533441820155,911.2588972100264,1.0,1.0,45.0,3754.446364207431,67.06333343796835,82.83335144241389,0.028951500076800585,150000.0,7000.0,,0.0
3,30,8,known,3,100.0,300.0,150.0,1269.5158549522268,103.91651860363775,1265.2556512959677,1086.4657774063794,95.38746207113167,1082.2703532643204,1.0,1.0,32.0,4518.884506588734,55.88459578494506,89.37718137074629,0.028983799973502755,150000.0,7000.0,,0.0
3,31,8,known,3,100.0,300.0,150.0,889.2145219054812,59.78899402602811,887.2021991411816,712.0313883222121,52.55060662670588,710.0895237216375,1.0,1.0,39.0,3821.4274617239384,66.11223582770603,62.750323770085515,0.03198329999577254,150000.0,7000.0,,0.0
3,32,8,known,3,100.0,300.0,150.0,865.6279670318931,47.89336363979532,864.3020322937084,838.6013926629427,46.73089755302596,837.2983452689463,1.0,1.0,35.0,4064.3624483541344,62.05017018862442,79.71202257325145,0.034939900040626526,150000.0,7000.0,,0.0
3,33,8,known,3,100.0,300.0,150.0,981.2114620384275,43.24684499494072,980.257947498296,593.5483601023626,45.127398383501124,591.8303588827973,1.0,1.0,36.0,4484.596584275179,56.37195115830933,67.06666632203863,0.03930269996635616,150000.0,7000.0,,0.0
3,34,8,known,3,100.0,300.0,150.0,743.4765559672768,73.89287231623045,739.7953992110391,466.9101506852053,73.70764266087666,461.05560643620595,1.0,1.0,42.0,3833.2140551887755,65.87062409252435,86.12118029136144,0.035154799930751324,150000.0,7000.0,,0.0
3,35,8,known,3,100.0,300.0,150.0,1553.4803193570865,110.96236089992044,1549.512328796809,698.5746402396319,44.296778910254126,697.1687911575699,1.0,1.0,27.0,3482.165479024421,72.60240116547635,79.74902352184507,0.027019299915991724,150000.0,7000.0,,0.0
3,36,8,known,3,100.0,300.0,150.0,1438.448642631192,54.962508931674336,1437.3982120830171,1048.844198276259,52.68004612260517,1047.520388822236,1.0,1.0,35.0,4042.245300905359,62.68744048090331,64.46816573903487,0.04007739992812276,150000.0,7000.0,,0.0
3,37,8,known,3,100.0,300.0,150.0,1186.9555767235418,101.07635766325444,1182.6441185059205,354.0913310863931,75.50351693382933,345.9478135227286,1.0,1.0,37.0,4672.0609375396025,53.880098271629436,90.26271206976666,0.03554259997326881,150000.0,7000.0,,0.0
3,38,8,known,3,100.0,300.0,150.0,771.2559196418702,101.26750915659629,764.5786978276634,502.92957309073284,81.04898560467706,496.3559382355364,1.0,1.0,24.0,3751.094210616133,67.73609446806856,72.52990875573961,0.029430099995806813,150000.0,7000.0,,0.0
3,39,8,known,3,100.0,300.0,150.0,1772.5963234386825,64.52751703210778,1771.4214420667959,1270.110350400759,59.5759119702677,1268.7123444295992,1.0,1.0,36.0,3478.695572770167,72.21549792868001,72.69615222146214,0.049191399943083525,150000.0,7000.0,,0.0
3,40,8,known,3,100.0,300.0,150.0,604.5144787053039,108.2350918447292,594.7460969671918,473.7709710087524,79.8388454964755,466.9953872581249,1.0,1.0,40.0,4157.493221334782,60.74358174749429,57.37677180556345,0.04183210001792759,150000.0,7000.0,,0.0
3,41,8,known,3,100.0,300.0,150.0,694.3407622513838,61.759218123813376,691.5886733460633,650.2485228617827,55.543897272617116,647.8719140074675,1.0,1.0,31.0,4060.0171033067963,62.06658481733694,55.252471551575454,0.03473479999229312,150000.0,7000.0,,0.0
3,42,8,known,3,100.0,300.0,150.0,1621.4700020956316,166.1660000029632,1612.9332993459534,763.0775287945661,71.85627653601615,759.6867712903796,1.0,1.0,35.0,4969.534822602346,50.70105902945093,74.3385843784167,0.026257500052452087,150000.0,7000.0,,0.0
3,43,8,known,3,100.0,300.0,150.0,1451.7406101647362,107.46793106167452,1447.7573840235814,1205.582998923583,59.58806418179127,1204.1094758786044,1.0,1.0,39.0,3871.3221152622227,65.11344220211568,75.56386627486252,0.043422100017778575,150000.0,7000.0,,0.0
3,44,8,known,3,100.0,300.0,150.0,1740.6553412604906,89.50623169159176,1738.3525682516322,1343.6107467227228,57.84878424009649,1342.3648374680915,1.0,1.0,39.0,4611.928494014164,54.94154207072727,97.35337578444569,0.032904300023801625,150000.0,7000.0,,0.0
3,45,8,known,3,100.0,300.0,150.0,1128.7325881775487,95.51017815620403,1124.6844275095827,818.5501451314889,81.71962363971795,814.460706975459,1.0,1.0,34.0,4261.220733365954,59.23429008994776,81.66830886688989,0.03163790004327893,150000.0,7000.0,,0.0
3,46,8,known,3,100.0,300.0,150.0,461.8455784989501,46.33872739904949,459.5150277434531,257.990612708157,43.609518546554725,254.27812752509396,1.0,1.0,40.0,4289.155401725287,58.78112485931005,70.12741623469577,0.02000899997074157,150000.0,7000.0,,0.0
3,47,8,known,3,100.0,300.0,150.0,352.46599998376183,50.2792065239853,348.8614087798644,279.7272593688167,48.96451405043461,275.4084530253094,1.0,1.0,38.0,4001.78177172321,63.18312332132888,71.35314048544771,0.026820800034329295,150000.0,7000.0,,0.0
3,48,8,known,3,100.0,300.0,150.0,618.0967362216319,59.8054771084297,615.1966191679427,597.9682977554883,46.02368800433151,596.1945196519977,1.0,1.0,23.0,4149.30059717898,60.83929890668238,83.04287690509918,0.01456849998794496,150000.0,7000.0,,0.0
3,49,8,known,3,100.0,300.0,150.0,1038.184242705575,37.21881141356659,1037.516882695944,599.23688474168,39.89289115123874,597.9075189947931,1.0,1.0,33.0,3724.5208781582382,67.64519298046332,76.31161545531322,0.020854500005953014,150000.0,7000.0,,0.0
3,50,8,known,3,100.0,300.0,150.0,1040.8381768735792,73.75255956568174,1038.2218791737278,981.5731756554121,63.69420029674831,979.5044400179145,1.0,1.0,22.0,4337.719912372491,58.53219211853716,84.66800720412309,0.011470699915662408,150000.0,7000.0,,0.0
3,51,8,known,3,100.0,300.0,150.0,1701.5483124113018,72.09484300068246,1700.0202919619685,1002.2556110040442,40.5178986923988,1001.4362733966864,1.0,1.0,31.0,3368.8883674935146,75.16218237222047,81.00121672186665,0.023380400030873716,150000.0,7000.0,,0.0
3,52,8,known,3,100.0,300.0,150.0,1084.6174960046058,85.01346717957004,1081.280640276801,923.9806248910826,63.81857922519566,921.7740417910416,1.0,1.0,34.0,4252.112181533666,59.51209370144738,83.80861863584035,0.031242400058545172,150000.0,7000.0,,0.0
3,53,8,known,3,100.0,300.0,150.0,2400.028843621803,171.11107729644488,2393.921354063884,1057.9291291112038,78.24750495503947,1055.0314545975873,1.0,1.0,36.0,5310.477291254202,47.55274858081361,69.08953458068032,0.05917240004055202,150000.0,7000.0,,0.0
3,54,8,known,3,100.0,300.0,150.0,1379.904735360667,98.31631397200393,1376.3978280561732,1231.2234362552263,55.95973537646051,1229.951079515248,1.0,1.0,26.0,3836.6488123829145,65.95447896780475,73.28793539644957,0.028932200046256185,150000.0,7000.0,,0.0
3,55,8,known,3,100.0,300.0,150.0,1513.4196697190798,89.63869028729356,1510.7627219044648,1230.102869561957,62.22517667910716,1228.5280204748344,1.0,1.0,29.0,3961.5331350376205,63.55799322259817,51.65330599837353,0.020862300065346062,150000.0,7000.0,,0.0
3,56,8,known,3,100.0,300.0,150.0,674.1984395921771,57.75160230988079,671.7203944939947,609.2447397221016,51.91455343321389,607.0288560034699,1.0,1.0,28.0,4277.152995678304,58.842058273505174,85.20212410525734,0.01938089996110648,150000.0,7000.0,,0.0
3,57,8,known,3,100.0,300.0,150.0,907.0162917285327,71.9945485170012,904.1544881516719,838.1181449726654,60.52510817719219,835.9298632137512,1.0,1.0,35.0,4268.2142834582055,59.39992333854934,82.95562291439778,0.038663099985569715,150000.0,7000.0,,0.0
3,58,8,known,3,100.0,300.0,150.0,1154.4776962106666,108.88024189769394,1149.3319120133172,893.5938589886979,81.02312993772736,889.913050380433,1.0,1.0,35.0,4324.079795821885,58.393389623050865,66.81951167221357,0.032471499987877905,150000.0,7000.0,,0.0
3,59,8,known,3,100.0,300.0,150.0,1297.9372399800714,114.28129610206346,1292.8963084054026,907.9880527862789,61.9794658422624,905.8702168724425,1.0,1.0,23.0,4707.8515109630935,53.349956252705454,49.12808668723221,0.020747300004586577,150000.0,7000.0,,0.0
3,60,8,known,3,100.0,300.0,150.0,673.4711941820611,75.9612429711039,669.1736239267776,666.9410851209328,49.83355356357113,665.0767083288318,1.0,1.0,38.0,4122.114971423235,61.197623510340186,93.93654728565465,0.027761999983340502,150000.0,7000.0,,0.0
3,61,8,known,3,100.0,300.0,150.0,1569.266724738906,110.49640572684191,1565.3717123080457,1206.1233627418458,80.49139123371044,1203.4345441647251,1.0,1.0,35.0,4164.248734033891,60.3371259912542,99.05060345916145,0.03402439993806183,150000.0,7000.0,,0.0
3,62,8,known,3,100.0,300.0,150.0,1046.4239158483783,131.67127823033476,1038.1067797431263,470.50465849818687,65.84249837383184,465.8748749142707,1.0,1.0,33.0,4603.08062336762,54.873346378772446,102.60579693221061,0.02222430007532239,150000.0,7000.0,,0.0
3,63,8,known,3,100.0,300.0,150.0,906.3178931908632,47.924464381655504,905.0499263751456,659.1069490767902,47.17139993374838,657.416785113983,1.0,1.0,28.0,4336.761287446709,58.24516154536575,60.441249237312604,0.02721550001297146,150000.0,7000.0,,0.0
3,64,8,known,3,100.0,300.0,150.0,2152.536385958037,123.42793632815193,2148.994750437297,1690.3149350531849,91.15153724351546,1687.8554372107808,1.0,1.0,28.0,4571.233713510597,55.14023488258735,68.34088578577813,0.025250000064261258,150000.0,7000.0,,0.0
3,65,8,known,3,100.0,300.0,150.0,1261.4244975802621,89.96941727494409,1258.2119324862658,353.1453028573404,64.9917314795833,347.1133529115359,1.0,1.0,42.0,3407.481017677855,73.99699831175433,74.19435488530956,0.0358121000463143,150000.0,7000.0,,0.0
3,66,8,known,3,100.0,300.0,150.0,1490.6227478291958,59.58474611428649,1489.4313795460191,738.2199629093199,49.082662491448836,736.5864551297343,1.0,1.0,32.0,3391.977789140847,74.71000695974816,91.083328564574,0.021341299987398088,150000.0,7000.0,,0.0
3,67,8,known,3,100.0,300.0,150.0,1094.6459942868637,54.5053764631662,1093.2881672939136,445.0954892829951,33.497931908646216,443.83317038940714,1.0,1.0,45.0,4649.297377519941,54.108386740525646,68.64579236899954,0.028432599967345595,150000.0,7000.0,,0.0
3,68,8,known,3,100.0,300.0,150.0,1334.9020895223614,74.37294854480403,1332.828666084249,946.440444270671,56.293610910476,944.7648087867822,1.0,1.0,25.0,4686.887976932742,53.94594045595219,66.59550577330057,0.01626219996251166,150000.0,7000.0,,0.0
3,69,8,known,3,100.0,300.0,150.0,1094.4909422177655,100.70339479124985,1089.8482687393919,714.9567895445065,57.52597887333765,712.6387392434206,1.0,1.0,24.0,3618.862099481622,69.5466175775472,97.8005156825244,0.017047700006514788,150000.0,7000.0,,0.0
3,70,8,known,3,100.0,300.0,150.0,2113.50345457978,80.51642102067848,2111.969213427763,1197.4738033005397,64.51421916873502,1195.734680067492,1.0,1.0,33.0,5035.585897898345,50.34454250483148,58.08983898818732,0.03338110004551709,150000.0,7000.0,,0.0
3,71,8,known,3,100.0,300.0,150.0,2092.8531488164554,108.71369852184648,2090.0276635165987,1201.3600444260699,80.27404043282979,1198.6751164414807,1.0,1.0,20.0,3595.620328913513,69.90248859221946,59.25434996361345,0.0190546999219805,150000.0,7000.0,,0.0
3,72,8,known,3,100.0,300.0,150.0,892.182236648905,57.804048757840604,890.3077194650419,768.8190175766483,54.386603796310474,766.8929384959976,1.0,1.0,35.0,4105.233409131949,61.833453070335,81.68425908644001,0.02587629994377494,150000.0,7000.0,,0.0
3,73,8,known,3,100.0,300.0,150.0,757.3296294581322,64.61578229600643,754.5680673958227,668.7032722965199,37.057996430673334,667.6756482609036,1.0,1.0,33.0,4128.95751478843,61.20442846517757,79.14758821012539,0.023824599920772016,150000.0,7000.0,,0.0
3,74,8,known,3,100.0,300.0,150.0,876.7067744449525,87.4046835438704,872.3389190287619,802.6197844178776,64.88956270956466,799.9924143330121,1.0,1.0,17.0,3944.3632677297473,63.762726402960304,50.49720199993134,0.014307999983429909,150000.0,7000.0,,0.0
3,75,8,known,3,100.0,300.0,150.0,973.2000014960458,61.50152597648,971.2547581425112,914.2151635391984,58.37044991655702,912.3498538507814,1.0,1.0,23.0,4150.219022498994,61.01123381597947,69.82758811734246,0.011939199990592897,150000.0,7000.0,,0.0
3,76,8,known,3,100.0,300.0,150.0,1235.7513578780167,123.93938455113843,1229.5204135981019,1036.4063977441267,47.48389439445244,1035.3180675802453,1.0,1.0,19.0,4392.877053786955,57.542746343872274,81.83311797166286,0.013376799994148314,150000.0,7000.0,,0.0
3,77,8,known,3,100.0,300.0,150.0,1416.432967736091,106.77541656182979,1412.402691341148,890.9544244132607,51.36723831375994,889.4724240860883,1.0,1.0,19.0,4744.5305602923945,53.138727252035025,79.115976146421,0.018422799999825656,150000.0,7000.0,,0.0
3,78,8,known,3,100.0,300.0,150.0,2241.1701904595643,116.44025740021337,2238.143312896011,1755.0052416043357,83.81054493007537,1753.0029066197287,1.0,1.0,27.0,4563.90954936125,55.34041294690648,102.47186494945527,0.016596300061792135,150000.0,7000.0,,0.0
3,79,8,known,3,100.0,300.0,150.0,696.2177256678456,46.197639706984965,694.683308867869,522.6613710498154,40.78444843167777,521.0676899921897,1.0,1.0,35.0,3964.502641931185,63.5837983793314,63.54690585055681,0.021245200070552528,150000.0,7000.0,,0.0
3,80,8,known,3,100.0,300.0,150.0,1118.0557441067517,77.72752507816278,1115.3506528331463,954.7857889018825,72.42163790098536,952.0351931797105,1.0,1.0,34.0,4408.71117135306,57.00909396003939,79.07759995648189,0.03326990001369268,150000.0,7000.0,,0.0
3,81,8,known,3,100.0,300.0,150.0,1174.463822253223,58.602409588127486,1173.0008641821692,1011.6278128031681,50.03114960165877,1010.3898830186586,1.0,1.0,18.0,4266.657635710943,58.86515099411691,69.31654622232627,0.020462999935261905,150000.0,7000.0,,0.0
3,82,8,known,3,100.0,300.0,150.0,1196.9260854872264,79.10974371241034,1194.3088807212027,1030.7495911750536,67.97002922278297,1028.5060985891112,1.0,1.0,38.0,4116.6894142400315,61.32695517724158,60.094417340226286,0.04142240004148334,150000.0,7000.0,,0.0
3,83,8,known,3,100.0,300.0,150.0,1998.848207646237,137.1098144219623,1994.1401796262337,975.049528228723,68.28050262719552,972.6558257986394,1.0,1.0,20.0,3338.5261227098044,75.505268281638,71.16712395168832,0.029475399991497397,150000.0,7000.0,,0.0
3,84,8,known,3,100.0,300.0,150.0,1516.3728440709697,59.859737831715066,1515.1908836917544,961.9989097694424,30.949712456073506,961.5009192385008,1.0,1.0,30.0,3609.3056873391574,70.08318268982241,80.37666344142053,0.028967499965801835,150000.0,7000.0,,0.0
3,85,8,known,3,100.0,300.0,150.0,1133.6742553859037,79.95069069805346,1130.8515394965368,900.6394641798195,63.52707194021832,898.3962130200765,1.0,1.0,31.0,3952.0606657687836,63.77372753156178,62.4295899768879,0.034651300054974854,150000.0,7000.0,,0.0
3,86,8,known,3,100.0,300.0,150.0,1362.506649092878,65.35144159777177,1360.9384842465865,804.8239071952494,34.55093419500877,804.0819327278033,1.0,1.0,34.0,4667.519163569108,54.08300578618495,55.54794513948603,0.024452200043015182,150000.0,7000.0,,0.0
3,87,8,known,3,100.0,300.0,150.0,1371.22565980932,72.19695355447203,1369.3237053439766,975.5374665712076,71.05559251906888,972.9462736739033,1.0,1.0,34.0,3634.638638619929,69.42943350958245,65.13660269003745,0.03183799993712455,150000.0,7000.0,,0.0
3,88,8,known,3,100.0,300.0,150.0,776.6658944066846,53.45944728193702,774.8238503239592,627.2618878287896,46.1566337981948,625.5613807444928,1.0,1.0,23.0,4283.868984325266,59.09534545491066,71.32917751991303,0.028469800017774105,150000.0,7000.0,,0.0
3,89,8,known,3,100.0,300.0,150.0,1088.0020471450418,67.59655618895141,1085.9001612409843,529.6831540665968,67.09349681305466,525.4166978573622,1.0,1.0,22.0,3633.6525123222305,69.28969759351685,58.223382007396765,0.028287599910981953,150000.0,7000.0,,0.0
3,90,8,known,3,100.0,300.0,150.0,372.7742403482094,72.33378162051812,365.68901857132624,199.4050485224331,67.5152202397915,187.62747243462604,1.0,1.0,32.0,4253.345578282096,59.2497618434952,70.63570384935835,0.03838069993071258,150000.0,7000.0,,0.0
3,91,8,known,3,100.0,300.0,150.0,1785.1156386203693,109.65017348569178,1781.744842198671,786.2449010661949,63.90788849248088,783.6433029389221,1.0,1.0,33.0,3397.59517475456,74.19707037749781,93.1208022187609,0.029945600079372525,150000.0,7000.0,,0.0
3,92,8,known,3,100.0,300.0,150.0,431.1616376711507,37.177945653184956,429.5557683890154,427.3330279120492,34.20661820554669,425.9617635603226,1.0,1.0,34.0,4091.5298313179137,61.4422855130247,97.76944776878202,0.036638100049458444,150000.0,7000.0,,0.0
3,93,8,known,3,100.0,300.0,150.0,902.9674565415764,54.94970086927132,901.2939353771008,669.609287467739,54.47892569821971,667.3894249370612,1.0,1.0,34.0,3856.8554481597616,65.32386975040878,63.43993449830277,0.07840520003810525,150000.0,7000.0,,0.0
3,94,8,known,3,100.0,300.0,150.0,1957.533498183378,103.57467366959153,1954.7914680303602,1275.5719590117847,59.378608484821065,1274.1891552950717,1.0,1.0,68.0,4998.832924359672,50.52947266676791,89.39849321280307,0.06522890005726367,150000.0,7000.0,,0.0
3,95,8,known,3,100.0,300.0,150.0,520.7343976824052,91.94733714152436,512.5524364611294,387.1403544410871,80.98476554010165,378.5751204017312,1.0,1.0,34.0,4061.8277219391725,62.19831675162985,73.73121984163082,0.04055239993613213,150000.0,7000.0,,0.0
3,96,8,known,3,100.0,300.0,150.0,1135.401286992971,85.97574807248705,1132.1414457781639,1054.0394359112581,41.470567831921535,1053.2233022772623,1.0,1.0,29.0,4286.765320992507,58.7942710157372,70.13254594544492,0.03980170004069805,150000.0,7000.0,,0.0
3,97,8,known,3,100.0,300.0,150.0,560.692368479027,82.44793009031083,554.5973953188422,260.2073941523277,45.718509132712505,256.1595321166615,1.0,1.0,34.0,4390.775194463106,57.33453284411616,73.71874274803888,0.048977999947965145,150000.0,7000.0,,0.0
3,98,8,known,3,100.0,300.0,150.0,489.08113306399423,52.51793212540667,486.2532483433212,460.8726665503789,41.78369560966614,458.9746589458458,1.0,1.0,29.0,4162.8589000447455,60.67570571636531,86.24575704500874,0.026580399950034916,150000.0,7000.0,,0.0
3,99,8,known,3,100.0,300.0,150.0,1120.2447884406472,48.17010678502683,1119.2086609925557,805.0651833965316,33.63945947311983,804.3620679045273,1.0,1.0,31.0,3768.4304858817363,66.90614152274514,69.89180187016063,0.03876380005385727,150000.0,7000.0,,0.0
4,0,8,known,3,100.0,300.0,150.0,733.5546576447225,73.52339091557505,729.8607721617469,466.9217902080076,56.557621736709336,463.48375763832115,1.0,1.0,21.0,5111.238759597293,49.302328956413035,50.338213068226175,0.03807569993659854,150000.0,8000.0,,0.0
4,1,8,known,3,100.0,300.0,150.0,675.4565337646777,87.49055315892001,669.7663265000259,483.41230684956184,71.00198015421648,478.1696113596045,1.0,1.0,37.0,5025.86137795458,50.43332038342613,77.37149844186737,0.03889789991080761,150000.0,8000.0,,0.0
4,2,8,known,3,100.0,300.0,150.0,1270.0432107995248,81.67695362098932,1267.4141519429081,1225.239829790391,66.71545559071768,1223.4221219555045,1.0,1.0,32.0,4975.925784212022,50.69924258089474,81.53192511207114,0.037504199892282486,150000.0,8000.0,,0.0
4,3,8,known,3,100.0,300.0,150.0,978.5391508599921,96.22764980991138,973.7962359641033,778.2474766874349,51.50423010369283,776.5413377610914,1.0,1.0,25.0,4581.829112314767,54.94332817663116,66.64105918734018,0.027444800012744963,150000.0,8000.0,,0.0
4,4,8,known,3,100.0,300.0,150.0,1602.1948598520858,117.14355356074371,1597.9066796266939,958.7185959991602,82.69654360611882,955.1453439085604,1.0,1.0,39.0,4100.672046526694,61.72815791268971,49.36693175843562,0.027961999992839992,150000.0,8000.0,,0.0
4,5,8,known,3,100.0,300.0,150.0,412.3698598348716,129.19924175942504,391.6075295867295,204.67191862080523,83.61505769590079,186.81305200234993,1.0,1.0,35.0,5009.21396551468,50.33979420740266,71.99656725479517,0.035994699923321605,150000.0,8000.0,,0.0
4,6,8,known,3,100.0,300.0,150.0,1321.192774871784,76.95181261374566,1318.949872780942,1250.8058874320034,60.2719069241529,1249.3528986120325,1.0,1.0,24.0,4699.9534724787945,53.61774581254225,83.47350676372358,0.027781300013884902,150000.0,8000.0,,0.0
4,7,8,known,3,100.0,300.0,150.0,1129.073582026499,80.45118991634834,1126.2036936856464,665.0802176375423,42.36355526348755,663.729632514805,1.0,1.0,30.0,5272.082737850173,47.9315498212539,91.96867570097618,0.030748900026082993,150000.0,8000.0,,0.0
4,8,8,known,3,100.0,300.0,150.0,1254.213458217249,78.68499087169239,1251.74281343445,641.3301560535942,54.34256472821547,639.0236730532658,1.0,1.0,36.0,5479.658937594697,45.94190833446763,83.00634196078481,0.046418100013397634,150000.0,8000.0,,0.0
4,9,8,known,3,100.0,300.0,150.0,959.0263890329173,82.19024041367611,955.4979744835981,472.9849548999498,50.81752899409991,470.2471119620421,1.0,1.0,33.0,4365.878674303541,57.77603864819024,67.55913546794987,0.04088950005825609,150000.0,8000.0,,0.0
4,10,8,known,3,100.0,300.0,150.0,1127.2666962108494,31.002295391874185,1126.8403001608342,952.3946341154245,19.961863702852693,952.1854142389296,1.0,1.0,26.0,5182.857988038236,48.84851306772772,54.69533592793394,0.01986379991285503,150000.0,8000.0,,0.0
4,11,8,known,3,100.0,300.0,150.0,1081.2862265093704,63.412452872487655,1079.425200956309,990.4904305426858,46.889754644116614,989.3799289989915,1.0,1.0,18.0,4939.767404397875,51.235013194649824,79.98429579397352,0.026740400004200637,150000.0,8000.0,,0.0
4,12,8,known,3,100.0,300.0,150.0,2198.8969026232053,139.44312087543392,2194.471053444644,815.7620009137577,81.02576194899562,811.7280751799843,1.0,1.0,28.0,5988.40942796231,42.0024343728813,77.31681296045504,0.03159709996543825,150000.0,8000.0,,0.0
4,13,8,known,3,100.0,300.0,150.0,1612.0326281661626,143.66111679695376,1605.6184720514887,731.3649377227528,78.57096595816165,727.1322269289179,1.0,1.0,31.0,4044.379950759033,62.15060295258573,86.23327776397339,0.020690799923613667,150000.0,8000.0,,0.0
4,14,8,known,3,100.0,300.0,150.0,1004.1185138645906,101.92448016484846,998.9321249358034,442.1685911005999,68.70731145068304,436.7978574914355,1.0,1.0,40.0,4273.30013084336,59.2918741482956,68.95212786862997,0.028778300038538873,150000.0,8000.0,,0.0
4,15,8,known,3,100.0,300.0,150.0,1845.5361831948521,56.88549636511763,1844.6592757972182,1115.1656049748215,56.475459066982424,1113.7346403169981,1.0,1.0,22.0,4162.529114490999,60.61070939850149,93.86712953707716,0.022897199960425496,150000.0,8000.0,,0.0
4,16,8,known,3,100.0,300.0,150.0,1391.026848120009,116.34053553675913,1386.1531560335268,1151.0708611796722,82.97307173329924,1148.076476905634,1.0,1.0,29.0,4697.4498632071,53.73182238593205,87.6431876170649,0.026356499991379678,150000.0,8000.0,,0.0
4,17,8,known,3,100.0,300.0,150.0,715.8486899113362,94.57728362406107,709.5734523430751,544.4711029344329,86.30895578476903,537.5867800476317,1.0,1.0,30.0,4927.2580179297,51.17457108764365,77.959146498193,0.03297950001433492,150000.0,8000.0,,0.0
4,18,8,known,3,100.0,300.0,150.0,1490.1839477744365,96.41053836063688,1487.0619376130965,1396.5675013500966,78.64084856642386,1394.3516065770516,1.0,1.0,30.0,5077.471948837525,49.57196692855196,89.97605790049252,0.03320120007265359,150000.0,8000.0,,0.0
4,19,8,known,3,100.0,300.0,150.0,875.483378050584,91.78098426577282,870.6591733681255,603.1752293158365,66.11026983146074,599.5413159099407,1.0,1.0,39.0,4454.80248598739,56.58116148579593,80.71614118287471,0.03806000004988164,150000.0,8000.0,,0.0
4,20,8,known,3,100.0,300.0,150.0,1416.0496552671198,89.281857996891,1413.2322441887434,860.8465968540208,75.36069364391781,857.5416194964863,1.0,1.0,133.0,4267.157634082296,58.869071688446596,80.74447529308905,0.16881559998728335,150000.0,8000.0,,0.0
4,21,8,known,3,100.0,300.0,150.0,1300.578791339669,71.78262951184048,1298.596337043548,1207.419407371455,75.94234518514067,1205.0287903220471,1.0,1.0,20.0,4597.555605137071,54.83262516923258,85.57845493990844,0.01857039995957166,150000.0,8000.0,,0.0
4,22,8,known,3,100.0,300.0,150.0,862.4523635468477,109.176996984373,855.5141510910372,400.376275796741,60.79791414912962,395.7332129806432,1.0,1.0,32.0,4380.763263687548,57.48332896829155,67.00262398795017,0.039300400065258145,150000.0,8000.0,,0.0
4,23,8,known,3,100.0,300.0,150.0,1185.4045957092276,80.84244504196836,1182.644728821041,367.4333548450492,51.67132415380349,363.78200135916626,1.0,1.0,32.0,5500.7245397668785,46.04757581560244,90.46484804534205,0.02664049994200468,150000.0,8000.0,,0.0
4,24,8,known,3,100.0,300.0,150.0,790.6138314910527,47.22864993269653,789.2019292744395,543.8761194786871,42.578390867974775,542.2068922194636,1.0,1.0,56.0,5149.486222233318,49.01764915841336,76.81390463133273,0.05081279994919896,150000.0,8000.0,,0.0
4,25,8,known,3,100.0,300.0,150.0,754.249322143651,88.57068966837792,749.0308891399774,521.1324741229076,61.919566410110846,517.4408399817769,1.0,1.0,18.0,5107.374688505474,49.5640453383351,76.8310291449859,0.017132400069385767,150000.0,8000.0,,0.0
4,26,8,known,3,100.0,300.0,150.0,769.1198961596141,43.9742197255709,767.8617601288026,765.9235487541885,42.407585409986176,764.7486379431509,1.0,1.0,30.0,4834.1297682971,52.27765331556037,59.17165040143042,0.028483000001870096,150000.0,8000.0,,0.0
4,27,8,known,3,100.0,300.0,150.0,652.4379069859096,108.20431496608427,643.4027111342281,579.0072088032114,94.09602907020388,571.3101479575738,1.0,1.0,39.0,5018.397478151325,50.41674405692636,60.9922882488443,0.03053999994881451,150000.0,8000.0,,0.0
4,28,8,known,3,100.0,300.0,150.0,1351.016894836465,71.3511672953536,1349.131446916554,650.2522008974231,47.509265836103246,648.514297785066,1.0,1.0,40.0,4114.346630276725,61.593216459716935,92.04207890709749,0.02845270000398159,150000.0,8000.0,,0.0
4,29,8,known,3,100.0,300.0,150.0,1539.8371214556335,98.61674234250266,1536.675990162703,1214.2889284539629,66.7689225712766,1212.4518599699306,1.0,1.0,13.0,4357.838461198649,57.996273240326765,62.1116920077126,0.009702199953608215,150000.0,8000.0,,0.0
4,30,8,known,3,100.0,300.0,150.0,719.1321674140954,69.67654032799115,715.748736595194,628.8424508583822,66.06265943049685,625.3627371618387,1.0,1.0,27.0,4965.316360058886,50.896924276526306,68.01284237287229,0.018244200036861002,150000.0,8000.0,,0.0
4,31,8,known,3,100.0,300.0,150.0,2380.8437023347497,138.6397151998733,2376.8036865328895,1593.5367942543328,83.46440260107747,1591.3494927704664,1.0,1.0,18.0,3936.362942885749,63.972350913354234,52.22260677102838,0.009189800010062754,150000.0,8000.0,,0.0
4,32,8,known,3,100.0,300.0,150.0,1640.209704523449,92.23409505641453,1637.6143460906858,980.9966054734199,74.99087470106353,978.1261210406059,1.0,1.0,37.0,4059.506502162853,62.06148405845518,84.72164560147364,0.03176709997933358,150000.0,8000.0,,0.0
4,33,8,known,3,100.0,300.0,150.0,960.5193489084512,145.28926645487817,949.4674553035077,277.2604618185257,71.07527401509941,267.99565129214443,1.0,1.0,29.0,4295.271095153568,58.77293591918574,62.12760058004734,0.02767930005211383,150000.0,8000.0,,0.0
4,34,8,known,3,100.0,300.0,150.0,1352.9723270425893,94.69242488976052,1349.6545715150733,661.4837673307422,49.254450818079306,659.6474615403905,1.0,1.0,84.0,5386.423795756259,46.984476613378305,41.462780243865126,0.0958240000763908,150000.0,8000.0,,0.0
4,35,8,known,3,100.0,300.0,150.0,1323.0881870934052,106.39848075429354,1318.8031369841715,826.1239560101976,48.179610259579135,824.7178401424173,1.0,1.0,20.0,4463.732394518595,56.47075027249735,46.74894400320135,0.016273399931378663,150000.0,8000.0,,0.0
4,36,8,known,3,100.0,300.0,150.0,651.5960059826623,84.67168066572397,646.0712511060984,366.149828907012,62.080256552240826,360.8486371805249,1.0,1.0,43.0,5147.413623198041,49.06071256989101,72.64204245858862,0.04096959996968508,150000.0,8000.0,,0.0
4,37,8,known,3,100.0,300.0,150.0,2241.3534893009332,177.8763956181893,2234.2841027683453,913.6017518006712,81.6194655455536,909.9485830184656,1.0,1.0,33.0,3757.8084202890723,66.93482671913011,100.17608806475842,0.03831420000642538,150000.0,8000.0,,0.0
4,38,8,known,3,100.0,300.0,150.0,1041.3544090335947,56.905115578962544,1039.7984482747856,726.2872603244313,32.49796427326282,725.5598299435147,1.0,1.0,33.0,4481.685747801454,56.32077310017002,88.38498544178621,0.024569900007918477,150000.0,8000.0,,0.0
4,39,8,known,3,100.0,300.0,150.0,571.4698260627135,76.55903253937011,566.3183527282015,440.48469127574816,64.71446924117396,435.7049468609741,1.0,1.0,36.0,5019.517491200219,50.395964430631096,67.12746514454822,0.0356993000023067,150000.0,8000.0,,0.0
4,40,8,known,3,100.0,300.0,150.0,818.7796003024732,39.56125137832383,817.823294643078,438.92708107892315,45.65164285539685,436.5465725544834,1.0,1.0,22.0,5204.825294178034,48.616410953404916,62.52231658593838,0.026264899992384017,150000.0,8000.0,,0.0
4,41,8,known,3,100.0,300.0,150.0,1049.7594112857291,68.83604569366679,1047.500081334708,719.9179296979501,72.16868571585944,716.2914953443382,1.0,1.0,32.0,4504.410681255061,56.04677460524244,58.48812727458952,0.025918400031514466,150000.0,8000.0,,0.0
4,42,8,known,3,100.0,300.0,150.0,1052.9818630996874,48.42848609656738,1051.8676179782717,920.3573149656086,39.8827718223958,919.4927687167892,1.0,1.0,35.0,4646.006935482318,54.31721013056629,84.44027735516596,0.026611999957822263,150000.0,8000.0,,0.0
4,43,8,known,3,100.0,300.0,150.0,1899.5024354892207,132.1009559794609,1894.9033853626402,944.5860335743796,66.01416363452286,942.2764483013536,1.0,1.0,42.0,4137.637562675258,60.61142910017517,82.10241726982362,0.035385799943469465,150000.0,8000.0,,0.0
4,44,8,known,3,100.0,300.0,150.0,1784.7990433999307,170.58436770612565,1776.6284357781763,822.664523601944,88.00823520323284,817.9434387105417,1.0,1.0,31.0,4190.478917133048,60.5813327245362,73.98377473255783,0.02156929997727275,150000.0,8000.0,,0.0
4,45,8,known,3,100.0,300.0,150.0,1106.1397250985367,116.83703330460823,1099.9519076258034,937.0709338587246,66.76219771256301,934.6896511888054,1.0,1.0,30.0,5183.051325499099,48.86513134009953,74.57215365071491,0.022566600004211068,150000.0,8000.0,,0.0
4,46,8,known,3,100.0,300.0,150.0,895.4930537952181,81.82942239493623,891.7464634221974,697.519580312279,60.9755326852747,694.8492997281962,1.0,1.0,28.0,5109.350378857711,49.46008493210188,88.86772816000645,0.01886549999471754,150000.0,8000.0,,0.0
4,47,8,known,3,100.0,300.0,150.0,965.4154864268071,51.33525783459693,964.0496630027749,882.2722064028349,47.11352983822168,881.0133719173106,1.0,1.0,25.0,5043.4489493543715,50.074431917262345,65.95344007385955,0.024508000002242625,150000.0,8000.0,,0.0
4,48,8,known,3,100.0,300.0,150.0,1324.669566604151,77.21685227141849,1322.4171121142235,1162.7076332294478,59.440373627544865,1161.1872727312516,1.0,1.0,32.0,4806.686263344203,52.359502660656084,65.99425445403556,0.024440200068056583,150000.0,8000.0,,0.0
4,49,8,known,3,100.0,300.0,150.0,1238.1247787209206,73.66434968299552,1235.931442786577,886.2412059400536,71.03400526138513,883.3898602557118,1.0,1.0,31.0,4975.315037995369,50.86609002805062,75.14319075187437,0.027192299952730536,150000.0,8000.0,,0.0
4,50,8,known,3,100.0,300.0,150.0,1457.7348147265006,82.42766659086224,1455.4025112820475,713.6081108897549,63.52486174315444,710.7750191644034,1.0,1.0,20.0,5561.66533038408,45.28631858287119,59.63471682834081,0.015377200092189014,150000.0,8000.0,,0.0
4,51,8,known,3,100.0,300.0,150.0,950.7145676700143,45.23885517441589,949.6376336068882,802.0691019173265,43.96433468195466,800.8632726792008,1.0,1.0,20.0,5127.3626456805505,49.298858231580375,70.36620814960804,0.01759719999972731,150000.0,8000.0,,0.0
4,52,8,known,3,100.0,300.0,150.0,595.7907480417972,156.08633529487741,574.9814530803749,482.1668885759747,72.31045595835961,476.7138621837323,1.0,1.0,40.0,4646.769275736458,54.45020513405905,83.50878232752378,0.04826189996674657,150000.0,8000.0,,0.0
4,53,8,known,3,100.0,300.0,150.0,1106.696287965833,95.45239038839361,1102.5722266439038,854.0831719797766,65.37049339299129,851.577808102462,1.0,1.0,42.0,4510.757733858424,55.794071688231874,77.09915896063566,0.031194499926641583,150000.0,8000.0,,0.0
4,54,8,known,3,100.0,300.0,150.0,1493.8720639287346,97.04213568522637,1490.7167964735447,1150.0362741916415,64.83429168136729,1148.207275093991,1.0,1.0,23.0,5079.297098457777,49.49024393994882,72.26475725441344,0.016405000002123415,150000.0,8000.0,,0.0
4,55,8,known,3,100.0,300.0,150.0,1714.3254128068052,81.43351206660316,1712.390202059017,1509.7793082469516,78.0426226182679,1507.760892404862,1.0,1.0,28.0,5306.818494388211,47.654797213946985,93.16534929766955,0.031784500111825764,150000.0,8000.0,,0.0
4,56,8,known,3,100.0,300.0,150.0,1262.1472973384289,53.85105691675868,1260.9979634589615,1103.6464748832268,58.058659926110145,1102.1182938005145,1.0,1.0,20.0,5123.570854269454,49.35007063521286,70.45670283017168,0.03438650001771748,150000.0,8000.0,,0.0
4,57,8,known,3,100.0,300.0,150.0,581.5782818537494,100.1812846537643,572.8848122695177,536.1497446281842,58.99329518170901,532.8943045187018,1.0,1.0,42.0,4866.6103719214925,51.679262880731876,64.76840453355877,0.04174719995353371,150000.0,8000.0,,0.0
4,58,8,known,3,100.0,300.0,150.0,478.0442889961645,145.83831903652896,455.25545240276693,285.77275118864526,68.6524263194616,277.4038746708096,1.0,1.0,35.0,5035.810416593447,50.22689970891114,89.23871252520009,0.03865260002203286,150000.0,8000.0,,0.0
4,59,8,known,3,100.0,300.0,150.0,367.2593405531834,53.60129520809187,363.3267460228797,315.3006311733332,51.512095737108424,311.0642891928826,1.0,1.0,37.0,4828.000197695984,52.274558440274525,77.02139850751145,0.03376389993354678,150000.0,8000.0,,0.0
4,60,8,known,3,100.0,300.0,150.0,1360.8016554819,66.13334188062757,1359.1937046109285,683.5038158238027,65.14436314140511,680.3922972790032,1.0,1.0,35.0,5495.439525394477,45.93178157002083,86.56203837421596,0.030239099985919893,150000.0,8000.0,,0.0
4,61,8,known,3,100.0,300.0,150.0,1067.0366025678645,71.97457972859718,1064.606392566033,612.306311504883,57.02343481676483,609.6452632395441,1.0,1.0,19.0,5295.101943766226,47.40279135119865,53.92828019925411,0.018402200075797737,150000.0,8000.0,,0.0
4,62,8,known,3,100.0,300.0,150.0,1603.398154576334,64.61468576177107,1602.0956851832232,555.1815208705927,45.745283205333145,553.293674444818,1.0,1.0,31.0,3957.2005856906003,63.785196701464024,85.47986402927756,0.025825500022619963,150000.0,8000.0,,0.0
4,63,8,known,3,100.0,300.0,150.0,1237.4732769421216,94.1229192952581,1233.888563529629,1117.4855732393764,51.46085020536032,1116.3000435789113,1.0,1.0,24.0,5084.65542795909,49.65575816477665,71.50824807527401,0.02799360000062734,150000.0,8000.0,,0.0
4,64,8,known,3,100.0,300.0,150.0,1506.6892275995053,66.73307896956014,1505.2106579265362,1275.8065652745304,56.65149642017832,1274.5481552106805,1.0,1.0,28.0,4948.967932711736,50.94534540861179,85.18947422335548,0.03303580009378493,150000.0,8000.0,,0.0
4,65,8,known,3,100.0,300.0,150.0,673.6374459762309,88.35244921404811,667.8182786801051,437.476102224475,54.93237085737005,434.01356505241597,1.0,1.0,37.0,5069.34478681744,49.865040851904006,77.7734367458289,0.030739699956029654,150000.0,8000.0,,0.0
4,66,8,known,3,100.0,300.0,150.0,1469.1552457056669,81.58819517639895,1466.8880333523537,646.8054958799402,54.74285735099831,644.4847314479556,1.0,1.0,25.0,5642.599170472546,44.83403661958856,45.95589130900879,0.02985549997538328,150000.0,8000.0,,0.0
4,67,8,known,3,100.0,300.0,150.0,1867.8726237264043,88.34974339808392,1865.7819972622885,1128.147360161346,52.877907462976935,1126.9074465728543,1.0,1.0,32.0,4130.267676020396,61.10770837173804,72.34526329308417,0.030557399964891374,150000.0,8000.0,,0.0
4,68,8,known,3,100.0,300.0,150.0,599.1796143000141,75.2064648573548,594.4410802059133,590.6043759232814,66.84794324354993,586.8090671963375,1.0,1.0,19.0,4809.050075698349,52.4700526168744,58.08625600121677,0.017589999944902956,150000.0,8000.0,,0.0
4,69,8,known,3,100.0,300.0,150.0,1199.7970192629027,79.92642652900176,1197.1318447750234,691.2237994389502,51.81158622680007,689.2792615794275,1.0,1.0,33.0,5356.036959694521,47.10766858933183,79.51184404820624,0.030173299950547516,150000.0,8000.0,,0.0
4,70,8,known,3,100.0,300.0,150.0,762.6683938735931,57.43078974459213,760.5029805352763,712.0108440373159,54.16616519295629,709.9475111408028,1.0,1.0,24.0,4689.665779830021,53.86182235500242,83.77899322062179,0.01463079999666661,150000.0,8000.0,,0.0
4,71,8,known,3,100.0,300.0,150.0,803.8625942723063,108.04865664642986,796.567987222123,655.2051016698272,80.60448771655084,650.2281459719511,1.0,1.0,40.0,5053.793586147946,49.969911665584384,88.49491316378506,0.038184499950148165,150000.0,8000.0,,0.0
4,72,8,known,3,100.0,300.0,150.0,878.2498494588964,45.102140017890335,877.0909844710416,565.4174772737156,47.29350423502473,563.4361082356583,1.0,1.0,20.0,5221.026956789551,48.40490837236612,49.26222979978087,0.009948000079020858,150000.0,8000.0,,0.0
4,73,8,known,3,100.0,300.0,150.0,2393.7374423351307,120.02551888732937,2390.726420495026,1256.187063434418,94.18269732328748,1252.6514111535164,1.0,1.0,31.0,3868.4101167320678,65.25572645888114,86.26813856620986,0.01886539999395609,150000.0,8000.0,,0.0
4,74,8,known,3,100.0,300.0,150.0,1736.0294237093754,97.82077222829295,1733.271258777854,1437.2745098303046,84.4368920166354,1434.7921200907515,1.0,1.0,31.0,4995.569057671173,50.49237079312235,73.0455970217797,0.02695930004119873,150000.0,8000.0,,0.0
4,75,8,known,3,100.0,300.0,150.0,827.6795221608687,95.87528208458504,822.1078528329755,697.948637319099,87.3010737078698,692.4671998477908,1.0,1.0,51.0,4854.1101494386085,51.83154167580664,100.44831273713554,0.038611500058323145,150000.0,8000.0,,0.0
4,76,8,known,3,100.0,300.0,150.0,615.459832407485,49.27946667132135,613.4837727859145,178.16692613037173,45.380713706082226,172.29058125815217,1.0,1.0,76.0,4469.901504399858,56.58147048205611,72.85558914253203,0.06741110002622008,150000.0,8000.0,,0.0
4,77,8,known,3,100.0,300.0,150.0,721.1084535813898,51.22551024556413,719.2866945291182,575.7455748663447,48.05258909670334,573.7367999869635,1.0,1.0,28.0,4739.298071414951,53.240391166773605,71.87373830147864,0.020239200093783438,150000.0,8000.0,,0.0
4,78,8,known,3,100.0,300.0,150.0,592.8024086613201,86.39584637997856,586.4728923342918,492.142240187124,57.98467068209712,488.71439772354734,1.0,1.0,33.0,4721.913565405858,53.4504672751195,84.26848630062908,0.024435900035314262,150000.0,8000.0,,0.0
4,79,8,known,3,100.0,300.0,150.0,1108.0224078265705,82.0816422666397,1104.9779455937582,984.6298154203741,64.919822656674,982.4872976486699,1.0,1.0,37.0,4709.233302933934,53.711811888986745,83.28417745212874,0.01680139999371022,150000.0,8000.0,,0.0
4,80,8,known,3,100.0,300.0,150.0,777.1460322771459,39.605672923644704,776.136164700741,648.9456315063285,39.737346085895375,647.7278564159467,1.0,1.0,24.0,5100.469576420513,49.35868524861593,81.93695788430658,0.021259699948132038,150000.0,8000.0,,0.0
4,81,8,known,3,100.0,300.0,150.0,481.806046111318,38.49713702013792,480.265589555065,343.9250384506462,39.16552563943236,341.6877136723904,1.0,1.0,30.0,4591.949532454533,55.13659748133938,64.04591409629258,0.02303869999013841,150000.0,8000.0,,0.0
4,82,8,known,3,100.0,300.0,150.0,594.1093786091302,47.04492549386046,592.2438085253438,305.86786458950434,42.162300769709624,302.9480004593988,1.0,1.0,48.0,4513.077936726766,56.146600811268335,71.8027826327736,0.0301714000524953,150000.0,8000.0,,0.0
4,83,8,known,3,100.0,300.0,150.0,987.039672368422,69.6195053718043,984.5813523020569,902.118836198631,54.062929496762195,900.4974149205541,1.0,1.0,39.0,4925.941686003564,51.370294876973574,85.96789924484885,0.023066600086167455,150000.0,8000.0,,0.0
4,84,8,known,3,100.0,300.0,150.0,813.6468979615424,41.31569428613103,812.5972483143759,530.6711174142765,32.95452958418793,529.6468954290223,1.0,1.0,35.0,4514.012601390421,55.861533834933375,77.4822241176068,0.01998260000254959,150000.0,8000.0,,0.0
4,85,8,known,3,100.0,300.0,150.0,380.26288859308426,55.701126172969396,376.16120079590786,302.0390296106847,51.79801125213616,297.5643483996153,1.0,1.0,42.0,4984.902885346708,50.771329551290684,56.029744267413996,0.030346599989570677,150000.0,8000.0,,0.0
4,86,8,known,3,100.0,300.0,150.0,1044.157176975742,63.25828682855124,1042.2392236801816,778.6755004424656,67.13419778305058,775.776085270325,1.0,1.0,24.0,4432.454669280805,56.93556600351971,66.54594140878156,0.01724890002515167,150000.0,8000.0,,0.0
4,87,8,known,3,100.0,300.0,150.0,423.8402859150104,79.96998187997549,416.22756992135214,399.65615527238657,66.86846479936294,394.0223989349874,1.0,1.0,32.0,4737.30976593009,53.268639404673216,71.9305753924405,0.01998089998960495,150000.0,8000.0,,0.0
4,88,8,known,3,100.0,300.0,150.0,683.3527556521695,74.85971274273544,679.2400253706261,607.1938602219699,42.548228657781465,605.701273012813,1.0,1.0,59.0,4635.723573475381,54.41415681225884,66.43198307472208,0.04007580003235489,150000.0,8000.0,,0.0
4,89,8,known,3,100.0,300.0,150.0,1299.8139200949895,75.43280882998388,1297.6232574305698,1195.2539950401924,59.852815592224154,1193.7544777403866,1.0,1.0,40.0,5125.783569549398,49.08445117284387,69.79115881701921,0.02171160001307726,150000.0,8000.0,,0.0
4,90,8,known,3,100.0,300.0,150.0,1566.3819707608202,124.39756236056066,1561.4345086500748,1064.4054182039747,76.44887219513375,1061.6564718599282,1.0,1.0,36.0,5503.709247858412,46.029724771646656,72.11824970571493,0.02373680006712675,150000.0,8000.0,,0.0
4,91,8,known,3,100.0,300.0,150.0,1137.7184227773155,58.63008712950172,1136.206725208969,669.6977232156387,62.51719013230152,666.7733058680227,1.0,1.0,39.0,4332.476316393495,58.361079289868144,63.417406397528836,0.025948000024072826,150000.0,8000.0,,0.0
4,92,8,known,3,100.0,300.0,150.0,543.7005988392153,62.561882855885415,540.0892074385932,427.363663111515,44.9156032249966,424.9968107351244,1.0,1.0,38.0,4885.120593730957,51.73766522843173,95.06682035324188,0.031011999933980405,150000.0,8000.0,,0.0
4,93,8,known,3,100.0,300.0,150.0,630.0953250529478,60.87080591214956,627.1481991054311,619.4283571406961,48.36392236254381,617.5373840049942,1.0,1.0,41.0,4807.25616738448,52.39172015972883,67.8508319199829,0.02286989998538047,150000.0,8000.0,,0.0
4,94,8,known,3,100.0,300.0,150.0,793.0029180069517,48.564964929402855,791.5144168926718,614.1277152201693,46.560267872774055,612.360181639173,1.0,1.0,27.0,5071.935395914804,49.78621409962944,68.44487330783812,0.030621000099927187,150000.0,8000.0,,0.0
4,95,8,known,3,100.0,300.0,150.0,178.62056786498584,40.321838637737734,174.00993245582924,175.3032702162497,33.247174095692934,172.12164873473105,1.0,1.0,33.0,4810.788919265768,52.42274690436226,46.61161754173838,0.034963499987497926,150000.0,8000.0,,0.0
4,96,8,known,3,100.0,300.0,150.0,1000.5837370377114,48.382577596805234,999.4132983953342,726.055791901424,49.99327333836962,724.3325793960389,1.0,1.0,32.0,4756.999480331536,53.07393243759533,71.6041452747539,0.04543769999872893,150000.0,8000.0,,0.0
4,97,8,known,3,100.0,300.0,150.0,1273.7900285251774,126.30290324343571,1267.512766563892,368.3619368291727,65.76213506578252,362.44428274719576,1.0,1.0,30.0,5529.043967381588,45.61771653170821,95.85173876429627,0.03871090000029653,150000.0,8000.0,,0.0
4,98,8,known,3,100.0,300.0,150.0,1669.2288343826328,114.60871571167624,1665.2896876571724,1178.8803803989463,72.90225073131587,1176.6240746848046,1.0,1.0,31.0,5277.890600841631,47.652833673731934,70.38063507745721,0.03246770007535815,150000.0,8000.0,,0.0
4,99,8,known,3,100.0,300.0,150.0,1319.0977607643576,84.41488331855663,1316.3939493661678,878.2120409073135,69.14599148130151,875.4857055695751,1.0,1.0,34.0,5405.132509713023,46.740555623977464,52.41946738337164,0.04195280000567436,150000.0,8000.0,,0.0
5,0,8,known,3,100.0,300.0,150.0,825.1697688492271,63.56110824707257,822.7181369953447,278.1029139892747,54.27819687603405,272.75466652875514,1.0,1.0,36.0,5141.1150317886495,49.236538402668664,69.27468403781485,0.040183600038290024,150000.0,9000.0,,0.0
5,1,8,known,3,100.0,300.0,150.0,803.1802325314416,59.40190097639071,800.9805865872479,767.7243378390551,59.363062706956775,765.4258198522347,1.0,1.0,16.0,5698.954736126248,44.23847049892592,73.77935245060367,0.018153600045479834,150000.0,9000.0,,0.0
5,2,8,known,3,100.0,300.0,150.0,2038.861294134664,93.9855264061359,2036.6939135635082,1144.1835545128927,95.29973109991948,1140.207861606839,1.0,1.0,12.0,4751.9994446592655,53.29474547459124,78.21396460559998,0.01607250003144145,150000.0,9000.0,,0.0
5,3,8,known,3,100.0,300.0,150.0,1631.3832689935307,75.94021004924436,1629.6148179400234,888.3506939960731,57.36995301106297,886.4962741122001,1.0,1.0,19.0,4865.153898999315,52.00220572129679,66.67214443341659,0.016066400101408362,150000.0,9000.0,,0.0
5,4,8,known,3,100.0,300.0,150.0,930.9245174076349,131.7184023611688,921.5588530257083,399.0332940348928,67.06844050911118,393.3565736529809,1.0,1.0,22.0,5091.3497657576345,49.64731021139836,51.877041736630275,0.031827199971303344,150000.0,9000.0,,0.0
5,5,8,known,3,100.0,300.0,150.0,1574.20859355363,191.11268470157583,1562.564762742413,1009.5876135356193,83.84305853826302,1006.1001396180683,1.0,1.0,14.0,6262.5948820026315,40.212438145902375,86.76575419163869,0.017652099952101707,150000.0,9000.0,,0.0
5,6,8,known,3,100.0,300.0,150.0,512.9775316576826,90.67957481017578,504.8991609201331,429.4861730614976,45.552810649860874,427.0635951388371,1.0,1.0,21.0,5726.380445763754,44.17351562519733,74.89285582058866,0.018486800021491945,150000.0,9000.0,,0.0
5,7,8,known,3,100.0,300.0,150.0,1153.0631250505025,64.24467637585961,1151.271988675392,851.4109480469053,66.85329092740555,848.7822099610157,1.0,1.0,18.0,5441.052686764733,46.482107504218604,82.5134049767355,0.018434600089676678,150000.0,9000.0,,0.0
5,8,8,known,3,100.0,300.0,150.0,966.8089879308649,64.13164010442722,964.6796110011963,537.1953146292097,64.07094250230963,533.360778822779,1.0,1.0,31.0,5895.241414623096,42.73963846990721,88.84275794914728,0.04588509991299361,150000.0,9000.0,,0.0
5,9,8,known,3,100.0,300.0,150.0,1584.8601825302528,97.18075676368215,1581.8779025843507,838.9040993018328,64.13225327590752,836.449126913989,1.0,1.0,21.0,4708.645191039019,53.52616025554411,85.70313065528768,0.016676000086590648,150000.0,9000.0,,0.0
5,10,8,known,3,100.0,300.0,150.0,771.0144064092638,113.87654188587743,762.5584227446075,735.6953704011925,64.02243260390267,732.9043635790597,1.0,1.0,31.0,5539.119680871663,45.43007231779792,54.12620445746445,0.03963860007934272,150000.0,9000.0,,0.0
5,11,8,known,3,100.0,300.0,150.0,437.39274655444626,44.39415466990837,435.1339722080848,372.23496809439393,34.895054989387496,370.59574553618677,1.0,1.0,20.0,5456.691550591504,46.394650585159724,66.04451936334826,0.0175095999147743,150000.0,9000.0,,0.0
5,12,8,known,3,100.0,300.0,150.0,292.7265434460113,80.9629067570421,281.3073709793258,272.2125031223718,65.19550393895616,264.2899792317007,1.0,1.0,73.0,5566.35357281159,45.402228091355646,88.0507108355914,0.08772050007246435,150000.0,9000.0,,0.0
5,13,8,known,3,100.0,300.0,150.0,895.1157544055743,88.46736190222198,890.7332595469429,582.3292771894222,66.91751363135882,578.4716358140231,1.0,1.0,33.0,5240.504920333276,48.2529181945057,83.29559034227852,0.04358330008108169,150000.0,9000.0,,0.0
5,14,8,known,3,100.0,300.0,150.0,1000.2973715445366,96.23338903787673,995.6575547612711,830.6721742315045,85.6941183017365,826.240146162714,1.0,1.0,38.0,5742.509419639517,43.93867156552889,63.37644580841121,0.04418399999849498,150000.0,9000.0,,0.0
5,15,8,known,3,100.0,300.0,150.0,369.58108333784287,78.75628504367126,361.09226622470544,314.28532240066096,62.408250095649635,308.0267426644742,1.0,1.0,29.0,5501.338993431677,45.53604468584618,89.7097559006611,0.028182499925605953,150000.0,9000.0,,0.0
5,16,8,known,3,100.0,300.0,150.0,490.83006316100403,47.36995065620465,488.53888143878976,463.3667940294943,35.443754561633604,462.00922725822966,1.0,1.0,45.0,5567.436728407939,45.23350022014687,58.12916922780636,0.040980700054205954,150000.0,9000.0,,0.0
5,17,8,known,3,100.0,300.0,150.0,892.4493806963419,89.72790708396481,887.9272491570554,787.3387536275817,64.24780775926882,784.7130253551051,1.0,1.0,31.0,5550.2679811468615,45.495530316470656,71.17996353312525,0.04175159998703748,150000.0,9000.0,,0.0
5,18,8,known,3,100.0,300.0,150.0,1018.833158947803,82.76189659900871,1015.4661364333595,916.5460028745606,80.80151666655806,912.977376658216,1.0,1.0,28.0,5464.331686648122,46.06713030210739,61.02567781927866,0.038636800018139184,150000.0,9000.0,,0.0
5,19,8,known,3,100.0,300.0,150.0,812.0820552876337,69.11579785704615,809.1355084327788,794.4321964685428,49.412013393057016,792.8940457074184,1.0,1.0,24.0,5547.817701311633,45.5254372585452,61.83407885107953,0.020164299989119172,150000.0,9000.0,,0.0
5,20,8,known,3,100.0,300.0,150.0,1423.8435461847887,95.13813514978986,1420.6615287436675,789.1727996654669,61.8470012283509,786.7456108367504,1.0,1.0,17.0,5008.512573883071,50.32920291263448,61.827123036685734,0.020900300005450845,150000.0,9000.0,,0.0
5,21,8,known,3,100.0,300.0,150.0,344.6980412951674,78.95253502673351,335.5342559047844,265.50041377693327,44.46909892097855,261.7498213120288,1.0,1.0,33.0,5499.189087519504,45.89764914840452,60.93394643789752,0.02683360001537949,150000.0,9000.0,,0.0
5,22,8,known,3,100.0,300.0,150.0,1063.2217179060806,89.3916272756454,1059.4571998906654,891.3709609077883,65.1187686307701,888.98916524426,1.0,1.0,20.0,5901.139838494085,42.65985411569033,90.87435043747061,0.014205099898390472,150000.0,9000.0,,0.0
5,23,8,known,3,100.0,300.0,150.0,615.3773341808902,56.40897112493254,612.7864974036272,431.6838261845009,32.52108037260267,430.45708859384473,1.0,1.0,23.0,5350.056884060638,47.31040088766947,74.66402453401317,0.022914899978786707,150000.0,9000.0,,0.0
5,24,8,known,3,100.0,300.0,150.0,817.0322732896996,57.20639767129604,815.0270938210631,740.7433482450845,51.87922818939596,738.924389671779,1.0,1.0,17.0,5557.334279099554,45.47554249069469,61.58933447339577,0.02739029994700104,150000.0,9000.0,,0.0
5,25,8,known,3,100.0,300.0,150.0,465.95735486480663,69.63752611325305,460.72429012309885,431.62726438546736,60.17041104416632,427.41270102286177,1.0,1.0,37.0,5655.3988352994065,44.67350361116212,96.41995422555054,0.039051400031894445,150000.0,9000.0,,0.0
5,26,8,known,3,100.0,300.0,150.0,357.1567820518158,78.40340461680314,348.4449355495099,277.72918443360794,47.026707772344714,273.71881309521183,1.0,1.0,33.0,5648.406132923695,44.72090874472204,67.5376103117524,0.04792719997931272,150000.0,9000.0,,0.0
5,27,8,known,3,100.0,300.0,150.0,147.8860808208634,49.86989753764855,139.22387087040562,117.21268277574028,44.471465432692845,108.44861348009539,1.0,1.0,30.0,5564.817563281139,45.38560041512872,76.87543042629983,0.043309399974532425,150000.0,9000.0,,0.0
5,28,8,known,3,100.0,300.0,150.0,1037.094256298272,71.64757574220694,1034.6164126559809,689.0427112622273,70.79335918784606,685.3963512001664,1.0,1.0,26.0,5306.287947216922,47.579564664109135,62.94119129059192,0.04334319999907166,150000.0,9000.0,,0.0
5,29,8,known,3,100.0,300.0,150.0,1853.172050333049,144.25437055854613,1847.5490046844097,745.6546989819916,81.69123410386536,741.1662919915557,1.0,1.0,28.0,4572.199747601348,55.315654931832675,82.88250368667731,0.053258600062690675,150000.0,9000.0,,0.0
5,30,8,known,3,100.0,300.0,150.0,527.3520642393062,45.35472076314337,525.398086180331,295.15065206637763,48.9105016948261,291.06987174760684,1.0,1.0,34.0,5329.799645322144,47.20067779531823,64.42678824816457,0.04662460007239133,150000.0,9000.0,,0.0
5,31,8,known,3,100.0,300.0,150.0,836.2433993974611,73.77823816076581,832.982469569267,547.2582190792676,78.4935472655339,541.5997797151372,1.0,1.0,32.0,5190.916851378988,48.516852066902345,69.67452602011706,0.04115269996691495,150000.0,9000.0,,0.0
5,32,8,known,3,100.0,300.0,150.0,582.1594239521222,62.593829411694635,578.7845950056433,267.18485666970423,32.86978684962081,265.1552842129889,1.0,1.0,29.0,5862.490097623389,43.128108780404006,77.92434354144989,0.025161499972455204,150000.0,9000.0,,0.0
5,33,8,known,3,100.0,300.0,150.0,683.0206175989538,85.20608961476456,677.6850937993376,532.3525908896216,72.7941027069587,527.352159034152,1.0,1.0,24.0,5402.2561689579925,46.828414572076795,64.03718343246744,0.024798600003123283,150000.0,9000.0,,0.0
5,34,8,known,3,100.0,300.0,150.0,893.1629953988752,70.64955830936096,890.3644064429931,852.4441206225446,50.663148815726124,850.9372621621519,1.0,1.0,25.0,5738.269275075933,43.95595530836438,84.3201688774306,0.028414800064638257,150000.0,9000.0,,0.0
5,35,8,known,3,100.0,300.0,150.0,1306.002414234171,80.03924851434292,1303.5474769576836,932.1263083387086,67.99613944447837,929.6429313009356,1.0,1.0,35.0,5850.923827862619,43.17848058118747,71.74293125155552,0.038790600025095046,150000.0,9000.0,,0.0
5,36,8,known,3,100.0,300.0,150.0,1244.0502635494788,126.88081065765365,1237.5630562215342,732.4637851766192,67.93265201913599,729.3067608248998,1.0,1.0,16.0,4964.6414083513455,50.924214019828746,68.77387035470814,0.022946099983528256,150000.0,9000.0,,0.0
5,37,8,known,3,100.0,300.0,150.0,1489.9493766477724,66.21274154441154,1488.477415962452,1245.6497117074618,61.382967458837726,1244.13638142401,1.0,1.0,18.0,6118.975193803123,41.368694750040206,84.81048902427285,0.0170534000499174,150000.0,9000.0,,0.0
5,38,8,known,3,100.0,300.0,150.0,518.4811203989406,66.22391600068563,514.2344457148654,417.2603967488486,60.37900896655867,412.86876119564045,1.0,1.0,31.0,5417.076804400935,46.7222024963671,70.36225742994026,0.035280499956570566,150000.0,9000.0,,0.0
5,39,8,known,3,100.0,300.0,150.0,1012.481842491871,59.59148517166768,1010.7266377566038,688.4875538664696,48.780619111286,686.7572810157563,1.0,1.0,27.0,5825.382635577912,43.42971527920665,80.94455708658558,0.030850799987092614,150000.0,9000.0,,0.0
5,40,8,known,3,100.0,300.0,150.0,883.2249559320936,82.32165599547632,879.3801610995163,858.4506222771757,62.706129280278645,856.1573524993845,1.0,1.0,27.0,5698.563435078467,44.31548543094656,78.16403663527707,0.021688399952836335,150000.0,9000.0,,0.0
5,41,8,known,3,100.0,300.0,150.0,411.4143613676783,64.91445727357537,406.26086444112696,351.0635771621143,48.831531268518546,347.6508546858924,1.0,1.0,28.0,5622.503054401543,44.80225065244949,58.07554059933596,0.031452200026251376,150000.0,9000.0,,0.0
5,42,8,known,3,100.0,300.0,150.0,1114.4301608236985,41.572601423324876,1113.6544806017853,553.3333003921834,51.4494220763474,550.9362016521661,1.0,1.0,22.0,5141.055717597124,49.212744393783865,59.53110112134961,0.01698810001835227,150000.0,9000.0,,0.0
5,43,8,known,3,100.0,300.0,150.0,1163.4873600108579,68.12461179687642,1161.4912286248916,644.3812168604512,62.44448237331522,641.3484538561581,1.0,1.0,29.0,6064.973893974491,41.702099865067126,81.84421476147408,0.026047699968330562,150000.0,9000.0,,0.0
5,44,8,known,3,100.0,300.0,150.0,574.9696643402287,77.02162405261505,569.7874905083586,464.8393722970568,65.47420697576898,460.2051393220375,1.0,1.0,27.0,5574.650119333141,45.22481461744749,76.78001192600203,0.022580199991352856,150000.0,9000.0,,0.0
5,45,8,known,3,100.0,300.0,150.0,1250.869187486226,72.90315521113824,1248.7429095545297,772.9612214331689,71.50999611086276,769.646263094729,1.0,1.0,20.0,5020.30702172068,50.43307386446319,54.79841719562969,0.013503000023774803,150000.0,9000.0,,0.0
5,46,8,known,3,100.0,300.0,150.0,493.89778624695913,46.56184209487735,491.69809651897026,155.48684211483703,42.60053787155895,149.537126640504,1.0,1.0,22.0,5300.484533776437,47.42860676362245,62.5356505558668,0.01895109994802624,150000.0,9000.0,,0.0
5,47,8,known,3,100.0,300.0,150.0,901.1185106748,96.81945704434307,895.9020945496267,804.9311598316277,72.0204905897894,801.7027011324681,1.0,1.0,40.0,5595.197523839254,45.05990212763506,80.96007899510911,0.034271699958480895,150000.0,9000.0,,0.0
5,48,8,known,3,100.0,300.0,150.0,532.1631025921508,46.74762866490557,530.1058639316416,469.4420019756526,39.11264061071261,467.8097845955831,1.0,1.0,19.0,5507.62674154184,45.86027634741436,79.93135966560678,0.02518839994445443,150000.0,9000.0,,0.0
5,49,8,known,3,100.0,300.0,150.0,962.5543939613539,83.78672842165544,958.900800643479,879.0290254602689,62.284076216257624,876.8196630160147,1.0,1.0,24.0,5463.407048256113,46.030969189284626,81.81982969172066,0.03327169991098344,150000.0,9000.0,,0.0
5,50,8,known,3,100.0,300.0,150.0,827.4558053997997,44.59310473773001,826.2533297359116,801.8573034396487,29.18038900609477,801.3261757717377,1.0,1.0,18.0,5549.919606668748,45.45080216201303,52.41719081248473,0.015109200030565262,150000.0,9000.0,,0.0
5,51,8,known,3,100.0,300.0,150.0,565.2831965020426,84.63018335395569,558.9121794280769,486.7589016264989,72.29417589723334,481.3603436553281,1.0,1.0,31.0,5474.832700820464,45.99736260173681,83.9620952305152,0.032606499968096614,150000.0,9000.0,,0.0
5,52,8,known,3,100.0,300.0,150.0,1302.6458210237033,63.8521121119072,1301.0799525045977,997.0364687558683,68.18409807387435,994.7022915420594,1.0,1.0,43.0,5667.584461066169,44.44378927668416,85.33517395503937,0.059657600009813905,150000.0,9000.0,,0.0
5,53,8,known,3,100.0,300.0,150.0,278.9038147324871,110.67948026691379,256.00271584531936,214.06317541333175,71.88722735938529,201.63151938776556,1.0,1.0,36.0,5662.529323922619,44.643482771571165,74.7109976691254,0.03440400003455579,150000.0,9000.0,,0.0
5,54,8,known,3,100.0,300.0,150.0,1020.2768696224107,88.60986124007076,1016.4217545770658,742.3855055172697,58.181116313799755,740.1021527509647,1.0,1.0,33.0,5983.990481479002,42.10309769162223,91.43238181422798,0.041785100009292364,150000.0,9000.0,,0.0
5,55,8,known,3,100.0,300.0,150.0,801.2698520873851,58.92201484318652,799.1004768056138,405.64316000129844,65.09644822798914,400.38584600849686,1.0,1.0,25.0,5948.6256430881,42.4078710969874,52.8139902896904,0.022591799963265657,150000.0,9000.0,,0.0
5,56,8,known,3,100.0,300.0,150.0,1746.5103014137185,140.5277639585214,1740.847546599373,1319.7972492850338,83.47517858190729,1317.1547645516303,1.0,1.0,29.0,6216.552686498417,40.493424521826796,75.99325843345059,0.04271329997573048,150000.0,9000.0,,0.0
5,57,8,known,3,100.0,300.0,150.0,1534.2798270750786,67.55098998799271,1532.7920444473789,1253.439958012824,68.8475273692391,1251.5477403272846,1.0,1.0,24.0,5849.838610592173,43.30808895630157,58.733718708284144,0.023325899965129793,150000.0,9000.0,,0.0
5,58,8,known,3,100.0,300.0,150.0,909.9624315952683,56.30479601608159,908.2188045071301,724.1014233200463,53.33287321336957,722.1346660346139,1.0,1.0,32.0,5318.028886141156,47.45828926501781,64.45929966364335,0.03285900002811104,150000.0,9000.0,,0.0
5,59,8,known,3,100.0,300.0,150.0,604.5241886542942,83.02885083449534,598.7952109003844,579.0594066698409,51.3451040750187,576.7785335294247,1.0,1.0,26.0,5529.41191733558,45.72391328071825,75.1837331776385,0.02699449995998293,150000.0,9000.0,,0.0
5,60,8,known,3,100.0,300.0,150.0,1232.6513338412249,65.52438898782154,1230.9085527643083,1056.2969976418747,55.382148403812465,1054.8441424520577,1.0,1.0,17.0,5357.073277212767,47.07380656359531,79.9024458400742,0.01852309994865209,150000.0,9000.0,,0.0
5,61,8,known,3,100.0,300.0,150.0,723.7705373958402,38.84456621494448,722.7273970715625,715.66130865406,37.24668872413153,714.6913969564272,1.0,1.0,26.0,5652.109492569921,44.698985932640845,82.74655184311938,0.030624100007116795,150000.0,9000.0,,0.0
5,62,8,known,3,100.0,300.0,150.0,1617.596812923265,125.47333344188016,1612.7231292985434,1015.3864412585592,73.49926253568857,1012.7228068422432,1.0,1.0,31.0,6285.274063313866,40.04393901161291,70.9554529206677,0.039294200018048286,150000.0,9000.0,,0.0
5,63,8,known,3,100.0,300.0,150.0,517.8120281195861,37.56246670434115,516.4478265617973,514.9279026722935,35.196270081838954,513.7236295157284,1.0,1.0,39.0,5569.969916247194,45.31587865104294,89.12693021735595,0.07277649990282953,150000.0,9000.0,,0.0
5,64,8,known,3,100.0,300.0,150.0,514.497881556154,74.92873025155527,509.0125298149938,409.68505707518153,54.921395540130725,405.9870518903519,1.0,1.0,30.0,5670.840697724027,44.3036817179916,77.84288610726198,0.05436679988633841,150000.0,9000.0,,0.0
5,65,8,known,3,100.0,300.0,150.0,660.1047512124944,45.27181381515199,658.5504881534865,513.5211573134372,41.507134609113834,511.8409291811987,1.0,1.0,16.0,5777.571676388272,43.6811996111695,64.12075668227759,0.021719800075516105,150000.0,9000.0,,0.0
5,66,8,known,3,100.0,300.0,150.0,357.2326033861918,72.98349549690518,349.69778710642333,338.32614842727924,65.09616248914739,332.00462698405863,1.0,1.0,40.0,5491.344823573178,46.07312451888908,76.93709710026906,0.048037200001999736,150000.0,9000.0,,0.0
5,67,8,known,3,100.0,300.0,150.0,553.0444727141318,86.11500589415878,546.2988143493458,406.68022151065617,48.179690447123654,403.816195807419,1.0,1.0,35.0,5304.464069238929,47.63891879063911,80.45799041955028,0.03580790001433343,150000.0,9000.0,,0.0
5,68,8,known,3,100.0,300.0,150.0,642.3244953682758,110.9637988762098,632.667205321305,510.60424109193264,46.418034037560716,508.4899774205548,1.0,1.0,34.0,5634.055210777578,44.72085679739147,68.80513828095202,0.038066400098614395,150000.0,9000.0,,0.0
5,69,8,known,3,100.0,300.0,150.0,931.3271828424449,39.964193007797206,930.4693357539948,701.80810991612,42.21452786478521,700.5373343235818,1.0,1.0,19.0,5799.327122166405,43.55446613960869,85.9580932729314,0.030093800043687224,150000.0,9000.0,,0.0
5,70,8,known,3,100.0,300.0,150.0,480.4383805273293,61.76518242765772,476.4515712256609,473.4195417237422,44.17244790918281,471.35428006079314,1.0,1.0,36.0,5469.622503950034,46.078094921074786,62.288224104662525,0.05058039992582053,150000.0,9000.0,,0.0
5,71,8,known,3,100.0,300.0,150.0,1833.1819213026322,125.00604902862288,1828.9148269662708,1500.0953798520895,109.04795289845853,1496.126563036109,1.0,1.0,12.0,5776.127505404501,43.7539501731077,67.02295585985469,0.017447900027036667,150000.0,9000.0,,0.0
5,72,8,known,3,100.0,300.0,150.0,1579.6971403661012,100.0358736830745,1576.5265234867763,1489.8185831855094,88.5429535823809,1487.1851116037258,1.0,1.0,19.0,5417.988480972927,46.63465118038528,64.61605186277261,0.024195399950258434,150000.0,9000.0,,0.0
5,73,8,known,3,100.0,300.0,150.0,1008.9865696354794,165.1903928628195,995.3723081393211,519.7364519843676,64.9933886044118,515.6567065005697,1.0,1.0,21.0,6070.70621004396,41.471627356359335,76.33793734649842,0.033222900005057454,150000.0,9000.0,,0.0
5,74,8,known,3,100.0,300.0,150.0,326.26465112751333,58.503047029976464,320.97665968659834,317.7974404381525,48.48874384811773,314.0765111705628,1.0,1.0,41.0,5550.38070922242,45.43103477245789,76.79362226902622,0.045918399933725595,150000.0,9000.0,,0.0
5,75,8,known,3,100.0,300.0,150.0,670.3955784582869,99.12916713165345,663.0261230450922,555.9032399772252,69.73253693896766,551.5122714040295,1.0,1.0,18.0,5403.522835026436,46.69081610025348,68.42583097139757,0.024679799913428724,150000.0,9000.0,,0.0
5,76,8,known,3,100.0,300.0,150.0,383.66575512987094,45.55471257324523,380.95167649157696,286.82865129964847,33.132801299980166,284.90856899081035,1.0,1.0,33.0,5684.927325379012,44.29252948854505,67.46071453379372,0.038719600066542625,150000.0,9000.0,,0.0
5,77,8,known,3,100.0,300.0,150.0,715.2929587111654,44.67610413156152,713.8963947950703,605.791915990549,47.84328485786821,603.8997148314522,1.0,1.0,22.0,5410.340633583635,46.81266468490985,82.23518942825818,0.03278949996456504,150000.0,9000.0,,0.0
5,78,8,known,3,100.0,300.0,150.0,390.0471184292743,83.47835117676995,381.0093430347716,273.8143293649134,76.2270159959779,262.9899788925544,1.0,1.0,30.0,5673.00540033545,44.38949784586319,103.62726533992048,0.03100409999024123,150000.0,9000.0,,0.0
5,79,8,known,3,100.0,300.0,150.0,886.0838101439457,81.59274547153085,882.319184017683,749.6491837403894,52.757434200645115,747.7904464615717,1.0,1.0,26.0,5372.241315097963,47.291404800115146,85.0371270231329,0.03390340006444603,150000.0,9000.0,,0.0
5,80,8,known,3,100.0,300.0,150.0,882.0750454505315,70.26440910395692,879.2720276568731,810.6800097200547,60.58048076324529,808.4133123039242,1.0,1.0,22.0,5706.138634891699,44.183906078349445,75.14004986568305,0.02322979993186891,150000.0,9000.0,,0.0
5,81,8,known,3,100.0,300.0,150.0,701.2034481267721,102.97183736165363,693.6015256436796,634.6557448838346,58.71562734763558,631.9338490848774,1.0,1.0,34.0,5536.915858911762,45.522461608012335,73.78152435511723,0.0433871999848634,150000.0,9000.0,,0.0
5,82,8,known,3,100.0,300.0,150.0,2011.425459533676,188.13460626682777,2002.6077372229156,995.1414973968518,72.41647425108683,992.5031254854013,1.0,1.0,27.0,4655.935115357547,54.116486291776106,78.75725176721359,0.03455570002552122,150000.0,9000.0,,0.0
5,83,8,known,3,100.0,300.0,150.0,1254.1892810849965,117.35626291535445,1248.686614144255,1222.463632310854,69.3819744242348,1220.493127366001,1.0,1.0,21.0,5674.776659888531,44.638891411113995,49.803517960965756,0.02200190001167357,150000.0,9000.0,,0.0
5,84,8,known,3,100.0,300.0,150.0,981.3556385207198,153.53274195433383,969.2711624743582,620.3932602048145,70.47125795002655,616.3778054979749,1.0,1.0,29.0,5245.009111803932,48.26815385117585,73.902212010065,0.038650100002996624,150000.0,9000.0,,0.0
5,85,8,known,3,100.0,300.0,150.0,1353.9099523173106,98.03544111365905,1350.355957245908,1222.0600914538957,89.54259675226294,1218.7752009665955,1.0,1.0,20.0,5480.185567939711,45.922310210693894,57.00074214281965,0.03078639996238053,150000.0,9000.0,,0.0
5,86,8,known,3,100.0,300.0,150.0,592.4286012531594,90.5788011726443,585.4631742141443,521.8938461070676,55.74784552563946,518.907857257603,1.0,1.0,33.0,5564.888183298445,45.501261472061785,70.45274814096177,0.03813629993237555,150000.0,9000.0,,0.0
5,87,8,known,3,100.0,300.0,150.0,1007.7687585110576,60.78281888189082,1005.9340532856463,875.899625965519,63.70873556746967,873.5796195991126,1.0,1.0,40.0,5611.548319050648,44.93362469782172,95.88008275274213,0.049650799948722124,150000.0,9000.0,,0.0
5,88,8,known,3,100.0,300.0,150.0,598.0681505001015,43.98236821080298,596.4487102250968,551.8035329103285,37.50292585796123,550.5276282662045,1.0,1.0,36.0,5710.291054518051,44.04762446025156,91.49453708671516,0.04465089994482696,150000.0,9000.0,,0.0
5,89,8,known,3,100.0,300.0,150.0,1453.34023402054,91.7504489626049,1450.4412056122917,585.6828969520118,60.54348508700482,582.5452275966395,1.0,1.0,37.0,4871.232907042461,51.861150132991334,76.91300209497354,0.03578619996551424,150000.0,9000.0,,0.0
5,90,8,known,3,100.0,300.0,150.0,1398.9833835253346,102.94381734864179,1395.1906958726763,1175.460281664717,75.30816438175503,1173.0454186214388,1.0,1.0,27.0,5924.529525792645,42.58346044652895,103.92545989463036,0.047915800008922815,150000.0,9000.0,,0.0
5,91,8,known,3,100.0,300.0,150.0,750.1812914843193,23.37526838135701,749.8170222935598,702.4315716235519,25.381492346153905,701.9728574950852,1.0,1.0,21.0,5648.187415739184,44.867798158409066,54.26862256697783,0.022079900023527443,150000.0,9000.0,,0.0
5,92,8,known,3,100.0,300.0,150.0,1124.9641819670335,60.887943353746664,1123.3152135811692,1080.7316425143024,44.94935082857573,1079.796480357179,1.0,1.0,25.0,5712.608352398714,44.168129736833905,75.24614523202452,0.04127429996151477,150000.0,9000.0,,0.0
5,93,8,known,3,100.0,300.0,150.0,540.1653663720454,61.23821701393435,536.6828707950351,495.3680459201728,55.646307976746904,492.2326577212522,1.0,1.0,30.0,5670.653687248668,44.58822237655729,72.04263108782368,0.05295100004877895,150000.0,9000.0,,0.0
5,94,8,known,3,100.0,300.0,150.0,677.2107488953802,72.98842731958621,673.2659859942838,597.9550267701692,68.83151204988792,593.9801654842018,1.0,1.0,21.0,5612.158376131515,44.99637137965409,87.23216972457101,0.02790310001000762,150000.0,9000.0,,0.0
5,95,8,known,3,100.0,300.0,150.0,1141.1738766375697,88.488828911433,1137.7379064960005,914.241788620711,64.91798411178205,911.9340455313965,1.0,1.0,24.0,5836.71930492885,43.384119151301846,80.28150130200169,0.025014300015754998,150000.0,9000.0,,0.0
5,96,8,known,3,100.0,300.0,150.0,1403.173551740227,91.13091368593075,1400.2111172512705,1296.4886007208636,73.91073706704292,1294.380119881849,1.0,1.0,20.0,5660.990702700366,44.604736216412114,74.99226048169827,0.02812230004929006,150000.0,9000.0,,0.0
5,97,8,known,3,100.0,300.0,150.0,766.4840070130044,80.90976865330526,762.2016415248527,691.5098127520104,45.77848802751522,689.9928631270291,1.0,1.0,32.0,5745.435958561137,43.97560469755176,72.02268066751319,0.04473849991336465,150000.0,9000.0,,0.0
5,98,8,known,3,100.0,300.0,150.0,909.3786247517228,58.328037580181245,907.5061009091783,798.5127465596964,57.662233375005634,796.4280716175921,1.0,1.0,23.0,5816.760518740597,43.375107161837335,48.80628738890443,0.02660089998971671,150000.0,9000.0,,0.0
5,99,8,known,3,100.0,300.0,150.0,619.8540010313725,99.50597196973261,611.8149590660231,510.3252889451483,77.13442146527461,504.4622697111911,1.0,1.0,16.0,5650.743835974744,44.60390745028552,56.61746611354855,0.017224399955011904,150000.0,9000.0,,0.0
6,0,8,known,3,100.0,300.0,150.0,624.6812667099083,55.283184746923,622.2302262527377,431.61766805920627,44.52895726112624,429.31455058744973,1.0,1.0,37.0,6043.468287993929,41.77664498462321,65.22524913196487,0.045447800075635314,150000.0,10000.0,,0.0
6,1,8,known,3,100.0,300.0,150.0,1128.4608316686401,98.30753726935414,1124.1705727896963,954.374653195554,77.59023354301438,951.2153984880998,1.0,1.0,31.0,6510.886584822989,38.70665553956335,67.66189929883139,0.03882070002146065,150000.0,10000.0,,0.0
6,2,8,known,3,100.0,300.0,150.0,899.772457831511,57.556276099796854,897.92970267927,723.4159627882809,57.54544528532946,721.1235517883247,1.0,1.0,32.0,6128.464650512449,41.078199608786385,78.70035593373882,0.032064000028185546,150000.0,10000.0,,0.0
6,3,8,known,3,100.0,300.0,150.0,878.4571070353202,51.31893037272815,876.9568155195916,814.9122959652631,48.05323779213201,813.4942756117398,1.0,1.0,21.0,6172.826745160197,40.83188431982479,79.25911205843622,0.019400699995458126,150000.0,10000.0,,0.0
6,4,8,known,3,100.0,300.0,150.0,812.1004161968606,167.47953771471686,794.6431214287196,332.66678829222315,83.78377600520793,321.94327281521504,1.0,1.0,43.0,5918.905372769061,42.66838169426152,73.3413654629699,0.039998200023546815,150000.0,10000.0,,0.0
6,5,8,known,3,100.0,300.0,150.0,689.249149772754,45.94306501489436,687.7162388947214,655.8466136314134,38.608295238235534,654.7092332864947,1.0,1.0,22.0,6254.30742919322,40.411224977147235,86.27211687075906,0.021547899930737913,150000.0,10000.0,,0.0
6,6,8,known,3,100.0,300.0,150.0,719.6294741855374,36.45207240612454,718.7056605689506,276.8056271233749,40.72231713750484,273.79380579939595,1.0,1.0,17.0,6640.654236330523,37.95589930215152,92.51895617249978,0.01727840001694858,150000.0,10000.0,,0.0
6,7,8,known,3,100.0,300.0,150.0,1213.4210542705546,85.19857986101775,1210.4263120639478,766.1842594094707,59.73224434286442,763.8523275821075,1.0,1.0,17.0,6808.336421874607,37.11323456790459,69.28687881874652,0.022135699982754886,150000.0,10000.0,,0.0
6,8,8,known,3,100.0,300.0,150.0,1334.86642750981,123.82426585330536,1329.1109549163652,570.2652935893747,57.08717577302145,567.4007044715718,1.0,1.0,25.0,5594.331190540106,45.238463570288204,65.35927223285223,0.0271239000139758,150000.0,10000.0,,0.0
6,9,8,known,3,100.0,300.0,150.0,1508.6394873363608,62.27102954761669,1507.353781177331,809.6502491771065,89.40572796475122,804.6987894856334,1.0,1.0,29.0,5823.603716905829,43.380731485472374,81.58722660772871,0.044740599929355085,150000.0,10000.0,,0.0
6,10,8,known,3,100.0,300.0,150.0,1554.6094468008246,71.90692832481746,1552.9455643200297,1033.3407426708711,58.705944712717105,1031.67179980795,1.0,1.0,25.0,6966.694257890496,36.345332106991656,88.97724844820131,0.023094499949365854,150000.0,10000.0,,0.0
6,11,8,known,3,100.0,300.0,150.0,936.0281740576661,75.80715206609985,932.9533848619425,912.4195428390076,68.2548182842599,909.8630127307772,1.0,1.0,17.0,6270.90214739514,40.51275881681731,48.00688089206519,0.014850599924102426,150000.0,10000.0,,0.0
6,12,8,known,3,100.0,300.0,150.0,964.4641368609871,78.6104991647535,961.2551486010761,798.8272195731017,37.89178550079409,797.9280289114139,1.0,1.0,26.0,6478.06027326186,39.03479883443415,67.36982790027125,0.02735500002745539,150000.0,10000.0,,0.0
6,13,8,known,3,100.0,300.0,150.0,483.50707698914493,57.29043153813491,480.1009268401397,338.7974492393093,56.392925938160765,334.0711743254654,1.0,1.0,30.0,6174.31273992232,41.01409318894932,60.684112279161155,0.030056399991735816,150000.0,10000.0,,0.0
6,14,8,known,3,100.0,300.0,150.0,800.8117911626332,81.86746389965285,796.6161203614599,600.8925508562677,62.17972335361163,597.6667463379744,1.0,1.0,26.0,6034.183815115378,42.027893525945885,66.93638867253252,0.030099099967628717,150000.0,10000.0,,0.0
6,15,8,known,3,100.0,300.0,150.0,1373.5595682009025,106.98085402096837,1369.3870834315599,707.2849765098845,61.66813878914766,704.5914267537395,1.0,1.0,25.0,5745.92415437759,43.89051144429806,60.10944344263451,0.022956699947826564,150000.0,10000.0,,0.0
6,16,8,known,3,100.0,300.0,150.0,711.5983533995797,64.09820699091524,708.7056063144574,672.3132495694541,58.48349237092853,669.7647248599606,1.0,1.0,26.0,6378.55512209309,39.58609491265148,88.13178682659176,0.026398599962703884,150000.0,10000.0,,0.0
6,17,8,known,3,100.0,300.0,150.0,822.6931852221705,67.72279229254447,819.9010308659829,718.0196838559033,53.870850802583206,715.9959481996649,1.0,1.0,35.0,6144.645723261102,40.97150321857363,68.71211389345672,0.03794949990697205,150000.0,10000.0,,0.0
6,18,8,known,3,100.0,300.0,150.0,1003.8042200108439,146.66922721542286,993.0312431638841,553.3170004128718,67.12461773164627,549.2303602681468,1.0,1.0,20.0,6802.961499414313,37.20554893679965,71.93932076726632,0.02115300006698817,150000.0,10000.0,,0.0
6,19,8,known,3,100.0,300.0,150.0,715.0188245778872,49.74328484726477,713.286425717851,648.667247601043,50.64136580822738,646.6874439629937,1.0,1.0,24.0,6277.424157026705,40.17999967028806,66.48434138788168,0.020420199958607554,150000.0,10000.0,,0.0
6,20,8,known,3,100.0,300.0,150.0,853.8147702988423,104.41695762194182,847.4059009361703,672.6042871599855,68.85132205450567,669.0710145846546,1.0,1.0,25.0,6444.947206174473,39.217597711481815,86.69808212484435,0.017210499965585768,150000.0,10000.0,,0.0
6,21,8,known,3,100.0,300.0,150.0,1100.8927713621392,93.71486823219875,1096.8967214417378,711.2279608756834,90.75384206877207,705.4140291212948,1.0,1.0,26.0,6612.1441924630735,38.20352504509551,87.4713249571106,0.03475660004187375,150000.0,10000.0,,0.0
6,22,8,known,3,100.0,300.0,150.0,542.1873002496111,91.06124871600822,534.4856569958105,320.57204616751204,78.1699868954778,310.8953038126924,1.0,1.0,33.0,6055.647098230035,41.91008055132842,85.23993304422216,0.037377300090156496,150000.0,10000.0,,0.0
6,23,8,known,3,100.0,300.0,150.0,593.902704202121,95.90577574916134,586.1079288292759,507.5404929018922,51.59611264825275,504.9110744425047,1.0,1.0,23.0,6437.167175843912,39.207860593776196,71.40897651554559,0.02588349999859929,150000.0,10000.0,,0.0
6,24,8,known,3,100.0,300.0,150.0,707.4801149757583,82.96559201736581,702.5986219936103,668.2021107671196,57.303121694623194,665.7404998028024,1.0,1.0,29.0,6390.5892115114475,39.54371965639779,79.78286806841669,0.029229799984022975,150000.0,10000.0,,0.0
6,25,8,known,3,100.0,300.0,150.0,480.5424455374025,94.5554901997823,471.1478549629048,328.98495196278265,70.87816395350765,321.25906133918477,1.0,1.0,32.0,6340.03022239205,39.790501302380356,60.83501499881304,0.03768150007817894,150000.0,10000.0,,0.0
6,26,8,known,3,100.0,300.0,150.0,527.3537723795047,59.960863086214225,523.9338661900475,438.72390218734654,52.78334516385565,435.53711761893004,1.0,1.0,17.0,6450.613432513247,39.21253341564854,59.07860315149709,0.013742299983277917,150000.0,10000.0,,0.0
6,27,8,known,3,100.0,300.0,150.0,1418.116642873605,154.19305794048276,1409.708946441806,893.8009801571817,70.5772721285212,891.0101238419434,1.0,1.0,26.0,6877.739289833973,36.69011237673543,57.203862350042584,0.027138100005686283,150000.0,10000.0,,0.0
6,28,8,known,3,100.0,300.0,150.0,537.8829553245016,53.9885846641208,535.1666155082778,425.69423934723335,47.76298776001902,423.0062439416892,1.0,1.0,47.0,6454.148912188231,39.13375292640811,55.16937228405795,0.040806900011375546,150000.0,10000.0,,0.0
6,29,8,known,3,100.0,300.0,150.0,527.4959870825884,38.28817283916371,526.1045829574882,414.94682496043896,38.96795096088513,413.1130188491513,1.0,1.0,17.0,6386.52170985568,39.61792959112619,85.09721892472736,0.027195999980904162,150000.0,10000.0,,0.0
6,30,8,known,3,100.0,300.0,150.0,1331.1917313112042,48.21909776626539,1330.318136432759,1143.1821715162455,55.2198202204146,1141.847734475759,1.0,1.0,27.0,6336.646416402462,39.75779338542224,87.69649129014111,0.03885839995928109,150000.0,10000.0,,0.0
6,31,8,known,3,100.0,300.0,150.0,829.5990414184828,54.96328440598024,827.776302445155,793.6472881469982,50.953688203400695,792.0099365800627,1.0,1.0,18.0,6421.6681994272085,39.165426571592256,81.68622793230223,0.020636199973523617,150000.0,10000.0,,0.0
6,32,8,known,3,100.0,300.0,150.0,837.8976108183224,109.51887253844971,830.7093491546605,469.12590892302694,66.93017657398721,464.3268998094242,1.0,1.0,32.0,5841.505173584549,43.1360773684374,80.78219308396483,0.03616150002926588,150000.0,10000.0,,0.0
6,33,8,known,3,100.0,300.0,150.0,871.1052012374296,126.96293504244174,861.8031589338203,292.23573242797033,65.05593055291598,284.9025258006788,1.0,1.0,25.0,6739.755255377935,37.46401418109925,60.153537481945335,0.026101799914613366,150000.0,10000.0,,0.0
6,34,8,known,3,100.0,300.0,150.0,363.7217844796168,86.80936458246624,353.21051899090617,334.80223496350504,53.42590572109468,330.5120408312513,1.0,1.0,24.0,6275.886623365849,40.16642805604573,85.1297605448516,0.018712199991568923,150000.0,10000.0,,0.0
6,35,8,known,3,100.0,300.0,150.0,1033.7992984294335,88.86598328093596,1029.9727309248053,518.6767091133246,69.51906515378704,513.9967199863943,1.0,1.0,21.0,6672.527347859695,37.68304711975309,57.51575501795573,0.02579350001178682,150000.0,10000.0,,0.0
6,36,8,known,3,100.0,300.0,150.0,935.9525552339146,75.34540175253,932.9149243546508,653.7761541714875,74.6936973828138,649.4952742973155,1.0,1.0,28.0,6007.879008864772,42.002402416110996,85.86050339615117,0.021839099936187267,150000.0,10000.0,,0.0
6,37,8,known,3,100.0,300.0,150.0,468.6519994327629,62.73322513019115,464.43432155374904,426.10416949112584,57.69172068312628,422.1805640035342,1.0,1.0,30.0,6263.517342349608,40.196344207453116,64.41198016338703,0.02030970004852861,150000.0,10000.0,,0.0
6,38,8,known,3,100.0,300.0,150.0,605.3332634747491,71.76552055778753,601.0641146567144,486.2598896527942,62.2597895562668,482.25760635738754,1.0,1.0,25.0,6441.397914550151,39.145208364140785,87.4468366675173,0.01669040007982403,150000.0,10000.0,,0.0
6,39,8,known,3,100.0,300.0,150.0,2535.5229691473774,189.5740001933532,2528.4260767371907,1052.8845898051666,83.84484642840141,1049.5408525524826,1.0,1.0,33.0,5114.862448171141,49.364767658441444,82.3295398678375,0.02201389998663217,150000.0,10000.0,,0.0
6,40,8,known,3,100.0,300.0,150.0,1126.2759472045157,101.95494866933834,1121.6517720278703,756.8074599314567,60.771738120209825,754.3635246045186,1.0,1.0,23.0,6757.1076884104805,37.21383138579167,72.89309222398414,0.013094400055706501,150000.0,10000.0,,0.0
6,41,8,known,3,100.0,300.0,150.0,873.4570541408294,145.15609692790542,861.3111708047402,451.7657771276617,75.73552678799551,445.37225706806765,1.0,1.0,32.0,5875.475177298891,42.8262253712975,84.65572866751961,0.031202400103211403,150000.0,10000.0,,0.0
6,42,8,known,3,100.0,300.0,150.0,665.6814657228531,55.18415174873593,663.3901741831112,563.6231938071357,57.2149767091141,560.7116469608346,1.0,1.0,23.0,6077.457216957386,41.42886797370381,75.61720890151251,0.02059030008967966,150000.0,10000.0,,0.0
6,43,8,known,3,100.0,300.0,150.0,1054.4794304701363,83.0644859033884,1051.2027209183912,834.049410692241,64.84326504314264,831.524966825783,1.0,1.0,29.0,6646.840085517736,37.78404184580625,73.64309424790203,0.021282300003804266,150000.0,10000.0,,0.0
6,44,8,known,3,100.0,300.0,150.0,989.0916525908892,74.92545182499252,986.2497015937683,870.5016495133981,49.72528788087314,869.0802710628699,1.0,1.0,21.0,6139.480282443558,41.0966889347283,76.89526628210403,0.0145466000540182,150000.0,10000.0,,0.0
6,45,8,known,3,100.0,300.0,150.0,992.4243947878216,106.23792294458242,986.7216847208715,788.7391798065963,89.80020136357793,783.6105012039101,1.0,1.0,28.0,6069.996196549093,41.59340467831851,73.4506964988623,0.018219800083898008,150000.0,10000.0,,0.0
6,46,8,known,3,100.0,300.0,150.0,1075.9952513230728,108.9296912877063,1070.467235942216,984.8552139466617,96.28039526495162,980.1376831473981,1.0,1.0,16.0,6445.777028636716,39.03900768612261,79.0247106290324,0.01244249998126179,150000.0,10000.0,,0.0
6,47,8,known,3,100.0,300.0,150.0,1467.4322303766107,113.24153895158696,1463.056288938997,515.1735650219647,85.08547383893048,508.09867569109554,1.0,1.0,37.0,5512.588665782675,45.886831085742834,67.05115048924539,0.022812900017015636,150000.0,10000.0,,0.0
6,48,8,known,3,100.0,300.0,150.0,337.413498231766,57.82331202564179,332.4219207203148,274.3307711636177,39.73195389993562,271.43828736292636,1.0,1.0,32.0,6413.308519053873,39.313981091345724,70.45550749408508,0.02800689998548478,150000.0,10000.0,,0.0
6,49,8,known,3,100.0,300.0,150.0,799.3394357099698,41.12237242392816,798.2809555334267,722.6252023614783,39.247239533655616,721.558616660459,1.0,1.0,16.0,6139.547902089483,41.4480394960176,70.27117566013672,0.01388420001603663,150000.0,10000.0,,0.0
6,50,8,known,3,100.0,300.0,150.0,888.7531146657163,102.87616585850101,882.7789039880065,331.1987201756498,57.017737429997204,326.2538426813579,1.0,1.0,24.0,6802.4750676717085,37.00680708502441,74.59878073575554,0.01580850000027567,150000.0,10000.0,,0.0
6,51,8,known,3,100.0,300.0,150.0,807.7795607896777,63.58148546608524,805.2733781365746,569.6042913902762,55.77088592933467,566.8674069417608,1.0,1.0,29.0,6000.436267442646,42.00359689740814,68.35736283787575,0.022656999994069338,150000.0,10000.0,,0.0
6,52,8,known,3,100.0,300.0,150.0,842.020219584486,43.562242643556516,840.8926097932897,455.638022248318,45.93875305740399,453.31626739605275,1.0,1.0,24.0,5795.616395380146,43.49277856556175,64.56126732335119,0.01885170000605285,150000.0,10000.0,,0.0
6,53,8,known,3,100.0,300.0,150.0,990.9312548838028,50.103363370551655,989.663783759185,755.7304278619853,52.669661601983144,753.8928215225237,1.0,1.0,16.0,6626.563757578731,38.19504667293497,80.632649948881,0.016368000069633126,150000.0,10000.0,,0.0
6,54,8,known,3,100.0,300.0,150.0,869.4600445330922,73.09778051068791,866.3818347148663,571.2575956586759,67.82319769301544,567.2171140334408,1.0,1.0,23.0,5850.571147203888,43.13518173760464,52.189420807623634,0.0177423000568524,150000.0,10000.0,,0.0
6,55,8,known,3,100.0,300.0,150.0,689.881839677484,75.47082397304004,685.7412831714452,657.4080616785353,52.82793409486618,655.2820529658945,1.0,1.0,33.0,6223.012252319113,40.46308074521865,97.22619080875897,0.0228065000846982,150000.0,10000.0,,0.0
6,56,8,known,3,100.0,300.0,150.0,709.1255144360052,76.91408375549847,704.9419968651189,664.1919785029801,65.274131750946,660.9767560450695,1.0,1.0,27.0,6367.239254114273,39.547177052174575,55.80690569811778,0.026524499990046024,150000.0,10000.0,,0.0
6,57,8,known,3,100.0,300.0,150.0,998.8603105040123,98.41484409059858,994.0002205043996,421.0429696860021,65.50169030852948,415.91671148047556,1.0,1.0,41.0,5808.949619505426,43.2612204354685,77.46638252115855,0.026706399978138506,150000.0,10000.0,,0.0
6,58,8,known,3,100.0,300.0,150.0,794.9478202183976,43.5938571149522,793.7516062924365,666.1631419497829,42.090683143880234,664.8320886395963,1.0,1.0,63.0,6150.502370472559,41.09349613185608,65.85412386440257,0.07253790006507188,150000.0,10000.0,,0.0
6,59,8,known,3,100.0,300.0,150.0,671.16043724141,56.421572886939714,668.7846728439913,436.929178942116,51.92793166336845,433.8324530555502,1.0,1.0,21.0,6142.778574766356,41.089795321732694,74.6016489267943,0.01479079993441701,150000.0,10000.0,,0.0
6,60,8,known,3,100.0,300.0,150.0,424.9744999545836,93.33153258477945,414.59926511877063,329.2488468485198,59.3143206607487,323.86203006162043,1.0,1.0,19.0,6192.006119111079,40.70881882596345,53.643068144408204,0.021224499912932515,150000.0,10000.0,,0.0
6,61,8,known,3,100.0,300.0,150.0,1137.8097504650164,57.924634020224055,1136.3343544163777,880.3048312761828,59.68311227832782,878.2792961677744,1.0,1.0,17.0,5948.494226336053,42.458621459397385,49.63737454403695,0.015108500025235116,150000.0,10000.0,,0.0
6,62,8,known,3,100.0,300.0,150.0,1120.9391903265569,50.867379962226124,1119.7844337486279,1051.38141660112,53.23350782799248,1050.032893207877,1.0,1.0,26.0,6390.183544624095,39.55956294339281,67.77092569923795,0.03126709989737719,150000.0,10000.0,,0.0
6,63,8,known,3,100.0,300.0,150.0,1143.833306670927,89.41097233282198,1140.3334211870867,1132.3075163409699,64.8305003112559,1130.450050993695,1.0,1.0,30.0,6389.414422592985,39.3856597294043,93.23279251657132,0.02060030004940927,150000.0,10000.0,,0.0
6,64,8,known,3,100.0,300.0,150.0,1203.1018779924063,79.84090598843737,1200.4497317921314,893.6103850976822,67.38409579935526,891.0661613975313,1.0,1.0,31.0,6763.6718548349445,37.12888951216174,86.9658579137863,0.02532390004489571,150000.0,10000.0,,0.0
6,65,8,known,3,100.0,300.0,150.0,279.3905711176332,55.36859934221579,273.8492458202477,215.07019866392596,50.68282073798211,209.01301881792472,1.0,1.0,26.0,6380.524152104897,39.50741321203587,58.61269031745651,0.020974299986846745,150000.0,10000.0,,0.0
6,66,8,known,3,100.0,300.0,150.0,1856.422258018209,149.07440423059128,1850.4270918003554,846.8191656802725,96.27442945448355,841.3286715645952,1.0,1.0,21.0,7292.445018670545,34.638880681249894,103.69211089680371,0.014273199951276183,150000.0,10000.0,,0.0
6,67,8,known,3,100.0,300.0,150.0,1317.6931768252223,106.53190667678093,1313.3797094182457,874.2000229518525,48.170298823348595,872.8718705745355,1.0,1.0,23.0,6838.261973925317,36.7818273858769,66.25211603663435,0.024681000038981438,150000.0,10000.0,,0.0
6,68,8,known,3,100.0,300.0,150.0,691.9985616907871,66.36415397461306,688.8089782003077,462.8202450349732,55.157602329306336,459.5217275815309,1.0,1.0,32.0,6084.7349884417745,41.43334119712788,78.06208850800736,0.017473499989137053,150000.0,10000.0,,0.0
6,69,8,known,3,100.0,300.0,150.0,817.6259000535517,86.59442416399853,813.0273784701754,619.3592371059731,71.58873989624261,615.2080273440531,1.0,1.0,39.0,6030.315098874525,41.63136682563492,77.18538217943997,0.025090700015425682,150000.0,10000.0,,0.0
6,70,8,known,3,100.0,300.0,150.0,771.7364131617588,48.23821222266374,770.2273471393612,731.7603049903576,42.858731584431936,730.5041225664334,1.0,1.0,27.0,6302.4502082648405,40.14436365794945,87.53644929389071,0.015608099987730384,150000.0,10000.0,,0.0
6,71,8,known,3,100.0,300.0,150.0,360.0231009139039,43.54091060970592,357.3805007200877,280.406290332933,44.095461323660615,276.9174569234137,1.0,1.0,17.0,6180.8633464247905,40.84450229488137,91.38123742076516,0.013687800033949316,150000.0,10000.0,,0.0
6,72,8,known,3,100.0,300.0,150.0,982.1229626880648,58.76856176397073,980.3630806937684,914.5458799684682,50.304175651376916,913.1613529269268,1.0,1.0,17.0,6188.428718217483,40.70498233958919,66.61041535172569,0.010940600070171058,150000.0,10000.0,,0.0
6,73,8,known,3,100.0,300.0,150.0,716.5692266599705,61.15209125329979,713.9550954586823,701.9452277056787,61.000295787232176,699.2896871916869,1.0,1.0,39.0,6276.707261602763,40.17799265700791,55.66145945626941,0.03076550003606826,150000.0,10000.0,,0.0
6,74,8,known,3,100.0,300.0,150.0,559.9420003528912,60.187865767925175,556.6978215993839,482.80424824097486,47.13673593754205,480.49773177892035,1.0,1.0,35.0,6205.346349170396,40.72734491626611,63.23102388076568,0.02820080006495118,150000.0,10000.0,,0.0
6,75,8,known,3,100.0,300.0,150.0,1122.9392917875107,86.07772999262745,1119.6353323468995,966.4694224854537,57.161690292615916,964.7775317461832,1.0,1.0,20.0,6276.0523568303515,40.14136394764855,56.58833934828008,0.0166564000537619,150000.0,10000.0,,0.0
6,76,8,known,3,100.0,300.0,150.0,503.11445979558226,70.56537081361354,498.1412330828856,405.28572530560496,58.6896770267742,401.013766530506,1.0,1.0,29.0,6145.685129044574,41.143595675848935,87.47568861237035,0.04412510001566261,150000.0,10000.0,,0.0
6,77,8,known,3,100.0,300.0,150.0,799.2057184982291,76.49591303783573,795.5363949994862,768.6298679411668,65.98105997053413,765.792644007776,1.0,1.0,18.0,6337.154332328762,39.764665147001246,91.03322538109411,0.029924400034360588,150000.0,10000.0,,0.0
6,78,8,known,3,100.0,300.0,150.0,704.3261788972055,59.935374151982465,701.7714137845743,592.5770747190971,53.8777343565625,590.1226815021145,1.0,1.0,28.0,6472.623982113833,38.80235567603407,94.81372693921644,0.031209400040097535,150000.0,10000.0,,0.0
6,79,8,known,3,100.0,300.0,150.0,806.1783067987354,62.761661667001746,803.731569728148,602.540179160267,46.242321492989625,600.7631107228752,1.0,1.0,17.0,6149.6465882841085,41.11909446748168,56.6501802872324,0.017048000008799136,150000.0,10000.0,,0.0
6,80,8,known,3,100.0,300.0,150.0,925.8219839168453,87.77073705422505,921.6521272262554,762.8494449429018,46.559295561123726,761.4272832296891,1.0,1.0,22.0,6578.231860853716,38.49905210872844,59.78546912353782,0.020938599947839975,150000.0,10000.0,,0.0
6,81,8,known,3,100.0,300.0,150.0,1172.386485597272,102.31096228512918,1167.913754781325,719.8908448961012,62.12154262038819,717.2055092563676,1.0,1.0,21.0,5822.573935423599,43.19418514814442,87.60831241791024,0.02264630002900958,150000.0,10000.0,,0.0
6,82,8,known,3,100.0,300.0,150.0,482.7453278084549,73.87048761611352,477.0599570077645,417.0361957024417,53.082411505264105,413.6441056207027,1.0,1.0,23.0,6275.2852013778665,40.11496850954325,73.36810279821889,0.018911799998022616,150000.0,10000.0,,0.0
6,83,8,known,3,100.0,300.0,150.0,1586.155167210413,130.5950411919621,1580.7697965498846,1014.6200455333803,68.28839607459867,1012.319382289857,1.0,1.0,19.0,6735.993298785352,37.63726612334973,75.68706172285584,0.012019500019960105,150000.0,10000.0,,0.0
6,84,8,known,3,100.0,300.0,150.0,999.7272211368726,68.88175589647504,997.3514026593995,773.1847917364364,65.99183349317642,770.3634207857519,1.0,1.0,22.0,5958.9026882941325,42.43490796038298,85.99671170465044,0.015116899972781539,150000.0,10000.0,,0.0
6,85,8,known,3,100.0,300.0,150.0,632.4528896506044,49.50984521724526,630.5120402133206,620.1896266791994,40.15395176205172,618.8883850892465,1.0,1.0,30.0,6342.915745712944,39.795428274420935,72.72577469005333,0.02520500007085502,150000.0,10000.0,,0.0
6,86,8,known,3,100.0,300.0,150.0,594.1959586377972,53.69323147020545,591.7650497923798,218.30753610853384,58.56070819221654,210.30649960903463,1.0,1.0,36.0,5942.353207737614,42.57494437605375,86.4123011225422,0.029988600057549775,150000.0,10000.0,,0.0
6,87,8,known,3,100.0,300.0,150.0,1409.8691072407742,86.87973171971004,1407.1896857809215,1209.1549970455085,78.03459521956084,1206.6343310336576,1.0,1.0,18.0,6689.907483372535,37.6599712324438,73.26922180112452,0.009402399999089539,150000.0,10000.0,,0.0
6,88,8,known,3,100.0,300.0,150.0,1023.7461652992419,94.51252948158468,1019.3741181410754,988.188203230183,65.42956015780395,986.0197247828534,1.0,1.0,40.0,6276.041068928988,40.11493215770682,85.73231644856052,0.03183210000861436,150000.0,10000.0,,0.0
6,89,8,known,3,100.0,300.0,150.0,942.4123082395607,80.52622103487492,938.9656471071022,885.3057525983666,76.91457161975228,881.9582894084675,1.0,1.0,21.0,6400.795313931044,39.691251469789236,78.9608770171627,0.012836699956096709,150000.0,10000.0,,0.0
6,90,8,known,3,100.0,300.0,150.0,1193.4964913418771,75.89422668297559,1191.0809969106067,1054.86344601657,42.334885970100274,1054.013589652359,1.0,1.0,18.0,6062.798416285928,41.66325331388477,78.9700725861148,0.011535700061358511,150000.0,10000.0,,0.0
6,91,8,known,3,100.0,300.0,150.0,327.43403363822534,55.698809787048155,322.6618802599785,319.64860501591494,44.85875546422025,316.48526465986015,1.0,1.0,31.0,6366.116698156442,39.55458974928196,82.80106674680945,0.019328200025483966,150000.0,10000.0,,0.0
6,92,8,known,3,100.0,300.0,150.0,220.7448999864523,97.07290226056905,198.25529631447137,169.07495620028809,46.71557930011576,162.49306282049068,1.0,1.0,28.0,6339.174291020838,39.81003359444574,82.5015391872848,0.01882380002643913,150000.0,10000.0,,0.0
6,93,8,known,3,100.0,300.0,150.0,1217.9625937226938,91.36208031155279,1214.5311235159259,629.039274319701,76.08096729506894,624.4214082269302,1.0,1.0,25.0,5870.116112773625,42.923914464198,95.02106380333517,0.021051799994893372,150000.0,10000.0,,0.0
6,94,8,known,3,100.0,300.0,150.0,772.8474762073473,44.626933314249385,771.5579422849795,668.4068414694614,31.413978308666536,667.6682317513723,1.0,1.0,27.0,6465.227765104009,38.92312063251378,62.54592800206392,0.018499700003303587,150000.0,10000.0,,0.0
6,95,8,known,3,100.0,300.0,150.0,1244.2850772114832,145.1663057131972,1235.788046979242,448.9866642084585,57.05099646818155,445.3472896953866,1.0,1.0,18.0,5674.453589898395,44.520602410011705,91.11627865335123,0.020414000027813017,150000.0,10000.0,,0.0
6,96,8,known,3,100.0,300.0,150.0,355.18600191249163,63.04693542873039,349.54567639669926,313.62464232770594,45.73856107193498,310.2714945112592,1.0,1.0,31.0,6222.363886755217,40.62248037168359,80.38090840527117,0.021385099971666932,150000.0,10000.0,,0.0
6,97,8,known,3,100.0,300.0,150.0,382.34582751259654,61.46854226605865,377.3724289451708,363.6762445759522,58.31203948101667,358.9709137526774,1.0,1.0,33.0,6273.799999102696,40.34760920341106,74.31016119593244,0.023613299941644073,150000.0,10000.0,,0.0
6,98,8,known,3,100.0,300.0,150.0,264.3693525893489,57.918686258111116,257.94685570994267,238.7788191494338,43.538909594488686,234.77582461940355,1.0,1.0,36.0,6310.299120680175,40.21305106348231,85.94170272868823,0.026851699920371175,150000.0,10000.0,,0.0
6,99,8,known,3,100.0,300.0,150.0,215.5672299425298,41.37173130624349,211.5599453436768,92.30449787893605,40.26947995071935,83.05714486533427,1.0,1.0,22.0,6366.430787157109,39.502146246997384,87.53146273905729,0.023237099987454712,150000.0,10000.0,,0.0
