condition_id,trial_id,n_anchors,gauge,dof,sigma_r_mm,sigma_deploy_mm,sigma_v_mm,rmse_anchor_abs_mm,rmse_anchor_abs_h_mm,rmse_anchor_abs_v_mm,rmse_anchor_shape_mm,rmse_anchor_shape_h_mm,rmse_anchor_shape_v_mm,converged,rigidity_ok,iterations,rigidity_min_singular,rigidity_cond,rms_residual_mm,compute_time_s,r_max_mm,known_z_max_mm
0,0,8,known,3,100.0,300.0,150.0,2090.8544628455065,105.99114758533675,2088.1662437254645,1798.9562842757985,69.30665610162977,1797.62073312348,1.0,1.0,42.0,1261.109217571861,200.29277230560038,65.92293515247371,0.03181305000180146,150000.0,1500.0
0,1,8,known,3,100.0,300.0,150.0,1733.362311669741,80.78139199383,1731.4789257235007,1638.0520461658455,66.13405311258097,1636.7164668833193,1.0,1.0,42.0,1057.310927078782,238.81177738169228,99.7598723356165,0.020098741999390768,150000.0,1500.0
0,2,8,known,3,100.0,300.0,150.0,107.19067689891148,50.38770250273387,94.60930530631128,74.41883401921528,43.70781880246603,60.23113341379448,1.0,1.0,204.0,0.34033232696022714,738118.7561893823,81.65708593551788,0.24863861199992243,150000.0,1500.0
0,3,8,known,3,100.0,300.0,150.0,1286.5528094843996,70.50877889034173,1284.6192602057602,1173.9782907368315,42.860436941221124,1173.1956401498346,1.0,1.0,73.0,788.2126451890517,320.422118422124,73.60869918330313,0.06688645800022641,150000.0,1500.0
0,4,8,known,3,100.0,300.0,150.0,2063.4916169024314,66.88482469548403,2062.4073490103897,1347.6083125596374,52.31613602051339,1346.5924349972106,1.0,1.0,37.0,1247.6091205736325,202.7212143481756,78.90572841957115,0.038815257998066954,150000.0,1500.0
0,5,8,known,3,100.0,300.0,150.0,2251.5909906703328,97.6604646653311,2249.472032035331,1427.5290318565799,53.53050375859092,1426.5250162407726,1.0,1.0,34.0,1346.8424499346524,187.59980057237283,87.2927101963819,0.02174395700058085,150000.0,1500.0
0,6,8,known,3,100.0,300.0,150.0,2871.01942233149,89.24557903391481,2869.6319886054284,1319.4270437137902,58.24023994243006,1318.1410387871097,1.0,1.0,38.0,1732.896479049923,145.14301492064138,61.640650419244956,0.023251913000422064,150000.0,1500.0
0,7,8,known,3,100.0,300.0,150.0,3066.2807868538735,100.23275576096451,3064.6421093664053,1379.1577115439359,31.02908282648443,1378.8086122918053,1.0,1.0,72.0,1814.3998954985448,139.3252068526057,67.23795347237612,0.06790497200199752,150000.0,1500.0
0,8,8,known,3,100.0,300.0,150.0,1466.2051396354852,76.35065468735719,1464.215861484339,1187.1671502668416,47.38635143050497,1186.2210486965735,1.0,1.0,86.0,826.334228918349,305.8733666401731,95.89088856310164,0.09889649500109954,150000.0,1500.0
0,9,8,known,3,100.0,300.0,150.0,3945.8063044091596,173.6660379542445,3941.9826863110834,1514.526256634665,71.61988699057868,1512.8319053428468,1.0,1.0,62.0,2250.431353502395,112.23718817677363,69.44399011202711,0.06837525399896549,150000.0,1500.0
0,10,8,known,3,100.0,300.0,150.0,2879.8762518264853,102.97015687695257,2878.0348108782323,1084.7651243859386,43.785167727278804,1083.8810978013846,1.0,1.0,43.0,1634.957518074762,154.51181167437085,66.59400431511017,0.02900787300313823,150000.0,1500.0
0,11,8,known,3,100.0,300.0,150.0,2384.2800825207783,101.84197831966578,2382.1040538476122,1031.7228900215023,40.75195245526352,1030.9177465566324,1.0,1.0,55.0,1425.5477472676798,177.38000708808363,73.74087224793368,0.06306967800264829,150000.0,1500.0
0,12,8,known,3,100.0,300.0,150.0,1025.815775478635,41.01637095599138,1024.9954451286276,326.6569842190506,37.24610698165931,324.52659806831844,1.0,1.0,223.0,588.1636697524511,429.4192058147511,63.04308903004254,0.23266530299952137,150000.0,1500.0
0,13,8,known,3,100.0,300.0,150.0,1362.4081999791797,42.0929785488385,1361.757792166946,1021.1345249756931,26.91009231226427,1020.7798807916816,1.0,1.0,71.0,793.3129872833457,319.5512841655577,94.86040117701742,0.10035000300194952,150000.0,1500.0
0,14,8,known,3,100.0,300.0,150.0,1506.729609347414,108.33089442501795,1502.830174370107,1095.2430269753786,80.62496494412443,1092.271442071955,1.0,1.0,57.0,879.6114187807947,287.7708469121726,92.77400801996879,0.07884288600325817,150000.0,1500.0
0,15,8,known,3,100.0,300.0,150.0,2105.3960757628947,67.68910492295939,2104.307682092266,1079.929972925345,32.31213537411205,1079.4464657082824,1.0,1.0,105.0,1194.34444771621,210.91973503537665,84.57194301997848,0.1265448420017492,150000.0,1500.0
0,16,8,known,3,100.0,300.0,150.0,2726.3682399389886,132.21328752007096,2723.1605583129235,1477.7668032995432,65.37584540142454,1476.3199936911374,1.0,1.0,45.0,1590.480000826213,157.74401200326847,64.32136087169587,0.052993578003224684,150000.0,1500.0
0,17,8,known,3,100.0,300.0,150.0,2797.998966989651,77.62314472983023,2796.9220344295272,1586.0600383694898,53.3775320545161,1585.1615956691599,1.0,1.0,41.0,1661.9965476858767,152.49218867034494,108.05384517307398,0.046531258998584235,150000.0,1500.0
0,18,8,known,3,100.0,300.0,150.0,4227.160548930395,165.9165876858828,4223.903170334778,1069.934672190766,32.469936527003405,1069.4418665724163,1.0,1.0,99.0,2486.479578507058,101.51876941918056,91.75171472410328,0.1041163250010868,150000.0,1500.0
0,19,8,known,3,100.0,300.0,150.0,3696.4512823695877,175.2248421687617,3692.295808520588,1222.4238802238453,87.88962549679702,1219.2602497709647,1.0,1.0,71.0,2174.4898648774674,115.92486551369743,65.73558850131161,0.07103569799801335,150000.0,1500.0
0,20,8,known,3,100.0,300.0,150.0,1784.4141193809219,71.66686968085641,1782.9743714468075,953.9407317041613,35.32055330211069,953.2866190809054,1.0,1.0,32.0,1045.8417858458117,242.0411902005363,71.14141939480625,0.03157509599986952,150000.0,1500.0
0,21,8,known,3,100.0,300.0,150.0,4203.413088416785,148.39237036869574,4200.792936612074,1392.1909947710737,47.66299260974616,1391.374861443585,1.0,1.0,36.0,2492.5604166055978,101.21785254982115,76.63642801493776,0.02165644699925906,150000.0,1500.0
0,22,8,known,3,100.0,300.0,150.0,1394.881890835396,91.66456511382718,1391.8667669295874,581.5267400648088,57.36821907072133,578.6901043313748,1.0,1.0,433.0,850.4037556779014,296.73890464404866,85.54804991045448,0.4797633890011639,150000.0,1500.0
0,23,8,known,3,100.0,300.0,150.0,661.9763682844981,51.99642291121029,659.9311207782007,315.54080624738293,36.50295229509991,313.42229480525174,1.0,1.0,440.0,408.82663151297186,617.2559471549969,93.48369283117573,0.47210484399693087,150000.0,1500.0
0,24,8,known,3,100.0,300.0,150.0,2288.88359406364,96.69690964721691,2286.840137578131,1667.832273059184,52.88986981664931,1666.9934471162571,1.0,1.0,39.0,1330.4591274027282,190.6595950942322,93.70680449850849,0.027290435002214508,150000.0,1500.0
0,25,8,known,3,100.0,300.0,150.0,2701.2092646718716,61.63868656504203,2700.5059088747967,1063.1897806064949,56.85331447133921,1061.6685971713157,1.0,1.0,87.0,1561.302427358938,161.86937629243803,76.16236169283043,0.0828516289984691,150000.0,1500.0
0,26,8,known,3,100.0,300.0,150.0,1427.4974728344896,78.65297777386198,1425.3289950169956,1154.874031294205,66.91923728578368,1152.9335817118078,1.0,1.0,37.0,826.0972417071526,304.0499847751836,82.49059150623671,0.02373517200248898,150000.0,1500.0
0,27,8,known,3,100.0,300.0,150.0,1015.4408880293175,80.41497127439635,1012.2517619034836,1009.1014832982875,53.27686598053186,1007.6940900621063,1.0,1.0,43.0,608.4093476814313,414.38200630981095,81.97507485772519,0.046191164998163003,150000.0,1500.0
0,28,8,known,3,100.0,300.0,150.0,2435.271241301691,88.20543172568726,2433.6733183657093,591.7228939137474,35.885244212475655,590.6337549018604,1.0,1.0,143.0,1426.0707711027765,176.51930047238147,83.74581141411132,0.14262149700152804,150000.0,1500.0
0,29,8,known,3,100.0,300.0,150.0,3243.624324905931,102.59873148711524,3242.001274123546,1562.912728772736,42.46497572079763,1562.3357269155922,1.0,1.0,32.0,1842.1800056862055,137.35993339330594,69.40685207114126,0.028807833001337713,150000.0,1500.0
0,30,8,known,3,100.0,300.0,150.0,1618.331890128124,84.4866342668745,1616.1250308178269,1188.5087628869003,38.98737302898312,1187.869127557093,1.0,1.0,34.0,948.9271225553466,266.2250740579458,81.6257437247193,0.02323649399841088,150000.0,1500.0
0,31,8,known,3,100.0,300.0,150.0,2558.6344998239483,119.97374065801274,2555.820182493649,1161.066145863501,67.30967658349509,1159.1134554082919,1.0,1.0,34.0,1507.2339928555964,166.56353479796292,84.63824717736179,0.03443723999953363,150000.0,1500.0
0,32,8,known,3,100.0,300.0,150.0,4256.563277715317,178.31063656736723,4252.826854467685,1305.2678642994804,62.667578648143646,1303.762621093006,1.0,1.0,132.0,2462.2906988677773,102.59198633694636,87.86519516577307,0.1292480140000407,150000.0,1500.0
0,33,8,known,3,100.0,300.0,150.0,3346.131617363739,134.990096515825,3343.407614181065,1213.203021966596,55.4406957500613,1211.9356013269146,1.0,1.0,25.0,1996.5022160969593,126.47275468394304,60.59585502707306,0.02189854300013394,150000.0,1500.0
0,34,8,known,3,100.0,300.0,150.0,1803.2315625136755,99.98929710146066,1800.4572220718458,1327.1011803385547,64.1465488337568,1325.5499851490715,1.0,1.0,30.0,1038.2930857578228,242.7075573243442,74.60019880660654,0.023706100997515023,150000.0,1500.0
0,35,8,known,3,100.0,300.0,150.0,4102.528269171368,204.84530833683917,4097.410962913363,1344.4682527324235,59.04255649844609,1343.1711950185293,1.0,1.0,31.0,2444.8196412695816,103.00741298771982,62.12009522667032,0.035823693997372175,150000.0,1500.0
0,36,8,known,3,100.0,300.0,150.0,3709.4645932595504,158.07608813883974,3706.094915002173,1377.1842210457569,52.252607646537065,1376.1925896078446,1.0,1.0,48.0,2120.1432268942026,118.94929361906881,67.53183064244054,0.03864520299975993,150000.0,1500.0
0,37,8,known,3,100.0,300.0,150.0,4207.8819026875235,197.2217820015536,4203.25750765633,901.45381074524,49.19796248680473,900.1102895724846,1.0,1.0,62.0,2450.047530274361,103.0511513852092,94.97549840068794,0.04441334900184302,150000.0,1500.0
0,38,8,known,3,100.0,300.0,150.0,1522.884883212038,90.48656810681196,1520.1942469658259,1334.3266622895676,76.30820056610338,1332.1428978240965,1.0,1.0,32.0,923.4491106953816,273.6503387840001,70.56785219591211,0.030601817998103797,150000.0,1500.0
0,39,8,known,3,100.0,300.0,150.0,880.7573806045983,60.82524646612475,878.6545697154306,837.5738176005741,44.46451593735618,836.392734755902,1.0,1.0,36.0,562.2712816909043,450.5116800050408,78.65431304918529,0.03044075399884605,150000.0,1500.0
0,40,8,known,3,100.0,300.0,150.0,1066.8099133179194,78.74037171410824,1063.9000634531942,788.8316019985157,63.63865652678314,786.260400698783,1.0,1.0,83.0,655.5468462899016,384.08097344838603,74.53822669084873,0.07851697300066007,150000.0,1500.0
0,41,8,known,3,100.0,300.0,150.0,2262.7446257842676,121.43343465927792,2259.483826554737,1668.492815970137,75.01908400137303,1666.8054517488092,1.0,1.0,33.0,1323.7859568971585,190.16207213944188,73.92220815243354,0.03452923000077135,150000.0,1500.0
0,42,8,known,3,100.0,300.0,150.0,1210.019819170525,52.59195118037331,1208.8763582172128,989.0440187027037,48.15384246918312,987.8710838905282,1.0,1.0,39.0,740.4386838871322,339.6963619416668,60.92185340514981,0.029259368999191793,150000.0,1500.0
0,43,8,known,3,100.0,300.0,150.0,2286.0649912738213,121.13940674534301,2282.853124592373,1383.5976698008994,52.654746231394746,1382.5953817287927,1.0,1.0,79.0,1345.5787853752042,186.80827915210284,62.2083152634402,0.08850000299935346,150000.0,1500.0
0,44,8,known,3,100.0,300.0,150.0,992.1290861183293,39.98900429016628,991.3228551071909,587.4073152942035,28.07306774484078,586.7361050153105,1.0,1.0,67.0,616.759097633985,410.3415774082507,93.25060137167803,0.04895887800012133,150000.0,1500.0
0,45,8,known,3,100.0,300.0,150.0,2644.202311659373,103.8997993136359,2642.1602329698626,1164.2871964505941,48.428309947899294,1163.2795771500396,1.0,1.0,46.0,1544.1999611847052,163.39873367577937,66.74330035366259,0.05057363599917153,150000.0,1500.0
0,46,8,known,3,100.0,300.0,150.0,4573.554541653049,190.73523603021727,4569.575605590931,1062.6493591026929,59.21320913340054,1060.998330001272,1.0,1.0,40.0,2658.8763970491464,95.49531315585206,81.00880389311557,0.023097027999028796,150000.0,1500.0
0,47,8,known,3,100.0,300.0,150.0,1362.3258893514408,71.22747465328337,1360.462596197231,1155.1924994978926,60.94770384242532,1153.5835853082017,1.0,1.0,39.0,837.9096805433936,300.8953948027895,80.44475832148498,0.02391177100071218,150000.0,1500.0
0,48,8,known,3,100.0,300.0,150.0,2922.760145072399,107.66569119069277,2920.7764318009795,901.9380507462397,53.97571468159858,900.3215367903497,1.0,1.0,48.0,1785.2043367243407,141.19176225589246,79.78226403825131,0.0514119399995252,150000.0,1500.0
0,49,8,known,3,100.0,300.0,150.0,1773.3546308914356,65.8247091236491,1772.132544301607,817.9856537472389,51.96759854506731,816.3332030719787,1.0,1.0,43.0,1084.1141044085787,233.137468331345,63.35656417530544,0.034560971002065344,150000.0,1500.0
0,50,8,known,3,100.0,300.0,150.0,1409.9431147799498,86.31589297774629,1407.2985303534006,1177.1533700602026,51.54173014522841,1176.0244498724203,1.0,1.0,36.0,816.830351051533,308.53989081505864,67.62353723907317,0.020410942001035437,150000.0,1500.0
0,51,8,known,3,100.0,300.0,150.0,2557.0152359672747,105.72992069693818,2554.8283897041297,1188.313226476508,45.93922519521611,1187.4249078604807,1.0,1.0,38.0,1542.1016353659177,163.55187596253015,49.72070881251899,0.024599937998573296,150000.0,1500.0
0,52,8,known,3,100.0,300.0,150.0,1606.5426814788516,162.44091990566957,1598.309211308456,1423.6662198398617,104.54424882513575,1419.822526075252,1.0,1.0,37.0,958.8072533124778,263.3252406793198,86.09098049134573,0.02256492099695606,150000.0,1500.0
0,53,8,known,3,100.0,300.0,150.0,3071.1609200236794,168.10611840417624,3066.5566568442487,1295.0318562276384,89.9498980741875,1291.9042241903408,1.0,1.0,33.0,1817.8376914296582,139.66785058665135,63.90050685560672,0.037267373998474795,150000.0,1500.0
0,54,8,known,3,100.0,300.0,150.0,3049.677348830404,63.95042087480582,3049.006768709964,714.5802843777439,30.757225302931317,713.9180456558316,1.0,1.0,80.0,1824.262421934338,138.33841660869885,79.0286329563367,0.06957371300086379,150000.0,1500.0
0,55,8,known,3,100.0,300.0,150.0,1267.2420755447279,65.72306399298589,1265.536628031873,1133.9030069393045,59.33282896998776,1132.349612333759,1.0,1.0,35.0,825.0333451902417,305.4005113802237,75.77515394093993,0.023432021000189707,150000.0,1500.0
0,56,8,known,3,100.0,300.0,150.0,3116.2635830560166,149.34262125498498,3112.683006757645,1384.5122465350414,55.135371590162364,1383.4139841728947,1.0,1.0,40.0,1862.407744277714,135.8948571621123,51.664060433380804,0.03823123199981637,150000.0,1500.0
0,57,8,known,3,100.0,300.0,150.0,3247.743028840603,132.13808469360677,3245.053822043055,1133.0260679819953,71.48359951439807,1130.7688383251486,1.0,1.0,98.0,1864.3779176919577,135.45899890160106,76.1911492698875,0.12742132499988656,150000.0,1500.0
0,58,8,known,3,100.0,300.0,150.0,2241.8957464454575,173.5788043506571,2235.165975181805,1371.266046610325,89.56832726490603,1368.337708804839,1.0,1.0,27.0,1362.6490022461523,185.05583817469392,69.16723048174416,0.028158664998045424,150000.0,1500.0
0,59,8,known,3,100.0,300.0,150.0,925.6042786204399,51.60749021296894,924.1644591491188,812.8439563326175,43.13192361132198,811.6987954358743,1.0,1.0,66.0,542.2870353851634,465.42285290339083,74.17106399741293,0.07564190400080406,150000.0,1500.0
0,60,8,known,3,100.0,300.0,150.0,4239.393752342839,194.21642426529172,4234.942664068677,1400.7958920259257,60.19427274982092,1399.5019759345926,1.0,1.0,35.0,2462.70031983375,102.47648935755106,55.982041739704535,0.030624105002061697,150000.0,1500.0
0,61,8,known,3,100.0,300.0,150.0,1920.6224016697918,98.50060949547654,1918.0948985190641,1307.8268088908487,77.9610671690964,1305.5010662804823,1.0,1.0,29.0,1125.3765432803746,223.88197232667616,57.5752175546729,0.015882867999607697,150000.0,1500.0
0,62,8,known,3,100.0,300.0,150.0,2378.3821962104957,83.46258005247884,2376.917303774375,709.5161923176922,52.26428744850567,707.5886314932543,1.0,1.0,37.0,1400.252108555325,180.34237084663164,69.87728536947057,0.03563315900100861,150000.0,1500.0
0,63,8,known,3,100.0,300.0,150.0,1501.8649723689398,93.62404327767793,1498.943939495102,1083.2715032152107,60.60465248115179,1081.574882186056,1.0,1.0,57.0,853.6863093714754,295.0782354271363,78.9186348306966,0.06673301200135029,150000.0,1500.0
0,64,8,known,3,100.0,300.0,150.0,2095.705363225461,82.47155967042143,2094.0819972717136,1141.619803126259,44.73023216086661,1140.7431705782305,1.0,1.0,38.0,1218.0016301723927,207.29877337800264,56.3204038892657,0.043001522000849945,150000.0,1500.0
0,65,8,known,3,100.0,300.0,150.0,1636.3652210393166,118.19548098186206,1632.0909793582334,1177.8786596515536,64.39064697378998,1176.1173331963255,1.0,1.0,40.0,976.3758607761955,258.4778295895394,71.57322718633995,0.0295835149991035,150000.0,1500.0
0,66,8,known,3,100.0,300.0,150.0,1337.0238518903027,73.0789965614182,1335.0251835771332,1129.0936784777718,58.40049181157589,1127.5823328407696,1.0,1.0,44.0,777.7025795577368,324.6883760687049,76.46332677627358,0.039175300000351854,150000.0,1500.0
0,67,8,known,3,100.0,300.0,150.0,2904.3082886815723,77.00050078638569,2903.287370995701,926.6720413407605,35.91593745694941,925.975765146821,1.0,1.0,45.0,1770.2781780519713,142.76854294550802,74.12410972346349,0.042527945999609074,150000.0,1500.0
0,68,8,known,3,100.0,300.0,150.0,4137.374063619567,175.51453823799648,4133.649572614857,978.5865072870071,51.50870885378962,977.2299653389672,1.0,1.0,85.0,2480.2319427335406,101.54980539594443,99.34120968350669,0.08401529899856541,150000.0,1500.0
0,69,8,known,3,100.0,300.0,150.0,2269.218095889428,86.55676287677191,2267.5666899812086,1342.9023162488472,42.523813254629204,1342.228876269917,1.0,1.0,35.0,1322.3126343404363,190.76085614331149,77.00362069836044,0.022223282998311333,150000.0,1500.0
0,70,8,known,3,100.0,300.0,150.0,1854.2775779991666,61.26706623293057,1853.2651410053732,548.9842009522432,47.571867627605826,546.9191624962453,1.0,1.0,83.0,1014.2290647067783,249.61693949361697,102.49318479476072,0.10347005099902162,150000.0,1500.0
0,71,8,known,3,100.0,300.0,150.0,2400.237255729815,121.66338587664632,2397.1518317224763,1705.4971673446678,58.73135518730778,1704.485616172383,1.0,1.0,37.0,1410.8808902683395,178.96290947344426,61.25639623597683,0.05810645800011116,150000.0,1500.0
0,72,8,known,3,100.0,300.0,150.0,90.67129600441291,63.30630020096386,64.91221975857326,54.89152222074302,40.84825988727578,36.66740890616491,1.0,1.0,89.0,0.03797919881814223,6643737.239533363,85.01324450602287,0.08880850599962287,150000.0,1500.0
0,73,8,known,3,100.0,300.0,150.0,2927.914057531755,132.83855390682322,2924.8990831972324,1280.931962655857,76.40875964742727,1278.6510057097391,1.0,1.0,43.0,1760.5901509826526,143.61069982743223,64.74797924107499,0.03936908899777336,150000.0,1500.0
0,74,8,known,3,100.0,300.0,150.0,2431.823716959981,69.46564224596952,2430.8313629119593,1273.2201886659266,36.26769275410445,1272.7035410058352,1.0,1.0,45.0,1430.400571378657,176.31294451648878,66.4317265611071,0.025448082000366412,150000.0,1500.0
0,75,8,known,3,100.0,300.0,150.0,645.3015300254217,80.6607978883534,640.2405019499816,545.5787154419216,56.43076252892595,542.6524705404566,1.0,1.0,82.0,371.9985120129362,681.896726205352,82.68251152543915,0.09479625300082262,150000.0,1500.0
0,76,8,known,3,100.0,300.0,150.0,4043.71841701894,194.15385457053117,4039.054705855513,1397.3699295678944,56.59464093909049,1396.2233942595135,1.0,1.0,31.0,2392.207147874002,105.45844034493105,81.55136855206631,0.030852284999127733,150000.0,1500.0
0,77,8,known,3,100.0,300.0,150.0,3124.437983764774,127.64033316053018,3121.829697427897,1878.458253455991,54.073092729011016,1877.6798211142527,1.0,1.0,38.0,1874.8627590144474,134.68941570573762,68.0786179564371,0.02240705800068099,150000.0,1500.0
0,78,8,known,3,100.0,300.0,150.0,3452.8677333390174,172.62628059024738,3448.5498040746493,1255.7324038098222,68.31158120226188,1253.872959215423,1.0,1.0,52.0,2009.3939978411129,125.76042562159898,79.97010195672178,0.03154281100069056,150000.0,1500.0
0,79,8,known,3,100.0,300.0,150.0,1264.9483517556919,97.93531011454128,1261.1514610236989,1261.3481644596004,64.4897657712046,1259.6984806279552,1.0,1.0,36.0,789.6312835901327,319.9278906554772,69.65555460309102,0.0483495500011486,150000.0,1500.0
0,80,8,known,3,100.0,300.0,150.0,2730.14299929068,111.31490008699822,2727.8727590550357,1070.05704792593,38.6370080873416,1069.359278924541,1.0,1.0,42.0,1564.193944200483,162.05899472919276,66.5035534972442,0.046309385001222836,150000.0,1500.0
0,81,8,known,3,100.0,300.0,150.0,1062.5040018094899,82.01221539997383,1059.3341070627193,625.3914030897025,71.13604150923811,621.332496057387,1.0,1.0,408.0,570.7031121334454,441.49708422450817,78.30805112961913,0.4085847450005531,150000.0,1500.0
0,82,8,known,3,100.0,300.0,150.0,2889.879198818294,171.582479995659,2884.7809685175757,1334.4457656081531,65.42298984175248,1332.8410759538046,1.0,1.0,46.0,1668.9115892398595,151.85631064050298,74.16948782214915,0.040418715001578676,150000.0,1500.0
0,83,8,known,3,100.0,300.0,150.0,5251.603424684915,333.364015517254,5241.012017093696,1757.5438625570318,93.78066575083768,1755.0400609510941,1.0,1.0,46.0,3108.810382124424,81.14588515555262,102.45075823205644,0.0654008999990765,150000.0,1500.0
0,84,8,known,3,100.0,300.0,150.0,1344.8034509970153,97.01509565471125,1341.2995165243997,951.0924308497831,68.60621330896143,948.614779304621,1.0,1.0,60.0,771.8759579434466,327.1335414897651,53.34772718606908,0.143422189001285,150000.0,1500.0
0,85,8,known,3,100.0,300.0,150.0,1776.265873882917,85.418729686464,1774.2108373414344,1327.5264246742438,53.511357127217366,1326.4474896756315,1.0,1.0,32.0,1069.9166283927739,236.3404352851945,59.92466874624948,0.06247679799707839,150000.0,1500.0
0,86,8,known,3,100.0,300.0,150.0,152.045029367849,55.180700353234805,141.6784431873691,137.98517608228107,38.44453942960712,132.52141791613724,1.0,1.0,319.0,0.43114374370957953,585547.728342962,70.55781170082025,0.28605834700283594,150000.0,1500.0
0,87,8,known,3,100.0,300.0,150.0,4227.478829111494,172.40333719735045,4223.961924533542,1595.5056729645885,49.30843444320242,1594.743562694311,1.0,1.0,35.0,2406.878836924044,104.89124118022018,71.14324989145489,0.028138935998867964,150000.0,1500.0
0,88,8,known,3,100.0,300.0,150.0,3655.2171423873424,145.37116163564443,3652.3252296813594,1194.3074810614064,68.65428021797236,1192.3325664960232,1.0,1.0,121.0,2088.551893073154,120.73881890596252,85.85079488523287,0.15637829499974032,150000.0,1500.0
0,89,8,known,3,100.0,300.0,150.0,1152.193746951264,100.73495366488531,1147.7817299572803,771.5721924124344,54.60331483173294,769.6376589756491,1.0,1.0,37.0,654.9817670215973,384.95559294634245,51.28316498430365,0.016551208002056228,150000.0,1500.0
0,90,8,known,3,100.0,300.0,150.0,4292.8369797398345,181.07709394609353,4289.01625325317,968.3470615383052,57.03364529829383,966.666020347182,1.0,1.0,53.0,2490.15778823781,101.49739348039876,69.91407291597596,0.03563158500037389,150000.0,1500.0
0,91,8,known,3,100.0,300.0,150.0,848.7505696175944,69.46638567949968,845.9030385846938,755.7134515304244,53.385825874267056,753.8254270185834,1.0,1.0,93.0,519.6539155792533,486.22919260455797,82.67606353888755,0.08373584199944162,150000.0,1500.0
0,92,8,known,3,100.0,300.0,150.0,2193.764470674861,122.9994915701309,2190.3136026306465,936.8348847868236,71.30011902502511,934.117709060565,1.0,1.0,127.0,1275.668752163099,197.99858886982855,74.71834451371656,0.10328102199855493,150000.0,1500.0
0,93,8,known,3,100.0,300.0,150.0,944.3618497077995,69.01208711982595,941.8368409734787,751.6239340964381,60.21741001536784,749.2078495568821,1.0,1.0,81.0,545.447069229305,461.03759462410125,94.69757848929255,0.08553326200126321,150000.0,1500.0
0,94,8,known,3,100.0,300.0,150.0,3568.695174466144,126.77922437113988,3566.4425239341504,908.9396521618974,39.15136339308146,908.0960643107389,1.0,1.0,65.0,2011.6184819216837,125.3130618190454,74.68251237162565,0.04953147999913199,150000.0,1500.0
0,95,8,known,3,100.0,300.0,150.0,1925.8749768207517,99.84491656811333,1923.2850592098503,1344.5583294199535,53.051305161356446,1343.5113174935493,1.0,1.0,38.0,1117.1212138759424,226.6736055256629,68.31224129458958,0.02624219999779598,150000.0,1500.0
0,96,8,known,3,100.0,300.0,150.0,1732.2512386966541,82.63815062712312,1730.2789630655,1449.9616482595823,69.51176301600394,1448.2944784214474,1.0,1.0,76.0,1034.515079282637,244.20866764284807,92.67740800613925,0.07936133600014728,150000.0,1500.0
0,97,8,known,3,100.0,300.0,150.0,2858.90515890145,103.8312913603585,2857.0190357307324,797.5976501363072,55.7997319217507,795.6433883470784,1.0,1.0,42.0,1645.3623536266896,153.69903342643596,69.45829105005787,0.03456208500210778,150000.0,1500.0
0,98,8,known,3,100.0,300.0,150.0,3583.1878898322498,117.92729412890812,3581.246795061732,1506.7766503605023,74.71151835922105,1504.9232748203729,1.0,1.0,27.0,2101.5462564271843,120.319074264804,72.59371813402932,0.023227811998367542,150000.0,1500.0
0,99,8,known,3,100.0,300.0,150.0,3638.1191002819655,191.32682471036827,3633.084727058083,1278.7527544617803,74.49955105270938,1276.5807549608976,1.0,1.0,39.0,2094.8153916350398,120.42392104694315,77.7768110752965,0.03421551599967643,150000.0,1500.0
1,0,8,known,3,100.0,300.0,150.0,2813.4360864469722,86.43827577944111,2812.1079348066164,869.3805428654616,35.23559203736601,868.6662082565553,1.0,1.0,37.0,2070.0861500953224,122.06602048617145,71.65811575155269,0.025835446998826228,150000.0,2000.0
1,1,8,known,3,100.0,300.0,150.0,3760.3326190098896,177.063061875928,3756.1616149613287,995.6011520339358,46.978261947399766,994.4921803793642,1.0,1.0,43.0,2586.561315252654,97.49111333047497,83.16647127375619,0.025803096999879926,150000.0,2000.0
1,2,8,known,3,100.0,300.0,150.0,1807.787758981662,80.13790935358877,1806.0106580550337,1483.687591329299,47.27748988372423,1482.9341548480268,1.0,1.0,47.0,1248.960383337444,201.56507035971129,73.0475487459625,0.03317003300253418,150000.0,2000.0
1,3,8,known,3,100.0,300.0,150.0,919.3559555847063,65.88329852844427,916.9922377229158,758.1007252486062,33.5092207730968,757.3597835544495,1.0,1.0,34.0,813.9525224215049,309.7143603903301,104.97153923184325,0.021257554002659163,150000.0,2000.0
1,4,8,known,3,100.0,300.0,150.0,2817.3878193125643,118.10683404443036,2814.911170918686,814.8848865741799,59.87322078394798,812.6823338795858,1.0,1.0,65.0,2019.6656085836728,124.50892041529103,61.687685913268645,0.06887262300006114,150000.0,2000.0
1,5,8,known,3,100.0,300.0,150.0,1690.0818755615194,73.08521904497219,1688.5009022380448,1088.312597087401,51.705192147688315,1087.0836591928398,1.0,1.0,63.0,1298.3295422517642,193.78177204680796,84.4860196306898,0.06451960400227108,150000.0,2000.0
1,6,8,known,3,100.0,300.0,150.0,1268.669207633406,42.289784859614194,1267.9641684581238,1023.5097448394669,42.58117747523965,1022.6236067616338,1.0,1.0,60.0,987.1585582891274,255.93115105287313,84.79116949375634,0.052413145000173245,150000.0,2000.0
1,7,8,known,3,100.0,300.0,150.0,487.8695901130196,76.74848654221019,481.7949841691235,420.014890194748,52.39092813769483,416.7345661619361,1.0,1.0,129.0,492.7906329083371,511.7783131654516,105.26826471678831,0.10761224099769606,150000.0,2000.0
1,8,8,known,3,100.0,300.0,150.0,1385.6611370144776,72.10729212714406,1383.7836987962917,1232.0472262959095,63.62048919701488,1230.4035115269205,1.0,1.0,82.0,893.8608153057481,281.7566052751044,82.37132708420633,0.11643481400096789,150000.0,2000.0
1,9,8,known,3,100.0,300.0,150.0,3257.070511146657,111.29651892128099,3255.1684133785075,1154.6412258125404,57.84614662807335,1153.1913040194888,1.0,1.0,44.0,2322.600278327878,108.58654147117147,101.90379171477981,0.045126451001124224,150000.0,2000.0
1,10,8,known,3,100.0,300.0,150.0,1980.3405501280658,93.94325272596227,1978.1110584971705,1251.1159521425461,47.715247946853665,1250.2057353967466,1.0,1.0,25.0,1454.5806317253189,174.33855673969842,51.21738045768453,0.010429214999021497,150000.0,2000.0
1,11,8,known,3,100.0,300.0,150.0,1829.1404635107037,95.13801420923896,1826.6646089264648,1181.3359127363074,62.9598073777456,1179.6569846253958,1.0,1.0,36.0,1018.6902533297,246.63693166505794,61.53956664765744,0.027031606001401087,150000.0,2000.0
1,12,8,known,3,100.0,300.0,150.0,1893.519843762973,62.94580874690854,1892.4733086322121,895.7116124361402,35.112580635303864,895.0231278207729,1.0,1.0,37.0,1439.5126346061193,175.79278503593807,87.25541861169602,0.03302313599851914,150000.0,2000.0
1,13,8,known,3,100.0,300.0,150.0,3251.551967892496,136.78150311737187,3248.673732511548,836.2106562881205,52.240040118761954,834.5772821603757,1.0,1.0,47.0,2233.611994529521,113.09860737199114,69.32455866684356,0.03455870800098637,150000.0,2000.0
1,14,8,known,3,100.0,300.0,150.0,1952.2037333321357,80.36258524133598,1950.5489666576577,622.7021021388753,53.32865453245203,620.4143475242433,1.0,1.0,159.0,1486.88352156329,169.72820147328747,87.4299052424489,0.1956214790006925,150000.0,2000.0
1,15,8,known,3,100.0,300.0,150.0,1956.7239602580557,78.53501539704385,1955.1472855016716,1333.65128993528,48.95441634510747,1332.7525007541146,1.0,1.0,22.0,1300.754851360312,195.5009890223166,51.50316788857917,0.021441879998747027,150000.0,2000.0
1,16,8,known,3,100.0,300.0,150.0,2419.4878153183963,84.3794479703484,2418.016004337938,796.6549272584097,62.3450453648351,794.2116647617048,1.0,1.0,36.0,1744.9019210158774,144.5214121143265,61.57887236468715,0.037430491000122856,150000.0,2000.0
1,17,8,known,3,100.0,300.0,150.0,3197.246828055479,155.56352718840844,3193.460077802684,1647.279530017166,67.38938928931294,1645.9005195408345,1.0,1.0,35.0,2215.134204682328,114.0725556046642,48.21040443806813,0.03643566000027931,150000.0,2000.0
1,18,8,known,3,100.0,300.0,150.0,1456.292611032966,96.21588800014513,1453.1106880914328,716.2987530278292,65.83141635621676,713.267220759343,1.0,1.0,448.0,655.1343576686451,385.791456681329,97.39417758806901,0.49505964499985566,150000.0,2000.0
1,19,8,known,3,100.0,300.0,150.0,1657.5659594378235,59.206161769255736,1656.5082373159469,659.7873281785762,38.361711369317824,658.6711603872158,1.0,1.0,62.0,1339.1029194181588,188.4254336042806,61.292019466726224,0.10959727899899008,150000.0,2000.0
1,20,8,known,3,100.0,300.0,150.0,3481.466823213177,177.6934816299443,3476.9291433275257,1614.7814141455467,85.05389654245883,1612.5398755233423,1.0,1.0,38.0,2383.7890632938206,106.46815933540941,71.1969243288829,0.08641333600098733,150000.0,2000.0
1,21,8,known,3,100.0,300.0,150.0,2699.863810865376,140.94151817633858,2696.1825022936896,708.9744833395046,60.969924952101955,706.347992336534,1.0,1.0,59.0,1970.105618998388,128.06614146602877,83.23522645664828,0.10905005499807885,150000.0,2000.0
1,22,8,known,3,100.0,300.0,150.0,2316.3038346826474,174.93656580596002,2309.688431912312,816.6911676595751,74.96975540924767,813.2428905972912,1.0,1.0,32.0,1725.0290076003112,146.9447608435623,67.05099002464974,0.037173488999542315,150000.0,2000.0
1,23,8,known,3,100.0,300.0,150.0,3083.599494629239,132.4197552239013,3080.754915877623,1698.6136432747924,57.744486028597585,1697.6318456757801,1.0,1.0,28.0,1568.359987913125,161.54801999269688,53.63549466421869,0.021649172002071282,150000.0,2000.0
1,24,8,known,3,100.0,300.0,150.0,1128.229362903333,52.81609995247984,1126.992437819824,749.0279136603128,41.32278789840781,747.8871857724428,1.0,1.0,60.0,634.1558952709779,398.39160717141664,96.03765308807685,0.0441286549976212,150000.0,2000.0
1,25,8,known,3,100.0,300.0,150.0,4725.476156540235,221.1023077694315,4720.3006975752405,1156.0682716017907,67.80184274480439,1154.0783156808557,1.0,1.0,57.0,3116.4093406806114,81.00231854820566,92.44030937807311,0.030094006997387623,150000.0,2000.0
1,26,8,known,3,100.0,300.0,150.0,1974.1928732818328,53.17467807684293,1973.4766161594625,1086.4006152447193,28.693993275726537,1086.0216165224324,1.0,1.0,81.0,1455.1175619043918,174.05852704515848,71.27747699146492,0.06110220700065838,150000.0,2000.0
1,27,8,known,3,100.0,300.0,150.0,3721.4840209342638,150.3603289388515,3718.445251654306,1438.4880362445585,68.18894023420613,1436.870940219915,1.0,1.0,34.0,2438.7582264682173,103.55535982201484,83.01943543009305,0.03151644399986253,150000.0,2000.0
1,28,8,known,3,100.0,300.0,150.0,1699.7517687872016,93.1670988501205,1697.1965022315692,880.4291615499986,57.51790739997066,878.5483474664112,1.0,1.0,71.0,1372.3202121920642,184.57231623318157,91.93831170389176,0.06926437400034047,150000.0,2000.0
1,29,8,known,3,100.0,300.0,150.0,3722.99349139509,181.02827290931523,3718.589692528294,1700.7554755758454,59.76900875098819,1699.7049312436982,1.0,1.0,37.0,1923.990388506552,130.77378741214807,69.72911484949965,0.0335445790005906,150000.0,2000.0
1,30,8,known,3,100.0,300.0,150.0,1549.322450281901,84.62236423275228,1547.009731843718,1061.0585619911017,58.388719094126245,1059.4508150250165,1.0,1.0,40.0,1178.9497770499445,213.5356385305499,80.30119639167654,0.034451485000317916,150000.0,2000.0
1,31,8,known,3,100.0,300.0,150.0,786.820619641124,65.70964257227162,784.0720186089201,710.356945815892,41.65362515388532,709.134659976807,1.0,1.0,40.0,573.4546877220873,439.85705706038874,83.81593210548915,0.046894525999960024,150000.0,2000.0
1,32,8,known,3,100.0,300.0,150.0,2461.993851925207,135.97114450770385,2458.2362731801804,1290.5759183489872,80.2360807344184,1288.0793346571133,1.0,1.0,23.0,1844.9010217202556,136.44993404894535,51.21346990443951,0.01467498700003489,150000.0,2000.0
1,33,8,known,3,100.0,300.0,150.0,2860.6511854246523,86.94169040006835,2859.329702420105,809.5107915560533,47.72002725834538,808.1030383832068,1.0,1.0,81.0,2027.4893558167034,124.62894538060725,44.762103372794485,0.0891273800007184,150000.0,2000.0
1,34,8,known,3,100.0,300.0,150.0,2021.2765704705232,79.0359945513691,2019.7307458912326,1090.028417119574,46.55832456353361,1089.0336416025175,1.0,1.0,76.0,1464.6915362165103,172.71336791367065,75.66160403028285,0.06453879599939683,150000.0,2000.0
1,35,8,known,3,100.0,300.0,150.0,3988.850544444875,180.48316050979338,3984.765299825144,1092.7612961462512,57.047778578722486,1091.2711859636304,1.0,1.0,41.0,2763.7838012829643,91.40690596969723,55.41333113020408,0.032280911997077055,150000.0,2000.0
1,36,8,known,3,100.0,300.0,150.0,2860.006088929757,103.21596128413915,2858.1429799874386,1234.961068561516,65.69688984350299,1233.2123740570769,1.0,1.0,68.0,1446.081642558131,174.97787107595101,61.94802566356336,0.08656814599817153,150000.0,2000.0
1,37,8,known,3,100.0,300.0,150.0,2242.1891332531654,97.71598699825685,2240.0588597542564,1364.980988668882,60.221957055067136,1363.6518673458913,1.0,1.0,44.0,1061.7935711120251,237.8900241160637,97.27339221862358,0.030037059001188027,150000.0,2000.0
1,38,8,known,3,100.0,300.0,150.0,1650.1457877759121,86.45192049593842,1647.8796031133918,728.930281411572,44.80382637885416,727.5520409569112,1.0,1.0,86.0,1294.9305724980463,194.08958326624963,78.45223549682582,0.08797878800032777,150000.0,2000.0
1,39,8,known,3,100.0,300.0,150.0,2268.0103140302717,102.0855234489161,2265.7116609246314,1421.9254416102985,54.63770734564649,1420.8753226214658,1.0,1.0,37.0,1669.7143659006501,151.02465592630992,78.43140880368678,0.030929743999877246,150000.0,2000.0
1,40,8,known,3,100.0,300.0,150.0,1277.2178299132768,85.32277340959656,1274.364708153076,982.3526911754295,63.28651680181645,980.3120047468062,1.0,1.0,45.0,680.7512241401057,371.7066028806405,74.01807986279415,0.024530740000045625,150000.0,2000.0
1,41,8,known,3,100.0,300.0,150.0,2052.178772753248,91.36936621717149,2050.1437399012048,1327.981808188332,43.2483050895028,1327.2773888626436,1.0,1.0,44.0,961.7710642635631,262.5442974724748,86.70370033840219,0.017692872999759857,150000.0,2000.0
1,42,8,known,3,100.0,300.0,150.0,1458.2503565252484,88.46500913030042,1455.5645105819221,1146.8776685679968,51.7175337527315,1145.7109946939058,1.0,1.0,46.0,1051.4190220170522,239.6210550268139,52.38861262397325,0.0467127910014824,150000.0,2000.0
1,43,8,known,3,100.0,300.0,150.0,1888.1941677467776,70.71691234208205,1886.8694532006577,1078.8809702567885,44.910136359684486,1077.9458370597217,1.0,1.0,32.0,1436.7954258875045,176.2245376306477,69.62046018070379,0.02019557700259611,150000.0,2000.0
1,44,8,known,3,100.0,300.0,150.0,338.0109438910308,61.913042608829834,332.2923010619157,268.3487251603816,54.9424758570204,262.66397286628927,1.0,1.0,263.0,308.19484420938784,817.910073284343,105.91336492160278,0.2595416469994234,150000.0,2000.0
1,45,8,known,3,100.0,300.0,150.0,1419.0487432817586,69.09317791167877,1417.3656792005384,1084.254141220383,38.41146287471213,1083.5735333946539,1.0,1.0,33.0,1131.8472472857943,222.27882298382653,57.573347053735965,0.02484121100133052,150000.0,2000.0
1,46,8,known,3,100.0,300.0,150.0,3774.666794948513,165.52328715596775,3771.0358595876496,1364.3244375190902,92.96772227194789,1361.1532512642902,1.0,1.0,34.0,2514.5256774302648,100.41102256047147,36.18770050108146,0.030583542997192126,150000.0,2000.0
1,47,8,known,3,100.0,300.0,150.0,1099.1324085771707,55.95355224612559,1097.7072704394795,868.1024285808749,52.86001145421381,866.4915727790278,1.0,1.0,40.0,566.1015289634734,446.6129623488083,89.01982402592854,0.03853469100067741,150000.0,2000.0
1,48,8,known,3,100.0,300.0,150.0,3366.0683496256715,151.42055890994538,3362.660843542074,1239.843931857347,49.9807302205226,1238.836107792354,1.0,1.0,44.0,2281.5856759982184,111.01209626129636,63.66160805324744,0.04364551499747904,150000.0,2000.0
1,49,8,known,3,100.0,300.0,150.0,1862.6931506764538,99.35131007778358,1860.041690598037,950.3461612448673,92.24439794990941,945.858761781966,1.0,1.0,29.0,1475.883353467736,171.0892110959967,85.87422056251525,0.024400116999458987,150000.0,2000.0
1,50,8,known,3,100.0,300.0,150.0,2325.126531975877,114.64735292187454,2322.2982956903224,1462.3272802992258,64.1380193151009,1460.9200488684062,1.0,1.0,26.0,1639.7768759547662,153.64680128678253,62.024982901531914,0.028432781997253187,150000.0,2000.0
1,51,8,known,3,100.0,300.0,150.0,2008.0951844881595,41.597181428321754,2007.6643007389841,903.0697532950204,37.71435195661395,902.2818888644622,1.0,1.0,57.0,1500.320121464479,168.17313609693733,71.56125131471647,0.05464673999813385,150000.0,2000.0
1,52,8,known,3,100.0,300.0,150.0,2025.5508728221455,101.39002175351575,2023.0117157049233,1620.4338338307766,66.90092327937765,1619.0522154297173,1.0,1.0,36.0,1280.5817501136662,197.64509793538764,86.3630321077055,0.030391897998924833,150000.0,2000.0
1,53,8,known,3,100.0,300.0,150.0,2201.5704057108264,135.891536023021,2197.372463133876,849.9757504885551,67.63747282341619,847.280324738303,1.0,1.0,36.0,1683.0091896375225,150.2277586208603,48.94413163301823,0.046092787000816315,150000.0,2000.0
1,54,8,known,3,100.0,300.0,150.0,2491.5066520759037,115.04319577313116,2488.8492241284494,1288.3222968170635,54.38327815817325,1287.1739585358166,1.0,1.0,138.0,1831.0530325782333,137.5384517808371,94.53071216785035,0.17669041000044672,150000.0,2000.0
1,55,8,known,3,100.0,300.0,150.0,2014.9121483500392,75.53429473183223,2013.4958494836624,1429.1481250250304,40.123062817416546,1428.584790305675,1.0,1.0,31.0,1441.5181884643346,175.78190907503617,62.98780929161335,0.04646860600041691,150000.0,2000.0
1,56,8,known,3,100.0,300.0,150.0,1398.438599461897,56.15157794813671,1397.3108160888494,1286.872990268939,52.28284263123785,1285.8104827112422,1.0,1.0,33.0,813.7331998390287,310.1579729640218,80.53173237186235,0.029384678997303126,150000.0,2000.0
1,57,8,known,3,100.0,300.0,150.0,3817.0752155099985,202.84732529316187,3811.681540144994,1620.854357103666,77.27248161137744,1619.0113682514886,1.0,1.0,38.0,2544.5987615364725,99.03139738800816,81.98568868351799,0.03758599299908383,150000.0,2000.0
1,58,8,known,3,100.0,300.0,150.0,1611.7276689883993,51.62669452745839,1610.900606305351,1186.7939272361084,25.504391095439146,1186.5198488686806,1.0,1.0,40.0,1053.128909800102,240.77992572182012,74.09407545703394,0.048524640002142405,150000.0,2000.0
1,59,8,known,3,100.0,300.0,150.0,1218.7374852879964,101.09273605784924,1214.5374908838537,1173.0328289724896,58.49592421833714,1171.57340559482,1.0,1.0,36.0,744.1767489474568,340.5168031426877,76.26927185645182,0.023929505001433427,150000.0,2000.0
1,60,8,known,3,100.0,300.0,150.0,1852.364718042133,56.08660039233714,1851.5154176791889,1102.6420948680745,38.234434327787085,1101.9790004381616,1.0,1.0,30.0,847.1059198879826,298.1400030355122,54.44780528655621,0.023227089001011336,150000.0,2000.0
1,61,8,known,3,100.0,300.0,150.0,1421.6125385287633,67.59076118175787,1420.0048234795067,1269.548094153794,68.71925058926213,1267.686880885016,1.0,1.0,35.0,867.7204178246541,290.95370000180736,89.24539997389289,0.023594908001541626,150000.0,2000.0
1,62,8,known,3,100.0,300.0,150.0,2188.906879034808,107.81477936040686,2186.250053959375,1280.5128132266107,45.60653999874244,1279.7003978849393,1.0,1.0,32.0,1199.6169899251001,210.89360056208088,50.99154033218219,0.03316991199972108,150000.0,2000.0
1,63,8,known,3,100.0,300.0,150.0,696.6701758899109,65.95284751736888,693.5413151924189,181.16019125506529,53.69555881791086,173.01965743465135,1.0,1.0,133.0,0.09702061810714929,2591658.289427809,89.04018367113098,0.1650256510001782,150000.0,2000.0
1,64,8,known,3,100.0,300.0,150.0,1998.8565973842021,96.67260456119413,1996.5174941466717,1033.0819754545441,65.29925806885078,1031.0161855687431,1.0,1.0,33.0,1520.5819794659867,165.47987189797018,69.25065074800601,0.02871529199910583,150000.0,2000.0
1,65,8,known,3,100.0,300.0,150.0,1560.6720721807433,72.59436380777285,1558.9828014536529,1197.3213433800145,53.90427049794945,1196.1073233349114,1.0,1.0,35.0,1181.6277456846638,213.86070427193175,59.556015936842115,0.02431064700067509,150000.0,2000.0
1,66,8,known,3,100.0,300.0,150.0,2843.118387593941,139.663595315078,2839.685941441137,1643.6321105030963,81.87040586940363,1641.5918345677896,1.0,1.0,109.0,1567.5048935791206,160.81077435537284,99.90304946459554,0.13656305999757024,150000.0,2000.0
1,67,8,known,3,100.0,300.0,150.0,942.1672670249537,91.85870080297887,937.6785899976918,607.3094968515376,61.756243797197286,604.1613950908555,1.0,1.0,355.0,522.3144785630446,483.05954613118485,75.55789405315123,0.3158188130000781,150000.0,2000.0
1,68,8,known,3,100.0,300.0,150.0,878.8382326803201,59.75422739211479,876.8044659611628,732.0448743778389,55.10305675958605,729.9680480943093,1.0,1.0,32.0,619.5043914613599,406.35469935615845,81.12232868739078,0.03828340100153582,150000.0,2000.0
1,69,8,known,3,100.0,300.0,150.0,853.5944430330056,72.66979052708038,850.4954877726144,360.75269353868913,45.48520052995333,357.8737241376758,1.0,1.0,212.0,780.4634021148065,323.606418305899,62.338113285678915,0.2054131500008225,150000.0,2000.0
1,70,8,known,3,100.0,300.0,150.0,1839.1815835330178,69.30158499458355,1837.8754548456914,478.5492732160778,43.13648572160124,476.6011440347435,1.0,1.0,137.0,1407.8970654927514,179.5590205596702,92.54020235265959,0.14172528999915812,150000.0,2000.0
1,71,8,known,3,100.0,300.0,150.0,3046.307479004153,137.05870080566203,3043.222661779795,1531.096490487895,48.58950437618415,1530.3252998133519,1.0,1.0,53.0,2116.0354928452643,119.2275974099348,101.98495803345277,0.04767343200001051,150000.0,2000.0
1,72,8,known,3,100.0,300.0,150.0,3565.2577427392043,167.9517652614851,3561.2996190586655,1245.5815172392754,66.8030258183516,1243.7888373150838,1.0,1.0,79.0,1753.8036115169168,143.8322210389154,75.15653046530092,0.06675529300264316,150000.0,2000.0
1,73,8,known,3,100.0,300.0,150.0,4274.400773204015,202.44624071601922,4269.603903125797,1108.4645642686778,69.6530100700379,1106.2739933793675,1.0,1.0,28.0,2938.1874641998793,85.61706934855758,44.14469556738876,0.025640304997068597,150000.0,2000.0
1,74,8,known,3,100.0,300.0,150.0,1845.8724792575758,109.30445178764269,1842.6333727846982,988.7584634977156,82.24071199679742,985.3323116738958,1.0,1.0,33.0,1466.3490990292478,172.27894015431772,57.748823817027024,0.03702357400106848,150000.0,2000.0
1,75,8,known,3,100.0,300.0,150.0,2024.9111324513826,122.5104088483592,2021.201695538906,1294.512185620126,56.9774074305141,1293.2576594636869,1.0,1.0,40.0,1322.7649940733306,191.3330602959713,60.54044644925748,0.03481484599979012,150000.0,2000.0
1,76,8,known,3,100.0,300.0,150.0,3516.8484714316482,120.52145462262244,3514.782745773452,973.1627740632891,48.243853777187354,971.9662110357962,1.0,1.0,38.0,2480.164430252058,101.52917693384876,49.224879050646344,0.036349043002701364,150000.0,2000.0
1,77,8,known,3,100.0,300.0,150.0,3150.738860185817,136.32033661162822,3147.788450787491,1450.880369498023,44.591361748886044,1450.1949720820646,1.0,1.0,34.0,2147.0726084825787,117.18649154877052,73.85025585768012,0.03156755500094732,150000.0,2000.0
1,78,8,known,3,100.0,300.0,150.0,1005.7968068694285,53.85328668522,1004.3540412732643,869.0129185645275,49.85332366107772,867.581753353528,1.0,1.0,103.0,551.7770616774379,456.7452889997098,77.3275367897095,0.09858045399960247,150000.0,2000.0
1,79,8,known,3,100.0,300.0,150.0,916.2465530722607,36.00265031220588,915.5389424744836,674.6854683230445,30.60816789798417,673.9908168693507,1.0,1.0,50.0,775.0411708292577,326.49700418652924,58.77092120537418,0.033757885998056736,150000.0,2000.0
1,80,8,known,3,100.0,300.0,150.0,4327.499561369996,189.48482268492805,4323.349159578668,1725.7330030332746,58.04455434208497,1724.7565704961014,1.0,1.0,34.0,2779.4717794512194,90.78608808555106,60.4676805027508,0.029612508998980047,150000.0,2000.0
1,81,8,known,3,100.0,300.0,150.0,2446.7251626542347,132.24149986220868,2443.1488303579836,1465.2956961904686,68.37117831589919,1463.699716215729,1.0,1.0,23.0,1762.7897851881892,143.40399719450681,80.75040494091353,0.016100313001516042,150000.0,2000.0
1,82,8,known,3,100.0,300.0,150.0,1083.251737043455,58.53737184289634,1081.6689428403633,734.2145486585669,40.99483648304269,733.0691828494986,1.0,1.0,118.0,576.4579018018779,436.797074703204,57.769676897253,0.1279920380002295,150000.0,2000.0
1,83,8,known,3,100.0,300.0,150.0,1503.0806132579296,51.58705222257951,1502.1950958496764,890.3596316726606,32.734537827036085,889.7576769803821,1.0,1.0,80.0,677.8513082430824,370.7608966852469,78.48355584370582,0.12020542900063447,150000.0,2000.0
1,84,8,known,3,100.0,300.0,150.0,1510.0066138138448,73.32078654393676,1508.2254592805853,1190.556803540342,42.380027847362896,1189.8022674780264,1.0,1.0,30.0,813.0970936252758,309.61797586524057,61.26840028688592,0.02663975499672233,150000.0,2000.0
1,85,8,known,3,100.0,300.0,150.0,1350.2060725641368,76.20305727131205,1348.0539797988713,1129.487524007559,53.94919759081378,1128.1983650794896,1.0,1.0,42.0,1033.4295627697647,244.11192886191034,61.27064271859171,0.03909690599903115,150000.0,2000.0
1,86,8,known,3,100.0,300.0,150.0,1403.1009831355652,99.36452406966728,1399.5781722477664,1101.8678760260036,64.45370424581026,1099.9811526690128,1.0,1.0,36.0,952.4683747020761,265.72455249231405,84.54490895777398,0.036529451001115376,150000.0,2000.0
1,87,8,known,3,100.0,300.0,150.0,1614.6450645444995,56.91691687485373,1613.641580101161,1081.0868225854551,33.32557467535039,1080.5730535417183,1.0,1.0,37.0,774.1605171250471,324.5241461873844,77.13804929136238,0.016607069999736268,150000.0,2000.0
1,88,8,known,3,100.0,300.0,150.0,2450.074916855035,81.64328318189398,2448.7142488484624,875.2085657158931,32.02472252790821,874.622461779642,1.0,1.0,38.0,1795.5371010939982,140.02211845701683,61.026760716047576,0.031227019000652945,150000.0,2000.0
1,89,8,known,3,100.0,300.0,150.0,3644.4165887159797,145.70119968331568,3641.5029084869702,1510.7206867801694,67.47055898558654,1509.21327755083,1.0,1.0,44.0,1849.547899318355,136.14555923313748,80.14316478327336,0.03351120300067123,150000.0,2000.0
1,90,8,known,3,100.0,300.0,150.0,3683.912063051401,152.6046453520911,3680.749911432804,1424.5797580071269,72.27371536541303,1422.7452326368639,1.0,1.0,33.0,1821.1792120789428,138.5645654395398,80.65021884512777,0.02464837900333805,150000.0,2000.0
1,91,8,known,3,100.0,300.0,150.0,3319.3048985661635,123.06365296743022,3317.0228137538697,1205.6515694414657,60.19758313296342,1204.1478139670476,1.0,1.0,43.0,2328.8931327259584,108.20489025637262,74.40987304900013,0.03145858200150542,150000.0,2000.0
1,92,8,known,3,100.0,300.0,150.0,3679.7530539580885,114.81541797527316,3677.9613861362172,848.4384002329226,51.05870466910557,846.9006598576445,1.0,1.0,70.0,2570.9965465429395,98.38100054295627,101.92602828195005,0.06667808500060346,150000.0,2000.0
1,93,8,known,3,100.0,300.0,150.0,3578.6796517368048,201.43870030294357,3573.005807408563,1923.6470006995478,68.78505674510535,1922.4168120542795,1.0,1.0,31.0,2443.3389131746017,103.44830406099642,69.26998440216397,0.02550684500238276,150000.0,2000.0
1,94,8,known,3,100.0,300.0,150.0,2368.5374250792324,96.48073925725289,2366.571571060832,1491.8509374362588,39.91200516062384,1491.3169520170763,1.0,1.0,45.0,1544.732072392645,163.57516555311776,95.66327637206916,0.03765320900129154,150000.0,2000.0
1,95,8,known,3,100.0,300.0,150.0,1271.7741882183263,102.27102462763906,1267.655404019561,924.7659273213576,89.45609675444926,920.4290451131957,1.0,1.0,43.0,915.3350839502589,275.2167144804552,76.85892876252755,0.040587909999885596,150000.0,2000.0
1,96,8,known,3,100.0,300.0,150.0,1198.146715580208,56.66597687417796,1196.8059655267994,837.9236765119189,45.786701681056634,836.6717789004365,1.0,1.0,61.0,541.6942784617502,464.9127158210501,78.48209181406484,0.05999053100094898,150000.0,2000.0
1,97,8,known,3,100.0,300.0,150.0,2205.3775541694476,101.88356824953885,2203.0228993260957,1185.9592703395356,54.403531511990266,1184.7107860838053,1.0,1.0,44.0,1660.8530607408702,152.3649251713482,63.38835251472304,0.05293106700264616,150000.0,2000.0
1,98,8,known,3,100.0,300.0,150.0,1656.4980769607241,49.687737911022026,1655.7527012437163,1243.334109775178,35.686298444944235,1242.8218684243259,1.0,1.0,37.0,915.6890436645999,276.2175911560901,70.97811095464198,0.025045423997653415,150000.0,2000.0
1,99,8,known,3,100.0,300.0,150.0,2288.801884267584,100.17665051379457,2286.60855944315,1211.1488665190725,50.90290202498002,1210.0787046452267,1.0,1.0,30.0,1632.597527498722,154.41739888057316,48.949105253374874,0.025077062997297617,150000.0,2000.0
2,0,8,known,3,100.0,300.0,150.0,1074.092258995289,58.58852821846703,1072.4931539151182,710.8149271012139,43.28549951662197,709.495754829795,1.0,1.0,71.0,851.7447818576479,297.12922481411465,71.16736008829416,0.07133059900297667,150000.0,2500.0
2,1,8,known,3,100.0,300.0,150.0,3816.535581586955,179.46618668026795,3812.3136981835214,1798.8934398022661,66.30456912805396,1797.6710800022267,1.0,1.0,42.0,1679.7572686299213,150.39833356395536,70.64778116421479,0.03457843999785837,150000.0,2500.0
2,2,8,known,3,100.0,300.0,150.0,1197.1932038014938,67.5600618704353,1195.2854074523575,866.1445986881846,41.50900998638917,865.1493905255128,1.0,1.0,29.0,1322.8414914159487,190.66859672039283,89.66457036214999,0.022778678001486696,150000.0,2500.0
2,3,8,known,3,100.0,300.0,150.0,1539.3937165802317,63.42140304545846,1538.0867141622557,1428.7304150689993,55.697878533828145,1427.644334303914,1.0,1.0,27.0,1404.0164331473825,179.403123758372,79.68447447043336,0.019188571997801773,150000.0,2500.0
2,4,8,known,3,100.0,300.0,150.0,2257.463596743919,117.6847714256379,2254.3939729334106,1280.7212123580034,67.72215454074139,1278.9294482371238,1.0,1.0,41.0,1108.6465080983603,227.50213095242216,67.88761341673539,0.03277325500312145,150000.0,2500.0
2,5,8,known,3,100.0,300.0,150.0,3022.8343380629567,184.18706569442415,3017.217685252987,1031.7244163703233,81.02204059825809,1028.5381374902822,1.0,1.0,33.0,2492.125384604973,101.57734909164502,66.0767131123001,0.019484059997921577,150000.0,2500.0
2,6,8,known,3,100.0,300.0,150.0,365.02213151572226,45.78271160963312,362.1396137043701,288.076375725873,38.24320713246887,285.52662810949425,1.0,1.0,185.0,754.1072719224949,334.514022529876,95.21585908218138,0.2151662899996154,150000.0,2500.0
2,7,8,known,3,100.0,300.0,150.0,1606.68590390391,83.46057963087354,1604.516726447937,710.2703695193877,43.75421808839105,708.9214104657025,1.0,1.0,103.0,591.6293570320013,426.5393503712717,77.20101971759794,0.0938430049973249,150000.0,2500.0
2,8,8,known,3,100.0,300.0,150.0,1267.1356979809755,127.8583098493182,1260.668524910577,1129.8732273591227,69.09095322164579,1127.758817338993,1.0,1.0,33.0,1265.7840933884052,199.21739812730388,64.93450638126099,0.037246781001158524,150000.0,2500.0
2,9,8,known,3,100.0,300.0,150.0,1335.636918126198,73.56082029357714,1333.609681570805,1119.7549471130887,57.59379140880259,1118.2728185802407,1.0,1.0,36.0,1351.5524352423904,186.63049300462131,78.78427814988649,0.03304099999877508,150000.0,2500.0
2,10,8,known,3,100.0,300.0,150.0,1811.5696611033052,39.424040107603105,1811.14063012554,1280.385948072109,42.621991215883426,1279.67634262938,1.0,1.0,34.0,1183.6112045319637,213.1473544233141,80.63759162073927,0.031040506000863388,150000.0,2500.0
2,11,8,known,3,100.0,300.0,150.0,1027.7471143035007,88.24057229157462,1023.9520166300902,331.4698312716487,49.13674339142785,327.8076104853886,1.0,1.0,229.0,210.745479429945,1204.8928930493357,43.657270533975435,0.23852422200070578,150000.0,2500.0
2,12,8,known,3,100.0,300.0,150.0,1796.6387069152875,65.9217404735611,1795.4289090128777,1316.2110670546972,35.59558013423014,1315.7296560130321,1.0,1.0,55.0,1623.81045898362,155.47546514072576,90.31752352644861,0.043950279999990016,150000.0,2500.0
2,13,8,known,3,100.0,300.0,150.0,1324.0806208415765,56.37356236767222,1322.8800066348394,1113.0866937802975,34.23746239517071,1112.560013679933,1.0,1.0,33.0,1383.1911891094826,182.9902052691519,72.10302107186752,0.014318048000859562,150000.0,2500.0
2,14,8,known,3,100.0,300.0,150.0,1033.8549946036346,39.69944813860388,1033.092495222171,899.3811007624333,29.474001013535254,898.8980185053811,1.0,1.0,39.0,808.106884150294,312.21566806568933,54.24239299278921,0.03457684699969832,150000.0,2500.0
2,15,8,known,3,100.0,300.0,150.0,1175.7113870297035,85.14592090550104,1172.6241673036009,683.2674629112042,61.652606578031836,680.4802583288131,1.0,1.0,89.0,492.9450576233268,510.48034681615786,64.68073577178315,0.11032154799977434,150000.0,2500.0
2,16,8,known,3,100.0,300.0,150.0,3422.0323020980727,124.38781395169758,3419.770861964724,1637.4147609909735,62.39252244530822,1636.225617894439,1.0,1.0,88.0,2658.7002496171453,94.75911805203386,94.49219427254282,0.11097413899915409,150000.0,2500.0
2,17,8,known,3,100.0,300.0,150.0,879.2601333432187,77.84159025518431,875.8076666216613,584.2582962885178,51.08850724415333,582.020378689205,1.0,1.0,30.0,1190.505052607214,212.54987073255418,69.42606446471025,0.013752319999184692,150000.0,2500.0
2,18,8,known,3,100.0,300.0,150.0,1826.955090810938,98.567191523265,1824.2942231436296,1136.88698411893,80.62065854169546,1134.0248339764607,1.0,1.0,37.0,1779.6538153343288,141.82696537203302,63.336253310505136,0.02827335600159131,150000.0,2500.0
2,19,8,known,3,100.0,300.0,150.0,3203.903251321616,125.77734023240686,3201.433445273115,1203.446296333114,47.36711551968754,1202.5137606386193,1.0,1.0,44.0,2632.8481196195007,96.07723874850976,79.15721322122056,0.03502121200290276,150000.0,2500.0
2,20,8,known,3,100.0,300.0,150.0,977.9637394933897,83.9415726251082,974.3546008251401,873.3665226632129,67.80602261678655,870.7303981174219,1.0,1.0,45.0,1137.6249368570757,222.29163399881148,83.9367904739884,0.035413748999417294,150000.0,2500.0
2,21,8,known,3,100.0,300.0,150.0,1409.792421368216,62.122097368314435,1408.423060151253,1044.10387482723,47.9547816616417,1043.0020327616912,1.0,1.0,36.0,1376.6251341848047,183.20787157354883,68.72136008115295,0.03866773799745715,150000.0,2500.0
2,22,8,known,3,100.0,300.0,150.0,2117.4706053230047,92.63645453919139,2115.4432754619966,1245.7769446319217,62.53941218120035,1244.206179738903,1.0,1.0,65.0,1024.5236399110363,246.08135393806535,87.40418331277878,0.06097802799922647,150000.0,2500.0
2,23,8,known,3,100.0,300.0,150.0,2200.9133820658526,73.83354725606827,2199.6745947198956,1420.5422432174942,42.33812880004093,1419.9111759596449,1.0,1.0,25.0,1916.9490802636963,131.7233590642914,70.0717177161401,0.02385788000174216,150000.0,2500.0
2,24,8,known,3,100.0,300.0,150.0,2875.409725658964,141.58505439025274,2871.921789113949,1412.7344120530763,69.49486416535223,1411.0240901039183,1.0,1.0,57.0,1219.0277929977415,206.51534293525984,66.26674779567843,0.04899262999970233,150000.0,2500.0
2,25,8,known,3,100.0,300.0,150.0,2742.077810766055,117.80058918944535,2739.5462656217687,1109.2129176784886,54.827772492944135,1107.8570359519713,1.0,1.0,39.0,2167.7412515785277,116.58618551438187,89.53430150580921,0.02361385699987295,150000.0,2500.0
2,26,8,known,3,100.0,300.0,150.0,1101.000272861028,64.79080997844585,1099.09223988817,453.45817867838844,50.582339623748865,450.62816903574617,1.0,1.0,71.0,1346.9534368015213,187.3548481991222,86.55116107328035,0.07876850200045737,150000.0,2500.0
2,27,8,known,3,100.0,300.0,150.0,1299.859783973661,66.96308691397932,1298.1338155147962,915.5805643266734,58.369740309555866,913.7180873710145,1.0,1.0,42.0,984.5396443450036,256.454309551163,55.946517978875185,0.044845770000392804,150000.0,2500.0
2,28,8,known,3,100.0,300.0,150.0,2022.0137969457649,112.31706031266816,2018.8919418834057,1182.5574231942262,64.58187316199297,1180.792632434102,1.0,1.0,48.0,1780.8599737475558,141.38099576092654,72.04587657100723,0.03796337099993252,150000.0,2500.0
2,29,8,known,3,100.0,300.0,150.0,1927.0168338122057,51.91712831245352,1926.31733875377,693.3690615851017,48.02005349177007,691.704221489252,1.0,1.0,147.0,692.4870739900379,364.1361452396237,86.80219937900866,0.11084702000152902,150000.0,2500.0
2,30,8,known,3,100.0,300.0,150.0,1545.0455090812484,59.178482382068104,1543.9117631377414,1090.8071698521278,43.47604814481647,1089.9404181139987,1.0,1.0,60.0,1373.370922294665,184.197335416259,87.32915420613807,0.05435506299909321,150000.0,2500.0
2,31,8,known,3,100.0,300.0,150.0,3089.7344430350113,172.58327449387963,3084.9106862017643,957.9623898461872,75.62420377093102,954.9727326807981,1.0,1.0,40.0,2538.2922702393716,99.12995764955478,82.73716560749986,0.03177360499830684,150000.0,2500.0
2,32,8,known,3,100.0,300.0,150.0,1198.4497313011136,48.85551012351143,1197.4535053964655,309.4204083188226,34.88354846124672,307.4477632557094,1.0,1.0,129.0,0.032672636695111314,7700569.052194726,75.61833559741449,0.14728604500123765,150000.0,2500.0
2,33,8,known,3,100.0,300.0,150.0,1845.3455600980121,103.01548381980597,1842.4679227239797,1392.188855434852,80.86311244093555,1389.8384676801,1.0,1.0,134.0,833.8615748343828,302.3187878372249,64.28947788860786,0.10218276099840296,150000.0,2500.0
2,34,8,known,3,100.0,300.0,150.0,1486.215706190088,68.18163346611502,1484.650932099527,1287.8734788944928,51.565299029096565,1286.8407506664698,1.0,1.0,44.0,913.0862820928818,277.7333688295002,77.16379011192257,0.03628953299994464,150000.0,2500.0
2,35,8,known,3,100.0,300.0,150.0,1437.7458084639318,86.40874289552897,1435.1468701519086,931.6197180286457,63.68399212397631,929.4405027579371,1.0,1.0,39.0,544.37296142495,465.10920196678927,80.20421615910975,0.03280925600120099,150000.0,2500.0
2,36,8,known,3,100.0,300.0,150.0,1692.1795119894714,91.53840171305822,1689.7018144657193,608.7583891832265,59.16224086190972,605.8767248022936,1.0,1.0,31.0,1700.7049382405655,147.73551722557082,84.811049131022,0.020520104000752326,150000.0,2500.0
2,37,8,known,3,100.0,300.0,150.0,2708.363639110443,105.3385265054142,2706.314356553804,1461.1590105767928,49.329673310640786,1460.3260723279639,1.0,1.0,42.0,1094.7402012318262,230.34732216623036,68.56445543400295,0.023619412000698503,150000.0,2500.0
2,38,8,known,3,100.0,300.0,150.0,2833.4619749097287,111.7063086795533,2831.259165788347,1716.8844921476586,57.81603123172033,1715.9107394936766,1.0,1.0,37.0,1414.707858569757,177.53999267849548,71.03053528777605,0.034256891998666106,150000.0,2500.0
2,39,8,known,3,100.0,300.0,150.0,3330.07940626399,90.51147566725665,3328.849129173034,1155.9157572121783,42.0249419673041,1155.1515666889986,1.0,1.0,55.0,1351.2306661645252,187.04773497556573,86.43326140640184,0.05166483200082439,150000.0,2500.0
2,40,8,known,3,100.0,300.0,150.0,2797.113412434393,107.79450660168524,2795.0355608411987,1126.39290185638,61.42585431188147,1124.7167793602496,1.0,1.0,30.0,2355.4889100291093,106.58537240147506,65.21176355446728,0.027895660998183303,150000.0,2500.0
2,41,8,known,3,100.0,300.0,150.0,2025.4600153362594,83.5560681373798,2023.7358170481102,1046.348325793571,48.94074793147839,1045.203148714601,1.0,1.0,39.0,1834.827063438671,137.25422169873738,65.38216323455647,0.044819508999353275,150000.0,2500.0
2,42,8,known,3,100.0,300.0,150.0,1107.288479257915,47.7270495444659,1106.2594203165397,412.398411728028,46.14620222997722,409.808465036473,1.0,1.0,55.0,1413.417935747743,178.81662398835832,75.11223443887937,0.05344719200002146,150000.0,2500.0
2,43,8,known,3,100.0,300.0,150.0,1259.3605091599366,58.43668184179507,1258.0039929375803,790.8100046271164,48.66382741114982,789.3112791035218,1.0,1.0,58.0,1295.662839416719,195.1805584712314,72.6238294764426,0.07082626099872869,150000.0,2500.0
2,44,8,known,3,100.0,300.0,150.0,1919.948690210315,105.14510132719408,1917.0674168393762,1098.8887624622862,70.88934531401092,1096.599841777686,1.0,1.0,71.0,970.4161225513712,260.56116919872443,88.70930668372105,0.09185590600100113,150000.0,2500.0
2,45,8,known,3,100.0,300.0,150.0,3545.028931123171,134.19989310837,3542.487898524142,1455.5333374430932,51.91712443390178,1454.6071320458814,1.0,1.0,33.0,2693.971818412192,93.70388084594045,89.91320043171353,0.03667573499842547,150000.0,2500.0
2,46,8,known,3,100.0,300.0,150.0,1013.9573336007987,67.55120205449052,1011.7046552546029,804.0635379611188,51.25543493091453,802.4282232502757,1.0,1.0,69.0,874.172851993821,288.3590381502502,75.66079430846162,0.07547206200251821,150000.0,2500.0
2,47,8,known,3,100.0,300.0,150.0,4117.395739646716,210.6244547822439,4112.0049873399485,1450.8973267919991,75.86833356804938,1448.9123675549797,1.0,1.0,79.0,3163.8636037236934,79.62399565416746,77.32022356797691,0.05541132000143989,150000.0,2500.0
2,48,8,known,3,100.0,300.0,150.0,3658.5536183228373,176.07917756835505,3654.3139850551947,1357.730070941977,74.44536401860417,1355.6875869153052,1.0,1.0,34.0,2815.9321888850795,89.7423775590961,74.3706448540034,0.023268725999514572,150000.0,2500.0
2,49,8,known,3,100.0,300.0,150.0,1732.7727402990247,57.53348645644806,1731.8173308578353,927.0337119229233,51.89007982477578,925.5803166972448,1.0,1.0,43.0,1673.1771534552333,150.6492888488984,85.717291044939,0.0298425490000227,150000.0,2500.0
2,50,8,known,3,100.0,300.0,150.0,3985.5575331207283,146.29594886274154,3982.87162047206,1361.8084369819815,66.25582184979068,1360.1957157359068,1.0,1.0,38.0,3047.589115747306,82.57323469436328,60.06307617028403,0.03926528800002416,150000.0,2500.0
2,51,8,known,3,100.0,300.0,150.0,2371.642643237748,132.06303463955234,2367.96287599817,1273.1614341194384,61.43478914811366,1271.6783414100407,1.0,1.0,122.0,2002.169437845447,126.13466481487856,80.04577491430922,0.1285059310030192,150000.0,2500.0
2,52,8,known,3,100.0,300.0,150.0,2265.371236314538,86.36371420441911,2263.7243973571685,1255.4031086398647,54.50177672577528,1254.2194869784037,1.0,1.0,53.0,1945.4027416149286,130.01681081119992,63.39914269683405,0.0406824069978029,150000.0,2500.0
2,53,8,known,3,100.0,300.0,150.0,2508.473120541424,99.14163350462968,2506.5131822882686,1057.3692243985365,43.766341875979236,1056.463053790315,1.0,1.0,36.0,2175.8721629671263,116.46384458838003,95.23231488356842,0.02531086900125956,150000.0,2500.0
2,54,8,known,3,100.0,300.0,150.0,1425.7867705631045,63.13728584553879,1424.3881487322287,1304.9093617579224,44.5783194350982,1304.1476970956207,1.0,1.0,31.0,1031.874669266295,244.63457687999664,102.03858692926812,0.025054275000002235,150000.0,2500.0
2,55,8,known,3,100.0,300.0,150.0,963.7603784064702,104.00404926826329,958.1321541008773,553.1980942242408,79.64444256332149,547.4348310275021,1.0,1.0,134.0,508.4377407408388,495.6620802443151,96.5414019278151,0.08629302800181904,150000.0,2500.0
2,56,8,known,3,100.0,300.0,150.0,2339.3027043533375,69.2859129823347,2338.2764175471307,1076.1272406802527,36.1731774590789,1075.5191022788058,1.0,1.0,55.0,2102.8745988908277,119.57874393592469,81.59051849497622,0.06812700999944354,150000.0,2500.0
2,57,8,known,3,100.0,300.0,150.0,1535.7126941689944,46.530491224597114,1535.00761966128,866.5749525962136,38.66873106453979,865.7117751913671,1.0,1.0,30.0,608.1784752629405,413.11593298692196,73.79228847006875,0.027203367000765866,150000.0,2500.0
2,58,8,known,3,100.0,300.0,150.0,1839.603804786892,83.62794955661523,1837.7019683940498,1261.1712616980087,49.541371670070646,1260.197843128608,1.0,1.0,56.0,1527.4759206253716,165.19163312279076,79.94663707053908,0.06098912699962966,150000.0,2500.0
2,59,8,known,3,100.0,300.0,150.0,2949.818169196971,129.69838493029658,2946.965483386435,1208.5166353457678,47.30034476107035,1207.5906323307327,1.0,1.0,42.0,2476.2888392733544,101.92160403214055,72.6497799396242,0.033425289002479985,150000.0,2500.0
2,60,8,known,3,100.0,300.0,150.0,1823.249684057324,90.8624092820193,1820.9841935048744,1138.2363815921792,48.42502710081977,1137.2058200388979,1.0,1.0,31.0,1603.3403479558176,157.53281678287206,71.53838887787407,0.01932390900037717,150000.0,2500.0
2,61,8,known,3,100.0,300.0,150.0,1446.5082130573644,83.42503451437082,1444.1005069103346,1050.50616567956,73.12279251510544,1047.9581391189076,1.0,1.0,71.0,687.8714506849606,366.94943031555346,90.58691294471035,0.0695965500017337,150000.0,2500.0
2,62,8,known,3,100.0,300.0,150.0,1889.323304236481,97.15210514619403,1886.8237904999812,1306.6579376613263,72.09946164422513,1304.6672501768269,1.0,1.0,31.0,1204.1266501755651,207.60181929460487,79.80585167069074,0.02469568499873276,150000.0,2500.0
2,63,8,known,3,100.0,300.0,150.0,2592.1185270206074,127.46293913015977,2588.9827456496855,1475.3143331278711,66.10064135599386,1473.832787918922,1.0,1.0,52.0,2046.1610329440362,123.52146036425734,78.0774018762692,0.05209173500043107,150000.0,2500.0
2,64,8,known,3,100.0,300.0,150.0,2181.8952447819697,64.4618354060841,2180.9428078191895,1304.6177565423698,37.8313648560184,1304.069123366847,1.0,1.0,96.0,1591.8740176672652,158.43276058123456,80.0467631068458,0.10615211800177349,150000.0,2500.0
2,65,8,known,3,100.0,300.0,150.0,2018.0528816851497,84.00414709735459,2016.3037312240888,1233.5200979504916,60.99283780554404,1232.011244179296,1.0,1.0,52.0,876.4263490792853,287.1770689029147,85.75967015601887,0.046216144000936765,150000.0,2500.0
2,66,8,known,3,100.0,300.0,150.0,742.5653333833319,130.9978026358975,730.9191816112541,730.1466627907442,65.04400745944274,727.2437186240089,1.0,1.0,40.0,824.1275910684379,305.80727603813125,80.3394235650445,0.03403122699819505,150000.0,2500.0
2,67,8,known,3,100.0,300.0,150.0,1385.3780041826153,49.908716341898426,1384.4787230239801,1052.2086158172667,43.67559547774568,1051.301770929619,1.0,1.0,37.0,876.4244765476527,288.1852126789768,72.48275536272064,0.04546098699938739,150000.0,2500.0
2,68,8,known,3,100.0,300.0,150.0,1350.1411896151487,60.94652332173651,1348.7648991541862,1078.67971400749,67.47549168559725,1076.5672219759747,1.0,1.0,84.0,930.4405655137574,272.40042658946396,100.67827777661607,0.10154410699760774,150000.0,2500.0
2,69,8,known,3,100.0,300.0,150.0,1225.8891930136613,67.05368954288471,1224.053967873301,903.5039025036831,61.06630815532292,901.4378557879984,1.0,1.0,58.0,1295.5595803746132,194.23612162004764,71.60066859495828,0.026702655999542912,150000.0,2500.0
2,70,8,known,3,100.0,300.0,150.0,2600.143122584516,115.88329689277668,2597.559492951955,1332.2110173393726,56.49891600233161,1331.0124218845472,1.0,1.0,38.0,1196.3267631500548,211.0908690946233,62.663309043508555,0.029902729998866562,150000.0,2500.0
2,71,8,known,3,100.0,300.0,150.0,1137.0974222511725,65.48184782441834,1135.2104101424375,828.878767279041,59.38420590763364,826.7487689345187,1.0,1.0,139.0,939.2735267103874,268.8251632814957,85.06495050110931,0.12352096700124093,150000.0,2500.0
2,72,8,known,3,100.0,300.0,150.0,1467.2239197316906,58.27346662803009,1466.066244656079,824.292268009011,50.61192796096504,822.7370028432618,1.0,1.0,101.0,614.6142204746789,410.3365669532141,70.12777064770276,0.10526846300126635,150000.0,2500.0
2,73,8,known,3,100.0,300.0,150.0,3276.4522242304297,146.4718834907676,3273.1766168374106,1673.8801086355195,57.67491244550724,1672.8861953402752,1.0,1.0,37.0,2546.19273411394,99.2022969562125,71.31069853419739,0.022074775999499252,150000.0,2500.0
2,74,8,known,3,100.0,300.0,150.0,909.2605437674935,73.96226413904925,906.2473834090687,887.7379109568316,48.54847977603706,886.4094108601482,1.0,1.0,64.0,976.3488443294434,258.7651840180084,74.15430030848405,0.051330771999346325,150000.0,2500.0
2,75,8,known,3,100.0,300.0,150.0,1873.011103309449,93.1171565858684,1870.6950014018432,958.3224868902264,57.89320774442155,956.572195590343,1.0,1.0,106.0,715.5510535904007,355.21744470282226,81.16412399205517,0.1081390889994509,150000.0,2500.0
2,76,8,known,3,100.0,300.0,150.0,3189.1809361363066,101.45763926070074,3187.5666880633094,1140.2329326585402,53.22802289787204,1138.9898675130867,1.0,1.0,94.0,1354.4022136108524,186.32727768876757,74.24491608222057,0.12652025599891203,150000.0,2500.0
2,77,8,known,3,100.0,300.0,150.0,3861.0334423774175,239.04150357710327,3853.626655856066,1462.5519717328825,82.70024708196476,1460.211950078592,1.0,1.0,26.0,3005.8039280482076,83.71638032866817,42.55096657346717,0.03244657899995218,150000.0,2500.0
2,78,8,known,3,100.0,300.0,150.0,1318.625626040854,41.71038318299193,1317.9657755747537,1046.006423664117,43.24928953253126,1045.1119257292626,1.0,1.0,41.0,678.1885282057139,374.34431248282476,50.14603000695338,0.041993767001258675,150000.0,2500.0
2,79,8,known,3,100.0,300.0,150.0,1546.4409342347928,80.41272117020797,1544.3488457440505,1220.8615763227674,65.53949573889578,1219.1011291273596,1.0,1.0,37.0,747.2284226087635,337.6828767908204,56.582652734728825,0.03273313800309552,150000.0,2500.0
2,80,8,known,3,100.0,300.0,150.0,2233.883727128137,97.44595690199418,2231.757332644244,749.7891034954972,57.07145677324838,747.6139033902195,1.0,1.0,117.0,719.0411437932895,350.0609212482541,67.55157614508192,0.11693253900011769,150000.0,2500.0
2,81,8,known,3,100.0,300.0,150.0,1056.1897974485755,83.90742702872107,1052.851571649054,918.588749814449,60.052841167699725,916.6236673539254,1.0,1.0,71.0,795.6288864229547,317.2187885952179,80.43353458660272,0.059125223000592086,150000.0,2500.0
2,82,8,known,3,100.0,300.0,150.0,2300.899437209159,104.51369115341524,2298.5245503389583,1221.4972558083582,63.035601070946576,1219.8696893295505,1.0,1.0,37.0,2005.2693023708625,125.62990028450707,79.92298414844343,0.022701268000673736,150000.0,2500.0
2,83,8,known,3,100.0,300.0,150.0,3830.1523572540773,179.2573848266192,3825.955288521298,1515.7542056057491,83.9009266588848,1513.4303572735996,1.0,1.0,33.0,2932.5085767179453,85.76349394008137,69.83328831756316,0.01770690199919045,150000.0,2500.0
2,84,8,known,3,100.0,300.0,150.0,1044.91182567832,65.07380683564557,1042.8835616243632,882.0258288341652,63.98359266136855,879.7020305766835,1.0,1.0,46.0,1111.2662949258356,226.9678489686226,64.76603957638993,0.03466262700021616,150000.0,2500.0
2,85,8,known,3,100.0,300.0,150.0,515.5881892192035,59.71508164070206,512.1184334575172,487.7954666293821,45.068208137515704,485.70904241062897,1.0,1.0,92.0,720.4083525834732,349.16227049155225,97.14996919521873,0.08296930300275562,150000.0,2500.0
2,86,8,known,3,100.0,300.0,150.0,1518.6312878156289,53.865948803999274,1517.6756728273667,1090.1733536410195,36.445455639068854,1089.5639814862493,1.0,1.0,42.0,674.4903343428418,374.704855890467,81.84687561152067,0.020186919999105157,150000.0,2500.0
2,87,8,known,3,100.0,300.0,150.0,1131.146662058636,135.5554006040681,1122.9948817574657,764.1152917022027,72.04620616666796,760.7111956518928,1.0,1.0,57.0,784.8140400111012,321.0034062689876,85.3000087414903,0.03346392800085596,150000.0,2500.0
2,88,8,known,3,100.0,300.0,150.0,1268.804294059568,55.31449400421129,1267.597981765929,1016.1464695209385,45.244599576274574,1015.1386967942116,1.0,1.0,34.0,964.633565012145,262.83027155504965,84.27364026712277,0.032018633999541635,150000.0,2500.0
2,89,8,known,3,100.0,300.0,150.0,3206.028388839487,187.6641584919577,3200.531236164119,1766.4715029752433,81.41467007824693,1764.5943506425679,1.0,1.0,50.0,2354.8565462892807,107.35303626072265,64.04439209545069,0.05062725200332352,150000.0,2500.0
2,90,8,known,3,100.0,300.0,150.0,1091.4056439023932,77.01554633970063,1088.684933837148,578.3543774919347,75.28706739491709,573.4332074855419,1.0,1.0,68.0,1355.9294387963153,186.31547186583174,95.61546451317169,0.0608690890003345,150000.0,2500.0
2,91,8,known,3,100.0,300.0,150.0,2340.352577843917,128.40196986682034,2336.8275765993067,1513.5492578331555,63.5375252687396,1512.215043824793,1.0,1.0,32.0,1882.1743677896175,134.04749919816138,80.04202037665867,0.028859457997896243,150000.0,2500.0
2,92,8,known,3,100.0,300.0,150.0,3874.525412012781,180.57345177012613,3870.315283907583,1389.3780775871815,61.72941687040697,1388.006095654011,1.0,1.0,35.0,3008.2188972535027,83.81859405707488,109.16271946053864,0.02213367099830066,150000.0,2500.0
2,93,8,known,3,100.0,300.0,150.0,1305.7486717364668,69.0525239417997,1303.9215247394357,1179.1581691845524,47.609911937599975,1178.1966237602107,1.0,1.0,37.0,1025.0075187742268,246.8199366844656,66.05528684070485,0.031107380000321427,150000.0,2500.0
2,94,8,known,3,100.0,300.0,150.0,1342.2945255983127,93.70581947336898,1339.0197208585182,1133.4033743270256,60.27762846633946,1131.7993711088382,1.0,1.0,61.0,984.9673029151746,256.32934926727637,124.01364446169178,0.05485489499915275,150000.0,2500.0
2,95,8,known,3,100.0,300.0,150.0,1727.8736720217812,94.72433221008977,1725.2752613288658,1442.086504546304,69.32433028599927,1440.419252795857,1.0,1.0,95.0,1410.9038342059584,178.5536743777641,81.81383885374116,0.09243777099982253,150000.0,2500.0
2,96,8,known,3,100.0,300.0,150.0,4193.737963933211,207.971697848879,4188.5780263746465,1366.518060041319,80.61344602272575,1364.1382190743836,1.0,1.0,44.0,3198.165389107109,78.76493705895946,78.81694701676328,0.03885609400094836,150000.0,2500.0
2,97,8,known,3,100.0,300.0,150.0,3861.6488763734365,173.3537986302576,3857.755889749465,1739.7510722578381,49.61137418993411,1739.0435604013155,1.0,1.0,36.0,1699.7403341285192,148.63162424933233,90.34653953327599,0.053394315000332426,150000.0,2500.0
2,98,8,known,3,100.0,300.0,150.0,877.0125362530275,63.27615331187658,874.7268814704506,750.2886587399803,52.75678314837926,748.4315554983458,1.0,1.0,48.0,930.6875075043781,272.523244149212,58.89959912227607,0.05611298599978909,150000.0,2500.0
2,99,8,known,3,100.0,300.0,150.0,3479.7210911030015,156.56026167193943,3476.1973126294597,1456.0450810592783,60.96951184243954,1454.7680216112174,1.0,1.0,38.0,2756.4639052075704,91.69662027493523,95.85458777356399,0.039310518997808686,150000.0,2500.0
3,0,8,known,3,100.0,300.0,150.0,1923.2189235796807,48.46450829400992,1922.6081814688102,1479.0052214360458,36.955211750728395,1478.5434580557803,1.0,1.0,42.0,2035.1172656438719,124.40566780114322,70.91573397138565,0.054416684000898385,150000.0,3000.0
3,1,8,known,3,100.0,300.0,150.0,1135.8983640920737,85.59960778392539,1132.6684425260057,840.5676743212211,51.219068704886396,839.0057342562031,1.0,1.0,42.0,896.2725654635141,282.2066110258639,85.67788933166504,0.04386862499814015,150000.0,3000.0
3,2,8,known,3,100.0,300.0,150.0,1012.0665496247346,61.76471849218008,1010.1800930620724,757.0334159995114,38.51628699840629,756.0529667792764,1.0,1.0,35.0,1514.704252753469,166.20928203934508,85.92494655791005,0.02072225099982461,150000.0,3000.0
3,3,8,known,3,100.0,300.0,150.0,3566.4917264423125,182.62633717712774,3561.8128608548113,1832.5828237046576,53.99890430549824,1831.7870848084776,1.0,1.0,31.0,1585.9771854998337,159.22800148836046,72.35959766276258,0.02530956500049797,150000.0,3000.0
3,4,8,known,3,100.0,300.0,150.0,2116.4388052152876,93.18246104686986,2114.3864938024844,1178.4630946044394,57.26684199467006,1177.0708450015359,1.0,1.0,27.0,1034.316188993161,244.77637698064757,93.05530502185204,0.013819281000905903,150000.0,3000.0
3,5,8,known,3,100.0,300.0,150.0,1920.0207158147134,63.510951941108566,1918.9700123089935,1340.72987544018,44.1790818731029,1340.0017938878627,1.0,1.0,41.0,1769.384172135003,143.57336899272738,67.15756353672751,0.040983350001624785,150000.0,3000.0
3,6,8,known,3,100.0,300.0,150.0,1460.8603274699678,80.22936505797146,1458.655595182789,1054.5374256860716,46.173557365130115,1053.526072184669,1.0,1.0,42.0,1360.0061297021286,185.67062029108735,87.95368397231296,0.023350216000835644,150000.0,3000.0
3,7,8,known,3,100.0,300.0,150.0,1619.0331531212255,85.2247036057115,1616.788514556241,796.9812632353761,64.45187729201268,794.3708765191427,1.0,1.0,49.0,537.7771113059879,469.52583562282416,65.43332403532686,0.03425639200213482,150000.0,3000.0
3,8,8,known,3,100.0,300.0,150.0,2169.3583713781854,93.22832148922193,2167.3541989118703,1076.9529030929057,53.189858360451126,1075.6385984371482,1.0,1.0,85.0,2108.3633923631437,120.16081535344999,60.32927651601667,0.06349455499730539,150000.0,3000.0
3,9,8,known,3,100.0,300.0,150.0,835.83928729098,55.82008322140978,833.9732804402358,190.5162164449806,47.86460594608894,184.4055536748726,1.0,1.0,272.0,616.7240590087582,407.6215695165328,87.03290382227786,0.34198556499904953,150000.0,3000.0
3,10,8,known,3,100.0,300.0,150.0,1369.7813023253518,38.41723709263318,1369.2424665099697,896.8898486151421,40.6820628630058,895.9667238854928,1.0,1.0,37.0,658.3155435430275,385.0007553191148,56.25965987860833,0.039597064002009574,150000.0,3000.0
3,11,8,known,3,100.0,300.0,150.0,4950.108926898269,264.2260263465819,4943.051991953859,2228.297372403705,73.50150820268213,2227.0848003956175,1.0,1.0,30.0,2083.961583121284,120.79674860714746,76.80881784709412,0.03836905999924056,150000.0,3000.0
3,12,8,known,3,100.0,300.0,150.0,1293.5597763957821,64.56416309888138,1291.9475082031959,1077.2962710038025,67.16375435966009,1075.2005792497573,1.0,1.0,39.0,1722.2258081119783,146.58608363144634,95.77247779987064,0.027847199999087024,150000.0,3000.0
3,13,8,known,3,100.0,300.0,150.0,1568.0184412824885,69.88803527791366,1566.4601797450703,942.5678710556165,43.27656783233236,941.5738580817602,1.0,1.0,48.0,930.0537528600059,271.08560920691207,62.43166666862001,0.057161901000654325,150000.0,3000.0
3,14,8,known,3,100.0,300.0,150.0,979.4239470247906,38.726263132122725,978.6580324860371,912.4585095361329,29.335644940925985,911.986815453382,1.0,1.0,33.0,1083.1329102345076,232.3734989807437,65.19050693858237,0.018295901998499176,150000.0,3000.0
3,15,8,known,3,100.0,300.0,150.0,1076.206344942597,129.92829561554032,1068.3345613117385,405.65564000677705,70.9004543983608,399.4115970216862,1.0,1.0,105.0,581.3561633443825,431.9124531618584,72.23698249807573,0.10382592999667395,150000.0,3000.0
3,16,8,known,3,100.0,300.0,150.0,1898.1620134058649,116.11025785288473,1894.6074625521624,1011.9878456148895,60.829207746045164,1010.1580109850408,1.0,1.0,39.0,2167.898895331986,116.97239187056869,51.32092232805019,0.03314749099808978,150000.0,3000.0
3,17,8,known,3,100.0,300.0,150.0,1252.1178241189345,64.04622074547419,1250.4787591496936,917.9020735658137,53.98108742420912,916.3134064592313,1.0,1.0,30.0,1691.0470525769833,149.07757138529732,79.13388306823089,0.021432918001664802,150000.0,3000.0
3,18,8,known,3,100.0,300.0,150.0,1769.1374559387345,48.69036772632165,1768.4672985656405,812.5106911663407,48.570904281865964,811.0576369881776,1.0,1.0,55.0,2084.586674557303,120.42281768673934,83.82499143971395,0.049785458999394905,150000.0,3000.0
3,19,8,known,3,100.0,300.0,150.0,1102.6005302855306,54.20744980526398,1101.2672163337754,1076.2248153471978,42.55981844287495,1075.3829620294434,1.0,1.0,32.0,1345.9396528603513,187.68807359675222,64.50800331334398,0.015442930001881905,150000.0,3000.0
3,20,8,known,3,100.0,300.0,150.0,2142.940225660339,97.41430461763052,2140.7249388954774,1381.5531048335545,61.52485399786032,1380.1824784483306,1.0,1.0,31.0,2136.9645189601188,117.98915027203263,62.72221920434949,0.0265272479991836,150000.0,3000.0
3,21,8,known,3,100.0,300.0,150.0,2680.5448287955687,92.30995116618173,2678.954917892117,1050.8747848954665,72.481262050422,1048.3722049828823,1.0,1.0,178.0,684.5239685020073,367.9719301910581,82.29328129757153,0.1348595320014283,150000.0,3000.0
3,22,8,known,3,100.0,300.0,150.0,1359.0031943107547,64.4557809012136,1357.4738061764765,1134.9257919631655,67.04995096460112,1132.9434484292951,1.0,1.0,50.0,898.9337728529528,281.7572401840417,75.87708749898611,0.034905779000837356,150000.0,3000.0
3,23,8,known,3,100.0,300.0,150.0,1464.4803046450636,79.40649734154724,1462.325945496846,1372.5836546888077,54.32320787152016,1371.508249412096,1.0,1.0,59.0,1195.4926213393683,210.95972640638726,93.3000814502751,0.049460954000096535,150000.0,3000.0
3,24,8,known,3,100.0,300.0,150.0,905.4889564110982,65.53485141700436,903.1142969924742,594.1358023140361,38.742301193134224,592.871306178334,1.0,1.0,124.0,728.8487852203247,346.8457687414065,65.16471780245557,0.1297251520009013,150000.0,3000.0
3,25,8,known,3,100.0,300.0,150.0,1267.7339307230857,89.48657739292769,1264.5716553731168,1001.1133623513749,65.09624888441546,998.9947160318985,1.0,1.0,40.0,1424.5413467359008,177.26911300609802,58.80286332720332,0.01981556700047804,150000.0,3000.0
3,26,8,known,3,100.0,300.0,150.0,866.2051442015712,69.9021391535041,863.3800106459663,492.7585052826236,61.45528561277753,488.9112316143058,1.0,1.0,48.0,1601.2237488454602,157.99538374426209,64.04835828086026,0.024195647998567438,150000.0,3000.0
3,27,8,known,3,100.0,300.0,150.0,2840.31001198921,81.10027828545462,2839.1519348333877,787.8817803881681,52.21723074945378,786.149515474307,1.0,1.0,53.0,2724.2776566797284,92.79684351739931,69.35151475020118,0.03448316800131579,150000.0,3000.0
3,28,8,known,3,100.0,300.0,150.0,793.3869112976233,89.52257499962087,788.3200489546235,438.5085358177506,78.90322609641295,431.35138448439665,1.0,1.0,87.0,1508.3052362565245,167.0486067405496,79.74250711663227,0.0797968930019124,150000.0,3000.0
3,29,8,known,3,100.0,300.0,150.0,2261.4020589919523,120.79499281201988,2258.1735633304593,1532.724481877252,69.63212558353517,1531.1419609012778,1.0,1.0,43.0,1671.64355663667,150.57961771379786,72.54080142802539,0.054264484002487734,150000.0,3000.0
3,30,8,known,3,100.0,300.0,150.0,5155.265464535654,295.57085376649286,5146.78539286784,1527.8032120462726,84.68153879427919,1525.4545852716628,1.0,1.0,118.0,2069.113576046059,122.04512112424375,88.07478179363741,0.1166409500001464,150000.0,3000.0
3,31,8,known,3,100.0,300.0,150.0,3940.6246358553376,177.63996900539377,3936.6186711595237,1413.3513388792232,64.28993376943596,1411.888384939693,1.0,1.0,51.0,1476.2663477033516,171.12811833314169,61.69624174365635,0.03471140699912212,150000.0,3000.0
3,32,8,known,3,100.0,300.0,150.0,1357.0288116166546,51.63895972144456,1356.0459481140738,818.8463098390288,45.203272009640095,817.5976659314881,1.0,1.0,92.0,689.49584144743,365.7530528508578,82.70825983687772,0.08702198699756991,150000.0,3000.0
3,33,8,known,3,100.0,300.0,150.0,1851.0552816287818,62.56199378914242,1849.9977439388774,974.208599145738,44.29728771845731,973.2009787039312,1.0,1.0,27.0,2033.064947534611,124.33993524383096,66.02240063653116,0.017486581000412116,150000.0,3000.0
3,34,8,known,3,100.0,300.0,150.0,1250.7165473468922,76.37577450307165,1248.3824025018885,556.7630058392181,74.24380838807173,551.790632021926,1.0,1.0,125.0,767.2847998748871,329.06585500305937,88.031389446104,0.11827570699824719,150000.0,3000.0
3,35,8,known,3,100.0,300.0,150.0,1987.4061695096398,74.01672610712282,1986.0273932807074,1086.561402712469,37.38870203957614,1085.9179374263435,1.0,1.0,39.0,703.4889067881261,359.3070972102808,81.33440366254293,0.016112481000163825,150000.0,3000.0
3,36,8,known,3,100.0,300.0,150.0,865.3411481881005,31.5821429434623,864.7646332931284,642.2748460915843,25.1184260438017,641.7834857606188,1.0,1.0,91.0,1124.1921478381232,225.38777157337276,81.35684114002969,0.09395708100055344,150000.0,3000.0
3,37,8,known,3,100.0,300.0,150.0,2639.6846333382146,121.12027399930145,2636.904405303355,802.8749696831673,74.19701851276194,799.439190550203,1.0,1.0,76.0,2601.35608342927,96.76387726038675,90.6602417079468,0.08074034899982507,150000.0,3000.0
3,38,8,known,3,100.0,300.0,150.0,916.8660063089657,91.61561693519457,912.2772891278923,452.91906580947415,78.419446005488,446.0785476369819,1.0,1.0,47.0,712.6402273439796,356.54438514989346,75.50066499661847,0.031189077999442816,150000.0,3000.0
3,39,8,known,3,100.0,300.0,150.0,2060.521878628597,72.83696052626469,2059.234126923993,1455.741836702922,53.87379455312412,1454.744619989242,1.0,1.0,37.0,944.1691843818734,266.05236947399965,67.88524865164513,0.02291049199993722,150000.0,3000.0
3,40,8,known,3,100.0,300.0,150.0,1212.0841794903347,97.29888656952427,1208.1725807363318,905.091156797247,76.64732132089634,901.8398916919288,1.0,1.0,35.0,1397.2564479093892,180.73453131991465,55.399178884507116,0.03140224399976432,150000.0,3000.0
3,41,8,known,3,100.0,300.0,150.0,1505.1845157375406,88.69018522229295,1502.5692920665224,1206.0310514498706,62.5137219116947,1204.4097855937684,1.0,1.0,67.0,1474.1934596668295,170.9176966628623,55.19571687202792,0.05813035800019861,150000.0,3000.0
3,42,8,known,3,100.0,300.0,150.0,3344.8780057635604,171.09632848047426,3340.499202188397,994.9556572649155,79.41907901039711,991.780908171054,1.0,1.0,33.0,3049.552480440755,82.62287558423567,77.68897810614429,0.021342542000638787,150000.0,3000.0
3,43,8,known,3,100.0,300.0,150.0,3029.0318440319074,177.1616363018398,3023.8465018552433,1784.7377800772008,69.11668728501319,1783.3989534519862,1.0,1.0,36.0,1595.8234657280118,157.95589740370377,73.22850575489758,0.02243363899833639,150000.0,3000.0
3,44,8,known,3,100.0,300.0,150.0,2622.611819301112,103.6593733355943,2620.562437542285,1608.7511343051117,55.58547600570433,1607.7905544520415,1.0,1.0,31.0,2345.1418385473594,108.02680646619598,96.67233182783347,0.0336002109979745,150000.0,3000.0
3,45,8,known,3,100.0,300.0,150.0,869.3196546662507,72.31064803695058,866.3070080344066,699.1950364640751,60.71591517779545,696.5538576880629,1.0,1.0,45.0,1324.544725253972,190.54221740481745,90.34727523607782,0.057914163000532426,150000.0,3000.0
3,46,8,known,3,100.0,300.0,150.0,1515.3881399432623,53.24598664003216,1514.4524025493274,569.4263580989394,42.37763105087551,567.8472626370029,1.0,1.0,66.0,1984.9303815852268,127.01224578059559,70.35533247694677,0.07128941800328903,150000.0,3000.0
3,47,8,known,3,100.0,300.0,150.0,363.04559321069024,52.598666493769485,359.215092991343,347.34340148805165,47.983015312742126,344.0131811410531,1.0,1.0,51.0,1166.4893801853707,216.75223628828735,71.89350458619312,0.051465093998558586,150000.0,3000.0
3,48,8,known,3,100.0,300.0,150.0,993.4602300757199,62.10690547937849,991.5169998713476,747.583535708682,44.45919269672138,746.2603587538669,1.0,1.0,37.0,1037.2319002690083,243.37123918118053,84.7281413558791,0.020374297997477697,150000.0,3000.0
3,49,8,known,3,100.0,300.0,150.0,888.2529019467406,48.4225804004721,886.9320557540841,657.1572191565936,36.035662707313534,656.1684552787278,1.0,1.0,72.0,1271.3266986346923,198.1750799593052,79.94295245152463,0.06109762499909266,150000.0,3000.0
3,50,8,known,3,100.0,300.0,150.0,1937.5035781043582,85.23554963002339,1935.627809328658,1162.1574856527568,61.84797571417465,1160.5105985551345,1.0,1.0,36.0,2202.0419894813754,115.29932195662111,86.62096557411579,0.030751177997444756,150000.0,3000.0
3,51,8,known,3,100.0,300.0,150.0,4123.766007317959,203.24147248878734,4118.754543180703,1695.6187941053886,46.70337804435609,1694.9754834222997,1.0,1.0,43.0,1654.623705006576,153.01755308202488,75.19051938937793,0.0397598060008022,150000.0,3000.0
3,52,8,known,3,100.0,300.0,150.0,1443.0408277686115,81.60354802243309,1440.7316514733998,851.4351128594901,52.072321131347685,849.8412938790668,1.0,1.0,70.0,1804.5767633558178,140.2237493172787,90.71818250102912,0.0931286570012162,150000.0,3000.0
3,53,8,known,3,100.0,300.0,150.0,3968.560547018417,205.27299191581318,3963.2481393600688,1209.7105321272988,72.85157040544435,1207.514894412973,1.0,1.0,43.0,3360.6391450416527,75.13840224860452,74.48940567815973,0.028506214999652002,150000.0,3000.0
3,54,8,known,3,100.0,300.0,150.0,1718.4110379385395,70.64749352812701,1716.958190221067,1242.6176975964363,42.05824718516151,1241.9057316171709,1.0,1.0,35.0,841.0180120456388,300.8577712078004,73.81986490447078,0.027407654000853654,150000.0,3000.0
3,55,8,known,3,100.0,300.0,150.0,1691.868409921521,66.48838568761848,1690.561448471788,1164.2938211036212,32.61178614049609,1163.8370045950583,1.0,1.0,39.0,839.7633238975276,299.8246442296257,59.285996699486105,0.03614853999897605,150000.0,3000.0
3,56,8,known,3,100.0,300.0,150.0,5014.4614666713505,260.5852093286609,5007.686007470011,1630.1651006815518,72.94749025558706,1628.5321363563892,1.0,1.0,36.0,2044.9114156191563,123.0580298001112,82.25174948456082,0.04934561099798884,150000.0,3000.0
3,57,8,known,3,100.0,300.0,150.0,1660.8426978614698,84.36486364623993,1658.6985973412159,1148.728894616236,64.9478486249611,1146.8913855658818,1.0,1.0,24.0,2004.311936190121,126.48965674497603,82.09912962321702,0.028570855996804312,150000.0,3000.0
3,58,8,known,3,100.0,300.0,150.0,1797.384065992894,121.04000376428728,1793.303877811535,1125.6643296283526,70.53504618526893,1123.4522643429448,1.0,1.0,47.0,1789.775707523006,141.07777495484012,67.7823692430493,0.03213228799722856,150000.0,3000.0
3,59,8,known,3,100.0,300.0,150.0,2461.525264546863,133.116984068688,2457.923208026435,1149.2833960600387,64.42366395745894,1147.4763248022123,1.0,1.0,33.0,2571.874310875774,97.6492760571207,48.22933314735027,0.02979974600020796,150000.0,3000.0
3,60,8,known,3,100.0,300.0,150.0,948.1705867586079,74.17694765133298,945.2646412678802,920.4787998613615,50.297863820276945,919.103555585185,1.0,1.0,39.0,1198.7183423706379,210.42670159281897,91.96494396708053,0.025257813002099283,150000.0,3000.0
3,61,8,known,3,100.0,300.0,150.0,2263.505566242618,100.82295356357334,2261.258981285875,1346.2213904418957,49.236906026409486,1345.3206900840623,1.0,1.0,76.0,2121.918958178853,118.39785143594322,107.31861851828839,0.07056696399740758,150000.0,3000.0
3,62,8,known,3,100.0,300.0,150.0,2299.3605916419397,132.36955878930917,2295.547305176239,833.7576227433932,69.51371961574363,830.8547504034012,1.0,1.0,81.0,2371.39516043562,106.51115995886308,103.08985414904458,0.06341783199968631,150000.0,3000.0
3,63,8,known,3,100.0,300.0,150.0,1966.1558332307507,69.12862596319012,1964.9402010289648,903.0746840901677,46.39626165644645,901.8820720852937,1.0,1.0,44.0,2193.7032198009465,115.14214652208754,62.995668188011564,0.03037767899877508,150000.0,3000.0
3,64,8,known,3,100.0,300.0,150.0,2940.8749059644733,131.86005478972467,2937.917313077821,1935.6058566373968,69.60174079560097,1934.3540601263287,1.0,1.0,30.0,2448.854512504939,102.92012378927717,67.9545299656168,0.026993543997377856,150000.0,3000.0
3,65,8,known,3,100.0,300.0,150.0,1801.7143106877197,59.56127217997054,1800.7295499861239,401.8680245951796,58.38829703328127,397.603717238138,1.0,1.0,152.0,211.66582755313604,1191.2355217304353,77.56456370165976,0.16927783400024055,150000.0,3000.0
3,66,8,known,3,100.0,300.0,150.0,3480.1552603100536,144.85245551761352,3477.139399275539,1196.6410548694446,55.37245136382982,1195.3592371454772,1.0,1.0,37.0,1284.955994593309,197.2071785884288,91.83044160236824,0.037992606001353124,150000.0,3000.0
3,67,8,known,3,100.0,300.0,150.0,2483.020324893096,64.57329888804576,2482.180537934929,905.6893159512849,32.244873189368,905.115133660524,1.0,1.0,55.0,2493.439594739587,100.8867841083631,68.25110185866562,0.04503373300030944,150000.0,3000.0
3,68,8,known,3,100.0,300.0,150.0,2538.48718598621,112.87607820980132,2535.9763769373253,1112.9287132812517,65.95968826372827,1110.9723850618495,1.0,1.0,29.0,2587.5398170264452,97.70982366346612,70.64557954437988,0.015846073998545762,150000.0,3000.0
3,69,8,known,3,100.0,300.0,150.0,1907.679523463175,75.14227327495747,1906.1990460095603,492.12116492590485,48.52654136514029,489.7227948045373,1.0,1.0,304.0,0.25475042826023514,988003.8633211473,104.48134674061576,0.31385167999906116,150000.0,3000.0
3,70,8,known,3,100.0,300.0,150.0,3699.2685469617595,152.2575030233676,3696.1338497562097,1507.4843069121116,59.151363310925724,1506.323355659318,1.0,1.0,33.0,3068.598694239469,82.60780362686276,59.40671310050334,0.027195651000511134,150000.0,3000.0
3,71,8,known,3,100.0,300.0,150.0,2009.6112284219746,84.20708409202605,2007.8462232921117,1413.7667282637328,67.61291156763806,1412.1490205126674,1.0,1.0,35.0,1591.8957213905096,157.88574512273837,69.55191382799319,0.019760013001359766,150000.0,3000.0
3,72,8,known,3,100.0,300.0,150.0,1373.6152000324319,64.9568744535761,1372.0784679534038,1071.6261879063975,51.97658492014523,1070.364947682255,1.0,1.0,33.0,1677.2407348118452,151.33967267783547,82.9693603377136,0.043474754002090776,150000.0,3000.0
3,73,8,known,3,100.0,300.0,150.0,1247.4623358273013,69.04389088191668,1245.550167773098,952.1255300293177,44.38860808667794,951.0902567084454,1.0,1.0,99.0,1718.0473369334088,147.07665983456332,79.02040103039326,0.11421356900245883,150000.0,3000.0
3,74,8,known,3,100.0,300.0,150.0,1091.521985670124,82.72993509641651,1088.382287176796,767.5195575708805,61.34208851302706,765.0643237209928,1.0,1.0,27.0,839.8626772290625,299.45443323583413,53.55698893037392,0.021446628001285717,150000.0,3000.0
3,75,8,known,3,100.0,300.0,150.0,4898.856193665868,198.73329982554668,4894.823498529736,1440.046240794202,55.61595220640345,1438.9718695949855,1.0,1.0,39.0,1859.2968690589275,136.16036451650223,65.1374452329215,0.0472239519986033,150000.0,3000.0
3,76,8,known,3,100.0,300.0,150.0,2192.2549865140654,118.68626682305785,2189.039857097945,1272.2535834395128,48.510250130559186,1271.3284139855257,1.0,1.0,26.0,2183.7883359335387,115.73890413797722,82.00663745503984,0.04300407499977155,150000.0,3000.0
3,77,8,known,3,100.0,300.0,150.0,2971.953445717837,130.64063737601953,2969.0807175589066,1200.2069138225238,53.11597336170712,1199.0309959968613,1.0,1.0,30.0,2805.814107815658,89.85011736949525,78.71789689380282,0.03282210700126598,150000.0,3000.0
3,78,8,known,3,100.0,300.0,150.0,2630.4153348069112,118.93818537984266,2627.724974506637,1801.3362012045009,47.60481767550884,1800.7070531055138,1.0,1.0,34.0,2268.9068897899724,111.31455691816795,103.6608475366618,0.04043657899819664,150000.0,3000.0
3,79,8,known,3,100.0,300.0,150.0,1903.532412466249,49.04595247015971,1902.900454531417,464.7390772535966,36.06046730466143,463.33794645409074,1.0,1.0,458.0,1.828825213839512,137833.3424611907,67.39939759091894,0.46994599900062894,150000.0,3000.0
3,80,8,known,3,100.0,300.0,150.0,1696.4844309409204,82.89540292755271,1694.4579595252333,936.0738112561941,68.90025132739532,933.5346461094621,1.0,1.0,65.0,2037.384409015786,123.35143008212331,86.95222611355348,0.042710521000117296,150000.0,3000.0
3,81,8,known,3,100.0,300.0,150.0,1200.3608742117822,47.04589658064019,1199.4385819846707,894.9292179305318,32.0758508073704,894.3542055029072,1.0,1.0,28.0,1642.796810746644,152.8841853098052,75.35632256321804,0.021496468001714675,150000.0,3000.0
3,82,8,known,3,100.0,300.0,150.0,1546.9418783270944,92.24249528248627,1544.1892685115447,1313.6164416081585,63.964076150516334,1312.0582123615902,1.0,1.0,30.0,1560.131308406959,161.80222379238182,57.474224424664676,0.02788453900211607,150000.0,3000.0
3,83,8,known,3,100.0,300.0,150.0,3345.8331719038642,172.5931300390299,3341.3786414705537,1493.7544699476955,68.6207113087036,1492.177474186033,1.0,1.0,38.0,1316.4981754153252,191.4617519821216,68.53964248007253,0.038639308000711026,150000.0,3000.0
3,84,8,known,3,100.0,300.0,150.0,1825.8124728249165,53.399984260524874,1825.0314045528125,1167.0792666626173,22.460328656971814,1166.863123211276,1.0,1.0,41.0,974.8271206013465,259.4743764301064,79.12615517305692,0.03212509000150021,150000.0,3000.0
3,85,8,known,3,100.0,300.0,150.0,1558.629361463905,71.49181305292223,1556.988891124078,1130.3207577858557,50.18460231197156,1129.206146446423,1.0,1.0,39.0,1398.4197881247671,180.22723327884802,70.01010823966273,0.022253956998611102,150000.0,3000.0
3,86,8,known,3,100.0,300.0,150.0,2417.085597481656,65.91009639552347,2416.1867983966777,903.8485533241371,29.973623373801537,903.3514206818857,1.0,1.0,47.0,2408.1728307661247,104.8236677570168,58.86947894533682,0.03644559900203603,150000.0,3000.0
3,87,8,known,3,100.0,300.0,150.0,1642.6908575045272,85.36640797333656,1640.4712218502002,758.0891418429676,66.33946061423642,755.1809206710795,1.0,1.0,111.0,463.7753682763476,544.1024102710876,77.5618279389827,0.14892044000225724,150000.0,3000.0
3,88,8,known,3,100.0,300.0,150.0,1701.113089193678,74.088439707214,1699.4989394900513,909.5856011355436,46.51170052676044,908.3956338001724,1.0,1.0,35.0,2021.1291852159795,125.25357219556255,72.89398419437693,0.02193298199927085,150000.0,3000.0
3,89,8,known,3,100.0,300.0,150.0,2745.080706797102,103.41654738376019,2743.131988176453,1115.1027310213956,63.970195202522476,1113.266327011253,1.0,1.0,36.0,897.7206778937101,280.43826815547135,61.24141079939212,0.026545722997980192,150000.0,3000.0
3,90,8,known,3,100.0,300.0,150.0,1471.4656681334334,86.46563718501783,1468.9230429404943,1078.7736877641537,74.0173499642162,1076.231434830142,1.0,1.0,55.0,1698.6391515220384,148.33687777239152,68.03684728774698,0.06009313499816926,150000.0,3000.0
3,91,8,known,3,100.0,300.0,150.0,1751.2338613932166,90.22166930710269,1748.9082559350093,975.8936497123549,60.287830203426864,974.0296674528263,1.0,1.0,61.0,1064.674304572371,236.7692065323898,97.0106018162932,0.07252873099787394,150000.0,3000.0
3,92,8,known,3,100.0,300.0,150.0,4819.54338079248,210.65962540954595,4814.93727078172,1501.5218431793517,53.20126511805448,1500.5790452137321,1.0,1.0,128.0,1864.6549149056316,134.8058132798919,94.89979391513747,0.13422412299769348,150000.0,3000.0
3,93,8,known,3,100.0,300.0,150.0,1360.4087347038403,56.9703571291112,1359.2153265274364,936.6992154042288,49.87765617286856,935.3703221471156,1.0,1.0,82.0,1099.0724948403927,229.22291819881673,65.91653590378424,0.06023650400311453,150000.0,3000.0
3,94,8,known,3,100.0,300.0,150.0,2298.9834460260504,64.3177435103425,2298.0835739745307,1155.9641021845464,35.85654888793587,1155.4078558851725,1.0,1.0,51.0,2431.2275632245082,103.87460758990679,94.58226437935923,0.05889194200062775,150000.0,3000.0
3,95,8,known,3,100.0,300.0,150.0,1543.3597017274656,75.66759362207333,1541.5036763471362,981.4740410401486,81.34011977744264,978.097683337544,1.0,1.0,125.0,1091.247802441153,231.50080110716533,73.89743083671056,0.15390328300054534,150000.0,3000.0
3,96,8,known,3,100.0,300.0,150.0,2148.007996516788,90.44963854046951,2146.102797162327,1588.887449299215,49.64078036640329,1588.1118094974233,1.0,1.0,31.0,2026.0455443236535,124.36393432876721,60.72589753658895,0.030725298001925694,150000.0,3000.0
3,97,8,known,3,100.0,300.0,150.0,1413.544767599363,80.38482318023733,1411.2572728633922,369.61609061944296,45.49452233763038,366.805538238003,1.0,1.0,70.0,1968.0668335407424,127.91205807344228,74.10899029026619,0.05713207299777423,150000.0,3000.0
3,98,8,known,3,100.0,300.0,150.0,570.4337062774551,47.513402391435086,568.4514841660839,461.37006971662595,36.72419211672488,459.9061588451476,1.0,1.0,56.0,1357.2182624044256,186.0971711726071,87.23885985002467,0.04883157400035998,150000.0,3000.0
3,99,8,known,3,100.0,300.0,150.0,2994.748914728175,126.05290654784986,2992.094872663034,1448.711688852664,37.25024879420615,1448.2327079523884,1.0,1.0,37.0,1246.3511250450654,202.2773977525975,69.32582991574598,0.03484801800004789,150000.0,3000.0
4,0,8,known,3,100.0,300.0,150.0,1460.4555952507415,71.06638903417577,1458.7255101796363,932.4156651446301,54.36709633154577,930.8293030645196,1.0,1.0,30.0,2131.418470065344,118.22343747480134,48.79792126765633,0.0215774730022531,150000.0,3500.0
4,1,8,known,3,100.0,300.0,150.0,1381.8512176903293,94.36195813968871,1378.625623107408,639.7729096376546,67.15489388890684,636.2386314371363,1.0,1.0,71.0,2193.513331256536,115.55161635193309,79.51079569677259,0.06764670700067654,150000.0,3500.0
4,2,8,known,3,100.0,300.0,150.0,2044.1113191914376,106.45722165812995,2041.3372933455635,1842.5956590061073,70.9220734866568,1841.2302468948592,1.0,1.0,40.0,2045.9310161595313,123.26315656985611,67.60024940462318,0.05374555999878794,150000.0,3500.0
4,3,8,known,3,100.0,300.0,150.0,1828.3318442283835,108.15683667007266,1825.1299765499127,1000.6039961917334,50.460668984637586,999.3308151360536,1.0,1.0,32.0,1042.328665624247,241.499172798722,71.52135972181424,0.03195385100116255,150000.0,3500.0
4,4,8,known,3,100.0,300.0,150.0,2683.3331398336195,108.58373895675646,2681.1352653239114,1087.343355618605,62.95429234018569,1085.519382638502,1.0,1.0,51.0,665.9414593422883,380.08735493828016,58.25868101407476,0.04594492599790101,150000.0,3500.0
4,5,8,known,3,100.0,300.0,150.0,1145.0913453988192,131.41702064228994,1137.5252770786158,375.344928221111,82.45183415810851,366.1768837396412,1.0,1.0,48.0,2124.127244434971,118.71101461117885,72.08111234062265,0.03352877200086368,150000.0,3500.0
4,6,8,known,3,100.0,300.0,150.0,1889.0094207714885,70.97006188421588,1887.6757777964906,1483.5498074973912,64.76618224254125,1482.1354097933402,1.0,1.0,34.0,1335.9046248902175,188.63147179578309,83.59802571085226,0.0378970109995862,150000.0,3500.0
4,7,8,known,3,100.0,300.0,150.0,2214.119249107574,85.40467030772308,2212.471489434003,894.8366465170673,38.90584893739104,893.9904691149519,1.0,1.0,54.0,2622.293995267434,96.36151215073691,95.08287136152379,0.047990568997192895,150000.0,3500.0
4,8,8,known,3,100.0,300.0,150.0,1760.0735711038103,66.03671524018347,1758.8343094045006,1011.3569323854539,51.367176552133756,1010.0516114818972,1.0,1.0,47.0,2452.5409177206448,102.63082409403722,84.83366998273354,0.047186845000396715,150000.0,3500.0
4,9,8,known,3,100.0,300.0,150.0,3760.097890002607,172.74564407975515,3756.127671532682,1216.0163337802367,52.689974136523226,1214.8742694805173,1.0,1.0,40.0,1102.8391499479544,228.699527839699,66.00643785460024,0.04975439099871437,150000.0,3500.0
4,10,8,known,3,100.0,300.0,150.0,1930.667564235363,49.536794492070555,1930.0319555856997,1145.3057675621885,30.063082046857755,1144.9111372980256,1.0,1.0,32.0,2488.8438906055267,101.7139936832761,60.36489074813575,0.018926837998151314,150000.0,3500.0
4,11,8,known,3,100.0,300.0,150.0,1070.1339117816826,59.98137260209919,1068.4516011902151,928.3405762618783,30.35191601701306,927.8442685754611,1.0,1.0,34.0,1345.095564445932,188.1398077100238,86.67808934514645,0.022657981997326715,150000.0,3500.0
4,12,8,known,3,100.0,300.0,150.0,3878.8967916748193,199.52564736512932,3873.7617165371353,960.3897169252441,77.74861247039375,957.2374635557672,1.0,1.0,36.0,3743.9358143971963,67.18116362834716,81.3749370914761,0.03097098400030518,150000.0,3500.0
4,13,8,known,3,100.0,300.0,150.0,3943.459018987379,209.1077484401492,3937.910992388628,1379.4480300174978,86.1549284774444,1376.7549512597375,1.0,1.0,37.0,1056.3067783206293,237.9074605485215,82.29927517565211,0.03280729700054508,150000.0,3500.0
4,14,8,known,3,100.0,300.0,150.0,2507.665189913232,103.79827330354505,2505.5160392944535,612.9944626080583,66.97608484589148,609.3245565762618,1.0,1.0,117.0,0.045168452455381404,5609576.964057436,72.97100012534956,0.11038303300301777,150000.0,3500.0
4,15,8,known,3,100.0,300.0,150.0,3261.7332273832894,129.49989772048303,3259.1614601161746,1381.5312862176945,47.77848346494152,1380.7048603217515,1.0,1.0,35.0,1062.1461743095092,237.50908679516806,94.45784669826368,0.029112578002241207,150000.0,3500.0
4,16,8,known,3,100.0,300.0,150.0,2651.2105087424234,120.95397950978106,2648.4499799896175,1659.6766840305045,65.84904826696558,1658.3698617488276,1.0,1.0,25.0,1433.218121631875,176.08352467135038,79.16958884417853,0.022146374998555984,150000.0,3500.0
4,17,8,known,3,100.0,300.0,150.0,1291.309977941439,106.13889143946334,1286.9405560689745,925.2195732552684,91.74475424538588,920.6596324392173,1.0,1.0,53.0,1849.4479339598092,136.32922382957852,79.64596419528432,0.04464765500233625,150000.0,3500.0
4,18,8,known,3,100.0,300.0,150.0,1883.6738374447182,101.25701748302916,1880.9503295632644,1624.2712198620927,68.80154596295012,1622.8134036128117,1.0,1.0,41.0,2192.1889640855347,114.78333859363678,83.64826377800884,0.042083437998371664,150000.0,3500.0
4,19,8,known,3,100.0,300.0,150.0,5116.528781570137,246.03169823855916,5110.610059092499,1792.0001026404052,63.259184896863914,1790.883202051269,1.0,1.0,52.0,1847.3738197150021,136.42117384853265,72.8376745679924,0.04294104300061008,150000.0,3500.0
4,20,8,known,3,100.0,300.0,150.0,2374.235050163837,55.30290578906296,2373.590879245571,1189.3724640761636,49.32023394194313,1188.349432122773,1.0,1.0,55.0,736.6934076152032,340.95608846029745,80.51874113609796,0.06190905300172744,150000.0,3500.0
4,21,8,known,3,100.0,300.0,150.0,2404.154577908081,52.34927591646501,2403.5845705502866,1477.4991508656735,62.81185775422277,1476.1634094280514,1.0,1.0,27.0,1003.0339154802856,251.27700804575352,85.57069726737863,0.038589570998738054,150000.0,3500.0
4,22,8,known,3,100.0,300.0,150.0,2540.6644118558356,109.97523345958686,2538.2831011721814,608.1955343530489,55.223107488558654,605.6832640962582,1.0,1.0,431.0,0.15826917215877911,1591091.8922451444,70.41431025512148,0.4595648850008729,150000.0,3500.0
4,23,8,known,3,100.0,300.0,150.0,2143.031973346803,65.68242185108886,2142.0251768470107,854.766745658548,48.81936431006989,853.3714660990637,1.0,1.0,42.0,2724.096588372666,92.97068517964348,89.83968909559981,0.02983820300141815,150000.0,3500.0
4,24,8,known,3,100.0,300.0,150.0,1414.0150955269569,65.44229768790356,1412.4999101067006,1195.650875696286,42.56933137168228,1194.8928272359256,1.0,1.0,18.0,1915.139603368646,131.79010790150733,71.07811739824636,0.024096670000290032,150000.0,3500.0
4,25,8,known,3,100.0,300.0,150.0,1548.3807509980243,78.67035252079015,1546.3809122255293,729.4671148237942,55.66288449555178,727.3403019900557,1.0,1.0,29.0,2323.618429299626,108.93341785419067,78.68423106996205,0.029296886001247913,150000.0,3500.0
4,26,8,known,3,100.0,300.0,150.0,1167.7490133598346,42.26617216930223,1166.9838597397234,1158.316902423118,40.65065560947433,1157.6033736291577,1.0,1.0,28.0,1641.8449773226157,153.889768128273,55.94683859672901,0.027193025998712983,150000.0,3500.0
4,27,8,known,3,100.0,300.0,150.0,1139.461674310425,112.6312665976201,1133.8814333989833,699.1642305171243,89.56574939409566,693.4036326484573,1.0,1.0,54.0,2102.575868598906,120.33245661851596,62.97805949285967,0.052489157002128195,150000.0,3500.0
4,28,8,known,3,100.0,300.0,150.0,2473.9462865919418,70.25808454123846,2472.9484488154326,590.0698299250217,38.649738251105056,588.8026850489604,1.0,1.0,123.0,0.032123395799263925,7889186.341119816,99.77216990742045,0.11776345900216256,150000.0,3500.0
4,29,8,known,3,100.0,300.0,150.0,1652.5648749245527,80.40314832412842,1650.6077667253267,1270.675134767916,53.32557740875731,1269.5557021696543,1.0,1.0,40.0,1151.5922954223759,219.4726484849458,66.2568942814715,0.022026509999705013,150000.0,3500.0
4,30,8,known,3,100.0,300.0,150.0,1337.5098895412643,79.68479542526225,1335.134089894614,1064.4690187860924,62.677294663511766,1062.6221570667014,1.0,1.0,32.0,1977.7645828361642,127.76802181834836,66.58023026370523,0.01782659099990269,150000.0,3500.0
4,31,8,known,3,100.0,300.0,150.0,2291.727106763115,103.07123480029558,2289.4081008919275,1524.2338142091096,57.36573097925817,1523.1539296104204,1.0,1.0,34.0,1005.958823322314,250.33048476818485,75.28699635814796,0.03073333599968464,150000.0,3500.0
4,32,8,known,3,100.0,300.0,150.0,1918.8438222783059,56.68772111537897,1918.006286895422,1455.096139839179,51.09418233065414,1454.1988037083656,1.0,1.0,72.0,1255.3742219959217,200.65855123606494,89.27679104813835,0.0835503839989542,150000.0,3500.0
4,33,8,known,3,100.0,300.0,150.0,2213.2774533402803,124.14904828641015,2209.7927729255553,480.48565342830517,70.84909500685839,475.233488810642,1.0,1.0,350.0,250.84242489071835,1006.3902686615759,64.03108258784722,0.3538418720017944,150000.0,3500.0
4,34,8,known,3,100.0,300.0,150.0,2201.79570280847,103.31368003601187,2199.3705009441364,930.385294776623,51.58608406831628,928.9540745737006,1.0,1.0,44.0,2601.621937482077,97.26859362878709,43.329758695512844,0.03205503700155532,150000.0,3500.0
4,35,8,known,3,100.0,300.0,150.0,1455.9889053218135,81.22949834792684,1453.7212459816212,985.7013765301288,42.521566585066395,984.783793565137,1.0,1.0,34.0,1335.6294801934232,188.7165939372897,51.280214365315494,0.029438579000270693,150000.0,3500.0
4,36,8,known,3,100.0,300.0,150.0,1516.8226924068454,87.35006148105496,1514.3054668591826,631.4295953439009,57.803535747726066,628.7782479787478,1.0,1.0,80.0,2352.7114871805416,107.33252072990746,74.37805511535663,0.07225566200213507,150000.0,3500.0
4,37,8,known,3,100.0,300.0,150.0,3005.2905517866193,124.00650875498192,3002.731037979313,1059.279851608741,73.43035560243149,1056.7316532120803,1.0,1.0,44.0,780.2556755416789,322.3421031746356,111.05960654191868,0.03975887499836972,150000.0,3500.0
4,38,8,known,3,100.0,300.0,150.0,938.9359625294269,39.08842080653422,938.121973460761,762.2250909798807,27.86945765599689,761.7154210394116,1.0,1.0,50.0,1440.0562783011867,175.2757784748382,92.59821599724826,0.05081753099875641,150000.0,3500.0
4,39,8,known,3,100.0,300.0,150.0,1157.6979557788186,82.7076144062367,1154.7398007056327,542.9846380919184,68.03584608774821,538.7053376855811,1.0,1.0,60.0,2123.3410532732382,119.12782576598495,68.97645480948324,0.07479955700182472,150000.0,3500.0
4,40,8,known,3,100.0,300.0,150.0,1684.644287703088,47.66927359409452,1683.9697195750448,719.3760438025193,47.240873274191785,717.8232319236095,1.0,1.0,38.0,2427.38747669946,104.23526069350609,64.15704235053765,0.03524212299817009,150000.0,3500.0
4,41,8,known,3,100.0,300.0,150.0,1753.8106966023715,88.17071972563298,1751.5929560545621,887.6139257172076,74.46172120413479,884.4851232227879,1.0,1.0,50.0,1001.4492712790515,252.0819653224822,62.733453058561345,0.04420066899911035,150000.0,3500.0
4,42,8,known,3,100.0,300.0,150.0,1187.162732987261,43.209546050562615,1186.3761164672387,1092.3016144493176,37.434824450885394,1091.6599520211944,1.0,1.0,43.0,1823.638006848948,138.37184929829453,87.12703318039492,0.023189874002127908,150000.0,3500.0
4,43,8,known,3,100.0,300.0,150.0,3933.136227342039,208.12841252516006,3927.6256372941307,1765.072869736501,66.59177415217816,1763.8162520781784,1.0,1.0,49.0,1368.6789665597732,183.1877645484353,78.24228627834306,0.042445770999620436,150000.0,3500.0
4,44,8,known,3,100.0,300.0,150.0,2844.967246991045,152.3210398474752,2840.8866463256836,1400.3390260036651,78.93213233988178,1398.1126943966904,1.0,1.0,57.0,1304.7555690567262,194.55765062572357,75.39984172891016,0.055786784996598726,150000.0,3500.0
4,45,8,known,3,100.0,300.0,150.0,1398.0149358049352,96.46391047178244,1394.682929812425,1257.9843073509996,53.24369141916701,1256.8570431299795,1.0,1.0,48.0,1965.0603277909156,128.8697642328213,68.04747548323765,0.04216248800003086,150000.0,3500.0
4,46,8,known,3,100.0,300.0,150.0,1918.5132493827077,118.61146792327996,1914.8431809769907,996.6710387792052,73.81171856621442,993.9340972838802,1.0,1.0,48.0,2449.8717271874775,103.14831463311226,88.73397192368809,0.034221227000671206,150000.0,3500.0
4,47,8,known,3,100.0,300.0,150.0,1454.247992424418,53.20232211319631,1453.2744876286151,1035.0762048490487,45.84724648025511,1034.060336651053,1.0,1.0,31.0,2186.955593523066,115.47246356554952,68.19155012868845,0.03657838799699675,150000.0,3500.0
4,48,8,known,3,100.0,300.0,150.0,1118.3500028512988,89.71035541480258,1114.7460612215007,976.4124112742584,64.96167348704749,974.2490327776434,1.0,1.0,49.0,1679.6805995233124,149.81860707123892,84.62154026486489,0.038457696999103064,150000.0,3500.0
4,49,8,known,3,100.0,300.0,150.0,1449.0922363536433,69.85576030005345,1447.4075038541514,999.3587270860974,56.10120265040258,997.7828022492287,1.0,1.0,35.0,1803.119258937322,140.34269591601895,81.54252950868741,0.0320386179992056,150000.0,3500.0
4,50,8,known,3,100.0,300.0,150.0,3072.893902339239,130.2517171295683,3070.1321511000915,1066.2828039073108,63.576949282733274,1064.3857333825633,1.0,1.0,33.0,3238.2779550630953,77.77519600024497,59.27078495820989,0.02382716800275375,150000.0,3500.0
4,51,8,known,3,100.0,300.0,150.0,1661.0281525831676,58.217567183771166,1660.0076019539952,1055.149428568666,38.6377926379029,1054.4417658594773,1.0,1.0,25.0,2362.0465542470647,107.00192841337284,70.7170797731356,0.016396181999880355,150000.0,3500.0
4,52,8,known,3,100.0,300.0,150.0,4627.777051639251,314.8973761500398,4617.051015764575,1451.1423021983187,80.13174580918492,1448.9281847431255,1.0,1.0,129.0,1534.838500216811,164.83384508138036,81.90661191740938,0.14829084600205533,150000.0,3500.0
4,53,8,known,3,100.0,300.0,150.0,1616.1119464018823,99.37745399753196,1613.0536088239128,1240.963203133389,62.50550347793329,1239.38804801646,1.0,1.0,32.0,1225.3169387857768,205.38477515154923,74.91398817555543,0.03134059399963007,150000.0,3500.0
4,54,8,known,3,100.0,300.0,150.0,2322.5229001098387,105.70857694087627,2320.1160139733856,1607.8492523340642,55.57266164715219,1606.8885765692219,1.0,1.0,29.0,2021.8956904668476,124.32488195952767,66.18612197605788,0.023448400999768637,150000.0,3500.0
4,55,8,known,3,100.0,300.0,150.0,2432.598426197366,104.87058491395449,2430.3368621567065,1778.3865786339954,72.91121128498831,1776.8913242892722,1.0,1.0,39.0,2537.7625772593287,99.63803261600425,97.37797859228142,0.02593162800258142,150000.0,3500.0
4,56,8,known,3,100.0,300.0,150.0,2498.043956101659,110.46414911216301,2495.60038435182,1737.803181250161,67.4726173076266,1736.4928282825815,1.0,1.0,31.0,2258.6579983366696,111.94652586698044,68.83131031305926,0.027325953997205943,150000.0,3500.0
4,57,8,known,3,100.0,300.0,150.0,952.3962234052307,106.66276421275086,946.4045757957011,782.8378804919913,59.995657125912494,780.5355009602209,1.0,1.0,43.0,1691.7093001060239,148.66291430610585,66.11041948194826,0.047738903002027655,150000.0,3500.0
4,58,8,known,3,100.0,300.0,150.0,1028.8629039355496,146.6803613360081,1018.3534488049963,298.65887806678865,69.46382952817599,290.4684179655224,1.0,1.0,152.0,2075.4931952039506,121.86596788311076,90.01757000853294,0.1506137270007457,150000.0,3500.0
4,59,8,known,3,100.0,300.0,150.0,661.125077620242,53.47745596044546,658.9586709061273,309.8157432857877,50.90053778888656,305.60584097907423,1.0,1.0,208.0,1216.3545005130693,207.48976173899158,78.26318557376783,0.19073992099947645,150000.0,3500.0
4,60,8,known,3,100.0,300.0,150.0,2357.5053304576236,61.86957234308148,2356.6933485615373,632.5274987316847,57.40355588506843,629.9173504702908,1.0,1.0,54.0,2860.2694109108984,88.24985267912815,91.75197535923519,0.05149872399852029,150000.0,3500.0
4,61,8,known,3,100.0,300.0,150.0,2159.610516515468,77.57473165964966,2158.216797277822,899.0664965414886,58.69090679034104,897.1487851318275,1.0,1.0,26.0,2666.3728976118273,94.1323534918867,54.06335376928548,0.021104134000779595,150000.0,3500.0
4,62,8,known,3,100.0,300.0,150.0,2565.863431999489,60.94195657466533,2565.1396121071166,838.0660537589775,22.76378168690565,837.7568386509635,1.0,1.0,57.0,396.25098887362145,636.9505813412353,89.42651496554907,0.0564548440015642,150000.0,3500.0
4,63,8,known,3,100.0,300.0,150.0,1490.2212654263317,95.0279394894285,1487.1883238666346,1159.5300154873064,48.55452596848377,1158.5129756821757,1.0,1.0,50.0,2093.143310705935,120.60997375631472,77.53400232472212,0.03846865000014077,150000.0,3500.0
4,64,8,known,3,100.0,300.0,150.0,5195.447430571777,266.2765770776336,5188.619352808095,1752.816250066931,68.8491270505694,1751.4635606266752,1.0,1.0,48.0,1751.5669439819865,143.92136822835008,83.50619844697428,0.031823000997974304,150000.0,3500.0
4,65,8,known,3,100.0,300.0,150.0,860.8257119930583,85.31126104847095,856.5879377896209,269.2040042166213,55.486043971040004,263.4237931750024,1.0,1.0,75.0,1969.006966418005,128.38085702188067,81.40203463693739,0.07066405200021109,150000.0,3500.0
4,66,8,known,3,100.0,300.0,150.0,2986.0641834774747,106.47233640182716,2984.16536898144,964.806131026903,53.140012160870484,963.3415850956732,1.0,1.0,34.0,3255.0710312460956,77.71494240794705,45.21221441383261,0.023346818998106755,150000.0,3500.0
4,67,8,known,3,100.0,300.0,150.0,2391.715057743439,64.06619103930016,2390.8568423480356,1333.4148439311118,40.876165881336746,1332.7881621167983,1.0,1.0,44.0,931.4019303229509,270.95002474339867,74.23114515280898,0.059380170998338144,150000.0,3500.0
4,68,8,known,3,100.0,300.0,150.0,828.7717622944134,77.50791201189463,825.1394776352323,668.4815647718812,63.51783871704948,665.4570509090559,1.0,1.0,57.0,1388.1815562644606,181.75789807504245,62.7750254419789,0.06213273399771424,150000.0,3500.0
4,69,8,known,3,100.0,300.0,150.0,2776.3132401697953,98.56481061546266,2774.563062114546,1550.5908709022733,37.752174322669276,1550.1312274318525,1.0,1.0,45.0,2815.0698090296364,89.60544808922367,70.48610180204777,0.04829017700103577,150000.0,3500.0
4,70,8,known,3,100.0,300.0,150.0,1374.073672228998,61.976494245503396,1372.6752605310262,1031.8526951204267,53.13174419620695,1030.4838679891875,1.0,1.0,29.0,1152.2779865913953,219.20190194724333,81.33509115920629,0.02337818299929495,150000.0,3500.0
4,71,8,known,3,100.0,300.0,150.0,1672.791446595862,122.59632380073138,1668.29294945307,870.8335857082362,77.08730425536494,867.4149419511431,1.0,1.0,44.0,2396.4183444169958,105.3761015848059,90.83787599109927,0.04497777000142378,150000.0,3500.0
4,72,8,known,3,100.0,300.0,150.0,1555.4345926045366,57.1160335450881,1554.385579765496,792.1548897553384,45.83571452860995,790.8277035087632,1.0,1.0,26.0,2330.3475811956873,108.43975885379945,48.9484438176602,0.02738878200034378,150000.0,3500.0
4,73,8,known,3,100.0,300.0,150.0,2906.735976147072,112.98600248915353,2904.539240270166,1599.2819816642964,97.80476497396126,1596.2885343271957,1.0,1.0,26.0,890.9059960491356,283.25377362605957,86.12707337997396,0.02113687300152378,150000.0,3500.0
4,74,8,known,3,100.0,300.0,150.0,1478.844523463116,75.45016971088343,1476.9185476753446,1264.4364630679336,57.2270411428235,1263.1407818995408,1.0,1.0,80.0,1615.1874259899887,156.15420200956487,84.55767976923185,0.08499061199836433,150000.0,3500.0
4,75,8,known,3,100.0,300.0,150.0,6391.693290146396,353.0159400815962,6381.937234206457,1711.056538797821,76.42381877688862,1709.348963461334,1.0,1.0,80.0,2414.6705026932977,104.16809957409448,90.07099868717418,0.06756839599984232,150000.0,3500.0
4,76,8,known,3,100.0,300.0,150.0,4128.177521491713,157.75752224196393,4125.162083255098,1190.0854649935486,41.38896389158138,1189.365531557432,1.0,1.0,39.0,1276.1193008596997,198.17667508762094,68.0010191687183,0.04748285500318161,150000.0,3500.0
4,77,8,known,3,100.0,300.0,150.0,1760.4221705279672,65.44132263040555,1759.205403521369,1170.1184061549793,53.1202676920252,1168.9120247405262,1.0,1.0,34.0,1457.3030483176153,173.13243879424252,71.30786794118029,0.036888261001877254,150000.0,3500.0
4,78,8,known,3,100.0,300.0,150.0,2263.1525545434324,115.4054624597968,2260.208190492837,1566.3282341865167,64.63920291894817,1564.993901156121,1.0,1.0,38.0,1943.8209398459337,129.82768436438118,79.6894020932247,0.025723214999743504,150000.0,3500.0
4,79,8,known,3,100.0,300.0,150.0,3953.558551690355,179.06400030360518,3949.5013995996014,1391.3107004036638,66.72497719898685,1389.7097691516483,1.0,1.0,129.0,1136.247715566095,222.59385210670393,87.23033291226776,0.1458233100020152,150000.0,3500.0
4,80,8,known,3,100.0,300.0,150.0,2586.772913232555,124.75080695968403,2583.76301947306,1750.8076918470597,61.378184240353356,1749.7314914952483,1.0,1.0,37.0,2523.600475145879,99.7325310070129,74.18241755560479,0.03683250600079191,150000.0,3500.0
4,81,8,known,3,100.0,300.0,150.0,1543.6395056959998,35.69475726313528,1543.2267519225152,486.60454677163534,34.91259406762025,485.35048749774444,1.0,1.0,114.0,712.3196198299156,355.42944010912606,65.088225032225,0.11299319399768137,150000.0,3500.0
4,82,8,known,3,100.0,300.0,150.0,2528.676721442126,51.51252298685667,2528.1519775398847,934.5157120403373,40.3655245850729,933.6435296595969,1.0,1.0,193.0,827.4315374525153,306.2222490972663,71.12064168455659,0.2258259469999757,150000.0,3500.0
4,83,8,known,3,100.0,300.0,150.0,1335.3723076872352,82.26513931389995,1332.8359415140321,881.5067059823416,52.829087151974136,879.9222467028138,1.0,1.0,57.0,2069.7093798385085,122.26021763653857,90.91870026864481,0.048328621000109706,150000.0,3500.0
4,84,8,known,3,100.0,300.0,150.0,2551.68042674205,79.3869779247062,2550.4451979908276,712.4864689167852,29.158922069173798,711.8895459643111,1.0,1.0,118.0,523.1398567327252,482.0148289553972,80.15400884467263,0.10914916699766763,150000.0,3500.0
4,85,8,known,3,100.0,300.0,150.0,528.5685429407797,57.20740097059819,525.4636218243163,406.43189766707144,50.939197183697914,403.2270894068716,1.0,1.0,113.0,1746.4221264852933,144.91528287310456,57.161172457763044,0.0914591630025825,150000.0,3500.0
4,86,8,known,3,100.0,300.0,150.0,1980.0666023337978,53.67415096964251,1979.338989459713,1046.318014114932,58.671301814455155,1044.6717498835758,1.0,1.0,36.0,765.0016086107529,329.87239941090326,67.32084315100153,0.01793949400234851,150000.0,3500.0
4,87,8,known,3,100.0,300.0,150.0,1091.9172395155522,91.60402601400202,1088.0679943685918,942.8469924600879,72.9566225235567,940.0200968176097,1.0,1.0,30.0,1405.261237575458,179.55859715793378,70.48122793031654,0.02433806699991692,150000.0,3500.0
4,88,8,known,3,100.0,300.0,150.0,2813.2443835649647,103.05877951233344,2811.3560517346864,1304.4848077220092,54.07800058330185,1303.3634118811376,1.0,1.0,28.0,748.0986867988248,337.11419614459345,59.43444970262198,0.011660907999612391,150000.0,3500.0
4,89,8,known,3,100.0,300.0,150.0,1649.847317952275,78.35942690593457,1647.9854285670394,1278.549789994655,58.41587945742683,1277.2146062908112,1.0,1.0,48.0,2234.2475491207465,112.60464729580121,69.051070252354,0.027960703999269754,150000.0,3500.0
4,90,8,known,3,100.0,300.0,150.0,2262.828810891197,130.3303840804218,2259.072424333651,1169.5060657814531,68.07403949627982,1167.523174522147,1.0,1.0,46.0,2728.9813153541645,92.82525128733836,73.45634492924994,0.034585387002152856,150000.0,3500.0
4,91,8,known,3,100.0,300.0,150.0,2272.4581629669256,73.63697101510239,2271.2647795743087,1115.4638464177856,58.652816192019436,1113.9207511389245,1.0,1.0,103.0,700.1932560920366,361.03642667714763,61.03369323294614,0.13304150299882167,150000.0,3500.0
4,92,8,known,3,100.0,300.0,150.0,514.3824436739042,61.23836095218531,510.72415402820644,385.2041238841392,47.63094947386687,382.247968875657,1.0,1.0,172.0,1435.1698110653383,176.1027789601953,96.67453227499222,0.11952478500097641,150000.0,3500.0
4,93,8,known,3,100.0,300.0,150.0,704.6792519829462,62.58032569355707,701.8949714959731,572.2436536336695,49.401335658626195,570.107276886688,1.0,1.0,59.0,1727.4158596998566,145.80668707124886,74.62196806742564,0.05640028199923108,150000.0,3500.0
4,94,8,known,3,100.0,300.0,150.0,1883.0721603176996,64.35241748723024,1881.9722440373869,1346.3211424321173,49.01420261513086,1345.4286404346103,1.0,1.0,36.0,2267.7217947749614,111.33409366043053,65.66093229804741,0.01800354300212348,150000.0,3500.0
4,95,8,known,3,100.0,300.0,150.0,4611.486242930023,224.90787173734148,4605.998460482096,1259.6680250171316,42.004845100106806,1258.9674841864173,1.0,1.0,175.0,1450.4104780578075,173.86674580087663,45.137770988329464,0.14857539300282951,150000.0,3500.0
4,96,8,known,3,100.0,300.0,150.0,1554.6824331747105,55.94169224102274,1553.675640245173,1103.6328214142018,44.69427902317762,1102.7274486133324,1.0,1.0,35.0,1733.0560671218611,145.67387487385693,71.96949719653567,0.02226547000100254,150000.0,3500.0
4,97,8,known,3,100.0,300.0,150.0,2588.936936592022,127.59096812294793,2585.7909827563276,553.8187221129788,64.65222568234492,550.0320596812262,1.0,1.0,39.0,3006.6026705148806,83.88701763005113,97.01804124469282,0.035957843996584415,150000.0,3500.0
4,98,8,known,3,100.0,300.0,150.0,2576.3613328789675,136.39833798295723,2572.748182576246,1622.6998020818394,63.98558044684567,1621.437785784987,1.0,1.0,36.0,2442.6609046813096,102.96453793576691,69.42669805041325,0.01943808600117336,150000.0,3500.0
4,99,8,known,3,100.0,300.0,150.0,2436.8927325168665,104.31221779515815,2434.6591447289243,984.2474024427078,61.23207159628046,982.3408688552287,1.0,1.0,41.0,2874.3822234789377,87.89298713371305,56.355100708451864,0.0312292790003994,150000.0,3500.0
5,0,8,known,3,100.0,300.0,150.0,3310.008799162954,109.80869263545627,3308.1868601331867,915.0628231696867,48.232501791513684,913.7907835594584,1.0,1.0,119.0,342.76043248388265,738.4381537164396,70.0143815661971,0.11268048200145131,150000.0,4000.0
5,1,8,known,3,100.0,300.0,150.0,1134.1003167254564,56.8884598161716,1132.6726056264117,1055.8075433694296,54.73924226785112,1054.387587176429,1.0,1.0,19.0,2211.7807087250662,113.97907315506916,72.78478482323634,0.010451115002069855,150000.0,4000.0
5,2,8,known,3,100.0,300.0,150.0,3451.63838783796,165.11710103020602,3447.6867466961107,1704.9519667200461,80.97966351959695,1703.0277457865466,1.0,1.0,38.0,1346.0612815977381,188.12409398107852,78.65218501933239,0.022464950001449324,150000.0,4000.0
5,3,8,known,3,100.0,300.0,150.0,3138.0466915634406,107.42775877353316,3136.2073137911575,1191.0479047828535,39.769631306579214,1190.383756573217,1.0,1.0,39.0,688.0507921732968,367.69441936797807,70.1242921855814,0.03516438100268715,150000.0,4000.0
5,4,8,known,3,100.0,300.0,150.0,4274.54594743928,214.5026294442166,4269.160535600775,1088.5662072020868,64.54305264406541,1086.6510855917468,1.0,1.0,70.0,982.1125949843258,257.3592244430243,52.26115648397785,0.06908413800192648,150000.0,4000.0
5,5,8,known,3,100.0,300.0,150.0,2929.0510851442423,207.33071047512894,2921.7039952532054,1266.142792193206,85.2673488181801,1263.268399608067,1.0,1.0,33.0,3492.959245276659,72.08953981063591,89.79496092286212,0.03850367699851631,150000.0,4000.0
5,6,8,known,3,100.0,300.0,150.0,1115.1449987692313,91.26315489032112,1111.4042490648908,693.007317076414,47.35345903327735,691.3875840937797,1.0,1.0,29.0,2431.0242613338028,104.04225323688678,75.58850687656061,0.017547041999932844,150000.0,4000.0
5,7,8,known,3,100.0,300.0,150.0,2014.0804098956903,107.65365880095396,2011.2012796516315,1358.921942793006,73.94016715086637,1356.908876191036,1.0,1.0,25.0,1898.2052489122038,133.2292577352411,77.80388122499544,0.013732117000472499,150000.0,4000.0
5,8,8,known,3,100.0,300.0,150.0,2074.476511291793,96.58606444252318,2072.226804202878,1049.5667591490576,63.066012504102424,1047.670301181382,1.0,1.0,39.0,2844.5348104562277,88.56553383081125,90.29678426518701,0.023596085000463063,150000.0,4000.0
5,9,8,known,3,100.0,300.0,150.0,3266.943152088032,122.56479034661413,3264.64323183134,1219.1937821715294,49.327949342021476,1218.1954818088227,1.0,1.0,46.0,627.0316664843718,401.91652721142214,87.54968989986651,0.039616002002730966,150000.0,4000.0
5,10,8,known,3,100.0,300.0,150.0,828.2813610416424,109.80732352815053,820.9703799459392,702.4252704156734,62.40017994462458,699.648110167826,1.0,1.0,61.0,1742.4165465393676,144.40816057394903,62.736238842348385,0.05413719300122466,150000.0,4000.0
5,11,8,known,3,100.0,300.0,150.0,575.3916505589972,36.460702934183075,574.2352903423407,566.1199389933331,30.549282319966174,565.2950792953624,1.0,1.0,47.0,1913.5376544742232,132.29290891768292,66.90510728448184,0.04093041500163963,150000.0,4000.0
5,12,8,known,3,100.0,300.0,150.0,1580.0438628894562,89.63286013942815,1577.4994640372656,1193.1178436302089,58.230576284384256,1191.696013576612,1.0,1.0,62.0,1457.4411633396141,173.35637183199188,82.69037325383412,0.04774500799976522,150000.0,4000.0
5,13,8,known,3,100.0,300.0,150.0,2922.7880599925365,108.15715873079594,2920.786207966995,1478.7744819834134,77.34967900513058,1476.7501466812578,1.0,1.0,48.0,1567.004528617022,161.36648577523133,80.61737227607298,0.03668335099791875,150000.0,4000.0
5,14,8,known,3,100.0,300.0,150.0,1084.6718371914455,95.96033249350796,1080.4187192861853,997.7543916320288,84.63116476391288,994.1586352145735,1.0,1.0,38.0,1983.300089036682,127.22040587893581,68.43920261800707,0.03727633699963917,150000.0,4000.0
5,15,8,known,3,100.0,300.0,150.0,668.9952324460478,76.14554814091252,664.6476333621157,595.5802766630559,60.70227030967638,592.4787762690687,1.0,1.0,73.0,1917.224273698928,130.6544665840365,90.03970255597888,0.067429175000143,150000.0,4000.0
5,16,8,known,3,100.0,300.0,150.0,442.7439816256853,52.58257075943389,439.61040310494735,347.73793894763025,32.58327068299075,346.20803667035915,1.0,1.0,48.0,2006.4585517544083,125.5089103897044,62.22154465178349,0.04286422500081244,150000.0,4000.0
5,17,8,known,3,100.0,300.0,150.0,6964.5504102095465,455.02336636239136,6949.67021896825,1782.944300765401,58.66283556014418,1781.9789705144863,1.0,1.0,58.0,2381.9836411578885,105.98127929332615,59.88402555494015,0.07585545099937008,150000.0,4000.0
5,18,8,known,3,100.0,300.0,150.0,2000.773854987024,109.06170589842692,1997.799179874234,1472.6320838204238,86.88737759552451,1470.0666100254969,1.0,1.0,23.0,1623.3337807957223,155.05234984783627,53.960716420445415,0.028904692000651266,150000.0,4000.0
5,19,8,known,3,100.0,300.0,150.0,1229.2745096466615,77.77835876630915,1226.8114553486446,1174.360992052944,51.43116386489043,1173.2342370724944,1.0,1.0,31.0,1936.691349409104,130.40120747653455,57.90241149558642,0.021801640999910887,150000.0,4000.0
5,20,8,known,3,100.0,300.0,150.0,2745.8650897759976,107.00903361959374,2743.7791744188066,1002.9114029159606,51.135255015342764,1001.6069427641644,1.0,1.0,50.0,953.9389935115105,264.2280983658602,66.80314380371492,0.09569030000056955,150000.0,4000.0
5,21,8,known,3,100.0,300.0,150.0,967.7622663186647,81.34871497862602,964.3371768637588,845.7946723022168,54.59938805620898,844.0305293759828,1.0,1.0,56.0,1738.763341011435,145.1397036752726,59.237108681979414,0.04342915199958952,150000.0,4000.0
5,22,8,known,3,100.0,300.0,150.0,1355.552505516891,99.20143720595674,1351.917774892169,922.877583539857,58.87740590415695,920.9975490056219,1.0,1.0,66.0,2519.2737378493184,99.92505014432021,94.22677664353515,0.057025080001039896,150000.0,4000.0
5,23,8,known,3,100.0,300.0,150.0,1453.3599376679185,55.42467534347991,1452.3027280085807,789.868606939075,26.475819611030733,789.4247571515597,1.0,1.0,95.0,1270.7890731925604,199.15027491412653,75.42129819805479,0.10405623699989519,150000.0,4000.0
5,24,8,known,3,100.0,300.0,150.0,1679.7192979639747,78.79871333083517,1677.8699838575076,1223.4161817001714,52.63891458385419,1222.2832316272936,1.0,1.0,29.0,1843.427213663135,137.0799716009193,60.517295395797674,0.02710699900126201,150000.0,4000.0
5,25,8,known,3,100.0,300.0,150.0,852.7918398755497,71.45264514380597,849.7931758141381,746.1308470906461,57.713120870207085,743.8954473981044,1.0,1.0,86.0,2130.31974604024,118.58441864329745,96.53824635261165,0.06716563899681205,150000.0,4000.0
5,26,8,known,3,100.0,300.0,150.0,748.993626376419,78.61053291138008,744.856923487919,375.91493425593774,47.888965811440606,372.85209500572296,1.0,1.0,45.0,2230.646276944651,113.23517004271659,68.34135653528753,0.03998314199998276,150000.0,4000.0
5,27,8,known,3,100.0,300.0,150.0,514.4514770463031,51.20150824796354,511.8971847825075,310.63603454953653,44.622328062193176,307.41436823767833,1.0,1.0,106.0,1743.2504807290538,144.87471383545957,76.89489123433044,0.08112279999841121,150000.0,4000.0
5,28,8,known,3,100.0,300.0,150.0,1881.3184436978809,71.22690616978984,1879.969631253467,1157.697866956479,60.294539401103386,1156.1266884187,1.0,1.0,30.0,1753.06777297834,144.01475355332818,65.29426870352508,0.03600867500063032,150000.0,4000.0
5,29,8,known,3,100.0,300.0,150.0,3443.3326593513,160.17175471684848,3439.6053279331663,1091.412990853532,76.09584689956131,1088.7569695246457,1.0,1.0,67.0,689.1223623385333,366.97878548247394,88.42088757696138,0.0949689209992357,150000.0,4000.0
5,30,8,known,3,100.0,300.0,150.0,1917.1793408304536,57.78453919157974,1916.308318600509,775.9968525401242,53.11827943759777,774.1767004642858,1.0,1.0,101.0,997.1656504670761,252.26366644773242,64.23273251223576,0.12421744899984333,150000.0,4000.0
5,31,8,known,3,100.0,300.0,150.0,4305.9945357721435,198.4681721862473,4301.41829246222,1214.146254423997,65.67785221716349,1212.3685689013726,1.0,1.0,96.0,1064.0224251329091,236.69112771172982,67.1964807705237,0.09317619600187754,150000.0,4000.0
5,32,8,known,3,100.0,300.0,150.0,2715.460933944921,118.59601207643531,2712.869895461371,1873.269314358222,45.356440679605086,1872.7201385698293,1.0,1.0,49.0,2657.6061382522507,95.12458585381995,72.28071037660665,0.04571177600155352,150000.0,4000.0
5,33,8,known,3,100.0,300.0,150.0,1213.849218470363,87.65620643353746,1210.680104178966,911.8069480028597,73.7184908797662,908.8220367754622,1.0,1.0,23.0,1725.53447035179,146.6014560562483,63.895799184407174,0.013526506001653615,150000.0,4000.0
5,34,8,known,3,100.0,300.0,150.0,1581.0038153479277,96.06574328877005,1578.0825191069955,1177.0071500227882,55.32276775618083,1175.706265430512,1.0,1.0,38.0,2459.5095858003824,102.54800321472445,84.6518427415584,0.029914994000137085,150000.0,4000.0
5,35,8,known,3,100.0,300.0,150.0,2816.2056284572045,157.78060086246572,2811.782250414409,1837.8129418610924,80.79636317735569,1836.0360445725012,1.0,1.0,42.0,3002.9787315771487,84.1121894910192,62.471663225857284,0.026865846000873717,150000.0,4000.0
5,36,8,known,3,100.0,300.0,150.0,2239.558104473615,92.28078303480332,2237.6560862643605,1019.235876497253,62.73839414941911,1017.3031337013937,1.0,1.0,41.0,816.475214730216,309.62018623062494,76.39307991047109,0.038445474001491675,150000.0,4000.0
5,37,8,known,3,100.0,300.0,150.0,2170.6996737201544,87.94012227714765,2168.9176121703345,1432.7559841197058,54.427004937484625,1431.72183442328,1.0,1.0,24.0,3010.6269487598106,84.07355698605512,80.84282036052767,0.0222186969986069,150000.0,4000.0
5,38,8,known,3,100.0,300.0,150.0,5125.870524916122,262.59006715596274,5119.140073765799,1531.975555946499,64.29781181593789,1530.625654891903,1.0,1.0,47.0,1625.261151875731,155.71613714818014,62.72504243635588,0.037667197997507174,150000.0,4000.0
5,39,8,known,3,100.0,300.0,150.0,2843.262375819154,157.11503890805346,2838.918068965306,1885.9985042556343,81.25227268647645,1884.247442943143,1.0,1.0,39.0,2931.269249211605,86.28367453444496,72.19257034563675,0.03199292100180173,150000.0,4000.0
5,40,8,known,3,100.0,300.0,150.0,1337.230268476592,95.54820782191001,1333.8123297195898,1199.9531098061764,64.86309857193747,1198.1987498646295,1.0,1.0,32.0,2384.7398481305395,105.88075071329766,72.97623254647836,0.02873446800003876,150000.0,4000.0
5,41,8,known,3,100.0,300.0,150.0,656.634185382442,66.0586126039519,653.302925995058,504.13372211639216,49.512090443735225,501.69648461477095,1.0,1.0,54.0,2083.076846245924,120.91883876903304,59.33038989257891,0.04147511499832035,150000.0,4000.0
5,42,8,known,3,100.0,300.0,150.0,1568.260450309267,42.898571269138266,1567.6736116256127,831.7859106666062,41.19947902759259,830.7649511813377,1.0,1.0,41.0,1415.4190666810416,178.73254163016173,63.043602347835126,0.0396871229968383,150000.0,4000.0
5,43,8,known,3,100.0,300.0,150.0,2128.7825612135,73.55583599190199,2127.5113940748333,1124.5254905705367,56.15121707436831,1123.1227091302062,1.0,1.0,33.0,2893.596158658037,87.39562932496806,83.21025051676683,0.026928056999167893,150000.0,4000.0
5,44,8,known,3,100.0,300.0,150.0,1263.9718282837284,87.99660125016003,1260.9049848673496,818.8845197125712,62.358922574965206,816.5067185272745,1.0,1.0,49.0,2351.383896899888,107.21559298501082,77.24137643865568,0.04935450899938587,150000.0,4000.0
5,45,8,known,3,100.0,300.0,150.0,3142.3291822932483,60.949788498832525,3141.738024274733,741.3544556004969,60.40343304581547,738.8896088828078,1.0,1.0,110.0,0.03946608592935236,6415531.79188928,66.21959654604359,0.1296363060027943,150000.0,4000.0
5,46,8,known,3,100.0,300.0,150.0,5533.727226049875,277.4338562061261,5526.768266153036,1463.2161041169527,53.78117483713082,1462.227394279129,1.0,1.0,33.0,1626.3743449977214,154.55411623821263,54.961857676733864,0.028214327001478523,150000.0,4000.0
5,47,8,known,3,100.0,300.0,150.0,1663.3439733347059,99.33830752164907,1660.3749800233745,1245.5834252859195,68.99243625403038,1243.6712238717826,1.0,1.0,72.0,2107.8682731065046,119.59286490359187,84.66334906844273,0.076194999001018,150000.0,4000.0
5,48,8,known,3,100.0,300.0,150.0,1156.6877118403143,54.53040720011982,1155.4016173664338,928.9606859692487,42.093541011965364,928.0065139219288,1.0,1.0,29.0,1705.946413278389,148.05422621612868,79.09336734685415,0.031989982999220956,150000.0,4000.0
5,49,8,known,3,100.0,300.0,150.0,6087.180937998684,377.0471316327129,6075.492344860792,1756.7152982547025,62.90133603747955,1755.5888075078424,1.0,1.0,42.0,1884.6223942587915,133.42756500138546,72.73394117001854,0.04402536199995666,150000.0,4000.0
5,50,8,known,3,100.0,300.0,150.0,796.4986662295487,45.13378818605552,795.2188795982061,691.2829782357664,30.342278509952205,690.616754888944,1.0,1.0,36.0,1820.2751685908422,138.5715826789771,62.08109378045794,0.04402768799991463,150000.0,4000.0
5,51,8,known,3,100.0,300.0,150.0,2759.121806540263,108.66441956239234,2756.981172813332,1087.659584352505,70.87221668564257,1085.34810099614,1.0,1.0,82.0,992.4844943284836,253.70758473529162,83.28160079397382,0.09247379700173042,150000.0,4000.0
5,52,8,known,3,100.0,300.0,150.0,1751.6715223801637,62.29603441809935,1750.5634311310798,1467.9493265256385,39.89114820106206,1467.4072105391458,1.0,1.0,39.0,2180.7156739499455,115.47343573888945,89.10185996839621,0.03683503600041149,150000.0,4000.0
5,53,8,known,3,100.0,300.0,150.0,506.2294138287054,109.28503150458114,494.29242490088535,284.48650105444233,70.94474625476676,275.498479598429,1.0,1.0,116.0,2138.90814079701,118.18353712602654,75.1996872915969,0.12229541100168717,150000.0,4000.0
5,54,8,known,3,100.0,300.0,150.0,1979.4614872629613,112.38305197039398,1976.2686632103223,833.1456990199387,59.09461681923026,831.0472802785714,1.0,1.0,36.0,2977.2822030674356,84.6177645222148,96.32525904313215,0.029227701998024713,150000.0,4000.0
5,55,8,known,3,100.0,300.0,150.0,1546.5350030717464,56.93677467659143,1545.4865639712152,508.30865217124386,61.90621201550804,504.52483267529806,1.0,1.0,37.0,2750.680929953038,91.7092729248754,54.5906040557405,0.028986642999370815,150000.0,4000.0
5,56,8,known,3,100.0,300.0,150.0,2604.7954136753037,143.3556914354293,2600.8476104602832,1407.930239951242,72.0626099486202,1406.0848270344695,1.0,1.0,35.0,3260.017486500291,77.21583133715832,78.60211513312852,0.03095424600178376,150000.0,4000.0
5,57,8,known,3,100.0,300.0,150.0,1917.123179358568,70.03545784373064,1915.8435007793626,1437.0691631803948,51.08075452102418,1436.1610412072746,1.0,1.0,35.0,2421.5814045066973,104.6200728360418,65.52181928367119,0.025363674001710024,150000.0,4000.0
5,58,8,known,3,100.0,300.0,150.0,3588.914019535187,140.80269102002808,3586.1509229001686,1104.604309596667,52.08404225883084,1103.3756990805578,1.0,1.0,94.0,820.2234301059918,307.6947601586289,71.15794740733216,0.0834723900006793,150000.0,4000.0
5,59,8,known,3,100.0,300.0,150.0,698.8824552535729,73.79027372123757,694.9760296336897,566.6761595066292,43.90681551395159,564.9726199601239,1.0,1.0,36.0,1962.5350374823026,128.82921762524927,79.07913316604873,0.026040372998977546,150000.0,4000.0
5,60,8,known,3,100.0,300.0,150.0,1369.5128439408559,70.38580079074886,1367.7029168522,1280.262045234056,60.05023505867907,1278.8529523507718,1.0,1.0,30.0,1969.84613680144,128.0131313226496,82.1881541920001,0.03360120700017433,150000.0,4000.0
5,61,8,known,3,100.0,300.0,150.0,1296.4205593628346,42.22326167191056,1295.732789934881,1159.1727361204166,39.991640390428415,1158.4826718012555,1.0,1.0,16.0,2255.7633136298205,111.98461262408924,79.30422370358903,0.019534483999450458,150000.0,4000.0
5,62,8,known,3,100.0,300.0,150.0,2811.7575216071104,129.94585977927255,2808.7531813672035,1175.5965922202913,66.85231549472618,1173.6942172273643,1.0,1.0,39.0,3414.81842335035,73.69958753770507,74.40272675743496,0.057414106999203796,150000.0,4000.0
5,63,8,known,3,100.0,300.0,150.0,768.8113497207905,38.17445189690132,767.8630103617929,652.77846724091,36.84659918108943,651.737719809265,1.0,1.0,106.0,1766.5634074474915,142.87502985528437,91.07740163333644,0.1005159590022231,150000.0,4000.0
5,64,8,known,3,100.0,300.0,150.0,1607.6800706400827,66.44279660397366,1606.30649762514,1063.710226027992,52.59569071301358,1062.409120007421,1.0,1.0,27.0,2364.3670649725354,106.2506715721772,78.34847641953007,0.00983415500013507,150000.0,4000.0
5,65,8,known,3,100.0,300.0,150.0,1432.889651212043,52.151465479672126,1431.9402840897008,870.7947914571332,37.3864128715185,869.9918533879916,1.0,1.0,29.0,2575.757158001005,97.97461436704488,63.3962213718727,0.0426041129976511,150000.0,4000.0
5,66,8,known,3,100.0,300.0,150.0,559.904926841248,71.14241100662737,555.3668017241104,392.61339527902345,63.096098217111326,387.5102070169241,1.0,1.0,62.0,1648.4211621697416,153.47508864874237,77.86207714054895,0.08046281399947475,150000.0,4000.0
5,67,8,known,3,100.0,300.0,150.0,1475.8012613535814,78.09913314898532,1473.7333165855343,650.2123780671996,43.03796996602841,648.7864592706957,1.0,1.0,183.0,1108.6784900932225,227.91024769607571,82.9020329084039,0.18751142299879575,150000.0,4000.0
5,68,8,known,3,100.0,300.0,150.0,723.04808060146,106.20299417042143,715.2058800727891,522.639245153775,48.55006101167246,520.3793540780327,1.0,1.0,83.0,1904.3902918788438,132.30370872267753,72.31175087569302,0.09862312400218798,150000.0,4000.0
5,69,8,known,3,100.0,300.0,150.0,1381.6569866751774,48.111864979485915,1380.819060295927,930.4019391726179,36.92439299733517,929.6689505506496,1.0,1.0,35.0,2432.338150218441,103.8392326295417,85.9370409581578,0.050594976000866154,150000.0,4000.0
5,70,8,known,3,100.0,300.0,150.0,781.3331423816184,64.37532338366839,778.6766319359933,764.9810207364015,45.13816945138365,763.6481570366586,1.0,1.0,51.0,1858.6435855878942,135.58001279353033,63.39664363221421,0.05881408500135876,150000.0,4000.0
5,71,8,known,3,100.0,300.0,150.0,2115.3590436559984,121.70646464129064,2111.854971356163,1505.3256613534984,79.21771338143132,1503.2398014342104,1.0,1.0,39.0,2423.1574637060767,104.30154158565041,78.81068533000878,0.05267832200115663,150000.0,4000.0
5,72,8,known,3,100.0,300.0,150.0,1965.3701988708194,68.04451949738105,1964.1919361345253,1455.933098086442,68.18091917951726,1454.3357756596038,1.0,1.0,37.0,1399.9144331681125,180.4785012504283,69.53937863692249,0.05138111500127707,150000.0,4000.0
5,73,8,known,3,100.0,300.0,150.0,2403.67433970872,162.98354028560834,2398.1423429334045,1019.067995431038,61.070291565739964,1017.2364517652272,1.0,1.0,31.0,3154.531076740211,79.80263897830461,74.05954361322146,0.01835222400040948,150000.0,4000.0
5,74,8,known,3,100.0,300.0,150.0,367.1238728722236,62.66203568114241,361.73665464947817,311.1881557526038,51.1310967143562,306.95875818991374,1.0,1.0,103.0,1890.7275289013548,133.3645626736442,78.51084380412746,0.10349613799917279,150000.0,4000.0
5,75,8,known,3,100.0,300.0,150.0,3758.2377362180346,220.0904974883257,3751.7877145233842,1483.4429049701646,84.33744495230252,1481.0435671124728,1.0,1.0,26.0,1285.7146053823562,196.21390411748516,66.7438613750696,0.03297676399961347,150000.0,4000.0
5,76,8,known,3,100.0,300.0,150.0,856.4625741196713,40.16789570877899,855.520123095899,528.5869275285521,33.60916529416149,527.517358920353,1.0,1.0,32.0,2300.7724081339657,109.43647579145482,67.87748236640616,0.026170386001467705,150000.0,4000.0
5,77,8,known,3,100.0,300.0,150.0,1637.4134330639736,60.79693110851595,1636.2843530224611,962.7510056360002,49.186665644199216,961.4937185317102,1.0,1.0,38.0,1483.2705792814118,170.73623189325778,83.98175908464528,0.03461776200128952,150000.0,4000.0
5,78,8,known,3,100.0,300.0,150.0,971.6178056135402,89.97175224416304,967.4431476750384,643.159000065251,78.24496104434921,638.3817239208073,1.0,1.0,37.0,2226.3548846843264,113.10590425127883,103.62313235036058,0.025229263002984226,150000.0,4000.0
5,79,8,known,3,100.0,300.0,150.0,1333.867339131059,85.03582201430429,1331.1540058817097,894.9109050121402,59.73418251958127,892.9150885433424,1.0,1.0,77.0,1494.4783744822735,169.99386271171744,85.81254008099658,0.07273133999842685,150000.0,4000.0
5,80,8,known,3,100.0,300.0,150.0,1124.3734416092836,61.57391815985859,1122.6861933767373,962.780462736743,55.61155897510604,961.1730197711207,1.0,1.0,25.0,2265.3687535401796,111.28242188099617,77.24961412818256,0.014868815000227187,150000.0,4000.0
5,81,8,known,3,100.0,300.0,150.0,605.9842782248131,101.25669574808478,597.4646659191048,511.1015334271012,55.941071677117534,508.03087895437005,1.0,1.0,48.0,1954.2771098899175,128.97604211735074,78.56640368386466,0.044139419002021896,150000.0,4000.0
5,82,8,known,3,100.0,300.0,150.0,3342.5553519305336,180.22787179739532,3337.6929449766394,1441.657245946075,55.03386090145891,1440.606430966869,1.0,1.0,32.0,885.3075250778894,284.5645838969095,83.51057564683411,0.020354443000542233,150000.0,4000.0
5,83,8,known,3,100.0,300.0,150.0,1858.9757084324706,140.55823914932955,1853.654246602976,1428.5293227326051,62.863482966948155,1427.1454755616678,1.0,1.0,33.0,1673.9321754079074,151.3057086378259,49.84680041212868,0.03483293700264767,150000.0,4000.0
5,84,8,known,3,100.0,300.0,150.0,1809.8218563083979,151.70801496059386,1803.452197805168,974.3932813165309,73.01795074558743,971.6535625127461,1.0,1.0,38.0,1351.2297602156164,187.3397641970723,76.06601424690744,0.04116036800041911,150000.0,4000.0
5,85,8,known,3,100.0,300.0,150.0,1558.875082036558,76.31559808713988,1557.0059251278037,1155.6726221063964,67.42981741117774,1153.7037874646023,1.0,1.0,57.0,1401.3637066677682,179.5795440570719,67.77631849516365,0.10015814699727343,150000.0,4000.0
5,86,8,known,3,100.0,300.0,150.0,913.0748425702861,97.61056044843555,907.8424128799531,701.9094323399843,60.486253370451216,699.2984086647449,1.0,1.0,35.0,1933.2441459492845,130.9695172064521,72.54250577739384,0.05444026199984364,150000.0,4000.0
5,87,8,known,3,100.0,300.0,150.0,1635.4080269160104,79.14563599538698,1633.4917761666889,1258.7457811757965,50.86505533950669,1257.7176502590617,1.0,1.0,53.0,2566.101045852136,98.24487555160877,94.34877061218485,0.04911748399899807,150000.0,4000.0
5,88,8,known,3,100.0,300.0,150.0,788.5442556769318,53.89327954529092,786.7004242918263,686.5136114548695,44.8149929497207,685.0493085316735,1.0,1.0,64.0,2123.4235137022565,118.44722920976685,94.84920229638651,0.06956960599927697,150000.0,4000.0
5,89,8,known,3,100.0,300.0,150.0,1889.174150159995,64.13291273027801,1888.0852573804684,458.645067241555,44.574783758843,456.4738616370744,1.0,1.0,99.0,883.3741476506228,285.9764062611053,86.37584563044426,0.11453333699682844,150000.0,4000.0
5,90,8,known,3,100.0,300.0,150.0,1898.3109932918455,113.16457162102617,1894.9349347622738,1407.8214910890238,70.3071201187187,1406.0648134537519,1.0,1.0,36.0,2607.9875305435457,96.7324471403664,100.83527407257687,0.06708769200122333,150000.0,4000.0
5,91,8,known,3,100.0,300.0,150.0,953.2780229158283,24.72017872952308,952.9574501193067,835.2705584478703,22.066926805321113,834.9790156352349,1.0,1.0,30.0,2066.569553857273,122.61740540171404,57.52342946546279,0.02189281200116966,150000.0,4000.0
5,92,8,known,3,100.0,300.0,150.0,1473.4651627795092,46.38372948178412,1472.7349169365837,1411.3997709076061,40.53988594464666,1410.8174336056518,1.0,1.0,24.0,2217.1846935162716,113.78392770050098,72.83274991421442,0.013845637000486022,150000.0,4000.0
5,93,8,known,3,100.0,300.0,150.0,589.944621440115,65.74255449491693,586.2700511663576,409.16796887126424,58.57119058152555,404.9541238018184,1.0,1.0,50.0,2099.6501327061883,120.41751665924356,75.17849682864917,0.052177829998981906,150000.0,4000.0
5,94,8,known,3,100.0,300.0,150.0,919.1702764093327,76.0408453542163,916.0195341106134,726.9381382866889,66.20208317579026,723.9173579068973,1.0,1.0,26.0,2053.604796263422,122.96057557444499,90.15083786353858,0.02797825499874307,150000.0,4000.0
5,95,8,known,3,100.0,300.0,150.0,1442.419183977479,86.54654412596885,1439.820404774883,1084.0540963549367,65.28026597123403,1082.0867667145014,1.0,1.0,40.0,2397.650388527169,105.60512825420028,79.38958360179787,0.03721697099899757,150000.0,4000.0
5,96,8,known,3,100.0,300.0,150.0,1898.049485744192,109.8662511138321,1894.8670816708975,1608.172242974425,76.76841115953322,1606.3388727542624,1.0,1.0,28.0,2151.762898817402,117.34028989555347,68.67037012244309,0.022966157001064857,150000.0,4000.0
5,97,8,known,3,100.0,300.0,150.0,1133.3609119123753,80.18099669562959,1130.5211030404282,873.8600083912255,47.45721938066672,872.5704135450433,1.0,1.0,28.0,2371.4720051382383,106.52549767733726,76.05621582360256,0.022996229999989737,150000.0,4000.0
5,98,8,known,3,100.0,300.0,150.0,1342.1004917306743,56.76847265421399,1340.8993513370885,1023.206510538733,47.56462625573356,1022.1003715575114,1.0,1.0,41.0,2473.6551510370095,101.98274928109983,57.07947838014288,0.035499648001859896,150000.0,4000.0
5,99,8,known,3,100.0,300.0,150.0,1125.0922051708285,107.44238485658421,1119.9502685711036,857.4894128550226,72.21453415845087,854.44318372536,1.0,1.0,22.0,2308.9857765794245,109.1498066097447,56.71121392370601,0.018139956999220885,150000.0,4000.0
6,0,8,known,3,100.0,300.0,150.0,2424.153725552822,79.13461101708454,2422.861737378095,881.4597276984258,45.00086100576756,880.3102714741676,1.0,1.0,102.0,1062.4639925722943,237.60607142151088,65.00153733237136,0.11487071200099308,150000.0,4500.0
6,1,8,known,3,100.0,300.0,150.0,1525.8701696267512,108.43948727084685,1522.0120407398906,1346.546145401312,70.48863759717412,1344.6999195600579,1.0,1.0,21.0,2524.713839949606,99.80260346832095,62.60651020394912,0.024449110998830292,150000.0,4500.0
6,2,8,known,3,100.0,300.0,150.0,1386.6102328473746,58.65336147114588,1385.3691641671492,696.3794774864648,49.69640291236791,694.6039477298508,1.0,1.0,103.0,1613.4271914940482,156.03755182571948,86.46733091919816,0.11146446500060847,150000.0,4500.0
6,3,8,known,3,100.0,300.0,150.0,1323.1665611797584,51.5166349740644,1322.1632973824437,1065.7126197791358,44.76564941991255,1064.7720059188832,1.0,1.0,29.0,2057.080003223481,122.52172842148815,81.8686609178334,0.017396983999788063,150000.0,4500.0
6,4,8,known,3,100.0,300.0,150.0,3149.8843350543107,167.21793686013606,3145.442653397575,713.1982019545515,84.76380305008345,708.1431867664137,1.0,1.0,437.0,460.4069371398675,548.5168113165273,74.78023705442101,0.46824268600175856,150000.0,4500.0
6,5,8,known,3,100.0,300.0,150.0,909.8927104800433,37.74284365067482,909.1095766396263,833.2711932592631,32.392949893341836,832.6413263302054,1.0,1.0,29.0,2151.0005471989257,117.48833057359204,88.64325226945284,0.01732027100297273,150000.0,4500.0
6,6,8,known,3,100.0,300.0,150.0,1779.462853985091,57.45454215192985,1778.5350781749787,733.2913150576906,43.84592531648516,731.9792944968993,1.0,1.0,33.0,3179.8764567949584,79.25992199155002,91.49574854335673,0.018804454997734865,150000.0,4500.0
6,7,8,known,3,100.0,300.0,150.0,2463.3014900673725,84.15850963072849,2461.863435738236,919.0330758053079,55.56415683965728,917.3518511993436,1.0,1.0,24.0,3584.0741277723837,70.49964498117879,73.37744699546128,0.027947942002356285,150000.0,4500.0
6,8,8,known,3,100.0,300.0,150.0,3855.3199669330274,132.29608900141977,3853.049414719127,1266.436463528767,53.16903883632958,1265.319868438203,1.0,1.0,44.0,757.1294141629039,334.1919823482219,63.95528099615335,0.04280582899809815,150000.0,4500.0
6,9,8,known,3,100.0,300.0,150.0,2310.828287135253,77.68462058553584,2309.522130733743,1259.5221070714013,78.68609000842311,1257.0618272148624,1.0,1.0,35.0,1859.9835082676218,135.8180918627751,86.7712497212443,0.021744141002272954,150000.0,4500.0
6,10,8,known,3,100.0,300.0,150.0,2811.8640922367263,113.74467002275273,2809.5625679546065,1506.2268455390133,52.01492739846674,1505.328455039012,1.0,1.0,33.0,3677.630366812376,68.838197491608,87.41328044614626,0.026628052997693885,150000.0,4500.0
6,11,8,known,3,100.0,300.0,150.0,2107.9625458911,88.13811052022882,2106.1191249199583,1139.9219991004993,73.66207665995078,1137.5394773349285,1.0,1.0,26.0,1516.1105632297397,167.55331323712724,49.96457765732695,0.03135112900054082,150000.0,4500.0
6,12,8,known,3,100.0,300.0,150.0,1587.1538777145818,53.62703684827112,1586.247639072572,1320.3378707868842,41.10511941942634,1319.6978677680574,1.0,1.0,43.0,1849.0404688846386,136.7231100263293,60.272772094869545,0.024975714997708565,150000.0,4500.0
6,13,8,known,3,100.0,300.0,150.0,2276.313932760609,111.34152754169958,2273.5892735330963,1691.2029011743443,75.20908566443606,1689.529770786546,1.0,1.0,36.0,2077.097424478583,121.90303887657599,55.200758931061024,0.028763213002093835,150000.0,4500.0
6,14,8,known,3,100.0,300.0,150.0,5227.017660196817,275.6684336187636,5219.743339927317,1520.570354697121,71.51152581713346,1518.887851442309,1.0,1.0,40.0,1105.0726717434077,229.442658249886,61.39156839032505,0.02734282399978838,150000.0,4500.0
6,15,8,known,3,100.0,300.0,150.0,3351.3058392384514,166.63846648217614,3347.160356123114,1510.1331336260278,53.89356835856871,1509.171151514879,1.0,1.0,26.0,1449.7739728021966,173.92966361697094,54.71558376921516,0.01661284000147134,150000.0,4500.0
6,16,8,known,3,100.0,300.0,150.0,1648.8764339601228,100.57974404711169,1645.805945291385,1403.323539450176,78.1900222286993,1401.1435603816067,1.0,1.0,32.0,2692.395884799934,93.75154111888315,78.05610171628841,0.02448648900099215,150000.0,4500.0
6,17,8,known,3,100.0,300.0,150.0,1317.4449432262368,56.33166943145392,1316.2400698396352,1270.0391297495055,47.43559598193983,1269.1529676633622,1.0,1.0,29.0,2214.721025910373,113.65738356977285,68.69147992654362,0.033329337999020936,150000.0,4500.0
6,18,8,known,3,100.0,300.0,150.0,2591.8086548341757,167.03044525628064,2586.420873259189,1458.8935927717682,75.36417269704353,1456.9456944252277,1.0,1.0,32.0,3585.9711209700013,70.56203003289455,64.00668598053763,0.02684364200104028,150000.0,4500.0
6,19,8,known,3,100.0,300.0,150.0,2118.629096126552,81.63486096439492,2117.0557376765814,1299.3835622098868,58.53917852546179,1298.0642535401778,1.0,1.0,37.0,1887.3354664516141,133.6238141509114,64.24535912545305,0.028441358001146,150000.0,4500.0
6,20,8,known,3,100.0,300.0,150.0,983.1905584299012,81.73177928728128,979.7875231090851,884.2150109203458,61.92598077961843,882.043852901515,1.0,1.0,37.0,2095.7425419064953,120.5875429440816,89.39201737647467,0.03256109299763921,150000.0,4500.0
6,21,8,known,3,100.0,300.0,150.0,2170.521971126943,125.12501892759164,2166.9124017327417,1484.7929505119184,80.15251833418831,1482.6279640201637,1.0,1.0,35.0,2862.8181538754225,88.22361479304004,84.38223892674009,0.025174302001687465,150000.0,4500.0
6,22,8,known,3,100.0,300.0,150.0,1444.516235562408,95.32146078055354,1441.3677441645666,846.80187507999,75.28784077741089,843.4483722611967,1.0,1.0,80.0,1630.5764234889173,155.62496131090666,84.15998153421405,0.07393127500108676,150000.0,4500.0
6,23,8,known,3,100.0,300.0,150.0,834.3798721787593,95.16036862493752,828.9356279833851,512.2323042712521,51.96074744693652,509.59004529503153,1.0,1.0,34.0,2621.189316746711,96.28238703633478,74.43806516331826,0.038761439001973486,150000.0,4500.0
6,24,8,known,3,100.0,300.0,150.0,1161.9114292442812,81.9034367227789,1159.021137193574,1036.1662226213364,55.12690162369937,1034.6987318145991,1.0,1.0,35.0,2486.0995330575106,101.63480424592295,79.89969476670193,0.021192798998526996,150000.0,4500.0
6,25,8,known,3,100.0,300.0,150.0,1033.2453425425324,92.75103941555258,1029.0739441717344,627.4401611222277,70.16178571396684,623.5049956612331,1.0,1.0,26.0,2587.6127782507106,97.488835689152,61.184446473489054,0.02555058199868654,150000.0,4500.0
6,26,8,known,3,100.0,300.0,150.0,1102.1094409932878,58.30160688882727,1100.566282674841,835.6082535331585,52.026978839479455,833.9870183915165,1.0,1.0,29.0,2460.3323650488774,102.80228617958825,58.820862414965,0.021317980001185788,150000.0,4500.0
6,27,8,known,3,100.0,300.0,150.0,2167.5746023911047,130.6673554838114,2163.6325240534316,1096.7621599479394,53.63586945656942,1095.4498751660467,1.0,1.0,54.0,3260.073752457624,77.39455560937499,65.38652168314461,0.06077799500053516,150000.0,4500.0
6,28,8,known,3,100.0,300.0,150.0,1370.314398826863,75.44055336037628,1368.2361910653096,1064.6592440805928,55.0842812933757,1063.2332895280563,1.0,1.0,19.0,2747.230062788723,91.92832101692969,50.44414116735017,0.012614834002306452,150000.0,4500.0
6,29,8,known,3,100.0,300.0,150.0,1896.6729926463306,88.35680486930568,1894.613817131944,1312.4152435524995,46.19362773096889,1311.6020434057045,1.0,1.0,32.0,2055.1545178398806,123.09654311573134,80.43875591856035,0.022120978999737417,150000.0,4500.0
6,30,8,known,3,100.0,300.0,150.0,1812.930674653788,72.86454347837908,1811.4658123752504,1497.713418628221,50.92293063092957,1496.8474670035657,1.0,1.0,28.0,2791.903037468421,90.22125248547057,87.81334613619919,0.03195661599966115,150000.0,4500.0
6,31,8,known,3,100.0,300.0,150.0,1415.403441737182,65.75502974909757,1413.8752345748742,1346.454894605539,56.00654477510657,1345.289578547893,1.0,1.0,32.0,2292.891130945278,109.66248622725114,77.11364303696314,0.03136587600238272,150000.0,4500.0
6,32,8,known,3,100.0,300.0,150.0,3895.666658251906,178.02896870651318,3891.596638722578,1042.862777952659,62.55570280000944,1040.9848979146304,1.0,1.0,125.0,722.0961354202377,348.9199189132872,84.0055701099335,0.14062797800215776,150000.0,4500.0
6,33,8,known,3,100.0,300.0,150.0,1973.841995785135,127.60346365242748,1969.713070573719,520.5769918895966,63.56442944603745,516.6816890446388,1.0,1.0,37.0,3337.620734547497,75.65007694403612,60.82059544117773,0.027443270999356173,150000.0,4500.0
6,34,8,known,3,100.0,300.0,150.0,1172.9984724298172,85.32199973987302,1169.8912653247196,1087.1789861898428,57.57680982065347,1085.6532867281574,1.0,1.0,56.0,2432.1047715027116,103.63533629836927,84.705842438263,0.04927160300212563,150000.0,4500.0
6,35,8,known,3,100.0,300.0,150.0,2048.11931372952,111.79617580770203,2045.065851836232,1070.1076951583916,68.36228692295617,1067.9218496518688,1.0,1.0,32.0,3144.139460097462,79.96119560380292,56.63490001521304,0.03984418300024117,150000.0,4500.0
6,36,8,known,3,100.0,300.0,150.0,2776.9964554524167,102.96532800037681,2775.0869274357988,1482.1397311445996,57.408021128586164,1481.0275155268,1.0,1.0,20.0,1436.773676482535,175.60109780269804,81.97112047759563,0.02101932599907741,150000.0,4500.0
6,37,8,known,3,100.0,300.0,150.0,1554.2525496384085,70.3150287647146,1552.661194461725,1414.0576284809229,52.604901697913874,1413.0788021134717,1.0,1.0,34.0,2234.4367931947518,112.64326867379414,54.963349108384264,0.03273750799780828,150000.0,4500.0
6,38,8,known,3,100.0,300.0,150.0,1240.4119577642239,77.48640858418429,1237.9893704912008,735.0665273711119,60.524790949232255,732.5705081027883,1.0,1.0,32.0,2846.1868273396485,88.58386231130794,88.3275784726368,0.0313958350016037,150000.0,4500.0
6,39,8,known,3,100.0,300.0,150.0,3392.0327262360365,171.45686816657974,3387.6966449513725,1356.4711646983744,60.19038443233069,1355.1350996413798,1.0,1.0,40.0,1311.7160284766524,192.47813292049108,95.11104743322852,0.039217969999299385,150000.0,4500.0
6,40,8,known,3,100.0,300.0,150.0,1915.6068086625435,102.36270445157855,1912.8699177235376,1072.062863085555,67.1173839133986,1069.9598306402995,1.0,1.0,31.0,3203.762258476732,78.47977837188027,71.54867604645023,0.03315122200001497,150000.0,4500.0
6,41,8,known,3,100.0,300.0,150.0,2447.35361337896,144.604506229734,2443.077822276054,820.0125806929659,72.62229241556877,816.7904475072205,1.0,1.0,68.0,956.9495197306367,262.9354541406476,86.18673261287951,0.07500474799962831,150000.0,4500.0
6,42,8,known,3,100.0,300.0,150.0,1170.7787196680647,53.7133947834399,1169.5459296874283,719.2222715183993,49.89469187909718,717.4895090315789,1.0,1.0,36.0,1759.2666358021788,143.10266025902624,81.01443663838673,0.03330405200176756,150000.0,4500.0
6,43,8,known,3,100.0,300.0,150.0,1813.5209435210209,85.10356560775104,1811.5230044661926,1274.0291662578766,54.0299795686298,1272.882978825451,1.0,1.0,30.0,2883.380488078361,87.07930631274668,77.03486434031869,0.05177641500267782,150000.0,4500.0
6,44,8,known,3,100.0,300.0,150.0,1200.5954655966618,66.53833250376347,1198.7502335010759,1086.6464583258758,58.16038714785968,1085.0888879529548,1.0,1.0,42.0,2130.689564089542,118.40138751284705,83.9894566357171,0.053078038999956334,150000.0,4500.0
6,45,8,known,3,100.0,300.0,150.0,1735.7176732732446,83.24631114201743,1733.720246462598,1044.3422516332828,75.81505248239652,1041.5866821170318,1.0,1.0,34.0,1591.7797715566373,158.60408507465604,77.45097526833484,0.030032172999199247,150000.0,4500.0
6,46,8,known,3,100.0,300.0,150.0,1686.6584043473918,131.44208875451451,1681.5289323290096,1243.6330060414793,95.49381889427146,1239.9612833749102,1.0,1.0,50.0,2709.926235616441,92.85464776509109,79.92882366331001,0.06562142799884896,150000.0,4500.0
6,47,8,known,3,100.0,300.0,150.0,2679.000871029482,86.90025655630379,2677.591083863847,849.866173890683,77.04863608615882,846.3663634625677,1.0,1.0,77.0,951.0731605702024,265.9501877148782,73.51402630835621,0.06921598800181528,150000.0,4500.0
6,48,8,known,3,100.0,300.0,150.0,870.5023322622626,59.07858474984171,868.4952684373096,604.9870766002165,41.29784859265829,603.5758863265613,1.0,1.0,57.0,2622.6285945089226,96.1317512706505,70.31195079336345,0.04975623099744553,150000.0,4500.0
6,49,8,known,3,100.0,300.0,150.0,1609.2928023974628,47.36830942833597,1608.5955262620184,1199.7998457947676,47.62529621012681,1198.8542451566188,1.0,1.0,20.0,1768.7895134243017,143.82874478559927,69.89778207386,0.017848199997388292,150000.0,4500.0
6,50,8,known,3,100.0,300.0,150.0,2346.497313557774,117.16557476597437,2343.57032551268,1167.5674554844854,67.61032562495049,1165.6082562230777,1.0,1.0,35.0,3504.424023120927,71.81850354613896,68.55820679004773,0.01763249400028144,150000.0,4500.0
6,51,8,known,3,100.0,300.0,150.0,2603.454577036382,68.74234799142846,2602.5468726392446,892.7087719713747,48.22036231204479,891.4054903427144,1.0,1.0,126.0,844.8638078234619,298.3002993367151,70.8009686619644,0.11071509999965201,150000.0,4500.0
6,52,8,known,3,100.0,300.0,150.0,3520.435682467345,91.05055003831352,3519.2580456293686,843.0349890385617,46.360945538675246,841.7592621836767,1.0,1.0,202.0,273.5423387006954,921.3958029618253,70.00151685649222,0.21386451899888925,150000.0,4500.0
6,53,8,known,3,100.0,300.0,150.0,1662.9796812816885,65.30318473345764,1661.6969983782888,1148.3737493061844,46.08674832994569,1147.4485956782185,1.0,1.0,35.0,3013.3905125483143,83.97938995539812,79.9600238078431,0.059893968998949276,150000.0,4500.0
6,54,8,known,3,100.0,300.0,150.0,1856.2111982371553,77.38647896236529,1854.5973539652275,1153.8999895512518,64.90408793254234,1152.0731944004356,1.0,1.0,39.0,1524.9886742062913,165.44811369790972,52.55340766077171,0.02109484700122266,150000.0,4500.0
6,55,8,known,3,100.0,300.0,150.0,1072.9565812742983,78.28645610677624,1070.0967508081087,977.639196256453,53.14229316660232,976.1937792948479,1.0,1.0,32.0,2195.0269673549487,114.70193737388884,97.01379153497207,0.03302112299934379,150000.0,4500.0
6,56,8,known,3,100.0,300.0,150.0,986.2985602681648,81.67692582683021,982.9108452827924,875.4476273632752,68.82487164805329,872.7380393328898,1.0,1.0,28.0,2484.2506562517738,101.35299014701128,55.70464146472523,0.03065743800107157,150000.0,4500.0
6,57,8,known,3,100.0,300.0,150.0,2094.635889050727,93.66378262216824,2092.5407053446384,686.9281715948512,54.685872071212515,684.7479597095972,1.0,1.0,88.0,1191.1895460301055,210.95321909068747,79.84806690466377,0.08325213300122414,150000.0,4500.0
6,58,8,known,3,100.0,300.0,150.0,6805.654439989675,410.4871498916651,6793.263770554253,1846.3555389347052,42.01526619614674,1845.8774318901385,1.0,1.0,48.0,2010.0431207359793,125.70654382643264,39.99322420631795,0.03286722099801409,150000.0,4500.0
6,59,8,known,3,100.0,300.0,150.0,2546.2897946286585,83.49590743845722,2544.92046077497,1191.3353876227093,57.23867237570715,1189.9595540129997,1.0,1.0,38.0,1521.534970937425,165.8644303456001,74.33611987192049,0.03611479799656081,150000.0,4500.0
6,60,8,known,3,100.0,300.0,150.0,943.3169851144362,93.91257901998755,938.6305779736797,522.9287420517272,59.100557573833285,519.5782841480808,1.0,1.0,43.0,1846.7105597718241,136.49212412170195,54.95906234504708,0.046129754999128636,150000.0,4500.0
6,61,8,known,3,100.0,300.0,150.0,4388.2543886763115,231.68335663059992,4382.1341150171675,1686.7451841659008,64.62779613961071,1685.5066194687565,1.0,1.0,30.0,1358.157829554808,185.93985355485955,44.03825786152856,0.017992920998949558,150000.0,4500.0
6,62,8,known,3,100.0,300.0,150.0,1858.3522118189594,89.91281082033349,1856.1758078433209,1638.1724677245347,64.77334410445255,1636.8913977122056,1.0,1.0,29.0,2904.2830868046267,87.02345937808842,61.08034764442708,0.02151749299810035,150000.0,4500.0
6,63,8,known,3,100.0,300.0,150.0,1477.7956571228785,72.4673692925986,1476.0177792286415,1471.8051421058706,43.97972960243171,1471.147905451175,1.0,1.0,44.0,2331.627714348921,107.90303946727688,83.08528493019806,0.028675657998974202,150000.0,4500.0
6,64,8,known,3,100.0,300.0,150.0,1781.3387005552256,80.291362711358,1779.5282698428066,1047.4946609076596,60.41249355960385,1045.7511153481805,1.0,1.0,33.0,3136.3811946522783,80.06344055597116,88.21403494357442,0.013541381998948054,150000.0,4500.0
6,65,8,known,3,100.0,300.0,150.0,543.224965215064,57.23634136436657,540.2012255263119,358.26200918672293,51.14962049680581,354.591854883245,1.0,1.0,38.0,2439.6306125219103,103.3216216219282,58.93432990072838,0.039864947997557465,150000.0,4500.0
6,66,8,known,3,100.0,300.0,150.0,3694.416163268022,213.82703278335353,3688.2229850521617,1327.1734294885423,95.13554230771146,1323.7592456826114,1.0,1.0,25.0,4378.371592661921,57.687017601624675,102.41077291384092,0.03182206100245821,150000.0,4500.0
6,67,8,known,3,100.0,300.0,150.0,2084.8780749859807,100.85531534870557,2082.437224245466,973.2243446933061,46.85756689997444,972.0956709747912,1.0,1.0,19.0,3312.8238949683223,75.9249517137879,73.08421649848557,0.0218639839986281,150000.0,4500.0
6,68,8,known,3,100.0,300.0,150.0,2163.2247412839165,90.61221074278428,2161.326145811218,1119.3226647175732,57.608297063511856,1117.8392155671988,1.0,1.0,130.0,1426.4041984132764,176.74351899658274,79.25861804327995,0.11682347799796844,150000.0,4500.0
6,69,8,known,3,100.0,300.0,150.0,1371.6131151233772,86.12957804297649,1368.9062178851382,883.8521089579715,70.08382692129598,881.0691276588459,1.0,1.0,63.0,1763.1361164669445,142.3737559713855,79.08926044812856,0.09549463700022898,150000.0,4500.0
6,70,8,known,3,100.0,300.0,150.0,1534.549747674762,51.908889929964886,1533.671540857075,1362.6388147661264,44.806943973308904,1361.9019337966322,1.0,1.0,37.0,2282.7461535689285,110.83083036483612,86.78734443931532,0.02422619099888834,150000.0,4500.0
6,71,8,known,3,100.0,300.0,150.0,1944.5425346704637,64.70809037260702,1943.465598404809,1616.5335772333453,53.6817882136415,1615.6419999297561,1.0,1.0,36.0,2318.8645302401396,108.84632978883602,86.8278054330164,0.026120626000192715,150000.0,4500.0
6,72,8,known,3,100.0,300.0,150.0,6772.022434080165,440.35416026027866,6757.6901424396865,2029.1504099200524,71.52623460006096,2027.8893914221885,1.0,1.0,51.0,2075.6638619784276,121.33388759486535,63.98688724540647,0.054007033999369014,150000.0,4500.0
6,73,8,known,3,100.0,300.0,150.0,935.6489360071622,55.06241819447757,934.0273344789814,653.4543800104234,58.2097927691116,650.8565485424449,1.0,1.0,37.0,2023.6951527451372,124.61503036021664,64.87945534670148,0.0320633720002661,150000.0,4500.0
6,74,8,known,3,100.0,300.0,150.0,1762.8860588248617,102.49885553068339,1759.903759020349,1409.182468681761,72.88282191465011,1407.2964592827552,1.0,1.0,39.0,2042.9443617968768,123.67970018617983,60.15155191810602,0.03026773800229421,150000.0,4500.0
6,75,8,known,3,100.0,300.0,150.0,1853.0162829960486,98.30595138285108,1850.4067890523977,1477.4846922566924,53.734254290421596,1476.507245416935,1.0,1.0,26.0,2369.8775525079623,106.28463002502086,50.5167089701777,0.028409640999598196,150000.0,4500.0
6,76,8,known,3,100.0,300.0,150.0,1352.7829570005083,63.55263117484625,1351.289307225434,885.7569944389818,54.94121121736576,884.0514218684042,1.0,1.0,35.0,1814.3800527216047,139.35189188680116,86.71729633825647,0.03141765899999882,150000.0,4500.0
6,77,8,known,3,100.0,300.0,150.0,983.9896391240655,72.93324038322858,981.2830133813134,962.885419145204,62.33758855021231,960.8654200543277,1.0,1.0,50.0,2355.0731858846166,106.9822598998658,96.54493766688243,0.048321884001779836,150000.0,4500.0
6,78,8,known,3,100.0,300.0,150.0,1133.810262539086,56.42159181337372,1132.4055437060506,686.1582846782849,45.87150596834759,684.6232515572649,1.0,1.0,44.0,2768.1214757868106,90.72193092899843,97.66064707319038,0.040777338999760104,150000.0,4500.0
6,79,8,known,3,100.0,300.0,150.0,1370.3388012340056,59.03519963985445,1369.0665708324536,983.1305129475448,41.396905096617225,982.2585717299311,1.0,1.0,24.0,2237.555346421965,113.00484622516446,58.31710821403702,0.0389515989991196,150000.0,4500.0
6,80,8,known,3,100.0,300.0,150.0,1134.5083958318837,66.24668477888622,1132.5725923616733,1039.4453453207323,51.082861760422645,1038.1893695965596,1.0,1.0,29.0,2398.1281281357938,105.59607030075993,60.583628835813656,0.025581993999367114,150000.0,4500.0
6,81,8,known,3,100.0,300.0,150.0,1799.5766344988658,84.44182606377292,1797.5944040426027,753.0839918825645,53.654582076323145,751.1702101734292,1.0,1.0,31.0,1416.3250070457761,177.56487507746795,93.17751150080922,0.022255965999647742,150000.0,4500.0
6,82,8,known,3,100.0,300.0,150.0,4240.579620962919,252.243558839546,4233.07083672716,1668.2974910013013,65.57928760541508,1667.0080610238222,1.0,1.0,58.0,1483.1563506700534,169.706618889248,67.05104372532176,0.06415994800045155,150000.0,4500.0
6,83,8,known,3,100.0,300.0,150.0,2517.7434642140724,124.56353622722676,2514.660230932848,1612.3463674069367,48.63806107303911,1611.6125922520587,1.0,1.0,45.0,2990.7944743755547,84.7586252747749,72.92792219775842,0.04249807899759617,150000.0,4500.0
6,84,8,known,3,100.0,300.0,150.0,2611.6779038497766,51.315094251543094,2611.173727379915,1217.1886466758694,54.552872319728664,1215.9655364023693,1.0,1.0,36.0,1093.3452623843777,231.25437324220462,84.14641862648581,0.02762500400058343,150000.0,4500.0
6,85,8,known,3,100.0,300.0,150.0,842.9686526936546,48.444227169961984,841.5754905402488,769.7001298949369,38.988944695217576,768.7120085908872,1.0,1.0,33.0,2407.8587320030833,104.8246015353621,76.75244153125395,0.031891422000626335,150000.0,4500.0
6,86,8,known,3,100.0,300.0,150.0,2715.0074189054267,115.08735437651438,2712.567084068912,1393.4509747727016,67.67110161162681,1391.806826072376,1.0,1.0,46.0,1150.0023070965533,219.9412463823471,80.15648767781681,0.04484384099851013,150000.0,4500.0
6,87,8,known,3,100.0,300.0,150.0,2169.3553219297387,94.57974896683125,2167.292593045584,1395.6299373838883,62.55539524120496,1394.2272930366744,1.0,1.0,21.0,3277.083412958287,76.87656317026304,75.92436913551334,0.02804684399961843,150000.0,4500.0
6,88,8,known,3,100.0,300.0,150.0,1955.1065194551759,104.14719649028298,1952.3306236084468,1759.7310733504428,64.3003318132662,1758.5559183158791,1.0,1.0,35.0,2336.6004583269228,107.71123425559954,77.10079676958301,0.03328458399846568,150000.0,4500.0
6,89,8,known,3,100.0,300.0,150.0,1576.7941314993102,91.50388416303244,1574.1368340502493,1375.5621035223235,67.8403395301937,1373.8882010481009,1.0,1.0,25.0,2802.063119435702,90.65614923961934,77.05502096152766,0.022156572998937918,150000.0,4500.0
6,90,8,known,3,100.0,300.0,150.0,2463.1470232843944,110.5731996989583,2460.6638994025793,1312.693310885457,40.74667245950023,1312.0607596932778,1.0,1.0,27.0,1422.2878779572388,177.58571416185865,76.6985819792953,0.041652224001154536,150000.0,4500.0
6,91,8,known,3,100.0,300.0,150.0,853.5119197295495,58.2781961912433,851.519963928689,796.5588813706158,44.89824799254565,795.2925240548957,1.0,1.0,28.0,2506.93162841323,100.43604176737881,81.4862062001918,0.02890384000056656,150000.0,4500.0
6,92,8,known,3,100.0,300.0,150.0,844.7411578056849,100.01282581913568,838.7997725098406,590.7388150118254,45.05557100934897,589.018117788067,1.0,1.0,46.0,2559.038275250426,98.60933376074303,82.02975280503658,0.025068884999200236,150000.0,4500.0
6,93,8,known,3,100.0,300.0,150.0,3989.7146237827174,175.97152733839872,3985.832008601449,1603.8322109344533,77.81141320999745,1601.9435523154864,1.0,1.0,27.0,1459.0576302304787,172.6695478092612,92.495050924777,0.024110176997055532,150000.0,4500.0
6,94,8,known,3,100.0,300.0,150.0,2131.604183865515,86.19828239797751,2129.860618158993,1528.9055600055267,45.561028160204145,1528.2265552361005,1.0,1.0,36.0,2847.3855286058047,88.36396817788767,58.9687516817833,0.0350713480002014,150000.0,4500.0
6,95,8,known,3,100.0,300.0,150.0,5471.711769550812,334.0114423632515,5461.50767145953,1771.6892295451214,66.15213090228784,1770.4537897565338,1.0,1.0,26.0,1431.1507987375,176.4790391060792,84.04884698094484,0.02646357900084695,150000.0,4500.0
6,96,8,known,3,100.0,300.0,150.0,3078.490371018679,123.41628138950334,3076.0155048280735,1001.3330749231598,47.03097897576645,1000.2279809881603,1.0,1.0,1175.0,1021.4071349377562,247.45323022253265,79.21830140253326,1.3087484829993627,150000.0,4500.0
6,97,8,known,3,100.0,300.0,150.0,1249.5422078482338,65.481855695105,1247.8252504934192,1161.0482771530158,57.962268322965514,1159.6005680107448,1.0,1.0,39.0,2430.077031749092,104.15418703712758,70.80213077853841,0.038765118002629606,150000.0,4500.0
6,98,8,known,3,100.0,300.0,150.0,373.0736661346552,52.642382681911286,369.34095346809744,287.4448213462152,40.02380079028666,284.6447271407939,1.0,1.0,56.0,2351.4785188429655,107.9103865269158,86.76536870906712,0.06796330900033354,150000.0,4500.0
6,99,8,known,3,100.0,300.0,150.0,576.5360205564142,42.103039832202846,574.9966234995767,174.45957642128613,40.69406169501265,169.64709590163068,1.0,1.0,38.0,2520.2431302499076,99.7830072933603,87.54186542592466,0.021137106999958633,150000.0,4500.0
7,0,8,known,3,100.0,300.0,150.0,763.5394186464785,40.302235250863426,762.4750314999085,662.4886242573507,30.32020104896466,661.7944262977346,1.0,1.0,29.0,2409.6255491027036,104.55458645184909,44.92999690549894,0.025646520000009332,150000.0,5000.0
7,1,8,known,3,100.0,300.0,150.0,1677.7035698157256,111.09171482234875,1674.0214750923176,1162.3601561493792,77.55667041386754,1159.7698459081976,1.0,1.0,34.0,3307.072931734876,76.30458066412308,54.19394688642506,0.0410214299990912,150000.0,5000.0
7,2,8,known,3,100.0,300.0,150.0,2670.878374460143,134.62125516131616,2667.4835348728298,1379.3775112019596,54.275525309868506,1378.309285233924,1.0,1.0,20.0,1623.6880571564243,155.64301073850348,87.5061816141226,0.02180847899944638,150000.0,5000.0
7,3,8,known,3,100.0,300.0,150.0,619.9738174790058,61.20478782159101,616.9453041455179,541.0595396391736,45.31398352436446,539.1586671210138,1.0,1.0,39.0,2828.213494748902,89.218994022438,74.53123268534367,0.040398889999778476,150000.0,5000.0
7,4,8,known,3,100.0,300.0,150.0,1796.6496229958493,87.17302555119672,1794.5335693230645,1266.730806095142,51.26243265517092,1265.6931295178633,1.0,1.0,38.0,3141.461787687076,80.57088046128548,72.77639556775347,0.036350173999380786,150000.0,5000.0
7,5,8,known,3,100.0,300.0,150.0,2655.832406492935,91.08414790377763,2654.270040779328,1602.1023692960378,69.3399588639751,1600.6011282667273,1.0,1.0,37.0,1826.2280748644998,138.16757979092162,56.06789844754386,0.028318622997176135,150000.0,5000.0
7,6,8,known,3,100.0,300.0,150.0,1812.6420717669166,94.18445447752875,1810.193516968346,1334.186683611625,78.12260587287523,1331.8975055079195,1.0,1.0,26.0,2050.7218446000516,122.30877349267747,86.4394820343341,0.01952105300006224,150000.0,5000.0
7,7,8,known,3,100.0,300.0,150.0,1124.5735691049392,51.175944880900886,1123.4085343253223,1113.8805626227113,48.84363701685173,1112.809151162792,1.0,1.0,30.0,2827.165047262543,89.49784368267662,62.78981525647871,0.019602858999860473,150000.0,5000.0
7,8,8,known,3,100.0,300.0,150.0,1851.3679694097343,68.61821491423163,1850.0959160914624,1206.0811018060222,36.08701421541868,1205.5411032140896,1.0,1.0,41.0,3198.905424587325,78.7166305725654,96.02511674753549,0.03284571299809613,150000.0,5000.0
7,9,8,known,3,100.0,300.0,150.0,1351.5292839636475,116.27757248997325,1346.518076947773,710.3276398825213,68.35294959406721,707.031279550533,1.0,1.0,57.0,3270.792592458719,76.68785841758505,78.18621911660122,0.0703602290013805,150000.0,5000.0
7,10,8,known,3,100.0,300.0,150.0,1501.4120934131302,93.22958008760375,1498.5147712464789,1062.7825066542587,51.052867062847184,1061.5555855512102,1.0,1.0,33.0,2169.0167711066924,116.51660022635156,59.91381014021,0.03106746900084545,150000.0,5000.0
7,11,8,known,3,100.0,300.0,150.0,1651.9494407439731,73.76876272041407,1650.3015253040955,1295.5697129444536,51.540499131542056,1294.5441120519013,1.0,1.0,28.0,3177.802690136373,79.45596096709036,91.8676756621681,0.04925560899937409,150000.0,5000.0
7,12,8,known,3,100.0,300.0,150.0,1323.7329156108353,128.2250483868429,1317.5079388139393,791.4247947428044,69.94101016412282,788.3282697144077,1.0,1.0,36.0,3034.400381268697,83.03982075492212,61.56804213177281,0.03461396700004116,150000.0,5000.0
7,13,8,known,3,100.0,300.0,150.0,2359.633968115191,157.48668975184881,2354.3726141021193,932.8811074109656,66.6643257120901,930.4961194124679,1.0,1.0,24.0,1646.7894330185293,152.31392300869985,89.48007215842279,0.022279583998169983,150000.0,5000.0
7,14,8,known,3,100.0,300.0,150.0,1838.2631262872294,101.57923292193541,1835.454434440226,1430.5181129770617,76.25084230165639,1428.484469850387,1.0,1.0,38.0,2985.007209913999,84.482295633009,61.42815007618746,0.033064219998777844,150000.0,5000.0
7,15,8,known,3,100.0,300.0,150.0,1152.1055327782349,126.93829019621037,1145.0911881331908,974.570768560863,53.24817407687123,973.1150059940451,1.0,1.0,62.0,2482.175267517758,101.63596387101194,73.86513497667202,0.05675757499921019,150000.0,5000.0
7,16,8,known,3,100.0,300.0,150.0,1147.4693420794408,47.897642589975774,1146.4692350196528,301.9956717452362,49.06167945398508,297.9837870791143,1.0,1.0,33.0,3223.8470444973195,78.12727125915497,55.68154007170781,0.029445729000144638,150000.0,5000.0
7,17,8,known,3,100.0,300.0,150.0,1467.763317130046,55.5418608350612,1466.7120565426517,1212.4535667127573,44.88989208513377,1211.6222798475899,1.0,1.0,22.0,3163.0597377732865,79.66989917160328,47.24129427466808,0.028877256998384837,150000.0,5000.0
7,18,8,known,3,100.0,300.0,150.0,1095.38560920038,73.30031284859534,1092.9303257662796,680.4891651428628,58.81923867965373,677.942328696163,1.0,1.0,34.0,3174.2854155609502,79.54902845849684,109.75708074629323,0.03766039399852161,150000.0,5000.0
7,19,8,known,3,100.0,300.0,150.0,2685.6935656030137,112.02950857739299,2683.3559803964395,1032.5531040569363,34.51613056293504,1031.9760411116997,1.0,1.0,36.0,1327.9046723043607,190.05090419494582,69.43625886867746,0.0282564419976552,150000.0,5000.0
7,20,8,known,3,100.0,300.0,150.0,1873.1478904185842,104.80707717870447,1870.2134894051133,1216.5064932605503,63.99066709226664,1214.8223090930492,1.0,1.0,31.0,3333.584752133399,75.88235164270465,72.0839558379073,0.03346074699948076,150000.0,5000.0
7,21,8,known,3,100.0,300.0,150.0,1660.9019840189187,78.46799308206596,1659.0473696008962,1188.0042467672795,65.64756356401767,1186.1890607045739,1.0,1.0,19.0,2976.785231541895,84.68875462359664,43.92958528665226,0.020622642001399072,150000.0,5000.0
7,22,8,known,3,100.0,300.0,150.0,5006.894426897316,245.15252532518846,5000.889125087866,1576.3967630622617,66.14786173417706,1575.0083221942584,1.0,1.0,44.0,1330.0714805330317,189.83301465097028,70.90171051907052,0.04501783500018064,150000.0,5000.0
7,23,8,known,3,100.0,300.0,150.0,1278.6745218316805,90.90816937330668,1275.4388411533778,1183.9696173613302,68.41100192953697,1181.9915353545182,1.0,1.0,20.0,2960.2194895124,85.29428830634656,59.162852580135315,0.030883341998560354,150000.0,5000.0
7,24,8,known,3,100.0,300.0,150.0,1874.1120666262127,115.62120538447236,1870.5421072885301,1667.0804301787425,98.37646539992161,1664.1752406944286,1.0,1.0,34.0,2606.8750872904,96.5725462010383,66.45288169108933,0.039682957001787145,150000.0,5000.0
7,25,8,known,3,100.0,300.0,150.0,1990.7656546668002,106.15677341962463,1987.933256238264,1599.4918764461672,83.0230765497823,1597.3357291369557,1.0,1.0,39.0,3425.5215668512146,73.63659583672641,60.63724748882841,0.030779505003010854,150000.0,5000.0
7,26,8,known,3,100.0,300.0,150.0,990.3278968747254,55.945509891650545,988.7463998676708,394.4357983948497,55.90477892654966,390.4539086096541,1.0,1.0,39.0,2077.366068099717,121.53626179394197,73.29486588736795,0.04432016299688257,150000.0,5000.0
7,27,8,known,3,100.0,300.0,150.0,2066.436634405736,86.35097179182956,2064.631655691812,651.0998418843552,70.42687945990764,647.2797376338704,1.0,1.0,53.0,1503.778440941939,167.63901254741864,84.57398076538792,0.0520912860010867,150000.0,5000.0
7,28,8,known,3,100.0,300.0,150.0,1400.6018349293588,128.02699297508545,1394.7381794004366,848.6249142715102,59.93828348223006,846.50555065843,1.0,1.0,73.0,2067.7254212634425,122.0297829486377,69.79367107258022,0.07617311899957713,150000.0,5000.0
7,29,8,known,3,100.0,300.0,150.0,1821.2074718042766,121.45375778933295,1817.1531691287266,1041.0509872479224,64.76402120674076,1039.034542066339,1.0,1.0,40.0,3374.18498247914,74.57204584987387,62.2027277931511,0.029900045999966096,150000.0,5000.0
7,30,8,known,3,100.0,300.0,150.0,688.7715298951762,137.2968776720346,674.9487297385276,610.1602622220895,68.15739718811142,606.3415826112135,1.0,1.0,23.0,2584.108807223743,98.12485448276047,82.06480494520538,0.02843312700133538,150000.0,5000.0
7,31,8,known,3,100.0,300.0,150.0,1254.5959260961545,84.40440310716126,1251.7535038949127,1016.9163049696764,58.10590578319625,1015.2548818037243,1.0,1.0,40.0,2332.2279465385463,107.71698270827126,77.27086148910124,0.03447677399890381,150000.0,5000.0
7,32,8,known,3,100.0,300.0,150.0,1377.117864469816,43.10639823181145,1376.443043163569,1251.6342404070167,48.49193890224117,1250.6945285003653,1.0,1.0,26.0,2625.489411021093,96.34726748550726,82.50391320844705,0.023508853002567776,150000.0,5000.0
7,33,8,known,3,100.0,300.0,150.0,1539.2119329919433,74.55345928266496,1537.405332491657,906.3421815749621,46.34104691135636,905.1567032692301,1.0,1.0,30.0,3439.8889140037763,73.1136325407848,66.69978609220071,0.030647368002973963,150000.0,5000.0
7,34,8,known,3,100.0,300.0,150.0,2074.9555194156314,133.59602461071302,2070.6502625411194,986.3076098503657,50.1281194943979,985.032929847879,1.0,1.0,55.0,3550.6033347209645,70.82002483957235,85.10677442455456,0.05536109700187808,150000.0,5000.0
7,35,8,known,3,100.0,300.0,150.0,1212.6697592974244,70.42963440953905,1210.622819754944,689.9981089579577,42.316605572222905,688.6992778117329,1.0,1.0,27.0,2168.7202685785187,116.2380815442916,60.961782496784465,0.021755648998805555,150000.0,5000.0
7,36,8,known,3,100.0,300.0,150.0,2517.7839033119276,118.37530532138177,2514.9996164744666,1629.7879979374054,65.41911709150479,1628.474518480343,1.0,1.0,51.0,3606.6867628563855,69.7282968693633,72.89821289767228,0.05683612900247681,150000.0,5000.0
7,37,8,known,3,100.0,300.0,150.0,1406.2317915189392,55.116391824612734,1405.1512498057998,1065.935633353872,50.781072024063405,1064.7253435405803,1.0,1.0,29.0,2535.351054563936,99.34493196631013,62.67958061424936,0.01911489700069069,150000.0,5000.0
7,38,8,known,3,100.0,300.0,150.0,1312.2750165424413,58.69603658693182,1310.9616677578526,609.8403127797712,31.588511959660238,609.0216523273237,1.0,1.0,47.0,2058.336660606479,122.59083055308068,78.10198756967716,0.04940708900176105,150000.0,5000.0
7,39,8,known,3,100.0,300.0,150.0,2743.867905692707,120.0131521919847,2741.2420409718343,1574.4278946089141,62.402773804149724,1573.190735144409,1.0,1.0,30.0,3730.4620801349024,67.80356526048968,61.18510096673493,0.026462426998477895,150000.0,5000.0
7,40,8,known,3,100.0,300.0,150.0,961.3760542326525,44.61875427280941,960.340087895474,861.4442267206842,35.060913021496404,860.7304387138269,1.0,1.0,33.0,2898.349465909909,86.65990008325004,83.05634109084068,0.03661040400038473,150000.0,5000.0
7,41,8,known,3,100.0,300.0,150.0,941.135100988987,49.54489676070972,939.8300811947453,664.8338826939362,36.3083240596237,663.8416958747589,1.0,1.0,27.0,3041.825586892015,82.82062388340698,80.9497830733915,0.030931098001019564,150000.0,5000.0
7,42,8,known,3,100.0,300.0,150.0,1360.5941188833708,56.07593606115231,1359.4380624857029,1019.5961405383495,42.93600493602377,1018.6917047276037,1.0,1.0,23.0,2229.7398585545793,112.99657179903113,64.72539097538554,0.028014333001920022,150000.0,5000.0
7,43,8,known,3,100.0,300.0,150.0,3160.7282747826434,157.24199992431465,3156.814562255798,2104.341772611602,89.850347102417,2102.422700382517,1.0,1.0,32.0,2605.7674906206285,97.58455253150893,71.36516329093315,0.02971071399952052,150000.0,5000.0
7,44,8,known,3,100.0,300.0,150.0,4875.60999223645,261.03060991881534,4868.617444108884,1982.6799856387831,91.21337440790265,1980.5807344770699,1.0,1.0,31.0,1834.7256505796265,137.96009273168298,71.5755398869098,0.034166509001806844,150000.0,5000.0
7,45,8,known,3,100.0,300.0,150.0,1121.918278432723,91.17303072385047,1118.2075397483566,719.0022251825723,65.30190809554738,716.0306282670952,1.0,1.0,50.0,3057.0532513404883,82.40804806187498,85.51372038562413,0.05363674699765397,150000.0,5000.0
7,46,8,known,3,100.0,300.0,150.0,1437.596507835684,96.88350623490811,1434.3281721980447,786.4310468209968,72.90164333257646,783.0447891425998,1.0,1.0,48.0,3152.018772215372,80.21238762755026,64.53967409239407,0.05341266799950972,150000.0,5000.0
7,47,8,known,3,100.0,300.0,150.0,392.5329423526524,49.392708883713134,389.41298275886936,244.0925135256838,36.34196726027382,241.37194653674922,1.0,1.0,112.0,2778.6526539163083,90.60972198632494,84.41193890432159,0.1413624080014415,150000.0,5000.0
7,48,8,known,3,100.0,300.0,150.0,2611.2839848816425,154.17175832009963,2606.7288157067355,2028.1850526063488,82.81494369860741,2026.4935955280032,1.0,1.0,47.0,2986.3637079205055,84.05472885541066,68.71522378817491,0.030248549002863,150000.0,5000.0
7,49,8,known,3,100.0,300.0,150.0,1548.3708300075382,62.9672487292052,1547.0899627383362,796.0654857508366,40.478367419700035,795.0356969185417,1.0,1.0,76.0,3313.1779215758643,76.24793372114614,84.21540853902346,0.08472874600192881,150000.0,5000.0
7,50,8,known,3,100.0,300.0,150.0,1176.9009237234463,65.0892189352856,1175.0996459192284,1128.8112968493178,58.56726717499236,1127.2909203529903,1.0,1.0,30.0,2870.73173158149,87.65780827805082,73.40580461153029,0.01966122399971937,150000.0,5000.0
7,51,8,known,3,100.0,300.0,150.0,1577.172015968141,77.55279627504693,1575.2641466569762,1122.1536341485694,66.35208440332508,1120.190242560689,1.0,1.0,71.0,2810.3188799637974,90.07070968156529,64.92986611876137,0.08147649200327578,150000.0,5000.0
7,52,8,known,3,100.0,300.0,150.0,1299.352786498433,109.92531521567628,1294.6945928889859,891.816164991144,59.59530670815557,889.8227191738096,1.0,1.0,41.0,3087.1788615097153,81.64608686531287,67.54447408477934,0.05499204700026894,150000.0,5000.0
7,53,8,known,3,100.0,300.0,150.0,1794.2932939162351,71.85647805637558,1792.8538900741764,1142.3384377344103,46.824384954183536,1141.3783699103271,1.0,1.0,48.0,3411.957528739872,74.08309858210711,90.43064788352257,0.04963534099806566,150000.0,5000.0
7,54,8,known,3,100.0,300.0,150.0,736.9610392775965,65.98900310662422,734.0006981482435,576.0420921927022,38.65218167143319,574.743856713392,1.0,1.0,47.0,2554.509367707478,98.50915155286897,83.16416900834083,0.04832358000203385,150000.0,5000.0
7,55,8,known,3,100.0,300.0,150.0,1186.9280195267559,52.1419407584849,1185.7821644600856,1020.949744449977,40.96214505092843,1020.1276799329091,1.0,1.0,27.0,2362.9170098805703,107.04957045143051,62.20602465844534,0.01937945100144134,150000.0,5000.0
7,56,8,known,3,100.0,300.0,150.0,1316.6391718762231,68.9519948657029,1314.8324346938462,722.4861789107193,54.302398827316765,720.4425918826641,1.0,1.0,32.0,3142.9179882435965,80.29876190999939,74.5919381918976,0.015545327001746045,150000.0,5000.0
7,57,8,known,3,100.0,300.0,150.0,1945.6814299672862,139.47837001797555,1940.6756584284435,1533.340955190122,89.67311016820163,1530.7165701644826,1.0,1.0,35.0,3053.0721239164473,82.77085040163675,74.7921912740366,0.027400040002248716,150000.0,5000.0
7,58,8,known,3,100.0,300.0,150.0,2539.69878937838,75.10664730154105,2538.587980019824,1271.7763943103269,51.98705293742076,1270.7133994146195,1.0,1.0,38.0,1482.5562613166642,170.7456007131208,95.52213413551756,0.030115246001514606,150000.0,5000.0
7,59,8,known,3,100.0,300.0,150.0,3395.662072732253,126.52729864833408,3393.303958517282,1671.4434267987817,92.72593272867181,1668.8693868569983,1.0,1.0,28.0,1693.3891289815726,149.37112591412333,79.0302113601743,0.018789631998515688,150000.0,5000.0
7,60,8,known,3,100.0,300.0,150.0,2696.1756370595017,120.79243229345363,2693.468443136812,1912.5483701613377,73.93660651349084,1911.1186897793812,1.0,1.0,38.0,2103.6195749165117,120.1881905321675,65.51457493689966,0.028191584002343006,150000.0,5000.0
7,61,8,known,3,100.0,300.0,150.0,1552.2734696944347,70.4524401558056,1550.6738465561643,1043.6092471375548,67.90961402981873,1041.397400147194,1.0,1.0,25.0,2198.123046033644,114.83066882935385,102.88931644733422,0.02307279700107756,150000.0,5000.0
7,62,8,known,3,100.0,300.0,150.0,3299.0451086027015,130.2683434793162,3296.4721729877483,994.5466650289719,58.20358781747691,992.8420877891022,1.0,1.0,96.0,794.0609756751073,317.68429299896746,59.156089003482414,0.13341895100165857,150000.0,5000.0
7,63,8,known,3,100.0,300.0,150.0,427.2733277936377,69.46050638045959,421.5895334294004,357.7322919565346,62.999150878904445,352.1413064339547,1.0,1.0,53.0,2686.3610244554297,94.09769085598161,57.01308364353116,0.053820257999177556,150000.0,5000.0
7,64,8,known,3,100.0,300.0,150.0,2453.977415440045,195.64019245006787,2446.166402881845,1121.0802473816698,79.3232220556545,1118.2704268253074,1.0,1.0,28.0,3974.5527169904726,63.35484889177627,58.97080604887685,0.019525011000951054,150000.0,5000.0
7,65,8,known,3,100.0,300.0,150.0,756.4232563113087,94.25815029329398,750.5275103498144,528.3959537731797,74.4824632405067,523.1201072731718,1.0,1.0,31.0,2498.293990265755,100.90053093257617,82.49297302695443,0.027276986998913344,150000.0,5000.0
7,66,8,known,3,100.0,300.0,150.0,1245.3452415076881,62.52077948534313,1243.7748681648086,1154.7299167905344,52.04091174736023,1153.5566411041887,1.0,1.0,35.0,2770.6410179817403,91.11051229943429,67.6850169136742,0.027289270001347177,150000.0,5000.0
7,67,8,known,3,100.0,300.0,150.0,1035.6575177833915,83.73280029344723,1032.2670741122538,728.7737564646171,54.58051517419195,726.7270157871309,1.0,1.0,34.0,3075.0397574822637,81.88329366049656,69.11465903362297,0.03679502699742443,150000.0,5000.0
7,68,8,known,3,100.0,300.0,150.0,2009.4725688759654,142.39014160712773,2004.4213760180453,1407.4238498359289,89.38386823250683,1404.582648756128,1.0,1.0,45.0,3398.465566060506,74.57456386769763,99.18660623563918,0.047556810997775756,150000.0,5000.0
7,69,8,known,3,100.0,300.0,150.0,1999.8775363694906,157.95752156350014,1993.6297504443548,1152.379674322658,70.63235760957478,1150.2130167279922,1.0,1.0,33.0,2128.5632701216996,118.27207819061705,98.21895724525292,0.015981423002813244,150000.0,5000.0
7,70,8,known,3,100.0,300.0,150.0,961.3212990991151,58.35003722782902,959.5488071261,929.2880200994441,43.398698264854865,928.2740852190483,1.0,1.0,35.0,2748.394224715046,92.01596580868484,84.8262888655844,0.03835231599805411,150000.0,5000.0
7,71,8,known,3,100.0,300.0,150.0,1288.1376584207048,46.776943538523675,1287.2880581263737,1025.6308365485154,48.049686810330215,1024.5046805537966,1.0,1.0,24.0,3091.3580029695822,81.72214114699823,65.62888681367791,0.03011126799901831,150000.0,5000.0
7,72,8,known,3,100.0,300.0,150.0,1843.7635457794022,35.723543802082006,1843.4174354071993,1755.7109983487587,24.523812547182093,1755.5397153983574,1.0,1.0,22.0,2546.317301595261,98.86735245965265,66.73123701817914,0.021728556999732973,150000.0,5000.0
7,73,8,known,3,100.0,300.0,150.0,1859.7404484595788,100.76921346808129,1857.008374039724,1279.2512438244207,75.30681951067152,1277.032743417926,1.0,1.0,55.0,2149.9022720471917,117.41926726911079,86.48303330915026,0.045049576001474634,150000.0,5000.0
7,74,8,known,3,100.0,300.0,150.0,776.8238531111618,100.49569303566588,770.2959914498797,573.0351750065148,68.74218813112203,568.8970235162885,1.0,1.0,41.0,2948.497167353514,85.5362965757277,87.37450069166563,0.023877176998212235,150000.0,5000.0
7,75,8,known,3,100.0,300.0,150.0,1439.2219515980128,34.86301914638665,1438.7996371481304,1385.111332809508,33.348240763163695,1384.7098248786037,1.0,1.0,27.0,2906.4701970402143,86.41181847607339,82.41168149592994,0.01628521399834426,150000.0,5000.0
7,76,8,known,3,100.0,300.0,150.0,991.0576008421044,54.384716343097445,989.5642833162425,724.8883716573814,45.86639551380117,723.4358472778782,1.0,1.0,57.0,2404.2316656768976,104.659740408893,99.71830661611519,0.0642077539996535,150000.0,5000.0
7,77,8,known,3,100.0,300.0,150.0,1585.5439157319552,80.97188129338652,1583.474996062278,1361.2203971119936,58.38270764216798,1359.9678043843915,1.0,1.0,35.0,2552.537947760589,98.75060192821225,59.87250458425,0.031855994999204995,150000.0,5000.0
7,78,8,known,3,100.0,300.0,150.0,1269.2538111064925,54.02662968552313,1268.1034501542763,1241.899130542922,57.25868828087522,1240.5784509895452,1.0,1.0,31.0,2601.037442540811,96.73815307532927,61.89401707065403,0.025822796997090336,150000.0,5000.0
7,79,8,known,3,100.0,300.0,150.0,2475.4540349964686,100.8870817814707,2473.397355078621,1111.7655590089503,73.98499362236667,1109.301076767341,1.0,1.0,36.0,1759.328951818618,143.19140608835752,65.27204156636262,0.03953365899724304,150000.0,5000.0
7,80,8,known,3,100.0,300.0,150.0,1904.629905061237,96.74432216109533,1902.1712886549326,1598.591426486311,78.1054932679131,1596.6822103214263,1.0,1.0,28.0,2358.9035853688797,106.92874349462853,56.69496257569215,0.021224732001428492,150000.0,5000.0
7,81,8,known,3,100.0,300.0,150.0,2512.0886552062834,145.91047937489202,2507.847591785574,1583.3427018923517,57.60001557412285,1582.2946469737024,1.0,1.0,22.0,2004.936237559872,125.93081156555546,60.51417586069579,0.014398282000911422,150000.0,5000.0
7,82,8,known,3,100.0,300.0,150.0,1046.93475016641,68.8921062006937,1044.6656157877674,853.4229906801697,61.535952853801824,851.2015786685665,1.0,1.0,51.0,2955.512912813082,85.86643989978423,85.38980056249973,0.06509357399772853,150000.0,5000.0
7,83,8,known,3,100.0,300.0,150.0,1457.6784849705239,110.10224125649538,1453.5143831473627,962.1344401005908,90.69666245166029,957.8500906967682,1.0,1.0,35.0,3393.965938289044,74.17742383587057,69.30969142627207,0.02667493400076637,150000.0,5000.0
7,84,8,known,3,100.0,300.0,150.0,1479.5520621867256,94.82866798645388,1476.5100163726988,1140.1720633731882,80.77049195672261,1137.3075493136157,1.0,1.0,30.0,3080.3541943764117,81.63431301096834,83.3011896727632,0.019637713001429802,150000.0,5000.0
7,85,8,known,3,100.0,300.0,150.0,818.0753927005893,94.99266826889377,812.5415319338324,373.47680636270775,54.052961353769575,369.54458764779037,1.0,1.0,33.0,2235.389192921671,113.42316836594175,69.19318540073773,0.047350923996418715,150000.0,5000.0
7,86,8,known,3,100.0,300.0,150.0,633.8058133879583,56.30446817673115,631.2999413493612,601.9733772412861,53.50231213491044,599.5910685654836,1.0,1.0,62.0,2717.3404978057306,93.11059280163624,97.31822820806607,0.0514032409992069,150000.0,5000.0
7,87,8,known,3,100.0,300.0,150.0,2279.4543274216157,48.427785038145046,2278.939836949942,879.8908248055282,37.17023721453834,879.1053617413373,1.0,1.0,55.0,1500.0062504392165,168.44925760408907,87.15782377284442,0.05329514700133586,150000.0,5000.0
7,88,8,known,3,100.0,300.0,150.0,2688.0035403608663,64.27932215538605,2687.234861662783,999.8318385659181,47.1798813495146,998.7180604184294,1.0,1.0,86.0,1288.6708091995388,195.334811546444,104.98991742517237,0.0788903639986529,150000.0,5000.0
7,89,8,known,3,100.0,300.0,150.0,1284.234296452355,81.7609791590516,1281.6289909608897,1062.3496632806061,74.41428195079202,1059.7402142573271,1.0,1.0,30.0,2834.3173606966243,88.81905346116844,48.396937864918335,0.03376780899998266,150000.0,5000.0
7,90,8,known,3,100.0,300.0,150.0,1449.4819130203985,82.86383702695562,1447.1113988516722,1318.6129621583123,47.590670140674895,1317.7538738654803,1.0,1.0,37.0,2583.016551458105,97.87374801165106,74.77040507549764,0.028612883001187583,150000.0,5000.0
7,91,8,known,3,100.0,300.0,150.0,5901.568943331934,284.34889737121574,5894.71472570673,1392.6172686229495,59.47403856013673,1391.3467201255737,1.0,1.0,61.0,1197.5124754681158,210.42373764125125,53.44813954583435,0.07312659999661264,150000.0,5000.0
7,92,8,known,3,100.0,300.0,150.0,1547.5318429649353,73.11486346053394,1545.8036814976201,1073.5958618253014,52.65223772157103,1072.3039757416377,1.0,1.0,33.0,2163.5051940384697,116.47194637119547,70.65197791719856,0.03620245199999772,150000.0,5000.0
7,93,8,known,3,100.0,300.0,150.0,1543.5272477216818,86.65582157501188,1541.0928372575188,1126.5095664498565,73.57825697406791,1124.1041070130923,1.0,1.0,36.0,2893.295260009291,87.23057637089816,78.20413598094541,0.029688582002563635,150000.0,5000.0
7,94,8,known,3,100.0,300.0,150.0,896.9336437430253,70.4476860299857,894.1627842910713,686.3233824978297,43.11081082048002,684.9680600974494,1.0,1.0,34.0,2350.501937562286,107.393243681123,80.8995783462143,0.020019267001771368,150000.0,5000.0
7,95,8,known,3,100.0,300.0,150.0,2294.568749052802,62.80727946707488,2293.7090028544785,1260.2581012943558,39.53354675235143,1259.6378767563456,1.0,1.0,23.0,1647.660625532757,152.7511145848059,65.94942864731792,0.018247838997922372,150000.0,5000.0
7,96,8,known,3,100.0,300.0,150.0,856.0895477592624,61.93286014580267,853.8463764734374,680.120284498322,50.018158788204545,678.2785454203283,1.0,1.0,55.0,2697.089104416321,93.49424188015675,73.03079503435232,0.06393663299968466,150000.0,5000.0
7,97,8,known,3,100.0,300.0,150.0,1978.4062857714719,116.44635959357474,1974.9763737618416,1007.6555753738693,54.471952358337404,1006.1821728635002,1.0,1.0,34.0,3617.215316721091,69.98163554284366,62.65482560472198,0.03135138200013898,150000.0,5000.0
7,98,8,known,3,100.0,300.0,150.0,1485.3230542970189,39.746921134487835,1484.7911495852047,997.3174909219773,31.75826004722758,996.8117127209537,1.0,1.0,26.0,3225.345126600703,78.12760901861691,63.26397819389924,0.03251143400120782,150000.0,5000.0
7,99,8,known,3,100.0,300.0,150.0,2109.1306520389144,161.20596442281075,2102.960946951847,1251.5001620327228,69.16591357048722,1249.587424699805,1.0,1.0,26.0,3696.298483451472,68.44066332426907,70.69898861808826,0.026436738000484183,150000.0,5000.0
8,0,8,known,3,100.0,300.0,150.0,1210.3242692797874,83.6433760199516,1207.4305870134465,1070.9188593601275,77.82406063851884,1068.0873648344168,1.0,1.0,65.0,6107.10050317743,41.16519986577184,91.15943438941349,0.050315454998781206,150000.0,10000.0
8,1,8,known,3,100.0,300.0,150.0,479.25365507639674,33.30764523608232,478.09483020935625,446.1831595692406,28.844183049265162,445.2498455782,1.0,1.0,17.0,6383.413842343423,39.44516294051615,68.64891035911262,0.016104760001326213,150000.0,10000.0
8,2,8,known,3,100.0,300.0,150.0,861.6094806433216,82.70671518097654,857.6307459498098,770.9801490508581,58.203142638961374,768.7800624479229,1.0,1.0,27.0,6077.986516361779,41.52538605558174,84.36019919932524,0.016710487001546426,150000.0,10000.0
8,3,8,known,3,100.0,300.0,150.0,668.0189879214767,43.9101798909858,666.5742751753739,543.7789186532203,41.39581743584439,542.2009762721603,1.0,1.0,25.0,6456.563314150034,38.98920610603108,76.9342140468043,0.028054499001882505,150000.0,10000.0
8,4,8,known,3,100.0,300.0,150.0,1035.212201004342,72.37489263990479,1032.6791253935642,804.3913789519315,65.85753502162561,801.6908853249271,1.0,1.0,36.0,5958.732095215339,42.38532654069452,85.18182713918621,0.0429273009976896,150000.0,10000.0
8,5,8,known,3,100.0,300.0,150.0,1342.1336404683689,105.18771595928644,1338.00532633026,683.8437030084564,71.81641416866009,680.0622124484445,1.0,1.0,33.0,6865.854918939448,36.820001472195436,90.89744220174657,0.029116500001691747,150000.0,10000.0
8,6,8,known,3,100.0,300.0,150.0,999.6239460068831,113.69325086996747,993.1373913698902,787.0321765196422,63.128058834085635,784.4963320915436,1.0,1.0,31.0,5974.313454569281,42.3148510750853,64.39811577230697,0.027524707998964004,150000.0,10000.0
8,7,8,known,3,100.0,300.0,150.0,526.225451328272,58.64440893237602,522.9474724354405,500.471257809344,51.32645717690476,497.8323760935344,1.0,1.0,22.0,6312.338537249044,40.21506893563915,84.1909924390115,0.026191430999460863,150000.0,10000.0
8,8,8,known,3,100.0,300.0,150.0,506.8435707696191,43.13817746098393,505.004458273234,458.2857064630785,41.361522575506584,456.41539544432413,1.0,1.0,19.0,6225.448737824613,40.61107000410424,44.63513373324704,0.02117318999808049,150000.0,10000.0
8,9,8,known,3,100.0,300.0,150.0,990.721288318299,113.67420627894539,984.1782592365682,776.7185078838319,54.411924110395006,774.8102883957407,1.0,1.0,16.0,6677.441168595927,37.88259404709212,90.83571988872109,0.016742445001000306,150000.0,10000.0
8,10,8,known,3,100.0,300.0,150.0,710.7393114491844,68.69357277236331,707.4118757124655,495.7865326025084,53.3671439941481,492.9059077064566,1.0,1.0,30.0,6398.284873887781,39.52549888241862,56.257451916656144,0.02588578499853611,150000.0,10000.0
8,11,8,known,3,100.0,300.0,150.0,613.9360314274287,92.70720820042816,606.896057189815,464.65378960891445,49.10220098997116,462.0520728834206,1.0,1.0,29.0,6374.410608489263,39.61664787405645,65.63869815379732,0.024402930997894146,150000.0,10000.0
8,12,8,known,3,100.0,300.0,150.0,1133.681631304145,55.44887426113026,1132.3248047709635,1051.0301030994237,52.788166395738955,1049.703618698993,1.0,1.0,17.0,6415.527820870114,39.29671441205338,65.11151157839853,0.01943617299912148,150000.0,10000.0
8,13,8,known,3,100.0,300.0,150.0,517.412414620214,40.1400588819845,515.853062873597,380.52687248137653,37.16408821953084,378.70771213069946,1.0,1.0,23.0,6091.338905649944,41.569819825752134,62.704868070417966,0.03153245100111235,150000.0,10000.0
8,14,8,known,3,100.0,300.0,150.0,844.7520299349529,103.80805822532821,838.3494970039109,692.3173802584482,76.01620878449756,688.1314489325076,1.0,1.0,20.0,6020.278905903925,41.9107559660808,63.89443567730054,0.020743092998600332,150000.0,10000.0
8,15,8,known,3,100.0,300.0,150.0,635.4764586817337,49.478156001982214,633.5473475734238,480.3379625676942,54.24345211357026,477.2653414888686,1.0,1.0,33.0,6538.97394422213,38.50577646269011,75.97249691135352,0.030924705999495927,150000.0,10000.0
8,16,8,known,3,100.0,300.0,150.0,676.46182023281,65.54637166964021,673.2787442015617,453.8592869367087,59.666235073341426,449.9202070710654,1.0,1.0,27.0,5950.955890523793,42.536505889840136,87.39846890704618,0.04035996899983729,150000.0,10000.0
8,17,8,known,3,100.0,300.0,150.0,1361.43089750978,133.84835277457432,1354.8353062840583,1061.9935443237725,81.68449112299149,1058.8474545917115,1.0,1.0,15.0,6711.125579041636,37.69931420994827,62.47443445579958,0.02129491599771427,150000.0,10000.0
8,18,8,known,3,100.0,300.0,150.0,551.5168709870431,67.35274754933243,547.388770784435,433.9005285027231,41.81046985970227,431.881411089958,1.0,1.0,20.0,6093.813520999283,41.36282609885005,86.00445579607108,0.021874502999708056,150000.0,10000.0
8,19,8,known,3,100.0,300.0,150.0,1035.828354199894,43.568162172288886,1034.9116844491564,832.3190920962498,53.87809214531981,830.5734297789124,1.0,1.0,33.0,6309.708085383206,40.137040426708786,74.44530351320984,0.026120181999431225,150000.0,10000.0
8,20,8,known,3,100.0,300.0,150.0,723.6050995244968,45.147483200847866,722.1952954834904,564.3356872276437,43.125109179979326,562.6855185953445,1.0,1.0,25.0,6492.79188916166,38.84443627174702,46.741086419982935,0.01891178799996851,150000.0,10000.0
8,21,8,known,3,100.0,300.0,150.0,1087.3702860584435,51.287026760972054,1086.1601078518952,857.5050531006948,48.857302745873625,856.1120721387027,1.0,1.0,12.0,6655.222433033727,37.98145327801174,71.95420100108561,0.010083124001539545,150000.0,10000.0
8,22,8,known,3,100.0,300.0,150.0,1091.3220185734597,91.11003635742122,1087.5121652184862,935.6972060431233,34.15892024926066,935.0734888575934,1.0,1.0,16.0,6086.173861114638,41.51463581656472,75.65525606718923,0.012648133000766393,150000.0,10000.0
8,23,8,known,3,100.0,300.0,150.0,434.51778390404866,122.10933169509737,417.00721293745295,341.1914654376175,61.051989873836845,335.6847786538941,1.0,1.0,36.0,6139.947325291594,41.01200188774465,101.43905068714733,0.046383261997107184,150000.0,10000.0
8,24,8,known,3,100.0,300.0,150.0,1436.5181205618308,117.63827072335599,1431.6932450646377,1034.5435375939646,81.36143307757587,1031.339249900341,1.0,1.0,39.0,6862.74610574199,36.882430493163106,55.84925671638332,0.07907059200078947,150000.0,10000.0
8,25,8,known,3,100.0,300.0,150.0,1407.4628124759015,108.69305596227004,1403.2595583455532,792.8697856263985,53.49488017712006,791.0630788717716,1.0,1.0,18.0,5722.773960945125,43.91075071082864,62.48802368021036,0.032531896998989396,150000.0,10000.0
8,26,8,known,3,100.0,300.0,150.0,1000.9645112129981,101.29919066720298,995.8255001143752,704.933265933709,63.56282353967379,702.0617329577432,1.0,1.0,33.0,6522.529330841505,38.56657612669229,72.58846852562586,0.04284191900296719,150000.0,10000.0
8,27,8,known,3,100.0,300.0,150.0,1330.4184172306777,102.41912784794357,1326.4703114496938,1010.3218476436754,50.03700042149617,1009.0820256128583,1.0,1.0,15.0,5976.373156958845,42.26705462174526,75.44386633151711,0.013470954003423685,150000.0,10000.0
8,28,8,known,3,100.0,300.0,150.0,175.23835913139916,46.010823703737316,169.09017302365277,129.0954661318554,36.600838724431675,123.79829554751214,1.0,1.0,23.0,6328.724081794981,40.00388566255102,67.91854235321854,0.022408856002584798,150000.0,10000.0
8,29,8,known,3,100.0,300.0,150.0,575.8775419761934,44.33508707618858,574.1683929009756,517.7445540778921,40.31852677598437,516.1722965017879,1.0,1.0,31.0,6255.275398160793,40.304702239736564,48.79983748728835,0.04917938799917465,150000.0,10000.0
8,30,8,known,3,100.0,300.0,150.0,484.45906032191476,48.606750216633515,482.0144862567622,382.56752461216087,46.051301402169514,379.7857139585991,1.0,1.0,30.0,6156.689450872959,40.86609906015544,76.55825386771131,0.04000114700102131,150000.0,10000.0
8,31,8,known,3,100.0,300.0,150.0,759.1066499759581,76.7099638629019,755.2208203445362,690.2970945834403,70.72490721502511,686.6644495601656,1.0,1.0,26.0,6329.970597254097,39.78607619029418,63.67484329750976,0.0216454680012248,150000.0,10000.0
8,32,8,known,3,100.0,300.0,150.0,1233.6571307875847,84.214421255325,1230.7793659286322,1111.1012863887006,77.65691235916849,1108.384171926623,1.0,1.0,17.0,6179.33413305429,40.81764428811747,76.31190886625096,0.03464348700072151,150000.0,10000.0
8,33,8,known,3,100.0,300.0,150.0,1690.5632015513527,126.4662916747082,1685.8262708564032,1280.1219448289212,98.05370899076942,1276.3611024258507,1.0,1.0,26.0,6947.513022863036,36.16964416752107,89.38684635136539,0.03637827500278945,150000.0,10000.0
8,34,8,known,3,100.0,300.0,150.0,1078.99285729696,67.68256759676807,1076.8679845465583,1048.2728645925226,63.874866115509086,1046.3249973692396,1.0,1.0,17.0,6375.36971227687,39.504958235914295,73.23601634324856,0.021259065997583093,150000.0,10000.0
8,35,8,known,3,100.0,300.0,150.0,727.1290611614853,75.78299641886501,723.1691427593971,481.8871271508507,48.17217718000299,479.47329921429264,1.0,1.0,25.0,6066.362843624647,41.55385596026619,96.59811565715972,0.015370782999525545,150000.0,10000.0
8,36,8,known,3,100.0,300.0,150.0,847.2575649904928,60.72106636658245,845.0788918988121,770.7955912087809,53.794629272789805,768.9161080952181,1.0,1.0,16.0,6305.132283173669,39.93119494049664,76.37045505371798,0.010417120000056457,150000.0,10000.0
8,37,8,known,3,100.0,300.0,150.0,1266.5577081243175,103.20221209433117,1262.3461218809841,1112.330998464267,88.07098546568355,1108.8389205216492,1.0,1.0,23.0,6733.680740408408,37.58115414939265,73.04625453471837,0.013114985998981865,150000.0,10000.0
8,38,8,known,3,100.0,300.0,150.0,372.5486368448402,43.34856145227594,370.01809284812936,309.2787725414134,44.03422799190219,306.12798942579633,1.0,1.0,19.0,6145.759253091268,41.15598812802089,62.026657075284966,0.01889045600182726,150000.0,10000.0
8,39,8,known,3,100.0,300.0,150.0,414.4045741398893,85.81462169618806,405.42200454736434,258.38511904206683,43.46584529911096,254.70294469208008,1.0,1.0,29.0,6466.122686385387,39.247091771382415,85.50734109912376,0.02347031699900981,150000.0,10000.0
8,40,8,known,3,100.0,300.0,150.0,1021.6482005744368,83.97191378880515,1018.1914178736876,479.95356472772863,73.70584439022544,474.260342847236,1.0,1.0,20.0,5776.502960834316,43.37800964577787,99.93678494939553,0.033463006002421025,150000.0,10000.0
8,41,8,known,3,100.0,300.0,150.0,587.7010988700789,88.05274242811919,581.0673766130617,489.58653718587675,66.40109507291255,485.06275054551026,1.0,1.0,26.0,6436.0244478164905,39.21090708340689,62.717659537367545,0.03487799399954383,150000.0,10000.0
8,42,8,known,3,100.0,300.0,150.0,420.906108540517,109.02581172381944,406.5406801104703,200.37350182696622,56.72353202351227,192.17695270031427,1.0,1.0,14.0,6079.64256741701,41.45111800640176,82.44456434037109,0.01905759799774387,150000.0,10000.0
8,43,8,known,3,100.0,300.0,150.0,711.8872096978914,57.677505172812076,709.5468305393872,508.65493702021905,44.85305833581355,506.67351234593576,1.0,1.0,29.0,6487.625164275617,38.82836656175663,67.48200916329786,0.027945210997131653,150000.0,10000.0
8,44,8,known,3,100.0,300.0,150.0,577.0616278007972,95.68233004441996,569.0738212195114,301.3322819911417,51.95897865543639,296.8188146109893,1.0,1.0,40.0,5924.38537955756,42.48035768607304,84.4436102651447,0.039765768000506796,150000.0,10000.0
8,45,8,known,3,100.0,300.0,150.0,1545.0297797635292,86.00597722049274,1542.6341083479542,876.491165332546,70.9920762796077,873.611405609791,1.0,1.0,37.0,7009.468977735232,36.13793727396926,75.36559237819873,0.027587294000113616,150000.0,10000.0
8,46,8,known,3,100.0,300.0,150.0,1118.715044032571,49.3331920704482,1117.6267650270986,980.8066947364439,48.57139917344865,979.6032827742879,1.0,1.0,23.0,6294.647090802664,40.2013811370498,80.2151534987999,0.01993669200237491,150000.0,10000.0
8,47,8,known,3,100.0,300.0,150.0,1035.3907149282495,59.485717742202155,1033.6805028365036,866.7471263638799,60.88617268992252,864.6059536200388,1.0,1.0,21.0,6618.108691254333,38.156952652469975,82.27995498611507,0.018745404999208404,150000.0,10000.0
8,48,8,known,3,100.0,300.0,150.0,1036.1084579972971,75.83374801263888,1033.329559915854,1017.3920477760869,45.92277512258048,1016.3550942476062,1.0,1.0,21.0,6352.8387544586785,39.83504174248204,74.59108965865497,0.017253605998121202,150000.0,10000.0
8,49,8,known,3,100.0,300.0,150.0,728.3355159481597,52.065532828935936,726.4721633226637,713.0937638934533,50.897587928773355,711.2750182923374,1.0,1.0,13.0,6342.356016466228,39.67631304525932,82.03985986885326,0.01440238400027738,150000.0,10000.0
8,50,8,known,3,100.0,300.0,150.0,824.5505479466325,64.97578629859017,821.9864678411512,566.2181652070672,42.24467052568359,564.6400609438141,1.0,1.0,25.0,6158.238246397609,41.10411978813737,72.75688775782358,0.03412165299960179,150000.0,10000.0
8,51,8,known,3,100.0,300.0,150.0,873.4840024486726,76.84898025889946,870.096854819577,677.2082271513987,74.2436550937544,673.126186238405,1.0,1.0,15.0,6529.329955741533,38.74118331350582,79.16949676853633,0.021518572000786662,150000.0,10000.0
8,52,8,known,3,100.0,300.0,150.0,1487.6787418675206,73.38060023525613,1485.867869803248,1124.8581910595474,69.13922915592578,1122.7313645683378,1.0,1.0,25.0,6811.897544045045,36.987341580610654,73.68410484303672,0.0226809210034844,150000.0,10000.0
8,53,8,known,3,100.0,300.0,150.0,1001.5896177632674,61.17418505301231,999.7197014634992,507.40202256249773,45.83131997219574,505.3279159220473,1.0,1.0,40.0,5927.842403188594,42.601171207273865,64.68082174191814,0.024568376000388525,150000.0,10000.0
8,54,8,known,3,100.0,300.0,150.0,1325.4990697231501,64.00758703708244,1323.95272296205,558.6222793861722,66.03196264178925,554.7058958910353,1.0,1.0,37.0,5704.597049872934,44.23678194536373,102.85047526912578,0.03346090000195545,150000.0,10000.0
8,55,8,known,3,100.0,300.0,150.0,1457.4686026886861,157.15736776483607,1448.9707690566224,599.4606512451717,54.70065195967491,596.959723152636,1.0,1.0,23.0,5613.632034545489,45.096117207726756,34.62978392536417,0.019196362998627592,150000.0,10000.0
8,56,8,known,3,100.0,300.0,150.0,1023.6875601578857,52.32760448964577,1022.3492762409431,745.4934998570818,67.31134731886428,742.4484769001012,1.0,1.0,31.0,6169.291527604034,40.88799531012099,73.88146337053522,0.049106031001429074,150000.0,10000.0
8,57,8,known,3,100.0,300.0,150.0,1529.5490841546562,129.43851010689812,1524.0623586125514,1181.6474614681142,79.81290252871784,1178.9489487607088,1.0,1.0,19.0,5939.081606378814,42.595123024915836,80.02108088964677,0.020292658999096602,150000.0,10000.0
8,58,8,known,3,100.0,300.0,150.0,1123.549694868031,92.30772428134901,1119.7514013726636,966.110629337328,75.49164628253746,963.15666402726,1.0,1.0,16.0,6222.457687539934,40.8454686491855,56.316001283663766,0.02248958199925255,150000.0,10000.0
8,59,8,known,3,100.0,300.0,150.0,458.78212839091503,82.46929251994285,451.3090483495297,388.36093426136597,70.27060923526518,381.9505946298103,1.0,1.0,19.0,6217.580531324007,40.731573052455445,73.28313140183701,0.027304874998662854,150000.0,10000.0
8,60,8,known,3,100.0,300.0,150.0,341.6501973034574,72.71645514949932,333.8220700732386,210.71160605944092,51.10284235179836,204.42084148079488,1.0,1.0,25.0,6067.098716610892,41.48769583535726,57.81112272362034,0.020710050001071068,150000.0,10000.0
8,61,8,known,3,100.0,300.0,150.0,265.21473452170306,55.529739470201086,259.33627482824113,220.2258211869749,48.31091140872821,214.86150924801643,1.0,1.0,27.0,6417.155907134981,39.2028058216558,64.93114320994555,0.025257900000724476,150000.0,10000.0
8,62,8,known,3,100.0,300.0,150.0,934.95331120406,28.17224065633228,934.5287684110306,917.3727776396217,29.149628570484357,916.909544234565,1.0,1.0,32.0,6318.628856545941,40.039153834148365,91.98320062714167,0.018724988000030862,150000.0,10000.0
8,63,8,known,3,100.0,300.0,150.0,636.7301838923034,70.01959086315425,632.868536091725,494.8367883406557,63.00292744234942,490.80961505352457,1.0,1.0,23.0,6114.949718941867,41.421050789009556,61.565359247546056,0.015882294999755686,150000.0,10000.0
8,64,8,known,3,100.0,300.0,150.0,1154.1491473057436,73.63788946987708,1151.797601777759,1134.5891911327087,69.65072187123852,1132.4492966919047,1.0,1.0,17.0,6272.855342196877,40.241395191207594,65.51130271379513,0.010796200000186218,150000.0,10000.0
8,65,8,known,3,100.0,300.0,150.0,367.7445427156189,73.46575325354283,360.33155814611797,305.6735198471261,63.71396573075405,298.95958139285597,1.0,1.0,23.0,6329.776877508084,39.91823594821175,64.96610286581996,0.012701167001068825,150000.0,10000.0
8,66,8,known,3,100.0,300.0,150.0,1262.0789188680578,48.3118457126828,1261.1539013994286,936.2789676367003,58.38715711969648,934.4566577013215,1.0,1.0,28.0,5841.947217995886,43.035001492906986,67.66278752516057,0.025178245999995852,150000.0,10000.0
8,67,8,known,3,100.0,300.0,150.0,1788.302238007795,142.68550758954208,1782.6008359662583,595.6267127739856,83.13592438918987,589.7962351913573,1.0,1.0,23.0,5350.308120122488,47.10359774817891,70.7037007481524,0.024331151002115803,150000.0,10000.0
8,68,8,known,3,100.0,300.0,150.0,603.8679280334698,61.739032705547785,600.7035594600877,379.4342468949435,58.88887374585094,374.83656207162903,1.0,1.0,32.0,6078.916320432585,41.60837745487113,79.29532460357393,0.03251650200036238,150000.0,10000.0
8,69,8,known,3,100.0,300.0,150.0,590.7001975890367,57.8933657769215,587.8563443824918,319.75749388009547,39.82598061309753,317.2676254531566,1.0,1.0,29.0,6063.63910004096,41.58425911069327,87.15222831519614,0.021312337998097064,150000.0,10000.0
8,70,8,known,3,100.0,300.0,150.0,576.0443034838293,48.17414043583758,574.0263859522819,249.59583194725062,51.985103486418076,244.12215864387767,1.0,1.0,18.0,6063.522130072906,41.67178833966475,52.78956257313257,0.023758983999869088,150000.0,10000.0
8,71,8,known,3,100.0,300.0,150.0,268.85087089151097,54.30943038466614,263.30832981585866,118.9377932757616,42.93799010866402,110.91676011647687,1.0,1.0,24.0,6124.513514005642,41.42223757782569,81.4837681519288,0.03674031899936381,150000.0,10000.0
8,72,8,known,3,100.0,300.0,150.0,834.4293603853102,66.76836559964858,831.7537753615487,497.99730735481086,60.96890576770461,494.25106035508986,1.0,1.0,30.0,5904.75386556035,42.72487802650609,79.90141071957815,0.02900063500055694,150000.0,10000.0
8,73,8,known,3,100.0,300.0,150.0,537.887191483516,51.46060238867235,535.4198699747885,498.25760007946195,42.9569438735522,496.4023942428053,1.0,1.0,33.0,6454.1165715004245,39.1596159348727,71.85290413227996,0.032917641998210456,150000.0,10000.0
8,74,8,known,3,100.0,300.0,150.0,807.8260950802581,72.16087713112866,804.5966739331479,417.1077260157526,79.80844798508305,409.4013516492641,1.0,1.0,34.0,6009.815972180047,42.01494976952211,77.7784675837436,0.039990081000723876,150000.0,10000.0
8,75,8,known,3,100.0,300.0,150.0,768.3755419744612,86.38383698797418,763.504293512343,668.6177609648483,71.34974230888417,664.799913169446,1.0,1.0,20.0,6112.595741568275,41.39916248684438,68.64925735835436,0.02906896000058623,150000.0,10000.0
8,76,8,known,3,100.0,300.0,150.0,1011.1935319366372,100.09828577683238,1006.226958600807,795.1959478387023,54.78528906427203,793.3064777002872,1.0,1.0,23.0,5964.951002474174,42.27011158381393,66.6860985454057,0.02169638199848123,150000.0,10000.0
8,77,8,known,3,100.0,300.0,150.0,601.8439713220203,37.27192098130598,600.6887461264978,449.4017979737569,40.046752412878014,447.61393370093725,1.0,1.0,29.0,6118.845354528415,41.19554018612336,85.82501905093974,0.021892499000387033,150000.0,10000.0
8,78,8,known,3,100.0,300.0,150.0,1238.5337014501558,81.78637128510513,1235.8303763461386,1122.1894942962965,78.24466585890578,1119.4583660742396,1.0,1.0,11.0,6681.485389884715,37.91207274418346,68.38737013320684,0.01120921400070074,150000.0,10000.0
8,79,8,known,3,100.0,300.0,150.0,548.0813522192901,103.14706763688615,538.2878886696571,331.42685346443955,41.57604176220882,328.80874676432524,1.0,1.0,26.0,6059.964905960126,41.68666074297167,61.74694561892833,0.029292328999872552,150000.0,10000.0
8,80,8,known,3,100.0,300.0,150.0,1239.3891182895804,55.85779276298816,1238.129756335042,716.0850321326849,59.92344955334416,713.5733693448041,1.0,1.0,33.0,5742.718234440084,43.993544001794426,70.0748349934056,0.02467785599947092,150000.0,10000.0
8,81,8,known,3,100.0,300.0,150.0,1086.4102749525975,118.43432638552876,1079.9354591160459,890.3808062376866,81.12494794205364,886.6773499632613,1.0,1.0,24.0,6638.387433747946,37.9597528628654,95.48258363671079,0.030622104000940453,150000.0,10000.0
8,82,8,known,3,100.0,300.0,150.0,551.8633511295354,55.33004850503244,549.0826386368009,297.98960520519205,40.77249580149951,295.1870735592312,1.0,1.0,20.0,6550.161052432286,38.47561984937867,63.91814835011433,0.011402170999645023,150000.0,10000.0
8,83,8,known,3,100.0,300.0,150.0,1707.632260195814,64.35077859801234,1706.4193251822055,506.2519268110086,68.40909288147058,501.608621747068,1.0,1.0,23.0,5383.245197597765,46.588342005056504,82.15123908413935,0.021116791001986712,150000.0,10000.0
8,84,8,known,3,100.0,300.0,150.0,594.8121670045775,75.26804712306877,590.0307069119037,378.2082683251706,53.89289921017355,374.3488341697438,1.0,1.0,22.0,6061.777051522105,41.44650319241988,62.149016199519295,0.019116111998300767,150000.0,10000.0
8,85,8,known,3,100.0,300.0,150.0,756.7732858585,64.39686803378306,754.0284143031419,616.2184664698041,62.06175499012731,613.0852607802134,1.0,1.0,13.0,6245.914769149444,40.48570412271102,72.70636587425714,0.017848072999186115,150000.0,10000.0
8,86,8,known,3,100.0,300.0,150.0,836.4870618900433,44.56275494667674,835.2992072191853,745.5760195938846,49.60457731821773,743.9240464607536,1.0,1.0,18.0,6143.987393376589,41.02489633249688,71.50941316859034,0.013434943000902422,150000.0,10000.0
8,87,8,known,3,100.0,300.0,150.0,783.957431708633,68.4868752885454,780.9601799351917,598.2202672209343,65.8552576773989,594.5843700856334,1.0,1.0,37.0,6185.133825595914,40.77872489479165,97.14642518675925,0.030465425999864237,150000.0,10000.0
8,88,8,known,3,100.0,300.0,150.0,837.8312140870868,61.87152946782283,835.543569863328,673.2269707954144,55.48327504933301,670.936778240819,1.0,1.0,27.0,6619.211677740935,38.19481114976296,81.54657993965792,0.029641675999300787,150000.0,10000.0
8,89,8,known,3,100.0,300.0,150.0,437.40434833622356,53.84775798643686,434.0771623839136,384.8422145961599,53.056424308057466,381.1673464174497,1.0,1.0,25.0,6430.672098152186,39.15484616200274,74.66528932566823,0.02709046200106968,150000.0,10000.0
8,90,8,known,3,100.0,300.0,150.0,1074.0095840506697,109.63516002182949,1068.399138112569,1040.3444768156128,88.39212951528552,1036.582588065468,1.0,1.0,23.0,6459.535686929115,39.13785368273755,57.90057107843469,0.016904858999623684,150000.0,10000.0
8,91,8,known,3,100.0,300.0,150.0,947.9471804869353,87.76805384972323,943.8753231844565,692.5424817073252,72.6094800759751,688.7256002011522,1.0,1.0,21.0,5939.775815364475,42.55431599958526,68.73201243084077,0.018670470999495592,150000.0,10000.0
8,92,8,known,3,100.0,300.0,150.0,949.7666549416958,89.61232432805761,945.5296558901055,453.04603626441326,66.10807132819161,448.19686955640685,1.0,1.0,38.0,5776.067087860559,43.761213458662475,81.40145822443426,0.03651271600028849,150000.0,10000.0
8,93,8,known,3,100.0,300.0,150.0,406.7997691189799,91.48267751479356,396.37983282450136,377.6004699730228,78.26559740327538,369.4003399930164,1.0,1.0,25.0,6363.663859327284,39.79780325681864,108.56825747371893,0.03490712200073176,150000.0,10000.0
8,94,8,known,3,100.0,300.0,150.0,588.253169843233,46.52475718357919,586.4104695515083,389.96611202287164,37.20438061517858,388.18732924874786,1.0,1.0,39.0,6529.441055273349,38.60709196323818,87.07352307449048,0.042505072997300886,150000.0,10000.0
8,95,8,known,3,100.0,300.0,150.0,846.2541858221166,60.26028752114285,844.1059440433544,757.4180773824837,57.745869365140294,755.2135847010712,1.0,1.0,34.0,6200.581904648436,40.69839053895322,72.46702682211382,0.04036126500068349,150000.0,10000.0
8,96,8,known,3,100.0,300.0,150.0,582.962259407478,68.1333676188534,578.9670457896424,309.3021598437977,51.33935724881573,305.0116333540684,1.0,1.0,20.0,6539.767640542046,38.6227558013762,48.70506664708793,0.014403920999029651,150000.0,10000.0
8,97,8,known,3,100.0,300.0,150.0,497.42292255704086,74.84021003084315,491.76061945597786,456.36423860105134,52.424759959832734,453.3430961391948,1.0,1.0,29.0,6347.162586826489,39.60710552720607,100.25318278442816,0.03756181900098454,150000.0,10000.0
8,98,8,known,3,100.0,300.0,150.0,522.0224548823757,78.33424650617737,516.1116053972545,513.7130428550252,52.286145162249525,511.04525183533514,1.0,1.0,25.0,6286.890016567705,40.06036324357623,72.65693849615579,0.03126287800114369,150000.0,10000.0
8,99,8,known,3,100.0,300.0,150.0,566.9248937245226,59.07490040240324,563.8386216525146,440.6373944144304,59.625158183407954,436.58464685320973,1.0,1.0,20.0,6489.883741262528,38.75937170285254,65.59746737821416,0.026540622999164043,150000.0,10000.0
9,0,8,known,3,100.0,300.0,150.0,179.47473435056656,65.40026386626081,167.13463362340522,145.774715144809,64.8930106987007,130.5341516156156,1.0,1.0,6.0,27386.96046817896,9.215414899111366,96.8222749385902,0.014081368000915973,150000.0,40000.0
9,1,8,known,3,100.0,300.0,150.0,145.91413841236374,71.82706632334305,127.01105594397886,116.78160256234843,65.51378121215974,96.67412874350393,1.0,1.0,13.0,27460.035486391535,9.182294819102664,68.22729542606973,0.009466280000197003,150000.0,40000.0
9,2,8,known,3,100.0,300.0,150.0,275.98131557221643,75.19461369464506,265.53993412721263,237.89060591480884,55.96792686068671,231.2131733821231,1.0,1.0,10.0,27486.933941395884,9.209890315345291,55.33016792504895,0.010722648999944795,150000.0,40000.0
9,3,8,known,3,100.0,300.0,150.0,171.83660919448252,41.919913001859676,166.64495537931484,64.5604233451502,45.8344739876263,45.467012842088295,1.0,1.0,7.0,27270.554408303236,9.247366572583019,74.56139909769904,0.010146428998268675,150000.0,40000.0
9,4,8,known,3,100.0,300.0,150.0,353.40844333888253,95.13343943922987,340.36327140817434,188.70456395940187,49.91152772588074,181.9842077191772,1.0,1.0,10.0,27542.8326970343,9.134578529697341,51.965431424023976,0.009418244000698905,150000.0,40000.0
9,5,8,known,3,100.0,300.0,150.0,150.9635423694665,71.927979514158,132.72662463781927,145.16915109261942,60.90422433860553,131.77540698728492,1.0,1.0,8.0,27376.74231333678,9.237614785208768,60.85623799323908,0.013022877999901539,150000.0,40000.0
9,6,8,known,3,100.0,300.0,150.0,144.26369547429138,65.17535965709362,128.7019282119253,109.13832664837251,63.91486747214048,88.46504428092248,1.0,1.0,8.0,27400.398632911958,9.254192754445778,90.11720101131095,0.012665435002418235,150000.0,40000.0
9,7,8,known,3,100.0,300.0,150.0,206.5718350168934,124.47878958708235,164.85434166312245,143.05400899402034,49.94369479201977,134.05251523109453,1.0,1.0,13.0,27430.60771472089,9.212647615763673,59.941210587581715,0.012512460998550523,150000.0,40000.0
9,8,8,known,3,100.0,300.0,150.0,176.96514869223446,84.70417083583095,155.37653392542586,93.45158131474365,57.60665250694744,73.58445241469119,1.0,1.0,9.0,27474.20426115511,9.239107378823908,62.87190152733119,0.018292738997843117,150000.0,40000.0
9,9,8,known,3,100.0,300.0,150.0,356.4229026478685,171.59874095205,312.39583485636166,160.511592380705,80.34607767143179,138.95495346120572,1.0,1.0,12.0,27559.409928179844,9.190681640868512,60.057612428411524,0.02081135499975062,150000.0,40000.0
9,10,8,known,3,100.0,300.0,150.0,298.8966722728351,168.86341674741251,246.62596615150693,155.6549768152933,70.15788766791367,138.947265555483,1.0,1.0,15.0,27573.81626819558,9.156358991517713,89.62188194122034,0.01591660200210754,150000.0,40000.0
9,11,8,known,3,100.0,300.0,150.0,238.15726485154053,88.04050156157348,221.28658541889385,218.30886293487393,88.0795665328306,199.75171988072154,1.0,1.0,11.0,27399.589246590484,9.180438727752735,75.81807655826589,0.013876673998311162,150000.0,40000.0
9,12,8,known,3,100.0,300.0,150.0,307.01555582067186,81.37128271519279,296.0359198900705,144.4270702921554,61.52895713741056,130.66509123234826,1.0,1.0,9.0,27275.682051548112,9.215907362992592,82.25995178217033,0.01333824199900846,150000.0,40000.0
9,13,8,known,3,100.0,300.0,150.0,154.87231287557816,41.45774481286624,149.22026903360762,107.6758964598032,40.482404413390306,99.77611743966075,1.0,1.0,13.0,27398.87286026506,9.20205623468348,88.56859767186596,0.014119850999122718,150000.0,40000.0
9,14,8,known,3,100.0,300.0,150.0,281.92054944215846,62.67354951138769,274.865826157804,222.36855652038108,69.8855254454018,211.10136963595951,1.0,1.0,6.0,27343.209080425542,9.256367252786427,72.10194791620899,0.007999181998457061,150000.0,40000.0
9,15,8,known,3,100.0,300.0,150.0,239.1213060171867,23.168225264825455,237.99628637742092,94.73580597705427,47.4858520799711,81.97540354497302,1.0,1.0,10.0,27260.085977343773,9.284658074264483,94.10748915607475,0.018443798999214778,150000.0,40000.0
9,16,8,known,3,100.0,300.0,150.0,240.38596964800342,87.98729716607338,223.70438069251105,212.54814368620293,55.84658603940182,205.08016045486812,1.0,1.0,15.0,27444.539042917677,9.219838830640862,69.2507239128121,0.0172699750000902,150000.0,40000.0
9,17,8,known,3,100.0,300.0,150.0,108.26591611009532,61.76398773152543,88.91973015398872,80.86955147281076,51.342941878110246,62.480290289935276,1.0,1.0,17.0,27428.066547285263,9.22818941529201,85.56532934973656,0.011457872999017127,150000.0,40000.0
9,18,8,known,3,100.0,300.0,150.0,182.13481365389532,81.25826118263055,163.0036359542773,60.32549976168673,48.69143465208618,35.613341783928206,1.0,1.0,6.0,27307.04771586274,9.223458236762847,83.59327613722914,0.0076872999998158775,150000.0,40000.0
9,19,8,known,3,100.0,300.0,150.0,337.28995661218516,133.32219470704172,309.8220573651066,181.0293948986144,60.15499955240415,170.74254843538193,1.0,1.0,8.0,27521.39411983381,9.14638408448877,65.81721064923875,0.012525754998932825,150000.0,40000.0
9,20,8,known,3,100.0,300.0,150.0,285.1838060385148,69.77001229448064,276.51753761930047,159.92157742862028,74.24835090127333,141.6407191301272,1.0,1.0,9.0,27240.12430198909,9.316243281985566,79.87402544128172,0.009786811999219935,150000.0,40000.0
9,21,8,known,3,100.0,300.0,150.0,356.4022630982786,79.96970127201749,347.3145836558535,281.9413665823758,75.46311520480177,271.6546565658767,1.0,1.0,14.0,27271.334824847985,9.28049250933153,75.68612945746669,0.014402347002032911,150000.0,40000.0
9,22,8,known,3,100.0,300.0,150.0,147.55581843371294,44.83676099145184,140.57874810026686,96.98274034149385,47.31662820092339,84.65688761017145,1.0,1.0,10.0,27291.305916644797,9.25574081623564,50.2497740852775,0.006559122000908246,150000.0,40000.0
9,23,8,known,3,100.0,300.0,150.0,190.41686795741012,69.01052338894868,177.47149423018087,131.3405301091019,51.44339435263384,120.84664673386393,1.0,1.0,12.0,27380.762481197544,9.218756464124342,70.19034251839625,0.010385092999058543,150000.0,40000.0
9,24,8,known,3,100.0,300.0,150.0,156.65523294473095,69.98824263434379,140.1517317121845,153.03763428662933,67.20376226872001,137.49244286497157,1.0,1.0,7.0,27399.856921739844,9.207890344184582,73.78628132804484,0.005969837999145966,150000.0,40000.0
9,25,8,known,3,100.0,300.0,150.0,100.14052261046288,78.41970445187889,62.2773973635427,55.81839825434363,45.07599704420608,32.92184797594503,1.0,1.0,7.0,27317.59097188534,9.216346781850401,75.15771909190283,0.008912018998671556,150000.0,40000.0
9,26,8,known,3,100.0,300.0,150.0,311.4225105081431,49.225290122050154,307.5074809880152,234.1508138460992,56.703764826369934,227.18117589119555,1.0,1.0,9.0,27251.742622655172,9.287016220609887,70.94458789380309,0.009603808000974823,150000.0,40000.0
9,27,8,known,3,100.0,300.0,150.0,189.33760475726635,88.7542685924085,167.24654968592154,123.38349749224409,49.18991866174788,113.15405143197141,1.0,1.0,10.0,27456.400382493368,9.175180157420083,57.02446684456845,0.012924638998811133,150000.0,40000.0
9,28,8,known,3,100.0,300.0,150.0,172.46965124997058,40.16540856715828,167.7275187824578,150.5803862277424,39.957601321856124,145.18210224783107,1.0,1.0,7.0,27384.686708931553,9.21386111766969,64.96748888260322,0.010391962998255622,150000.0,40000.0
9,29,8,known,3,100.0,300.0,150.0,280.15516881511866,45.8021846054622,276.3857422140201,209.45920513731744,36.41556469629668,206.26939972910827,1.0,1.0,10.0,27550.330926073366,9.149387947715923,71.22607813798527,0.00948660399808432,150000.0,40000.0
9,30,8,known,3,100.0,300.0,150.0,227.97027577234277,70.26304136705393,216.87220120054502,128.87391261088834,73.74127692497147,105.69157690711948,1.0,1.0,9.0,27301.201571486632,9.28196147555172,77.61955650559146,0.013202474998252,150000.0,40000.0
9,31,8,known,3,100.0,300.0,150.0,83.29218913811144,58.629353967771536,59.1623835282241,73.47667162631136,55.036677764115055,48.68044139045733,1.0,1.0,11.0,27406.48722445273,9.209374642295563,69.01509629036981,0.015091442000993993,150000.0,40000.0
9,32,8,known,3,100.0,300.0,150.0,181.2108546617949,30.163439880879107,178.68279363668665,150.015674561196,22.593965858631748,148.30446831039734,1.0,1.0,12.0,27473.872871809606,9.18280783288732,56.67855474216579,0.014992237000114983,150000.0,40000.0
9,33,8,known,3,100.0,300.0,150.0,330.031237823386,35.78782403516237,328.0851255239479,185.08733345820468,58.41491512633215,175.62749983260616,1.0,1.0,12.0,27537.85919167891,9.175161892789914,94.36515288802688,0.007902048997493694,150000.0,40000.0
9,34,8,known,3,100.0,300.0,150.0,157.73374245539517,38.3799973756491,152.99316752858638,93.76705744316052,44.813802257031945,82.36494514547195,1.0,1.0,10.0,27496.918272022944,9.155877202543893,78.23860294431353,0.011406702000385849,150000.0,40000.0
9,35,8,known,3,100.0,300.0,150.0,117.79940214129954,109.25840219552744,44.03749191913608,82.89666087281319,70.76241546644987,43.180284172475424,1.0,1.0,14.0,27426.48531620134,9.168942475006341,45.0417025599723,0.009135380998486653,150000.0,40000.0
9,36,8,known,3,100.0,300.0,150.0,107.58003444136816,49.31552157388422,95.61089447495887,78.35289154314351,48.62688687646543,61.437785489672756,1.0,1.0,9.0,27402.353916542317,9.19986753097763,85.29960003406065,0.01069633299994166,150000.0,40000.0
9,37,8,known,3,100.0,300.0,150.0,100.81156657960274,22.71501951634663,98.2191419459856,62.62866908270341,27.838586223942794,56.10136636591726,1.0,1.0,10.0,27491.77226769194,9.189485960799738,93.46383788288517,0.010723888000939041,150000.0,40000.0
9,38,8,known,3,100.0,300.0,150.0,243.38256707147946,41.18015235722723,239.87344372843518,221.1740987745286,39.67623650978482,217.58625467879298,1.0,1.0,14.0,27464.44547494345,9.184169517963317,68.29645925596692,0.01542126499771257,150000.0,40000.0
9,39,8,known,3,100.0,300.0,150.0,173.3474465802378,44.089286656257286,167.6468670689398,119.08106469255048,34.691384769912595,113.91579254456894,1.0,1.0,11.0,27343.410149256295,9.283257020476915,79.12322697979597,0.010380231000453932,150000.0,40000.0
9,40,8,known,3,100.0,300.0,150.0,207.30684643033587,46.32735871680519,202.06410965635465,166.1677766898892,52.873972891415654,157.53118104279775,1.0,1.0,11.0,27439.961171971667,9.213106924999275,65.93431047216711,0.015876564000791404,150000.0,40000.0
9,41,8,known,3,100.0,300.0,150.0,234.81351138811885,64.83349863114671,225.68562777825113,226.21035824035377,63.58727212228823,217.0893479636328,1.0,1.0,14.0,27413.695809585544,9.185285546682742,91.57076131529077,0.011924513000849402,150000.0,40000.0
9,42,8,known,3,100.0,300.0,150.0,337.8604873232419,111.87798834057513,318.79934852374566,208.4574147450968,61.18042283576615,199.27731838783396,1.0,1.0,13.0,27558.23671440163,9.179916274791063,62.44087538697855,0.010506360998988384,150000.0,40000.0
9,43,8,known,3,100.0,300.0,150.0,149.8359934433856,57.70175047744306,138.27990787892935,110.107038693477,61.28046410090264,91.4782197543482,1.0,1.0,6.0,27317.011470852176,9.269870071748656,101.06010931525807,0.007587713000248186,150000.0,40000.0
9,44,8,known,3,100.0,300.0,150.0,214.76096367666628,91.61632480680538,194.23882348342286,196.09284828459852,63.02220548918709,185.6895440342435,1.0,1.0,13.0,27368.901653680103,9.194383490212104,88.59009374616028,0.009922998000547523,150000.0,40000.0
9,45,8,known,3,100.0,300.0,150.0,247.14951947193032,46.03474677051261,242.82439553096975,152.75136358767145,43.03218412464961,146.56469631993664,1.0,1.0,13.0,27483.00540989016,9.210647155586027,72.30781243452947,0.012340224999206839,150000.0,40000.0
9,46,8,known,3,100.0,300.0,150.0,159.4377901631823,122.82466788816373,101.6587915051189,110.92854813816231,68.31502380193076,87.39679808197911,1.0,1.0,9.0,27358.19244865218,9.201214181695992,48.410174861195195,0.011250095998548204,150000.0,40000.0
9,47,8,known,3,100.0,300.0,150.0,251.9815101768137,88.76991799653543,235.82744354692068,161.9907315898148,58.24003062597304,151.15917422931741,1.0,1.0,12.0,27308.076149088156,9.259585849813364,86.33372509725933,0.009003905001009116,150000.0,40000.0
9,48,8,known,3,100.0,300.0,150.0,217.68343797242335,67.22664382596531,207.0426466392629,210.3720268968312,57.066543718083075,202.48407169146213,1.0,1.0,15.0,27400.448769195104,9.21900637251564,67.99589806634818,0.02420252500087372,150000.0,40000.0
9,49,8,known,3,100.0,300.0,150.0,322.28738743527606,32.20493189687185,320.6742934214927,216.18263050859156,55.04427242701744,209.05754663870547,1.0,1.0,7.0,27248.432194102697,9.274641024288977,84.13595689708167,0.01198871899759979,150000.0,40000.0
9,50,8,known,3,100.0,300.0,150.0,300.0353915941503,92.7534835669549,285.33844377379245,218.0325565742711,58.58282729779023,210.0148758352846,1.0,1.0,13.0,27314.63071025468,9.252112069466168,87.62531093950935,0.012277542999072466,150000.0,40000.0
9,51,8,known,3,100.0,300.0,150.0,168.01471279632358,88.36138097261093,142.9027993730151,86.37290080887007,54.60614911187371,66.92119599432397,1.0,1.0,10.0,27476.389145217927,9.227643825992802,77.27815686609614,0.009600317000149516,150000.0,40000.0
9,52,8,known,3,100.0,300.0,150.0,276.86027605515346,158.09853048626118,227.2805911542394,112.08154709873149,84.4667928386571,73.67247863073804,1.0,1.0,7.0,27254.2009131252,9.273045663924247,74.24276945573645,0.00934805100041558,150000.0,40000.0
9,53,8,known,3,100.0,300.0,150.0,206.67160360872177,112.704252788736,173.23655255613147,156.6028648727054,74.48094754377014,137.75719850273157,1.0,1.0,13.0,27391.234878814877,9.237581882807374,66.77467364283376,0.008118824000121094,150000.0,40000.0
9,54,8,known,3,100.0,300.0,150.0,329.73428902931914,49.059753406853524,326.0641684658548,215.66650475551748,74.21679069859736,202.49422029248694,1.0,1.0,14.0,27323.22536320811,9.25856603581013,62.16650484070542,0.011811502998170909,150000.0,40000.0
9,55,8,known,3,100.0,300.0,150.0,86.00506501998255,49.40601025650223,70.3982766807954,77.51567966184895,37.62354096481663,67.77278036724736,1.0,1.0,13.0,27399.03425041486,9.2660466576658,84.38204908224375,0.02712442299889517,150000.0,40000.0
9,56,8,known,3,100.0,300.0,150.0,117.88156407745295,56.81445580508289,103.286885716043,100.23089927939698,54.355938099524685,84.2120250538916,1.0,1.0,9.0,27328.478163610915,9.214137105737487,58.22145988701232,0.01529023200055235,150000.0,40000.0
9,57,8,known,3,100.0,300.0,150.0,170.71273160141408,70.36477096600157,155.53660578049974,123.08863555448619,52.170493807836436,111.48565727712071,1.0,1.0,9.0,27329.259733228235,9.186012803872424,80.09783598119215,0.017123265999543946,150000.0,40000.0
9,58,8,known,3,100.0,300.0,150.0,385.3092059853601,101.35360800073605,371.74000371536795,310.9230205717189,85.79468032475948,298.8517986384118,1.0,1.0,8.0,27275.585125484078,9.268554379649837,88.37152830129574,0.01096404999771039,150000.0,40000.0
9,59,8,known,3,100.0,300.0,150.0,185.30238511454735,90.3210048079079,161.7995365247685,107.0711398360211,55.15243229357693,91.77384266710857,1.0,1.0,13.0,27465.705921010052,9.2573210984164,88.98389256246722,0.018141622997063678,150000.0,40000.0
9,60,8,known,3,100.0,300.0,150.0,209.2363450126568,60.59083219855597,200.27131379142142,104.39933492909749,41.77531480987563,95.67676941752195,1.0,1.0,11.0,27488.9270114745,9.186043041316376,82.11241364722247,0.02025661600055173,150000.0,40000.0
9,61,8,known,3,100.0,300.0,150.0,209.1937006206281,68.76685776890737,197.56802284768617,125.8711529765014,36.972450845062276,120.31868113532194,1.0,1.0,16.0,27520.537722101002,9.178583985613361,94.00316701890807,0.021081391998450272,150000.0,40000.0
9,62,8,known,3,100.0,300.0,150.0,210.87119254821226,41.99099963366629,206.64804813128686,190.49020111054764,47.64914371373868,184.4344756884796,1.0,1.0,6.0,27386.89838702589,9.199934491603285,78.53117000208076,0.01211010100087151,150000.0,40000.0
9,63,8,known,3,100.0,300.0,150.0,233.19644554992365,102.84491976286486,209.29286823991018,182.31568747114588,56.36105263779932,173.3852405588081,1.0,1.0,10.0,27508.74156583781,9.160243682279448,71.26691705469213,0.022181907999765826,150000.0,40000.0
9,64,8,known,3,100.0,300.0,150.0,202.72855856890743,56.792568462908406,194.6110804317493,194.32023328502967,36.24727758917729,190.9096328929514,1.0,1.0,14.0,27394.269174322657,9.271519993819949,81.51103633211862,0.009419398000318324,150000.0,40000.0
9,65,8,known,3,100.0,300.0,150.0,371.9358435357825,96.27219340497264,359.26026287869576,232.39241383219687,82.93743539527911,217.08895830237185,1.0,1.0,13.0,27549.558334843852,9.146214665515387,101.35042653312127,0.012086032998922747,150000.0,40000.0
9,66,8,known,3,100.0,300.0,150.0,151.23448572971836,71.2591361833917,133.39417222775973,125.64535904505202,59.9916632730307,110.39817293458862,1.0,1.0,11.0,27381.68740353963,9.220901034763852,57.53150543052505,0.005667764999088831,150000.0,40000.0
9,67,8,known,3,100.0,300.0,150.0,340.7967593063753,42.84142892716994,338.09324619283024,196.49059589735353,75.2417089640032,181.51374468142438,1.0,1.0,8.0,27567.435052045606,9.1844995414751,60.943026425617674,0.0051598999998532236,150000.0,40000.0
9,68,8,known,3,100.0,300.0,150.0,407.6751180063565,145.05350458053093,380.99669637728175,289.67456986390636,82.11098230707458,277.7933458713625,1.0,1.0,7.0,27562.21403704575,9.181381031437986,56.56603826405603,0.008315955001307884,150000.0,40000.0
9,69,8,known,3,100.0,300.0,150.0,85.12950333322696,41.495987856358504,74.33111952329823,80.12509469236107,38.583883340805954,70.22332052675169,1.0,1.0,13.0,27406.274242325224,9.229455269816992,75.23101716242061,0.01998626400018111,150000.0,40000.0
9,70,8,known,3,100.0,300.0,150.0,94.70662684713936,56.25605998214111,76.18793135430991,85.00446901192215,54.95703070978579,64.84970722803995,1.0,1.0,14.0,27382.633217898434,9.210417937532057,86.08398936464124,0.020205464999889955,150000.0,40000.0
9,71,8,known,3,100.0,300.0,150.0,154.03750556326463,45.750711646743035,147.08645588214216,136.723104844373,46.97125693588909,128.40135676910938,1.0,1.0,11.0,27411.487383957614,9.249233768018653,69.49272886549286,0.012689761002548039,150000.0,40000.0
9,72,8,known,3,100.0,300.0,150.0,236.6233052757144,61.08845172158107,228.60181466004153,177.96284350063672,52.9753315420886,169.8952262861965,1.0,1.0,11.0,27420.718389796664,9.240751686719737,80.83099206081575,0.009713213999930304,150000.0,40000.0
9,73,8,known,3,100.0,300.0,150.0,234.4849549710456,84.29496619039355,218.80939829617392,206.9628756411165,54.07471618909358,199.7737644504634,1.0,1.0,10.0,27376.45602736314,9.263955054033532,81.85011962093152,0.013583430998551194,150000.0,40000.0
9,74,8,known,3,100.0,300.0,150.0,318.7268047940948,117.35780148972064,296.3341399902352,172.66001291360433,74.51038040169728,155.7552030325805,1.0,1.0,13.0,27513.405494622195,9.14410304196053,67.87535713775841,0.01252372899762122,150000.0,40000.0
9,75,8,known,3,100.0,300.0,150.0,192.83092874965402,68.79230505284265,180.1426819162266,173.45687685304645,60.48856355619283,162.5682066288527,1.0,1.0,13.0,27300.17687505016,9.246198936562681,123.96348915025156,0.010515788999327924,150000.0,40000.0
9,76,8,known,3,100.0,300.0,150.0,184.89200226586757,23.7906647317337,183.35500204113282,179.05158634644397,21.13731529341349,177.79956264109572,1.0,1.0,16.0,27400.40159065314,9.247347476894838,72.59774831671756,0.006475172998761991,150000.0,40000.0
9,77,8,known,3,100.0,300.0,150.0,151.77801774011758,35.94980201246811,147.45907365904546,139.049734270033,31.07845892044542,135.53212900156544,1.0,1.0,13.0,27450.355118748223,9.178063650525054,96.3275945892092,0.00699271499979659,150000.0,40000.0
9,78,8,known,3,100.0,300.0,150.0,193.01412600226215,81.91086890574003,174.77145759970017,152.69148899376862,71.75262718729951,134.7822365998375,1.0,1.0,14.0,27425.81128233989,9.241571913131706,57.72424465217802,0.009614785001758719,150000.0,40000.0
9,79,8,known,3,100.0,300.0,150.0,179.20096192781486,50.629458162222015,171.90009517755934,129.63334614103871,46.72011439660829,120.92160825299253,1.0,1.0,10.0,27444.763563930384,9.220720518181714,71.34812297080668,0.011036304997105617,150000.0,40000.0
9,80,8,known,3,100.0,300.0,150.0,112.0934828721974,63.47803090397645,92.38770748846093,98.0060038458857,54.406281338344755,81.51768728792936,1.0,1.0,7.0,27443.875341030685,9.182745916856279,57.64395748380857,0.012695050001639174,150000.0,40000.0
9,81,8,known,3,100.0,300.0,150.0,140.22714918295853,52.950442099642316,129.84569322635284,113.86881740816006,57.39459520850707,98.34616423015446,1.0,1.0,10.0,27411.36330764116,9.224342626575298,84.71516353146595,0.018390301000181353,150000.0,40000.0
9,82,8,known,3,100.0,300.0,150.0,136.78701487762154,45.68271007760626,128.93322860727574,130.98705988817306,33.938843064816425,126.51389168612907,1.0,1.0,13.0,27419.2776761757,9.220626911648512,78.87034550599991,0.007176065999374259,150000.0,40000.0
9,83,8,known,3,100.0,300.0,150.0,346.8486405121194,66.13656381474239,340.4848518684553,326.6601115196731,54.502388211591196,322.0812290979998,1.0,1.0,14.0,27397.302098893288,9.237679526749808,79.9257523040362,0.014436869998462498,150000.0,40000.0
9,84,8,known,3,100.0,300.0,150.0,138.1777767049763,89.1373195566107,105.58236707610304,100.20765920952309,51.03232693619685,86.23964617117254,1.0,1.0,7.0,27400.798154295015,9.238411241859652,93.76554531975113,0.004639064998627873,150000.0,40000.0
9,85,8,known,3,100.0,300.0,150.0,264.5177592699861,111.9397524376049,239.66463400640077,86.52799080947673,52.04381461428316,69.12694520893439,1.0,1.0,8.0,27449.499262875983,9.187153253325242,63.21112698262033,0.011732815000868868,150000.0,40000.0
9,86,8,known,3,100.0,300.0,150.0,138.06667414798375,83.3123838006476,110.09747143208656,108.56787330550812,50.930798473038365,95.88032582850151,1.0,1.0,12.0,27468.818467346824,9.212986225380186,60.28988145646263,0.015696714999648975,150000.0,40000.0
9,87,8,known,3,100.0,300.0,150.0,324.03448692867494,134.4401711987233,294.8290845340527,259.9476993824421,73.34196449310907,249.38677322287168,1.0,1.0,14.0,27344.2532371535,9.249486398244732,81.64306925083024,0.010692333002225496,150000.0,40000.0
9,88,8,known,3,100.0,300.0,150.0,242.9954693801943,51.53832992192342,237.46704758378564,177.6008932382916,48.52451200909776,170.84334641219712,1.0,1.0,9.0,27335.142663743023,9.261422250778704,63.47985294423802,0.011355585997080198,150000.0,40000.0
9,89,8,known,3,100.0,300.0,150.0,250.11428015182992,97.54845771499664,230.3072980460966,140.03833269319375,69.334807932768,121.66930193116008,1.0,1.0,9.0,27516.38904713341,9.184304910420824,66.08213202626888,0.013811499997245846,150000.0,40000.0
9,90,8,known,3,100.0,300.0,150.0,167.27682279204265,86.4814414124278,143.18692585089346,147.68659943031432,68.08490539484009,131.0563898047928,1.0,1.0,11.0,27389.738568270903,9.236197025509677,78.85329746622551,0.009586189997207839,150000.0,40000.0
9,91,8,known,3,100.0,300.0,150.0,325.22597351029316,148.06595553138993,289.56589346519104,268.58114423497904,97.49233254279777,250.26201496418736,1.0,1.0,10.0,27400.503593580495,9.245190862688187,88.73721641664496,0.007827036002709065,150000.0,40000.0
9,92,8,known,3,100.0,300.0,150.0,142.9028565182513,80.15559081719266,118.30599165647826,117.14984862131539,52.63009086863965,104.66212575309105,1.0,1.0,14.0,27388.038580547418,9.216443787391698,70.45117743852954,0.017167298999993363,150000.0,40000.0
9,93,8,known,3,100.0,300.0,150.0,191.0070263349668,83.3779628938014,171.84818711003786,169.80056319878227,55.31999307124423,160.53638101446396,1.0,1.0,8.0,27372.052659248708,9.193216573776008,66.85457936495823,0.008624067999335239,150000.0,40000.0
9,94,8,known,3,100.0,300.0,150.0,177.44843481895336,55.94637550954501,168.39818908480376,125.8956942316713,55.454949460259314,113.024220441614,1.0,1.0,7.0,27338.18256371087,9.236314231658232,84.13881494436293,0.015053802999318577,150000.0,40000.0
9,95,8,known,3,100.0,300.0,150.0,161.96492947169804,46.094507141781385,155.2673010975859,148.14118651660118,41.48408573473826,142.21421086972745,1.0,1.0,13.0,27399.27161436921,9.249408765002036,73.28095538521502,0.006631205000303453,150000.0,40000.0
9,96,8,known,3,100.0,300.0,150.0,231.11942721220728,97.61879007756386,209.49167396030637,144.36791496662758,64.54314083464037,129.1366634345614,1.0,1.0,12.0,27343.023317513886,9.264768210213,79.72182348961547,0.008245723001891747,150000.0,40000.0
9,97,8,known,3,100.0,300.0,150.0,99.4971145054921,33.006518634569,93.86290812959535,73.27591040726227,27.135035909812512,68.06650330512295,1.0,1.0,15.0,27373.577054605717,9.24328832077036,82.36567855489831,0.015366132000053767,150000.0,40000.0
9,98,8,known,3,100.0,300.0,150.0,209.86853000882869,67.4364629753716,198.73883201185913,204.9981205173054,66.93493510419607,193.76259669560773,1.0,1.0,9.0,27335.707147167028,9.241793341772699,84.33063213640432,0.00794219299859833,150000.0,40000.0
9,99,8,known,3,100.0,300.0,150.0,223.96179856796087,61.564608492329924,215.33389468214713,173.63921397143625,58.286049658625366,163.56440029483946,1.0,1.0,7.0,27378.422702875214,9.196127037569276,62.24482989849194,0.009099062997847795,150000.0,40000.0
