condition_id,trial_id,n_anchors,gauge,dof,sigma_r_mm,sigma_deploy_mm,sigma_v_mm,rmse_anchor_abs_mm,rmse_anchor_abs_h_mm,rmse_anchor_abs_v_mm,rmse_anchor_shape_mm,rmse_anchor_shape_h_mm,rmse_anchor_shape_v_mm,converged,rigidity_ok,iterations,rigidity_min_singular,rigidity_cond,rms_residual_mm,compute_time_s,r_max_mm,known_z_max_mm
0,0,4,known,3,100.0,300.0,150.0,0.0,0.0,0.0,3.04283835273143e-11,2.5204656522966648e-11,1.7047340368650082e-11,1.0,1.0,0.0,0.0,inf,126.8368013835315,0.0036633730014727917,150000.0,2900.0
0,1,4,known,3,100.0,300.0,150.0,0.0,0.0,0.0,3.04283835273143e-11,2.5204656522966648e-11,1.7047340368650082e-11,1.0,1.0,0.0,0.0,inf,70.08612383471699,0.0017899109989230055,150000.0,2900.0
0,2,4,known,3,100.0,300.0,150.0,0.0,0.0,0.0,3.04283835273143e-11,2.5204656522966648e-11,1.7047340368650082e-11,1.0,1.0,0.0,0.0,inf,70.43253269224321,0.0016060609996202402,150000.0,2900.0
0,3,4,known,3,100.0,300.0,150.0,0.0,0.0,0.0,3.04283835273143e-11,2.5204656522966648e-11,1.7047340368650082e-11,1.0,1.0,0.0,0.0,inf,129.8165548501804,0.0015921290032565594,150000.0,2900.0
0,4,4,known,3,100.0,300.0,150.0,0.0,0.0,0.0,3.04283835273143e-11,2.5204656522966648e-11,1.7047340368650082e-11,1.0,1.0,0.0,0.0,inf,119.09317900616556,0.0010920179993263446,150000.0,2900.0
0,5,4,known,3,100.0,300.0,150.0,0.0,0.0,0.0,3.04283835273143e-11,2.5204656522966648e-11,1.7047340368650082e-11,1.0,1.0,0.0,0.0,inf,121.46753856050748,0.001046895999024855,150000.0,2900.0
0,6,4,known,3,100.0,300.0,150.0,0.0,0.0,0.0,3.04283835273143e-11,2.5204656522966648e-11,1.7047340368650082e-11,1.0,1.0,0.0,0.0,inf,76.16219040727512,0.0010237589995085727,150000.0,2900.0
0,7,4,known,3,100.0,300.0,150.0,0.0,0.0,0.0,3.04283835273143e-11,2.5204656522966648e-11,1.7047340368650082e-11,1.0,1.0,0.0,0.0,inf,97.39113422141355,0.000923807001527166,150000.0,2900.0
0,8,4,known,3,100.0,300.0,150.0,0.0,0.0,0.0,3.04283835273143e-11,2.5204656522966648e-11,1.7047340368650082e-11,1.0,1.0,0.0,0.0,inf,75.00842175559764,0.0011348469997756183,150000.0,2900.0
0,9,4,known,3,100.0,300.0,150.0,0.0,0.0,0.0,3.04283835273143e-11,2.5204656522966648e-11,1.7047340368650082e-11,1.0,1.0,0.0,0.0,inf,94.47021973757013,0.0009415260028617922,150000.0,2900.0
0,10,4,known,3,100.0,300.0,150.0,0.0,0.0,0.0,3.04283835273143e-11,2.5204656522966648e-11,1.7047340368650082e-11,1.0,1.0,0.0,0.0,inf,92.78031838235579,0.0024830300026223995,150000.0,2900.0
0,11,4,known,3,100.0,300.0,150.0,0.0,0.0,0.0,3.04283835273143e-11,2.5204656522966648e-11,1.7047340368650082e-11,1.0,1.0,0.0,0.0,inf,116.44066917504209,0.0009060379998118151,150000.0,2900.0
0,12,4,known,3,100.0,300.0,150.0,0.0,0.0,0.0,3.04283835273143e-11,2.5204656522966648e-11,1.7047340368650082e-11,1.0,1.0,0.0,0.0,inf,101.81300767104905,0.0006043450011929963,150000.0,2900.0
0,13,4,known,3,100.0,300.0,150.0,0.0,0.0,0.0,3.04283835273143e-11,2.5204656522966648e-11,1.7047340368650082e-11,1.0,1.0,0.0,0.0,inf,71.65910067014678,0.0006244619980861899,150000.0,2900.0
0,14,4,known,3,100.0,300.0,150.0,0.0,0.0,0.0,3.04283835273143e-11,2.5204656522966648e-11,1.7047340368650082e-11,1.0,1.0,0.0,0.0,inf,96.57180747588124,0.0005660940005327575,150000.0,2900.0
0,15,4,known,3,100.0,300.0,150.0,0.0,0.0,0.0,3.04283835273143e-11,2.5204656522966648e-11,1.7047340368650082e-11,1.0,1.0,0.0,0.0,inf,155.73755745962802,0.0005481180014612619,150000.0,2900.0
0,16,4,known,3,100.0,300.0,150.0,0.0,0.0,0.0,3.04283835273143e-11,2.5204656522966648e-11,1.7047340368650082e-11,1.0,1.0,0.0,0.0,inf,85.863442745027,0.0007722150003246497,150000.0,2900.0
0,17,4,known,3,100.0,300.0,150.0,0.0,0.0,0.0,3.04283835273143e-11,2.5204656522966648e-11,1.7047340368650082e-11,1.0,1.0,0.0,0.0,inf,97.74110385247229,0.0005794899989268743,150000.0,2900.0
0,18,4,known,3,100.0,300.0,150.0,0.0,0.0,0.0,3.04283835273143e-11,2.5204656522966648e-11,1.7047340368650082e-11,1.0,1.0,0.0,0.0,inf,61.4539491262946,0.0004935739998472854,150000.0,2900.0
0,19,4,known,3,100.0,300.0,150.0,0.0,0.0,0.0,3.04283835273143e-11,2.5204656522966648e-11,1.7047340368650082e-11,1.0,1.0,0.0,0.0,inf,76.16257983390052,0.000580490999709582,150000.0,2900.0
0,20,4,known,3,100.0,300.0,150.0,0.0,0.0,0.0,3.04283835273143e-11,2.5204656522966648e-11,1.7047340368650082e-11,1.0,1.0,0.0,0.0,inf,49.38469356312227,0.0005087199970148504,150000.0,2900.0
0,21,4,known,3,100.0,300.0,150.0,0.0,0.0,0.0,3.04283835273143e-11,2.5204656522966648e-11,1.7047340368650082e-11,1.0,1.0,0.0,0.0,inf,61.17083896142468,0.0009606780004105531,150000.0,2900.0
0,22,4,known,3,100.0,300.0,150.0,0.0,0.0,0.0,3.04283835273143e-11,2.5204656522966648e-11,1.7047340368650082e-11,1.0,1.0,0.0,0.0,inf,108.03427403014756,0.0008054350000747945,150000.0,2900.0
0,23,4,known,3,100.0,300.0,150.0,0.0,0.0,0.0,3.04283835273143e-11,2.5204656522966648e-11,1.7047340368650082e-11,1.0,1.0,0.0,0.0,inf,71.78141863223304,0.0008045729991863482,150000.0,2900.0
0,24,4,known,3,100.0,300.0,150.0,0.0,0.0,0.0,3.04283835273143e-11,2.5204656522966648e-11,1.7047340368650082e-11,1.0,1.0,0.0,0.0,inf,61.825634590763336,0.0007424319992423989,150000.0,2900.0
0,25,4,known,3,100.0,300.0,150.0,0.0,0.0,0.0,3.04283835273143e-11,2.5204656522966648e-11,1.7047340368650082e-11,1.0,1.0,0.0,0.0,inf,63.18252514617069,0.0007383229967672378,150000.0,2900.0
0,26,4,known,3,100.0,300.0,150.0,0.0,0.0,0.0,3.04283835273143e-11,2.5204656522966648e-11,1.7047340368650082e-11,1.0,1.0,0.0,0.0,inf,99.98766620862881,0.0008004759984032717,150000.0,2900.0
0,27,4,known,3,100.0,300.0,150.0,0.0,0.0,0.0,3.04283835273143e-11,2.5204656522966648e-11,1.7047340368650082e-11,1.0,1.0,0.0,0.0,inf,177.0087596670285,0.000555591999727767,150000.0,2900.0
0,28,4,known,3,100.0,300.0,150.0,0.0,0.0,0.0,3.04283835273143e-11,2.5204656522966648e-11,1.7047340368650082e-11,1.0,1.0,0.0,0.0,inf,81.68412752206676,0.0005036149996158201,150000.0,2900.0
0,29,4,known,3,100.0,300.0,150.0,0.0,0.0,0.0,3.04283835273143e-11,2.5204656522966648e-11,1.7047340368650082e-11,1.0,1.0,0.0,0.0,inf,119.835924375082,0.0014335070009110495,150000.0,2900.0
0,30,4,known,3,100.0,300.0,150.0,0.0,0.0,0.0,3.04283835273143e-11,2.5204656522966648e-11,1.7047340368650082e-11,1.0,1.0,0.0,0.0,inf,89.70097911466233,0.0024577080002927687,150000.0,2900.0
0,31,4,known,3,100.0,300.0,150.0,0.0,0.0,0.0,3.04283835273143e-11,2.5204656522966648e-11,1.7047340368650082e-11,1.0,1.0,0.0,0.0,inf,67.96141873195891,0.0007475730017176829,150000.0,2900.0
0,32,4,known,3,100.0,300.0,150.0,0.0,0.0,0.0,3.04283835273143e-11,2.5204656522966648e-11,1.7047340368650082e-11,1.0,1.0,0.0,0.0,inf,60.400401192190905,0.0008177960007742513,150000.0,2900.0
0,33,4,known,3,100.0,300.0,150.0,0.0,0.0,0.0,3.04283835273143e-11,2.5204656522966648e-11,1.7047340368650082e-11,1.0,1.0,0.0,0.0,inf,59.63391669573362,0.0007078409980749711,150000.0,2900.0
0,34,4,known,3,100.0,300.0,150.0,0.0,0.0,0.0,3.04283835273143e-11,2.5204656522966648e-11,1.7047340368650082e-11,1.0,1.0,0.0,0.0,inf,116.15620031817703,0.000621174000116298,150000.0,2900.0
0,35,4,known,3,100.0,300.0,150.0,0.0,0.0,0.0,3.04283835273143e-11,2.5204656522966648e-11,1.7047340368650082e-11,1.0,1.0,0.0,0.0,inf,141.67791667773716,0.0006174469999677967,150000.0,2900.0
0,36,4,known,3,100.0,300.0,150.0,0.0,0.0,0.0,3.04283835273143e-11,2.5204656522966648e-11,1.7047340368650082e-11,1.0,1.0,0.0,0.0,inf,70.23000235332727,0.0005685550022462849,150000.0,2900.0
0,37,4,known,3,100.0,300.0,150.0,0.0,0.0,0.0,3.04283835273143e-11,2.5204656522966648e-11,1.7047340368650082e-11,1.0,1.0,0.0,0.0,inf,106.34633414530272,0.0005898599993088283,150000.0,2900.0
0,38,4,known,3,100.0,300.0,150.0,0.0,0.0,0.0,3.04283835273143e-11,2.5204656522966648e-11,1.7047340368650082e-11,1.0,1.0,0.0,0.0,inf,70.35346079426911,0.0005047160011599772,150000.0,2900.0
0,39,4,known,3,100.0,300.0,150.0,0.0,0.0,0.0,3.04283835273143e-11,2.5204656522966648e-11,1.7047340368650082e-11,1.0,1.0,0.0,0.0,inf,86.554989147223,0.0006092050025472417,150000.0,2900.0
0,40,4,known,3,100.0,300.0,150.0,0.0,0.0,0.0,3.04283835273143e-11,2.5204656522966648e-11,1.7047340368650082e-11,1.0,1.0,0.0,0.0,inf,136.97499697195389,0.0005254819989204407,150000.0,2900.0
0,41,4,known,3,100.0,300.0,150.0,0.0,0.0,0.0,3.04283835273143e-11,2.5204656522966648e-11,1.7047340368650082e-11,1.0,1.0,0.0,0.0,inf,75.37894992963541,0.0005336999965948053,150000.0,2900.0
0,42,4,known,3,100.0,300.0,150.0,0.0,0.0,0.0,3.04283835273143e-11,2.5204656522966648e-11,1.7047340368650082e-11,1.0,1.0,0.0,0.0,inf,105.43506454804492,0.00047440300113521516,150000.0,2900.0
0,43,4,known,3,100.0,300.0,150.0,0.0,0.0,0.0,3.04283835273143e-11,2.5204656522966648e-11,1.7047340368650082e-11,1.0,1.0,0.0,0.0,inf,67.72168612634121,0.0005945160010014661,150000.0,2900.0
0,44,4,known,3,100.0,300.0,150.0,0.0,0.0,0.0,3.04283835273143e-11,2.5204656522966648e-11,1.7047340368650082e-11,1.0,1.0,0.0,0.0,inf,49.67219354638158,0.0005657549991155975,150000.0,2900.0
0,45,4,known,3,100.0,300.0,150.0,0.0,0.0,0.0,3.04283835273143e-11,2.5204656522966648e-11,1.7047340368650082e-11,1.0,1.0,0.0,0.0,inf,51.33105470787022,0.0005350709980120882,150000.0,2900.0
0,46,4,known,3,100.0,300.0,150.0,0.0,0.0,0.0,3.04283835273143e-11,2.5204656522966648e-11,1.7047340368650082e-11,1.0,1.0,0.0,0.0,inf,77.3310438591598,0.0004805879980267491,150000.0,2900.0
0,47,4,known,3,100.0,300.0,150.0,0.0,0.0,0.0,3.04283835273143e-11,2.5204656522966648e-11,1.7047340368650082e-11,1.0,1.0,0.0,0.0,inf,83.03684894109914,0.0005387000019254629,150000.0,2900.0
0,48,4,known,3,100.0,300.0,150.0,0.0,0.0,0.0,3.04283835273143e-11,2.5204656522966648e-11,1.7047340368650082e-11,1.0,1.0,0.0,0.0,inf,35.53863562593125,0.0005391590020735748,150000.0,2900.0
0,49,4,known,3,100.0,300.0,150.0,0.0,0.0,0.0,3.04283835273143e-11,2.5204656522966648e-11,1.7047340368650082e-11,1.0,1.0,0.0,0.0,inf,145.52531735398728,0.00048369700016337447,150000.0,2900.0
0,50,4,known,3,100.0,300.0,150.0,0.0,0.0,0.0,3.04283835273143e-11,2.5204656522966648e-11,1.7047340368650082e-11,1.0,1.0,0.0,0.0,inf,93.07618122991383,0.0005174310026632156,150000.0,2900.0
0,51,4,known,3,100.0,300.0,150.0,0.0,0.0,0.0,3.04283835273143e-11,2.5204656522966648e-11,1.7047340368650082e-11,1.0,1.0,0.0,0.0,inf,96.45711418991932,0.0025376789999427274,150000.0,2900.0
0,52,4,known,3,100.0,300.0,150.0,0.0,0.0,0.0,3.04283835273143e-11,2.5204656522966648e-11,1.7047340368650082e-11,1.0,1.0,0.0,0.0,inf,73.64615726554526,0.0018210369998996612,150000.0,2900.0
0,53,4,known,3,100.0,300.0,150.0,0.0,0.0,0.0,3.04283835273143e-11,2.5204656522966648e-11,1.7047340368650082e-11,1.0,1.0,0.0,0.0,inf,123.70916729918802,0.001892724001663737,150000.0,2900.0
0,54,4,known,3,100.0,300.0,150.0,0.0,0.0,0.0,3.04283835273143e-11,2.5204656522966648e-11,1.7047340368650082e-11,1.0,1.0,0.0,0.0,inf,150.49504934369818,0.0014981739986978937,150000.0,2900.0
0,55,4,known,3,100.0,300.0,150.0,0.0,0.0,0.0,3.04283835273143e-11,2.5204656522966648e-11,1.7047340368650082e-11,1.0,1.0,0.0,0.0,inf,97.34487285939436,0.0013880119986424688,150000.0,2900.0
0,56,4,known,3,100.0,300.0,150.0,0.0,0.0,0.0,3.04283835273143e-11,2.5204656522966648e-11,1.7047340368650082e-11,1.0,1.0,0.0,0.0,inf,69.35149951165037,0.001552874000481097,150000.0,2900.0
0,57,4,known,3,100.0,300.0,150.0,0.0,0.0,0.0,3.04283835273143e-11,2.5204656522966648e-11,1.7047340368650082e-11,1.0,1.0,0.0,0.0,inf,131.73835804160316,0.0016080440000223462,150000.0,2900.0
0,58,4,known,3,100.0,300.0,150.0,0.0,0.0,0.0,3.04283835273143e-11,2.5204656522966648e-11,1.7047340368650082e-11,1.0,1.0,0.0,0.0,inf,83.86473532808469,0.0014516869996441528,150000.0,2900.0
0,59,4,known,3,100.0,300.0,150.0,0.0,0.0,0.0,3.04283835273143e-11,2.5204656522966648e-11,1.7047340368650082e-11,1.0,1.0,0.0,0.0,inf,100.50363218739353,0.0016572179993090685,150000.0,2900.0
0,60,4,known,3,100.0,300.0,150.0,0.0,0.0,0.0,3.04283835273143e-11,2.5204656522966648e-11,1.7047340368650082e-11,1.0,1.0,0.0,0.0,inf,87.66686449261749,0.0022529470006702468,150000.0,2900.0
0,61,4,known,3,100.0,300.0,150.0,0.0,0.0,0.0,3.04283835273143e-11,2.5204656522966648e-11,1.7047340368650082e-11,1.0,1.0,0.0,0.0,inf,66.8534429564901,0.0008840920017973986,150000.0,2900.0
0,62,4,known,3,100.0,300.0,150.0,0.0,0.0,0.0,3.04283835273143e-11,2.5204656522966648e-11,1.7047340368650082e-11,1.0,1.0,0.0,0.0,inf,154.31508439281882,0.0006190849999256898,150000.0,2900.0
0,63,4,known,3,100.0,300.0,150.0,0.0,0.0,0.0,3.04283835273143e-11,2.5204656522966648e-11,1.7047340368650082e-11,1.0,1.0,0.0,0.0,inf,41.61151827725487,0.0006106649998400826,150000.0,2900.0
0,64,4,known,3,100.0,300.0,150.0,0.0,0.0,0.0,3.04283835273143e-11,2.5204656522966648e-11,1.7047340368650082e-11,1.0,1.0,0.0,0.0,inf,70.87019336863833,0.000520275003509596,150000.0,2900.0
0,65,4,known,3,100.0,300.0,150.0,0.0,0.0,0.0,3.04283835273143e-11,2.5204656522966648e-11,1.7047340368650082e-11,1.0,1.0,0.0,0.0,inf,84.98519811215345,0.0005561710022448096,150000.0,2900.0
0,66,4,known,3,100.0,300.0,150.0,0.0,0.0,0.0,3.04283835273143e-11,2.5204656522966648e-11,1.7047340368650082e-11,1.0,1.0,0.0,0.0,inf,108.15921433711009,0.0006040590014890768,150000.0,2900.0
0,67,4,known,3,100.0,300.0,150.0,0.0,0.0,0.0,3.04283835273143e-11,2.5204656522966648e-11,1.7047340368650082e-11,1.0,1.0,0.0,0.0,inf,107.62258438867462,0.0013718480004172307,150000.0,2900.0
0,68,4,known,3,100.0,300.0,150.0,0.0,0.0,0.0,3.04283835273143e-11,2.5204656522966648e-11,1.7047340368650082e-11,1.0,1.0,0.0,0.0,inf,53.04017406509594,0.000733733999368269,150000.0,2900.0
0,69,4,known,3,100.0,300.0,150.0,0.0,0.0,0.0,3.04283835273143e-11,2.5204656522966648e-11,1.7047340368650082e-11,1.0,1.0,0.0,0.0,inf,98.7603615658628,0.0007973309984663501,150000.0,2900.0
0,70,4,known,3,100.0,300.0,150.0,0.0,0.0,0.0,3.04283835273143e-11,2.5204656522966648e-11,1.7047340368650082e-11,1.0,1.0,0.0,0.0,inf,50.069288215161926,0.0006965889988350682,150000.0,2900.0
0,71,4,known,3,100.0,300.0,150.0,0.0,0.0,0.0,3.04283835273143e-11,2.5204656522966648e-11,1.7047340368650082e-11,1.0,1.0,0.0,0.0,inf,59.93397061529849,0.0008273250023194123,150000.0,2900.0
0,72,4,known,3,100.0,300.0,150.0,0.0,0.0,0.0,3.04283835273143e-11,2.5204656522966648e-11,1.7047340368650082e-11,1.0,1.0,0.0,0.0,inf,100.21672756106737,0.0007615510003233794,150000.0,2900.0
0,73,4,known,3,100.0,300.0,150.0,0.0,0.0,0.0,3.04283835273143e-11,2.5204656522966648e-11,1.7047340368650082e-11,1.0,1.0,0.0,0.0,inf,100.72001683387654,0.0006944800006749574,150000.0,2900.0
0,74,4,known,3,100.0,300.0,150.0,0.0,0.0,0.0,3.04283835273143e-11,2.5204656522966648e-11,1.7047340368650082e-11,1.0,1.0,0.0,0.0,inf,74.27729547760616,0.0007561149977846071,150000.0,2900.0
0,75,4,known,3,100.0,300.0,150.0,0.0,0.0,0.0,3.04283835273143e-11,2.5204656522966648e-11,1.7047340368650082e-11,1.0,1.0,0.0,0.0,inf,141.48764047453156,0.0007425570001942106,150000.0,2900.0
0,76,4,known,3,100.0,300.0,150.0,0.0,0.0,0.0,3.04283835273143e-11,2.5204656522966648e-11,1.7047340368650082e-11,1.0,1.0,0.0,0.0,inf,137.48755810329055,0.0009659930001362227,150000.0,2900.0
0,77,4,known,3,100.0,300.0,150.0,0.0,0.0,0.0,3.04283835273143e-11,2.5204656522966648e-11,1.7047340368650082e-11,1.0,1.0,0.0,0.0,inf,53.293902988992244,0.0013563040010922123,150000.0,2900.0
0,78,4,known,3,100.0,300.0,150.0,0.0,0.0,0.0,3.04283835273143e-11,2.5204656522966648e-11,1.7047340368650082e-11,1.0,1.0,0.0,0.0,inf,59.35953289200964,0.00131929200142622,150000.0,2900.0
0,79,4,known,3,100.0,300.0,150.0,0.0,0.0,0.0,3.04283835273143e-11,2.5204656522966648e-11,1.7047340368650082e-11,1.0,1.0,0.0,0.0,inf,122.02721426484725,0.0012551760009955615,150000.0,2900.0
0,80,4,known,3,100.0,300.0,150.0,0.0,0.0,0.0,3.04283835273143e-11,2.5204656522966648e-11,1.7047340368650082e-11,1.0,1.0,0.0,0.0,inf,136.47188198954495,0.000809607001428958,150000.0,2900.0
0,81,4,known,3,100.0,300.0,150.0,0.0,0.0,0.0,3.04283835273143e-11,2.5204656522966648e-11,1.7047340368650082e-11,1.0,1.0,0.0,0.0,inf,66.80913234981027,0.0013544109970098361,150000.0,2900.0
0,82,4,known,3,100.0,300.0,150.0,0.0,0.0,0.0,3.04283835273143e-11,2.5204656522966648e-11,1.7047340368650082e-11,1.0,1.0,0.0,0.0,inf,144.9567229426833,0.0025532680010655895,150000.0,2900.0
0,83,4,known,3,100.0,300.0,150.0,0.0,0.0,0.0,3.04283835273143e-11,2.5204656522966648e-11,1.7047340368650082e-11,1.0,1.0,0.0,0.0,inf,136.68843600837437,0.0017335939992335625,150000.0,2900.0
0,84,4,known,3,100.0,300.0,150.0,0.0,0.0,0.0,3.04283835273143e-11,2.5204656522966648e-11,1.7047340368650082e-11,1.0,1.0,0.0,0.0,inf,114.2903859587824,0.0014260770003602374,150000.0,2900.0
0,85,4,known,3,100.0,300.0,150.0,0.0,0.0,0.0,3.04283835273143e-11,2.5204656522966648e-11,1.7047340368650082e-11,1.0,1.0,0.0,0.0,inf,107.43809438282454,0.001588032999279676,150000.0,2900.0
0,86,4,known,3,100.0,300.0,150.0,0.0,0.0,0.0,3.04283835273143e-11,2.5204656522966648e-11,1.7047340368650082e-11,1.0,1.0,0.0,0.0,inf,88.86120919919964,0.0014784170016355347,150000.0,2900.0
0,87,4,known,3,100.0,300.0,150.0,0.0,0.0,0.0,3.04283835273143e-11,2.5204656522966648e-11,1.7047340368650082e-11,1.0,1.0,0.0,0.0,inf,60.49631623163854,0.0017510280013084412,150000.0,2900.0
0,88,4,known,3,100.0,300.0,150.0,0.0,0.0,0.0,3.04283835273143e-11,2.5204656522966648e-11,1.7047340368650082e-11,1.0,1.0,0.0,0.0,inf,73.69440840275715,0.0015114819980226457,150000.0,2900.0
0,89,4,known,3,100.0,300.0,150.0,0.0,0.0,0.0,3.04283835273143e-11,2.5204656522966648e-11,1.7047340368650082e-11,1.0,1.0,0.0,0.0,inf,105.929155737118,0.0015414489971590228,150000.0,2900.0
0,90,4,known,3,100.0,300.0,150.0,0.0,0.0,0.0,3.04283835273143e-11,2.5204656522966648e-11,1.7047340368650082e-11,1.0,1.0,0.0,0.0,inf,105.46065682966382,0.0016202679980779067,150000.0,2900.0
0,91,4,known,3,100.0,300.0,150.0,0.0,0.0,0.0,3.04283835273143e-11,2.5204656522966648e-11,1.7047340368650082e-11,1.0,1.0,0.0,0.0,inf,102.31033793694795,0.0026576780001050793,150000.0,2900.0
0,92,4,known,3,100.0,300.0,150.0,0.0,0.0,0.0,3.04283835273143e-11,2.5204656522966648e-11,1.7047340368650082e-11,1.0,1.0,0.0,0.0,inf,20.994748053365125,0.0008674580021761358,150000.0,2900.0
0,93,4,known,3,100.0,300.0,150.0,0.0,0.0,0.0,3.04283835273143e-11,2.5204656522966648e-11,1.7047340368650082e-11,1.0,1.0,0.0,0.0,inf,105.20549190042277,0.000663606002490269,150000.0,2900.0
0,94,4,known,3,100.0,300.0,150.0,0.0,0.0,0.0,3.04283835273143e-11,2.5204656522966648e-11,1.7047340368650082e-11,1.0,1.0,0.0,0.0,inf,79.42075471015328,0.000540946999535663,150000.0,2900.0
0,95,4,known,3,100.0,300.0,150.0,0.0,0.0,0.0,3.04283835273143e-11,2.5204656522966648e-11,1.7047340368650082e-11,1.0,1.0,0.0,0.0,inf,64.75319673694884,0.0005307320025167428,150000.0,2900.0
0,96,4,known,3,100.0,300.0,150.0,0.0,0.0,0.0,3.04283835273143e-11,2.5204656522966648e-11,1.7047340368650082e-11,1.0,1.0,0.0,0.0,inf,107.9180765495404,0.0006749109998054337,150000.0,2900.0
0,97,4,known,3,100.0,300.0,150.0,0.0,0.0,0.0,3.04283835273143e-11,2.5204656522966648e-11,1.7047340368650082e-11,1.0,1.0,0.0,0.0,inf,58.323324182453746,0.0006060329978936352,150000.0,2900.0
0,98,4,known,3,100.0,300.0,150.0,0.0,0.0,0.0,3.04283835273143e-11,2.5204656522966648e-11,1.7047340368650082e-11,1.0,1.0,0.0,0.0,inf,88.50808772731891,0.0006897270031913649,150000.0,2900.0
0,99,4,known,3,100.0,300.0,150.0,0.0,0.0,0.0,3.04283835273143e-11,2.5204656522966648e-11,1.7047340368650082e-11,1.0,1.0,0.0,0.0,inf,76.45200337929126,0.0006268969991651829,150000.0,2900.0
1,0,5,known,3,100.0,300.0,150.0,2277.7122951020465,61.95154430368202,2276.86962855088,818.0161487070451,33.705223396194164,817.3214651906061,1.0,1.0,16.0,2990.630398407787,52.348578436179636,98.94873026431132,0.008616887000243878,150000.0,2900.0
1,1,5,known,3,100.0,300.0,150.0,1048.4930648278917,32.17230845517971,1047.9993557063142,650.7469825027932,22.11828962695013,650.3709837473294,1.0,1.0,14.0,2906.6465231346024,54.120059346694525,33.033481999535326,0.01031904800038319,150000.0,2900.0
1,2,5,known,3,100.0,300.0,150.0,994.2759374594525,46.6860086149081,993.179267005953,615.5298919923919,30.35250519675573,614.7810775914029,1.0,1.0,12.0,2803.1789755325735,56.33868024310046,81.18203068194161,0.006229187998542329,150000.0,2900.0
1,3,5,known,3,100.0,300.0,150.0,1905.2610107509029,47.05696027110758,1904.6798055257464,1183.905167292598,25.551028339935467,1183.6294141718877,1.0,1.0,15.0,4382.211271961579,35.83200777978359,81.14408664564671,0.008319274998939363,150000.0,2900.0
1,4,5,known,3,100.0,300.0,150.0,2276.2337650569693,89.52805104617458,2274.472440207025,1405.6615177984802,38.45280394781609,1405.135468375942,1.0,1.0,8.0,5072.972185444777,31.255550603501735,49.26778584642669,0.007568902001366951,150000.0,2900.0
1,5,5,known,3,100.0,300.0,150.0,972.2219264246588,59.685609507637466,970.3881193824337,601.3751615535955,44.233557508804914,599.746177414853,1.0,1.0,17.0,2784.43474954086,56.873613004599946,98.87486140421652,0.011399036000511842,150000.0,2900.0
1,6,5,known,3,100.0,300.0,150.0,106.65075873929038,56.85217988062587,90.2342173595321,72.50900816036999,45.80226201069882,56.21128942751534,1.0,1.0,32.0,1063.7710680469113,146.95496134592454,139.56817496258276,0.014349337998282863,150000.0,2900.0
1,7,5,known,3,100.0,300.0,150.0,1381.9044326357446,47.22307998179325,1381.097332433653,857.5587247343249,41.04557017433112,856.5758737771134,1.0,1.0,17.0,3541.354874630577,44.46576686268424,73.9216850230201,0.005995048999466235,150000.0,2900.0
1,8,5,known,3,100.0,300.0,150.0,214.47783940338962,64.66179150412464,204.4984017409997,136.4649197878342,49.83765120601902,127.03890291940972,1.0,1.0,9.0,1397.3295211367804,112.39461338268535,92.813634090984,0.0031704280008852948,150000.0,2900.0
1,9,5,known,3,100.0,300.0,150.0,837.9676055446479,48.12700302588137,836.5844246231085,520.4815999318556,34.05632585796671,519.3662123556751,1.0,1.0,13.0,2630.4847350334835,59.76569901927115,64.87543888929098,0.005042212000262225,150000.0,2900.0
1,10,5,known,3,100.0,300.0,150.0,1633.2281682578327,36.78063411284126,1632.813962013154,615.0549976202584,30.86894711134304,614.2798696049654,1.0,1.0,15.0,2020.0370343704287,77.54477733994847,62.28850808990329,0.00985507199948188,150000.0,2900.0
1,11,5,known,3,100.0,300.0,150.0,1261.5459030634743,30.28043016217982,1261.182445598348,521.3402778056965,16.957110507081246,521.0644313957454,1.0,1.0,28.0,1385.586701035325,113.40172595446873,43.9726235300448,0.010782987999846227,150000.0,2900.0
1,12,5,known,3,100.0,300.0,150.0,77.13954230694587,68.41187948880632,35.641601144366845,64.42851786317665,60.47651896894298,22.21766341100598,1.0,1.0,36.0,1260.540683096839,123.9000506467243,80.03448446341086,0.008095430999674136,150000.0,2900.0
1,13,5,known,3,100.0,300.0,150.0,1251.743997084724,31.634053963616456,1251.3442055915186,518.8267732734324,14.287595558011983,518.6300080775237,1.0,1.0,25.0,1361.7399708302398,115.22277157714811,104.90624613019985,0.009482695000770036,150000.0,2900.0
1,14,5,known,3,100.0,300.0,150.0,2364.423321317522,75.27834025446334,2363.224664283681,964.0525826458518,19.912439063951222,963.846915685609,1.0,1.0,17.0,3317.787474449099,47.1975991356884,78.3299250833798,0.005944110002019443,150000.0,2900.0
1,15,5,known,3,100.0,300.0,150.0,276.0789309864684,57.83954901158287,269.9521489167439,175.62229915186091,49.74594281123134,168.42960883766082,1.0,1.0,28.0,789.8967281978156,197.3803380684615,117.48022952026403,0.008933575001719873,150000.0,2900.0
1,16,5,known,3,100.0,300.0,150.0,608.3759026979682,30.666351557396283,607.6025130508643,378.8615188626054,28.022457388613276,377.8237583275881,1.0,1.0,33.0,632.5297735123742,247.90750333806287,61.12764824217504,0.015074527000251692,150000.0,2900.0
1,17,5,known,3,100.0,300.0,150.0,1175.7310693444726,36.19524386122024,1175.173796399377,511.9830282622778,23.746127212254315,511.43205088362595,1.0,1.0,19.0,1212.3481584984488,129.39405343404226,49.90920697146643,0.015003215001343051,150000.0,2900.0
1,18,5,known,3,100.0,300.0,150.0,631.7750212909034,70.41852822613168,627.8382820516656,394.0963926850757,54.24182113160696,390.3457333796748,1.0,1.0,30.0,595.5439838836994,263.32763040293105,84.14186341817155,0.01022738200117601,150000.0,2900.0
1,19,5,known,3,100.0,300.0,150.0,1452.5212840667357,49.38875708864137,1451.681380792672,902.5429166868357,40.92630741851525,901.6145261821515,1.0,1.0,14.0,3670.8760291887975,42.79531612407478,59.23935570817036,0.004391932001453824,150000.0,2900.0
1,20,5,known,3,100.0,300.0,150.0,1419.816242547376,30.116164248470024,1419.4968049461431,560.5862305892151,51.25213469443525,558.2384263157528,1.0,1.0,12.0,1684.9993863276156,92.74969840503208,79.70865718551174,0.006457070998294512,150000.0,2900.0
1,21,5,known,3,100.0,300.0,150.0,1266.9135493620126,60.790986590575955,1265.4542257649614,788.2339105623636,37.54186332503388,787.3393844197816,1.0,1.0,15.0,3249.838419856983,48.20717358912609,69.66464973870634,0.006389710000803461,150000.0,2900.0
1,22,5,known,3,100.0,300.0,150.0,538.7142133774676,66.45356703615003,534.5997821951255,336.7132153310044,50.9731152693,332.8325868936003,1.0,1.0,28.0,573.3134482637106,272.9061373343689,81.6752250208234,0.014291273000708316,150000.0,2900.0
1,23,5,known,3,100.0,300.0,150.0,351.04218829141803,45.29209282872354,348.10809282121215,220.45001554844637,39.599525083861465,216.86421320366085,1.0,1.0,25.0,723.7572986271658,215.96134339506432,79.38697081925456,0.013038404998951592,150000.0,2900.0
1,24,5,known,3,100.0,300.0,150.0,1269.94254037756,48.89642783114304,1269.0008649350734,789.5871687075627,26.9772845971052,789.1261769219113,1.0,1.0,15.0,3350.882074591241,46.789589539716104,89.70900603395403,0.006948133002879331,150000.0,2900.0
1,25,5,known,3,100.0,300.0,150.0,322.1900137998859,21.662429381486366,321.4609527542385,200.26918776215504,17.14404628762087,199.53403029007666,1.0,1.0,27.0,745.7481800943254,210.89440774056933,91.91088488528584,0.010783339002955472,150000.0,2900.0
1,26,5,known,3,100.0,300.0,150.0,1668.5287378388477,21.64582913411308,1668.3883262224042,1040.5343975166702,52.86172302339374,1039.1907768328094,1.0,1.0,16.0,3877.8334191395497,40.328264628254054,78.63759108253822,0.006600855002034223,150000.0,2900.0
1,27,5,known,3,100.0,300.0,150.0,962.8168087437604,21.195804699226997,962.5834743349125,543.3667244289477,20.32366249775233,542.9865062405524,1.0,1.0,32.0,822.0959127026949,191.21368326372394,59.224666131922525,0.00900862499838695,150000.0,2900.0
1,28,5,known,3,100.0,300.0,150.0,486.2816354216321,61.93739098065992,482.32104302719983,304.3360233760203,49.24606937189671,300.32522334254236,1.0,1.0,31.0,571.7499848502086,273.60752556378975,124.34240954082381,0.018033570999250514,150000.0,2900.0
1,29,5,known,3,100.0,300.0,150.0,1488.8787050492188,64.3441108512861,1487.4876919651458,567.4523171898034,53.0211617655785,564.969812192745,1.0,1.0,25.0,1753.230771037256,89.84611098574429,100.35423687768484,0.01570868300041184,150000.0,2900.0
1,30,5,known,3,100.0,300.0,150.0,246.60829403419734,31.12713566018257,244.6359583382004,154.2049152941664,27.631911181382065,151.70904187076408,1.0,1.0,30.0,730.859805913059,215.4582636469252,118.37845096278153,0.011634589998720912,150000.0,2900.0
1,31,5,known,3,100.0,300.0,150.0,1918.647557815522,74.00333828542307,1917.2198509910334,1188.2286920338358,42.9070334674059,1187.453751121056,1.0,1.0,8.0,4516.121409798575,34.95592200097705,84.54786865903611,0.005126601001393283,150000.0,2900.0
1,32,5,known,3,100.0,300.0,150.0,702.7955014468951,57.20190815405337,700.4637453555522,436.8200043231035,44.33769343606408,434.56401728353643,1.0,1.0,21.0,2147.018439841537,73.3055133656094,110.53627705892761,0.013686844002222642,150000.0,2900.0
1,33,5,known,3,100.0,300.0,150.0,1197.7495750196522,64.70155309178242,1196.0007330630146,745.7068372098682,43.703143947793656,744.4250951375991,1.0,1.0,17.0,3029.8378308662654,51.66009199075716,68.9232307696084,0.006524825999804307,150000.0,2900.0
1,34,5,known,3,100.0,300.0,150.0,1248.5966452097543,69.54080490167978,1246.6585975649787,776.7626098721662,44.34123255724543,775.4959749674548,1.0,1.0,7.0,3285.2462432002612,47.703824447178704,23.992242099563597,0.014910399000655161,150000.0,2900.0
1,35,5,known,3,100.0,300.0,150.0,1664.9420445522346,90.10488726513667,1662.5020664675012,1037.3516102178423,52.90884633129529,1036.0014561772784,1.0,1.0,8.0,3993.197972199149,39.133812500911894,88.06569801515961,0.003850281998893479,150000.0,2900.0
1,36,5,known,3,100.0,300.0,150.0,656.8358536791694,54.59542445760884,654.562967411644,409.5144277702229,42.154168661679556,407.3390389054501,1.0,1.0,32.0,573.5054092744898,273.0074658937376,107.88603782176834,0.014687629001855385,150000.0,2900.0
1,37,5,known,3,100.0,300.0,150.0,474.7261698403366,34.48197015725002,473.4722062226574,295.4667114515916,26.76440895196828,294.25200762181714,1.0,1.0,27.0,579.8802127755379,270.6403113888367,69.81437224762416,0.011846253000840079,150000.0,2900.0
1,38,5,known,3,100.0,300.0,150.0,84.08849718365637,35.998705721509495,75.99321380874707,56.805730702839746,31.901633063256437,47.00188133022862,1.0,1.0,19.0,1058.802273745282,149.34859202539977,49.34744451548719,0.006472077002399601,150000.0,2900.0
1,39,5,known,3,100.0,300.0,150.0,114.40798817770235,36.11270324012428,108.55901815860348,73.33402728697108,28.97857610303467,67.36558234860624,1.0,1.0,18.0,937.7320964004188,167.80069766841953,80.30652650824068,0.010697596000682097,150000.0,2900.0
1,40,5,known,3,100.0,300.0,150.0,587.6587548776761,55.23611816636759,585.057077073931,366.78953696308537,50.653076042972955,363.2751440891317,1.0,1.0,25.0,2307.7858890907073,68.09587770713705,117.6727477979217,0.013000819999433588,150000.0,2900.0
1,41,5,known,3,100.0,300.0,150.0,1397.859891796057,45.949286225145876,1397.1044843487846,868.7121372540967,25.322888621518818,868.3429787384952,1.0,1.0,12.0,3371.535128570161,46.547074045535695,89.29698577453959,0.00493017500048154,150000.0,2900.0
1,42,5,known,3,100.0,300.0,150.0,455.0994977755504,22.41744501885451,454.5470394077877,282.58652867226317,19.134285427516545,281.9379813154271,1.0,1.0,23.0,642.2830102557367,245.11199144134233,113.15625214872409,0.008493596000334946,150000.0,2900.0
1,43,5,known,3,100.0,300.0,150.0,1847.5379731924133,46.35620871361077,1846.956324416371,1150.4281538434416,27.93588532751276,1150.088919808637,1.0,1.0,9.0,4282.401647980836,36.54018578560497,71.19656786868926,0.004987108000932494,150000.0,2900.0
1,44,5,known,3,100.0,300.0,150.0,508.9354841102364,25.380287127693766,508.3022408093796,316.55429382786184,19.74411419822875,315.9379541862351,1.0,1.0,25.0,592.7227960243482,264.76578084582553,81.44712998660248,0.014108107003266923,150000.0,2900.0
1,45,5,known,3,100.0,300.0,150.0,1651.3038319169475,49.8877574295055,1650.550077084076,1025.516053238323,25.553188997084824,1025.1976443503886,1.0,1.0,15.0,3908.805479893527,40.20223642986402,117.00960196739007,0.0047009720001369715,150000.0,2900.0
1,46,5,known,3,100.0,300.0,150.0,641.5209491338308,36.43827236581286,640.4852695297261,399.36494083828,33.142107676457755,397.98738255065945,1.0,1.0,24.0,598.1293477658684,262.45154021715666,64.46360024208354,0.006801751002058154,150000.0,2900.0
1,47,5,known,3,100.0,300.0,150.0,756.8983345818247,14.861148237514517,756.7524266005379,471.97927524351275,14.680852773418428,471.75089700098795,1.0,1.0,23.0,731.356512696934,213.54881808753876,54.00493720188405,0.011923305999516742,150000.0,2900.0
1,48,5,known,3,100.0,300.0,150.0,490.63381817571627,81.47032695534874,483.8224151106172,307.90369139146327,62.6271513677464,301.46728360478994,1.0,1.0,24.0,599.2013319854632,260.8085019400627,113.07910189231676,0.008917357001337223,150000.0,2900.0
1,49,5,known,3,100.0,300.0,150.0,1670.8238345930413,34.49292731086888,1670.4677561119586,1037.960610682361,23.184338666526774,1037.701650653354,1.0,1.0,8.0,3893.747450121589,40.33476484956534,88.38687327976604,0.004144964001170592,150000.0,2900.0
1,50,5,known,3,100.0,300.0,150.0,327.0997468920177,15.838978873748058,326.7160405689611,202.75494869647432,12.541282443301032,202.36671034433326,1.0,1.0,31.0,714.234034603711,220.89749700468448,105.9862429908802,0.020292590001190547,150000.0,2900.0
1,51,5,known,3,100.0,300.0,150.0,125.50985590085601,38.987359920533,119.30092076208153,81.62015310369127,34.528137089599625,73.9571304323783,1.0,1.0,33.0,1257.5375843521529,125.29190453357478,66.60487254388538,0.015235099002893548,150000.0,2900.0
1,52,5,known,3,100.0,300.0,150.0,1719.5647812096315,62.929609513380804,1718.4129017855462,1070.5390867427295,32.94939148367373,1070.0319031901868,1.0,1.0,18.0,3960.596801926556,39.50349417425641,84.31683719564315,0.0064971920000971295,150000.0,2900.0
1,53,5,known,3,100.0,300.0,150.0,965.5381069669249,39.783848166221404,964.7181357424354,511.61866870401974,23.007657831242312,511.10107596012153,1.0,1.0,18.0,1034.4282556842732,151.1578163602912,70.38141757005589,0.006678923000436043,150000.0,2900.0
1,54,5,known,3,100.0,300.0,150.0,426.953364680145,10.933888206271178,426.8133382409571,264.74089784394016,11.631424849239952,264.4852603590454,1.0,1.0,17.0,1904.2240959738747,82.80099376787447,69.93256290884257,0.005474839999806136,150000.0,2900.0
1,55,5,known,3,100.0,300.0,150.0,51.443862953605674,12.783949322988109,49.83012818864341,32.72104398394921,10.11819333640628,31.117340551638446,1.0,1.0,23.0,1076.147420122742,144.66359166495477,99.77836403141151,0.00879252000231645,150000.0,2900.0
1,56,5,known,3,100.0,300.0,150.0,545.8367829600272,93.88695662910176,537.7016207964014,345.13387580232563,87.12064198076898,333.95716187438444,1.0,1.0,6.0,1930.4138921704032,81.3689687958475,56.83394925516174,0.004816812001081416,150000.0,2900.0
1,57,5,known,3,100.0,300.0,150.0,105.83286735933645,76.06266436294949,73.58713816631405,74.73396856191701,59.055292907105766,45.79998293307046,1.0,1.0,27.0,1189.5756952826664,131.61005063336677,52.09749434634134,0.01113187600276433,150000.0,2900.0
1,58,5,known,3,100.0,300.0,150.0,974.7162878086132,77.34079047017674,971.6430640152028,607.2737142251354,55.79406720720822,604.7052059088536,1.0,1.0,12.0,2897.716418177041,54.02509796595744,103.5800127036471,0.008641386997624068,150000.0,2900.0
1,59,5,known,3,100.0,300.0,150.0,1637.8044311091262,101.60916428658759,1634.649483006577,634.6018835009958,57.06586781673623,632.0308831642124,1.0,1.0,16.0,2074.0456184366053,75.08229627363698,85.12752183863738,0.015815926999493968,150000.0,2900.0
1,60,5,known,3,100.0,300.0,150.0,1963.9999607295752,82.8007919075375,1962.2537742619475,811.5119905054825,33.147003689416984,810.8347469617862,1.0,1.0,22.0,2701.0438512767896,58.06929327839567,86.64385845544076,0.013469192999764346,150000.0,2900.0
1,61,5,known,3,100.0,300.0,150.0,254.48689209600593,57.80359202848551,247.83527391654434,160.2825261820013,45.47780544672398,153.69533958788034,1.0,1.0,33.0,1490.8368034899745,105.61852655593977,115.22999116145256,0.014838139999483246,150000.0,2900.0
1,62,5,known,3,100.0,300.0,150.0,896.3361890241417,81.96568519619373,892.5806351275164,559.055053962062,70.04473911781919,554.6496983524291,1.0,1.0,7.0,2679.616924943137,58.569521107398444,97.33970018389851,0.008606629999121651,150000.0,2900.0
1,63,5,known,3,100.0,300.0,150.0,1501.0628030947582,49.96910112553858,1500.2308581573031,932.6622602907137,26.062170441200553,932.2980505409612,1.0,1.0,13.0,3666.8030247349375,42.813218165519565,111.30979165834394,0.006525849999889033,150000.0,2900.0
1,64,5,known,3,100.0,300.0,150.0,387.41564386577573,42.409858735127095,385.0873731947077,240.8177327511107,33.681885386083565,238.4506468941196,1.0,1.0,16.0,1668.8975980651655,94.59187710006118,74.02874334128097,0.004948002999299206,150000.0,2900.0
1,65,5,known,3,100.0,300.0,150.0,916.6490410709083,51.68165544996384,915.1909478279202,570.574296303992,41.867707357633726,569.0361347782857,1.0,1.0,24.0,697.6010642130562,224.79991751517605,73.87643448085035,0.014523336998536251,150000.0,2900.0
1,66,5,known,3,100.0,300.0,150.0,885.9170607663945,51.15825563136896,884.438732438671,540.326680792977,50.221397252768924,537.9876701512175,1.0,1.0,26.0,787.7754296517006,199.97020547499454,61.97909928645001,0.014227538998966338,150000.0,2900.0
1,67,5,known,3,100.0,300.0,150.0,503.926683052064,63.8215634215008,499.8688927451784,313.9312815707198,48.68655771505794,310.1329854215654,1.0,1.0,32.0,571.9088865781782,275.15735658295637,86.6018346694622,0.01523417900170898,150000.0,2900.0
1,68,5,known,3,100.0,300.0,150.0,2255.7620333841546,85.02588917966663,2254.1590337477573,1395.609300661196,57.3350346657974,1394.4310717607752,1.0,1.0,9.0,4960.74041956372,31.896547591283948,117.93487813359134,0.003578864001610782,150000.0,2900.0
1,69,5,known,3,100.0,300.0,150.0,430.84523788513377,81.78585094354162,423.0114579934429,270.7517451025895,62.822382234854565,263.362593711475,1.0,1.0,30.0,578.5991547493534,270.50485048237834,88.60823650785063,0.00834998200298287,150000.0,2900.0
1,70,5,known,3,100.0,300.0,150.0,1581.849428663742,46.94974903216992,1581.1525340806381,983.9064121997271,23.06032502525308,983.6361366773127,1.0,1.0,13.0,3845.236990746798,40.74914621446211,128.63554015312462,0.01494318199911504,150000.0,2900.0
1,71,5,known,3,100.0,300.0,150.0,2227.193662957455,100.57294912116988,2224.921727662103,1385.125738967263,54.527155472192824,1384.052059015743,1.0,1.0,12.0,4817.661855428893,32.539592223138946,49.3991386803164,0.010039163000328699,150000.0,2900.0
1,72,5,known,3,100.0,300.0,150.0,1703.361873748707,48.49046696508812,1702.6715324906954,1057.4434273657205,26.928273284043446,1057.1005014552313,1.0,1.0,8.0,3916.7441060440437,40.132593516989445,61.39152659106202,0.006892156001413241,150000.0,2900.0
1,73,5,known,3,100.0,300.0,150.0,334.64050192556726,44.09189471178543,331.7230325885141,209.74347310211598,39.01231321839802,206.0833907094108,1.0,1.0,31.0,718.930150745175,218.4137441380222,100.38367113505271,0.00930121599958511,150000.0,2900.0
1,74,5,known,3,100.0,300.0,150.0,831.274875453071,55.077821845855105,829.4482214702946,518.6122320970835,40.38334452496389,517.0375545022792,1.0,1.0,23.0,724.246409345837,215.6730226456548,115.2218790345621,0.010761571997136343,150000.0,2900.0
1,75,5,known,3,100.0,300.0,150.0,1160.9068678498109,65.67980023983634,1159.0474190736604,551.0864620306286,55.92474362333625,548.2414720577964,1.0,1.0,17.0,1433.8681236907137,109.09245819101132,84.01982057259545,0.007103253999957815,150000.0,2900.0
1,76,5,known,3,100.0,300.0,150.0,1687.5136229070717,74.27238236671647,1685.878358813151,1046.3396834157452,38.52265112829136,1045.6303067722406,1.0,1.0,15.0,4047.7103472040476,38.90933601976575,59.773873242298116,0.011600780999287963,150000.0,2900.0
1,77,5,known,3,100.0,300.0,150.0,2123.2379411081256,99.6562399063914,2120.8979203178997,1321.4032655503718,59.364715398016486,1320.0690969691318,1.0,1.0,10.0,4883.628141104207,32.07320085741029,89.70501723973446,0.011118651000288082,150000.0,2900.0
1,78,5,known,3,100.0,300.0,150.0,2103.767015437988,63.80922980484615,2102.799095833116,958.1497005431585,19.841095013520796,957.9442466029057,1.0,1.0,16.0,3061.64069756377,51.570929327094774,74.66760104702286,0.0081269379988953,150000.0,2900.0
1,79,5,known,3,100.0,300.0,150.0,581.8608145600699,29.623917790003134,581.1062131962444,362.38792284873716,26.425127365590527,361.4231858505132,1.0,1.0,28.0,581.3180655293913,269.6510327348956,95.98993673648764,0.013150522001524223,150000.0,2900.0
1,80,5,known,3,100.0,300.0,150.0,817.8056317023777,70.15378959926197,814.7910757052924,509.1407422640872,54.65745236420907,506.1984377043057,1.0,1.0,23.0,865.1536534963112,181.53040536694417,92.11940211559286,0.011348814001394203,150000.0,2900.0
1,81,5,known,3,100.0,300.0,150.0,1378.2896067015502,56.16364192708095,1377.1448308972444,857.3231564402457,30.822776092786306,856.768901771417,1.0,1.0,8.0,3661.282626936179,42.80474085863332,63.78532058077046,0.006111336999310879,150000.0,2900.0
1,82,5,known,3,100.0,300.0,150.0,1597.0897352697652,72.41603832052085,1595.447128518526,989.6343523987614,42.0902960419412,988.7388727195961,1.0,1.0,8.0,3814.6739313904804,41.331985594569616,98.89824930628907,0.004445147002115846,150000.0,2900.0
1,83,5,known,3,100.0,300.0,150.0,2382.0257786576785,62.268597813429786,2381.211757050613,805.567237400345,18.106480286161908,805.3637248749602,1.0,1.0,21.0,3040.2849525802585,51.93569934721718,51.12657485478156,0.01585518700085231,150000.0,2900.0
1,84,5,known,3,100.0,300.0,150.0,514.1599906114774,35.351280926921646,512.9432550316072,318.56802570521705,26.293820782269094,317.48105768752527,1.0,1.0,29.0,572.0228278081605,276.18349390311266,87.68888635051808,0.01454656300120405,150000.0,2900.0
1,85,5,known,3,100.0,300.0,150.0,1340.8277335250216,85.33281574207967,1338.1096074490215,543.0966545337747,53.97187401237864,540.4081910753852,1.0,1.0,15.0,1549.2168853988962,101.12457530550282,31.802748462532602,0.0070387870000558905,150000.0,2900.0
1,86,5,known,3,100.0,300.0,150.0,658.5232502189122,24.671690270651233,658.0609233027509,409.44717636511314,16.35503197210617,409.12040179213193,1.0,1.0,20.0,2297.1722778196618,68.26414671705999,64.07761599074614,0.006219539001904195,150000.0,2900.0
1,87,5,known,3,100.0,300.0,150.0,182.61263519203644,47.28207551010021,176.38531647287695,115.35672653580548,37.162542449473676,109.20677541136206,1.0,1.0,24.0,914.804507419228,172.60855575379583,76.9713940133805,0.01606667799933348,150000.0,2900.0
1,88,5,known,3,100.0,300.0,150.0,203.9383926734379,36.45396120440848,200.6538729223357,128.0130464216772,29.232968330892177,124.63054848921887,1.0,1.0,18.0,1610.0479175035964,97.57471617988216,77.66460884198052,0.01606682300189277,150000.0,2900.0
1,89,5,known,3,100.0,300.0,150.0,916.661074822696,24.973182727413008,916.3208314992974,569.1887650906858,17.057009798061944,568.9331320306533,1.0,1.0,21.0,2478.753430143431,63.406881676653676,64.54346408605835,0.014101633998507168,150000.0,2900.0
1,90,5,known,3,100.0,300.0,150.0,1547.3737964031352,54.337927513644644,1546.4194306295342,516.5258936625131,26.944378231824693,515.8226432656463,1.0,1.0,33.0,1575.46733986989,99.8147171721256,90.7053833777101,0.015760786998725962,150000.0,2900.0
1,91,5,known,3,100.0,300.0,150.0,2168.4014413950995,83.74309992423275,2166.783769613254,749.6708967014786,30.017038469144758,749.0697102157721,1.0,1.0,14.0,2757.2539534792404,57.07391113617495,48.603370877554504,0.008569043999159476,150000.0,2900.0
1,92,5,known,3,100.0,300.0,150.0,1610.7001455586853,119.5973539506048,1606.2538503707265,1003.481595796936,78.96342647847413,1000.3699767495743,1.0,1.0,17.0,4059.286767886137,38.535656746912,79.74034803267864,0.011913040001672925,150000.0,2900.0
1,93,5,known,3,100.0,300.0,150.0,758.6744915494883,32.25693686899272,757.9884393258939,472.46561534412734,23.85297634557322,471.86310854098616,1.0,1.0,29.0,622.7647140844061,251.31600999373526,66.14799835458305,0.010827557001903187,150000.0,2900.0
1,94,5,known,3,100.0,300.0,150.0,499.4980453076265,45.54224799860145,497.417531771221,311.55584467835587,38.70491014354248,309.14232043514215,1.0,1.0,28.0,580.3447299981269,270.37397478595256,80.945426013719,0.02479196499916725,150000.0,2900.0
1,95,5,known,3,100.0,300.0,150.0,1444.3001940182614,82.61799083025682,1441.9352683225275,896.8741258914459,56.695519085488286,895.0803404215582,1.0,1.0,10.0,3596.3421809163697,43.7253436206179,62.29288476823179,0.00832749500114005,150000.0,2900.0
1,96,5,known,3,100.0,300.0,150.0,1079.3923701414512,36.41088595230594,1078.7780754648973,668.3718473552859,21.85382476465915,668.0144734062827,1.0,1.0,18.0,2834.2181293351096,55.692483309453365,45.114771179516865,0.009103374999540392,150000.0,2900.0
1,97,5,known,3,100.0,300.0,150.0,2240.413949902164,91.80756750796645,2238.5321166926524,1394.6443481894723,44.07818113079077,1393.9476216433095,1.0,1.0,8.0,4705.279832548835,33.25886889085233,121.31683980624916,0.009158326000033412,150000.0,2900.0
1,98,5,known,3,100.0,300.0,150.0,321.9332057178416,53.08961832296196,317.5255601838824,202.19271463335286,42.54443239869469,197.6660444352478,1.0,1.0,34.0,722.4516315682977,216.61169558284323,107.56449715751583,0.020589109997672495,150000.0,2900.0
1,99,5,known,3,100.0,300.0,150.0,708.9268354999017,29.563905522112254,708.3101252856578,439.4375130265159,21.56094557383476,438.90825178035954,1.0,1.0,17.0,2268.659536908878,69.5002829527522,67.41601892111458,0.00913892999960808,150000.0,2900.0
2,0,6,known,3,100.0,300.0,150.0,1646.9189650467483,43.789658788366296,1646.3367040839037,287.7757550081833,46.55540559399334,283.984998513141,1.0,1.0,86.0,980.8454371498302,167.83674058874158,83.84142203026009,0.06437056200229563,150000.0,2900.0
2,1,6,known,3,100.0,300.0,150.0,1399.6390586068744,61.22005012958372,1398.2995386683317,546.2190978717455,38.69666965534882,544.8466487346767,1.0,1.0,20.0,618.9263059348104,264.82827299100484,71.29248631517454,0.012229740001203027,150000.0,2900.0
2,2,6,known,3,100.0,300.0,150.0,2089.7936901109515,24.124245279852015,2089.6544422504944,949.4849928058601,50.879829020772725,948.1207700300428,1.0,1.0,36.0,2857.9302405375656,57.44687354685866,113.74577734254864,0.021475440000358503,150000.0,2900.0
2,3,6,known,3,100.0,300.0,150.0,1550.397042140311,55.21352514627887,1549.4135842047942,1430.4022887100673,34.87005481493816,1429.9771980084865,1.0,1.0,32.0,1895.7646092202801,86.79006875937459,71.46037445030865,0.034366493000561604,150000.0,2900.0
2,4,6,known,3,100.0,300.0,150.0,632.6609397544405,67.35328860544934,629.0654967529239,587.4045012037744,57.64019482025157,584.5696331281146,1.0,1.0,26.0,981.2873328836212,167.76451729475886,70.50834467182116,0.012861880000855308,150000.0,2900.0
2,5,6,known,3,100.0,300.0,150.0,1056.4409011535272,46.16367914190352,1055.4318037458224,472.48443375004507,38.79718449983776,470.88886014747294,1.0,1.0,37.0,349.3461549292274,472.00748825926956,87.79053304486828,0.023370315997453872,150000.0,2900.0
2,6,6,known,3,100.0,300.0,150.0,855.7942492956406,27.989683327769622,855.3364102823522,348.30543513953455,20.142127055940225,347.7225486870284,1.0,1.0,45.0,321.8760134568073,512.2856842702035,94.43629130640932,0.019572501001675846,150000.0,2900.0
2,7,6,known,3,100.0,300.0,150.0,777.398354503444,37.046348756713584,776.5151444939489,597.5764729355209,29.515037270217775,596.8471358572435,1.0,1.0,26.0,1495.1387716181473,109.77617269572966,66.33606513690258,0.01304777999757789,150000.0,2900.0
2,8,6,known,3,100.0,300.0,150.0,1319.767447207426,64.2980824229418,1318.200239457245,786.6050110771015,46.98220941644038,785.2006848251959,1.0,1.0,17.0,2097.4513318940344,79.20833385838381,71.81977757982153,0.007123249000869691,150000.0,2900.0
2,9,6,known,3,100.0,300.0,150.0,1650.2555067989222,100.04182348029819,1647.2203469101833,1119.033869336811,60.59369407890234,1117.3921446657782,1.0,1.0,33.0,1418.2783867062876,116.74045684189377,88.71191983371477,0.011775893999583786,150000.0,2900.0
2,10,6,known,3,100.0,300.0,150.0,2224.870114412347,121.16489180088416,2221.568386298313,1042.1520512070438,53.58390849076885,1040.77358853206,1.0,1.0,32.0,3010.8228445594573,54.58088377534598,79.16031443303899,0.025593516002118122,150000.0,2900.0
2,11,6,known,3,100.0,300.0,150.0,1257.2844448573105,76.09228575157958,1254.9797366209766,1066.6024580604949,56.03701384298839,1065.1294083914172,1.0,1.0,42.0,1744.57441563932,94.046441612447,55.603212143403695,0.021069227997941198,150000.0,2900.0
2,12,6,known,3,100.0,300.0,150.0,1764.8094317971863,15.035733519454212,1764.7453802965003,843.5992829393086,30.98009781130935,843.0302389092086,1.0,1.0,18.0,2499.7528442311886,65.98115063315328,56.880070072170234,0.015041318998555653,150000.0,2900.0
2,13,6,known,3,100.0,300.0,150.0,1399.9400015055533,94.18168071913196,1396.7683483070082,985.7343072351183,64.47840899732287,983.6232303242297,1.0,1.0,27.0,1287.9301966637047,127.44235041365002,80.18173301651663,0.01170853000076022,150000.0,2900.0
2,14,6,known,3,100.0,300.0,150.0,1022.659789131852,75.45039824535222,1019.8726791672683,374.1683171809713,50.676742912139936,370.7206459179969,1.0,1.0,49.0,369.173507281037,444.8466847655651,59.02372528184311,0.0222970639988489,150000.0,2900.0
2,15,6,known,3,100.0,300.0,150.0,1948.555203541394,98.03567433344149,1946.0874563611549,916.0526477842601,47.30990925932536,914.8301623790221,1.0,1.0,34.0,2721.023836842664,60.15874407830578,54.58922673976586,0.01159317400015425,150000.0,2900.0
2,16,6,known,3,100.0,300.0,150.0,754.9760601373304,71.4529132947427,751.5872088867532,336.9637594931551,60.91157986142482,331.4126651933298,1.0,1.0,63.0,343.1638477868108,481.76611145283727,91.5981251103513,0.05497369300064747,150000.0,2900.0
2,17,6,known,3,100.0,300.0,150.0,2177.341254561316,97.48906465841078,2175.157654306159,1020.540219554806,56.84375632608313,1018.9559004666063,1.0,1.0,28.0,2916.919715868155,56.32115859561898,65.32268000773773,0.023097510002116906,150000.0,2900.0
2,18,6,known,3,100.0,300.0,150.0,1157.674954130956,53.02735026843999,1156.459856434982,376.97244490444757,32.266750708182684,375.5889788265529,1.0,1.0,29.0,476.6075544021006,344.0467380144924,72.50894697381499,0.012533458997495472,150000.0,2900.0
2,19,6,known,3,100.0,300.0,150.0,699.0137218224528,75.51956814187727,694.9222820745798,290.41426484377615,58.873515785907124,284.3841668654524,1.0,1.0,29.0,350.90994624318876,467.8799296697882,69.65633036227692,0.025135050997050712,150000.0,2900.0
2,20,6,known,3,100.0,300.0,150.0,1881.6220803745462,67.82458918295886,1880.3992869747633,917.6589365654207,33.36734673296304,917.0520945019323,1.0,1.0,11.0,2629.475194590337,62.433001538448146,90.45501303336411,0.005194474000745686,150000.0,2900.0
2,21,6,known,3,100.0,300.0,150.0,1823.6538959256334,72.54211252731474,1822.2105185830794,746.8395230703942,38.865173351261944,745.8275749262629,1.0,1.0,40.0,2835.567931419793,57.85477660438915,66.15877290724167,0.023379416998068336,150000.0,2900.0
2,22,6,known,3,100.0,300.0,150.0,2187.1137052308604,104.31401656427387,2184.6246692640116,774.4899497692652,49.96910019481078,772.8762975530561,1.0,1.0,16.0,1452.7297421596704,113.531985281576,64.18560217264537,0.007355273999564815,150000.0,2900.0
2,23,6,known,3,100.0,300.0,150.0,2164.579992043503,123.68868793701155,2161.0431856933055,1054.548616378719,60.0094063811614,1052.839805218273,1.0,1.0,27.0,3012.057339695094,54.528379927462964,89.83827027277785,0.018561544999101898,150000.0,2900.0
2,24,6,known,3,100.0,300.0,150.0,391.2381341327812,24.496397606762816,390.4704906955089,220.9622807865097,25.04926907285062,219.5378410417946,1.0,1.0,42.0,1238.2556007034566,132.59802182763144,95.3972456407883,0.04627048800102784,150000.0,2900.0
2,25,6,known,3,100.0,300.0,150.0,496.71975105176557,65.29151492191511,492.4099198474065,208.75472145925656,47.259430489744744,203.3348960737354,1.0,1.0,26.0,509.03315486360873,324.31022635754755,93.26905101305341,0.009439213001314783,150000.0,2900.0
2,26,6,known,3,100.0,300.0,150.0,1796.4835002327216,45.89252292305071,1795.8972250516365,1093.6977246264034,32.40127763997293,1093.2176681979988,1.0,1.0,21.0,1361.9469214653964,120.62749270056243,89.57435857197494,0.009817500998906326,150000.0,2900.0
2,27,6,known,3,100.0,300.0,150.0,837.0861563964894,51.307951039355956,835.5122544827161,354.7499105628084,38.95665672839583,352.6044213291525,1.0,1.0,109.0,319.9086747458795,512.83110455155,56.67678877588614,0.07197503999850596,150000.0,2900.0
2,28,6,known,3,100.0,300.0,150.0,1102.533990831941,47.99460584360922,1101.4888645600206,1022.9654749628494,37.7029344290939,1022.2704396104797,1.0,1.0,36.0,1766.306341666365,93.48947704303937,76.53357510684191,0.02259065800171811,150000.0,2900.0
2,29,6,known,3,100.0,300.0,150.0,1381.5754875020511,57.64875972248391,1380.3722136326094,1294.4716225580055,42.97931284175906,1293.7579218213914,1.0,1.0,27.0,1926.567661070508,85.56233424755975,96.30168142220496,0.027327700998284854,150000.0,2900.0
2,30,6,known,3,100.0,300.0,150.0,1272.5481743567375,52.013411642951844,1271.4847466910198,683.7032190931943,40.94823255105672,682.4758853244128,1.0,1.0,25.0,914.9770617507857,180.0268205949195,85.06608218821522,0.012144639000325697,150000.0,2900.0
2,31,6,known,3,100.0,300.0,150.0,1470.481086239426,50.15801952122274,1469.625393787679,1325.6080695357332,36.34405008077845,1325.1097554700816,1.0,1.0,15.0,2104.0953975343004,78.44554699065326,99.83437140179404,0.008546422999643255,150000.0,2900.0
2,32,6,known,3,100.0,300.0,150.0,829.2001569748435,102.18197558985236,822.8801517788967,760.6881042635898,69.05357541759591,757.5473554109872,1.0,1.0,28.0,939.9094992058788,175.43310347961574,62.17079856263485,0.011811513999418821,150000.0,2900.0
2,33,6,known,3,100.0,300.0,150.0,2349.194985607013,106.87831124010775,2346.7624734914266,1241.6181904377677,51.20177264923039,1240.5620134856351,1.0,1.0,28.0,3143.0792377117855,52.28022014597212,78.71873938145352,0.01388942700214102,150000.0,2900.0
2,34,6,known,3,100.0,300.0,150.0,1287.7192002624479,69.41632166180698,1285.8468466390166,552.2803077602468,55.162546420541716,549.5185454669883,1.0,1.0,28.0,2183.959061406385,75.49195911277108,67.66150422546986,0.015470556998479879,150000.0,2900.0
2,35,6,known,3,100.0,300.0,150.0,1412.4608450598785,49.14868300633725,1411.6054851784932,1335.0184650862386,35.608624182714884,1334.5434904884257,1.0,1.0,33.0,1806.0516305978956,91.04490606798525,88.08649566966277,0.014235287002520636,150000.0,2900.0
2,36,6,known,3,100.0,300.0,150.0,637.507259642946,77.3869520731363,632.792830037042,528.1222889501743,52.39582918556123,525.5167258707651,1.0,1.0,25.0,1347.9892509566105,122.04465386631308,82.24110222453083,0.006417991000489565,150000.0,2900.0
2,37,6,known,3,100.0,300.0,150.0,2178.6446107411634,95.74308332512298,2176.5398231842473,1026.336895264662,48.72603425427961,1025.1795921531782,1.0,1.0,34.0,2965.311530568551,55.51137457948293,64.73567378886904,0.03441120599745773,150000.0,2900.0
2,38,6,known,3,100.0,300.0,150.0,1900.199245957989,69.93281973085531,1898.911945052693,823.2727884692196,48.99355192368416,821.8136748094338,1.0,1.0,16.0,2779.849177494159,59.27104222760416,65.88470603646412,0.007195891001174459,150000.0,2900.0
2,39,6,known,3,100.0,300.0,150.0,1637.2827928930083,58.87977420124707,1636.223736563414,777.5048930736839,35.17493740910395,776.7088145063029,1.0,1.0,20.0,2482.16623440067,66.2602209640065,68.56366115449055,0.010060505999717861,150000.0,2900.0
2,40,6,known,3,100.0,300.0,150.0,1108.5474123271852,57.45984388267145,1107.057239585324,705.7020749694259,60.98430960815724,703.062111479327,1.0,1.0,26.0,1812.234859119284,90.72981841986316,45.21870048006261,0.024907670998800313,150000.0,2900.0
2,41,6,known,3,100.0,300.0,150.0,1693.3852948408198,37.348090595300086,1692.9733834032997,709.7415663767824,53.0596112407959,707.7554441316182,1.0,1.0,46.0,2569.3155616556583,63.81590980819223,70.1071949460722,0.06395938599962392,150000.0,2900.0
2,42,6,known,3,100.0,300.0,150.0,1417.2859691070564,55.69559311486389,1416.191201475038,1046.243473588742,27.53132415323251,1045.8811749990562,1.0,1.0,21.0,1288.6639867708334,127.26892359103715,69.17113509763684,0.03243253800246748,150000.0,2900.0
2,43,6,known,3,100.0,300.0,150.0,1487.8702631341428,69.67441593948318,1486.238001022163,745.5092698191925,44.229943958548056,744.1960651896577,1.0,1.0,20.0,2251.445157098353,73.26183896224622,49.93486607278495,0.02341300400075852,150000.0,2900.0
2,44,6,known,3,100.0,300.0,150.0,1194.7669374880065,104.78910082273738,1190.1627112555796,969.1291186921447,73.64795115515803,966.3266673271833,1.0,1.0,28.0,1120.7055145765842,146.78186181886798,88.27319920602942,0.02371082800164004,150000.0,2900.0
2,45,6,known,3,100.0,300.0,150.0,881.1739613682637,49.58518910446627,879.7777328478555,836.8688050055966,41.52411526142328,835.837989471196,1.0,1.0,32.0,1088.4739775178282,151.12990590601524,74.01537560380932,0.03078482199998689,150000.0,2900.0
2,46,6,known,3,100.0,300.0,150.0,413.3374981946331,42.22116322361708,411.17546229054454,173.96031093091827,37.45103148970261,169.88116440482463,1.0,1.0,72.0,560.7442046736248,293.6383887814656,59.36411090546412,0.030556198998965556,150000.0,2900.0
2,47,6,known,3,100.0,300.0,150.0,810.4965227381094,88.19986747943403,805.6831863376428,437.22591415324865,63.87756383723706,432.53457300586234,1.0,1.0,31.0,451.3259951638859,364.6968851264034,59.54322831942668,0.04165855400060536,150000.0,2900.0
2,48,6,known,3,100.0,300.0,150.0,1495.2807892389646,46.821202621618674,1494.547561522271,628.3097836945321,28.76483515123443,627.6509926264692,1.0,1.0,55.0,2459.5373075254224,66.82237855768999,90.84725719940636,0.02581771800032584,150000.0,2900.0
2,49,6,known,3,100.0,300.0,150.0,1331.3001368671623,69.40648276938553,1329.4896744887146,762.7403462262045,41.45314522366241,761.6130727031517,1.0,1.0,33.0,2151.4631940770564,76.27179570994073,82.7086318547043,0.012004502998024691,150000.0,2900.0
2,50,6,known,3,100.0,300.0,150.0,1394.266526881793,52.67563461175704,1393.2711241898562,677.3738680496491,54.53916154195792,675.1746714553528,1.0,1.0,37.0,2128.163060340772,77.42861695392638,49.802072265511164,0.011985469001956517,150000.0,2900.0
2,51,6,known,3,100.0,300.0,150.0,2339.959887099917,106.29071966541086,2337.5445570404995,1164.7362943097612,50.56945643082354,1163.6379872446266,1.0,1.0,45.0,3023.8265048925696,54.65254689955072,66.8014749008885,0.021755797002697363,150000.0,2900.0
2,52,6,known,3,100.0,300.0,150.0,1100.7311860205962,41.85675365387746,1099.9350690162883,459.9853703098683,37.52064945249636,458.4525512675979,1.0,1.0,28.0,2137.671350186501,76.67591112225067,59.38927894528634,0.010185805000219261,150000.0,2900.0
2,53,6,known,3,100.0,300.0,150.0,1952.6725949526137,59.62494870762714,1951.762057365238,1636.6468462930923,28.909422278798974,1636.3915010732092,1.0,1.0,36.0,1956.2032935535553,83.97681937527531,98.20615027647302,0.009196168997732457,150000.0,2900.0
2,54,6,known,3,100.0,300.0,150.0,636.1350266877757,80.76879004231844,630.9866676358201,299.3783920745029,65.42063159680964,292.1430516075803,1.0,1.0,73.0,1552.3587440619394,106.01451681454185,89.53978975723022,0.03073365100135561,150000.0,2900.0
2,55,6,known,3,100.0,300.0,150.0,1076.4872664782617,51.35671672293994,1075.2615135571812,394.2797284399855,52.1551428175654,390.81497583433014,1.0,1.0,31.0,370.46270920756524,447.9506337746833,77.47047714821349,0.0145659540030465,150000.0,2900.0
2,56,6,known,3,100.0,300.0,150.0,1787.5529279046268,138.77999485545587,1782.1575640465473,1277.9504266650943,85.97272437224022,1275.0552865180048,1.0,1.0,40.0,2585.0874165126793,63.59268344070162,97.9588559227723,0.014862282001558924,150000.0,2900.0
2,57,6,known,3,100.0,300.0,150.0,1483.997685677133,110.0742483136748,1479.9097239200999,996.0719716096634,72.88122514806263,993.4020835730512,1.0,1.0,15.0,2176.618482764594,75.86546282169749,52.2482068608587,0.005593792000581743,150000.0,2900.0
2,58,6,known,3,100.0,300.0,150.0,1064.5223444482772,50.363828156822485,1063.3302904756576,371.20911986952166,50.32099839826895,367.7825550437463,1.0,1.0,43.0,397.14431358716473,414.1946241317645,89.92163772922808,0.02393662100075744,150000.0,2900.0
2,59,6,known,3,100.0,300.0,150.0,1382.720628865737,53.57122483466546,1381.6824748691622,495.1233671057025,33.90218965258457,493.9613245901429,1.0,1.0,35.0,726.8738238621415,225.09057891554085,92.66195920000943,0.013644624003063655,150000.0,2900.0
2,60,6,known,3,100.0,300.0,150.0,827.9658431931385,28.86483360827208,827.4625422792815,778.552524018554,24.14220927157202,778.1781199617145,1.0,1.0,35.0,1494.729591135274,109.34914145306324,105.0475529294884,0.009309485998528544,150000.0,2900.0
2,61,6,known,3,100.0,300.0,150.0,678.787050841964,52.11874041159554,676.7831981429797,278.6336196946208,40.51100622253648,275.6729083514813,1.0,1.0,48.0,1565.6911716144693,105.12368588821458,85.98230110150496,0.029234483998152427,150000.0,2900.0
2,62,6,known,3,100.0,300.0,150.0,1106.9709296907733,91.18462330586506,1103.208957384331,373.38928753758853,90.7128793078592,362.2026139821547,1.0,1.0,50.0,467.0167081359716,353.597490375756,90.06831122840683,0.021612229000311345,150000.0,2900.0
2,63,6,known,3,100.0,300.0,150.0,2039.659632549251,112.81875738290772,2036.5370963067483,1178.5738416992922,56.35177002235022,1177.225882468261,1.0,1.0,24.0,2860.8752584619597,57.50599515663258,70.66943678498689,0.009537712001474574,150000.0,2900.0
2,64,6,known,3,100.0,300.0,150.0,1348.0321387489694,39.02788477128097,1347.4670575974762,1040.056190535225,23.576095409903118,1039.7889435822385,1.0,1.0,13.0,2068.8228163221665,79.70464934087764,63.37471930191152,0.006776152000384172,150000.0,2900.0
2,65,6,known,3,100.0,300.0,150.0,862.9484895808641,82.59209866830018,858.9869852957381,678.0285276474635,75.02603913845154,673.864806734246,1.0,1.0,38.0,917.6335406526483,179.64942097007236,94.37469662905802,0.01373774699823116,150000.0,2900.0
2,66,6,known,3,100.0,300.0,150.0,1354.3511128924379,132.35772885296672,1347.8680827906971,758.4369703745838,86.63609598555861,753.4725110469249,1.0,1.0,29.0,2041.5866970829952,80.28583233550054,69.25991214655002,0.010018971999670612,150000.0,2900.0
2,67,6,known,3,100.0,300.0,150.0,3110.1720525106134,137.203747385449,3107.1442399607827,1421.1404322301184,59.63117926324337,1419.8888162736132,1.0,1.0,21.0,3812.4349254465637,43.03893805322623,49.01575602230404,0.007946284000354353,150000.0,2900.0
2,68,6,known,3,100.0,300.0,150.0,1326.156299528319,53.13679262965379,1325.0913221539404,707.5963185288253,39.96779710193723,706.466648321324,1.0,1.0,45.0,2052.2418119435383,79.9054514216648,94.61121741481648,0.0206622330006212,150000.0,2900.0
2,69,6,known,3,100.0,300.0,150.0,1883.9875809424693,71.7533736371592,1882.6206889644932,718.1629861386507,57.86657614684316,715.827866197332,1.0,1.0,36.0,1261.5632288075617,130.13686691087463,73.31995056946091,0.02189223499954096,150000.0,2900.0
2,70,6,known,3,100.0,300.0,150.0,120.97262372797594,34.894796065778856,115.83060432872718,100.9261793613315,29.87246182517523,96.40399216307956,1.0,1.0,68.0,973.2469663534258,168.36255352403157,80.13526750153194,0.05736384899864788,150000.0,2900.0
2,71,6,known,3,100.0,300.0,150.0,686.6715363578486,74.39623891573413,682.6294737844544,293.03969304683795,55.13174795537614,287.80679642491054,1.0,1.0,56.0,342.09444930870785,480.5934588485143,81.88625597838295,0.0395674709980085,150000.0,2900.0
2,72,6,known,3,100.0,300.0,150.0,1197.594080207988,70.10055756314217,1195.5406696463963,335.7249895290791,45.51284869170783,332.6256893239997,1.0,1.0,80.0,505.8286464211568,324.9688777110601,84.23245989383949,0.060496259000501595,150000.0,2900.0
2,73,6,known,3,100.0,300.0,150.0,1096.2971817817618,45.00291356648585,1095.373109288867,319.74420652383833,31.58808763184176,318.1800595972697,1.0,1.0,54.0,468.80969274975223,351.098806749937,79.82709446758334,0.02537751400086563,150000.0,2900.0
2,74,6,known,3,100.0,300.0,150.0,1091.6373915829522,56.22120135201179,1090.1886860633658,532.033283934389,43.316499987608026,530.2670044824906,1.0,1.0,30.0,596.3198350299992,275.69888775142545,122.67654570052456,0.009260151997295907,150000.0,2900.0
2,75,6,known,3,100.0,300.0,150.0,845.1843557364328,45.94520280579144,843.9346144819182,418.03814029119786,40.384246178686226,416.08292370476164,1.0,1.0,28.0,355.52941927235787,464.6077733603169,75.19620034944863,0.019181679002940655,150000.0,2900.0
2,76,6,known,3,100.0,300.0,150.0,2352.1013507654575,49.01620166888482,2351.5905630544285,1097.270343265265,79.4069929738578,1094.3933185451756,1.0,1.0,18.0,1682.930346448336,98.0254656696252,57.56821547358398,0.018166460999054834,150000.0,2900.0
2,77,6,known,3,100.0,300.0,150.0,312.9619641655958,91.31588917101895,299.3436142617609,276.35820368773415,60.89025028040078,269.56675270941946,1.0,1.0,37.0,791.5324628785495,207.19480362696805,119.49798413972798,0.017816550000134157,150000.0,2900.0
2,78,6,known,3,100.0,300.0,150.0,1760.4712425465952,59.76182742319466,1759.4565978780477,843.3922612880251,31.369828486371322,842.8086617146647,1.0,1.0,21.0,2608.510498616284,62.87432947845998,52.429413560939416,0.006911336997291073,150000.0,2900.0
2,79,6,known,3,100.0,300.0,150.0,730.0534323364392,31.033991195445232,729.3935189297316,670.8408707148255,26.12046693750554,670.3321527633834,1.0,1.0,25.0,1138.2084833984381,144.62877214681404,73.57333216399707,0.01144893300079275,150000.0,2900.0
2,80,6,known,3,100.0,300.0,150.0,1853.0220019418705,59.5910177123283,1852.0635654017565,761.1982300659489,29.76663262436541,760.6159957808798,1.0,1.0,25.0,2930.491213100237,55.87842546226759,91.84623457658294,0.011444794999988517,150000.0,2900.0
2,81,6,known,3,100.0,300.0,150.0,2179.3119337523513,95.09169272058172,2177.236338703483,1084.3525158291263,53.18090474207067,1083.0476305111288,1.0,1.0,31.0,2894.4212182949536,57.054777154099575,89.50905842261321,0.02336329700119677,150000.0,2900.0
2,82,6,known,3,100.0,300.0,150.0,2832.660989563606,123.13332126794766,2829.983474684789,536.4935439826629,70.35262826238389,531.8607246560441,1.0,1.0,32.0,2029.9809455540515,80.66248890834605,74.50934549953136,0.016530042001249967,150000.0,2900.0
2,83,6,known,3,100.0,300.0,150.0,802.1875122205123,35.517581182674654,801.400839898154,651.469058497965,36.377241950687555,650.4526350536878,1.0,1.0,31.0,851.3713135358679,193.31965849475978,83.03451381482104,0.01903350800057524,150000.0,2900.0
2,84,6,known,3,100.0,300.0,150.0,1019.4410476997901,21.834522328159267,1019.2071935430729,433.0622047831726,20.142805998511367,432.5935050115395,1.0,1.0,39.0,453.3150217692984,362.5482921792837,90.38636504994415,0.02148746700186166,150000.0,2900.0
2,85,6,known,3,100.0,300.0,150.0,380.0246859411732,49.42027806582537,376.79755577840973,356.70133351472305,34.23661665365837,355.0544963963872,1.0,1.0,49.0,767.4974739185726,214.53514950926964,83.82561286336013,0.022350387000187766,150000.0,2900.0
2,86,6,known,3,100.0,300.0,150.0,2493.819942992966,113.39478240587049,2491.240560723224,1035.557185204356,46.390251482771724,1034.5175824488117,1.0,1.0,30.0,3346.567647638281,48.95461879760884,94.36700889468628,0.023800505998224253,150000.0,2900.0
2,87,6,known,3,100.0,300.0,150.0,688.2760438812647,70.11930148688404,684.6949657620072,439.9362637539931,56.403070328118524,436.3056380834246,1.0,1.0,32.0,497.1132028465006,330.18161654756256,98.87444705237739,0.010059595999337034,150000.0,2900.0
2,88,6,known,3,100.0,300.0,150.0,1341.244287919451,97.34423653274867,1337.7071202211685,785.9038257337779,66.75394760717728,783.0636843717416,1.0,1.0,35.0,2080.3561919657477,79.0691462621943,57.45988341612034,0.026586179999867454,150000.0,2900.0
2,89,6,known,3,100.0,300.0,150.0,1400.211856531065,95.2724739323618,1396.9668567582337,696.3175157430329,58.58806986560942,693.8483413541976,1.0,1.0,36.0,2220.3371391086666,73.78681784487019,88.75227413653367,0.028684171000350034,150000.0,2900.0
2,90,6,known,3,100.0,300.0,150.0,842.5908211315336,29.117952652332285,842.0875469263565,421.3465791382171,25.375168265489506,420.5817882255198,1.0,1.0,33.0,378.58514154754465,434.8871627744617,92.75181606221221,0.02749553899775492,150000.0,2900.0
2,91,6,known,3,100.0,300.0,150.0,2458.6224911858794,105.32617321622102,2456.365394521077,1083.611326202818,40.680053854150266,1082.8474682490853,1.0,1.0,18.0,1802.9469746122254,91.37711064465523,76.63289859114542,0.01634342900069896,150000.0,2900.0
2,92,6,known,3,100.0,300.0,150.0,1074.383668690252,65.81447331459799,1072.3659462378723,1018.324304453533,51.43101567831616,1017.0246996347083,1.0,1.0,27.0,1340.8916398391727,122.92050653719664,102.28585734582197,0.017169728002045304,150000.0,2900.0
2,93,6,known,3,100.0,300.0,150.0,1200.1097724495642,53.17537692313195,1198.931126136121,532.7533794262008,56.26658176630104,529.7737583783984,1.0,1.0,46.0,2140.373094068262,76.70156957716307,87.62581353391458,0.023548604996904032,150000.0,2900.0
2,94,6,known,3,100.0,300.0,150.0,706.1894372555798,82.20169326067948,701.3889098898197,488.8931482898986,79.53233840363106,482.3806770517026,1.0,1.0,56.0,1493.5610157945223,109.95894410830743,121.02107208985099,0.044996284999797354,150000.0,2900.0
2,95,6,known,3,100.0,300.0,150.0,444.91109864276393,43.19852530309717,442.80895779912686,398.51304426777403,40.27787549450021,396.4723687688946,1.0,1.0,31.0,871.7955807758374,188.33825538972596,78.41315292965645,0.011836059999041026,150000.0,2900.0
2,96,6,known,3,100.0,300.0,150.0,1162.5065462392622,29.317899497415034,1162.136795226017,521.4725016410518,19.73940990260869,521.0987676673911,1.0,1.0,28.0,609.3619847385739,269.99126188536115,83.00286943933959,0.014703773998917313,150000.0,2900.0
2,97,6,known,3,100.0,300.0,150.0,706.7959059508712,48.09434684734056,705.1577032623558,292.9497950333173,46.27664674671253,289.27159275660404,1.0,1.0,37.0,370.4236994403211,441.7532230813993,81.00848881253171,0.01896917699923506,150000.0,2900.0
2,98,6,known,3,100.0,300.0,150.0,775.0974166445,34.76497195327624,774.3173780912226,426.7648158012281,20.935072387153276,426.2510184738575,1.0,1.0,26.0,631.5774363609661,260.40840654572787,67.62970140354219,0.008822244999464601,150000.0,2900.0
2,99,6,known,3,100.0,300.0,150.0,1983.8489998674418,112.75142949963838,1980.6423123372977,1181.5184643171458,60.19002559303197,1179.9843398712785,1.0,1.0,23.0,2675.5271774819903,61.28263875327875,73.9213824111035,0.0176975409995066,150000.0,2900.0
3,0,8,known,3,100.0,300.0,150.0,1955.8119693834572,49.004041458678024,1955.1979601831404,1488.8989955936054,36.84100895114128,1488.4431326520705,1.0,1.0,43.0,1991.0091412552053,127.1615232172933,70.8137615437726,0.047915259001456434,150000.0,2900.0
3,1,8,known,3,100.0,300.0,150.0,1086.324066852081,86.07288713770912,1082.9087848576273,829.3237022148958,51.08851582240848,827.7486131709824,1.0,1.0,39.0,871.5818635460118,290.2009227658873,85.7954797927198,0.021124053000676213,150000.0,2900.0
3,2,8,known,3,100.0,300.0,150.0,1038.9418076905686,62.83511100672103,1037.0399358713817,758.7685137079374,38.475453632134894,757.7923837452801,1.0,1.0,36.0,1477.28601787865,170.41915145744363,86.03927936640213,0.03666452299876255,150000.0,2900.0
3,3,8,known,3,100.0,300.0,150.0,3498.2025004442407,177.32503636552232,3493.705277437166,1833.7011204442547,53.50816393049714,1832.9202589068902,1.0,1.0,34.0,1585.8150801409206,159.24426949007892,72.39025908876796,0.01742894600101863,150000.0,2900.0
3,4,8,known,3,100.0,300.0,150.0,2071.6334085791123,91.21673155785025,2069.6242382193473,1181.4309787633647,57.06617841685638,1180.0519517642674,1.0,1.0,30.0,1023.0913819499593,247.4618105780137,93.10411322734565,0.020797545999812428,150000.0,2900.0
3,5,8,known,3,100.0,300.0,150.0,1931.091090112599,63.273172092064506,1930.0542230739718,1319.7859791121518,44.05136165007653,1319.05060865677,1.0,1.0,48.0,1740.3560548862793,145.9679508830951,67.25275512926937,0.04910220300007495,150000.0,2900.0
3,6,8,known,3,100.0,300.0,150.0,1460.2253807421753,78.96117531896688,1458.0889188783644,1060.859849805336,46.212250936098144,1059.852842989261,1.0,1.0,40.0,1334.4626512964728,189.22459559220752,88.02065769703901,0.033666901999822585,150000.0,2900.0
3,7,8,known,3,100.0,300.0,150.0,1543.5334569485312,85.21021319440024,1541.179662559446,787.0564663942611,64.57754746873302,784.4027165021448,1.0,1.0,66.0,521.559253812732,484.1255183517031,65.63941273721142,0.06190134899952682,150000.0,2900.0
3,8,8,known,3,100.0,300.0,150.0,2208.0372796993265,93.36941123253136,2206.0622796258704,1068.9439311020194,53.33210125391627,1067.6126707826581,1.0,1.0,81.0,2075.6652629788805,122.05354178612473,60.57099151347541,0.09089869700255804,150000.0,2900.0
3,9,8,known,3,100.0,300.0,150.0,906.3751937567931,56.41622860765868,904.6177098682916,206.7654603024972,47.80845972935419,201.16238901049633,1.0,1.0,370.0,499.85476230930277,502.9264931126614,87.0399325086174,0.4651388769998448,150000.0,2900.0
3,10,8,known,3,100.0,300.0,150.0,1308.6426922778642,38.95390819799964,1308.0628001316904,889.8010011517155,40.58324353999665,888.8750317082647,1.0,1.0,40.0,639.4325517461352,396.3698086817663,56.35647559197126,0.03202165800030343,150000.0,2900.0
3,11,8,known,3,100.0,300.0,150.0,4827.640062928139,255.42158360072477,4820.878383844557,2220.6733390165127,73.61773769253811,2219.4527495118655,1.0,1.0,30.0,2074.13865159736,121.36889453313535,76.85305851414047,0.024077084999589715,150000.0,2900.0
3,12,8,known,3,100.0,300.0,150.0,1327.7322795571076,64.02546315297177,1326.1876738403057,1080.7915537809913,66.99219749107175,1078.713320674055,1.0,1.0,46.0,1685.5634521822003,149.77444008487353,95.83979413139697,0.04607908999969368,150000.0,2900.0
3,13,8,known,3,100.0,300.0,150.0,1486.5541007890197,68.19943275034285,1484.988865933069,920.6999829560757,42.92779228531191,919.6986806910334,1.0,1.0,57.0,911.1988379472688,276.6950467436558,62.47685677939155,0.06188728100096341,150000.0,2900.0
3,14,8,known,3,100.0,300.0,150.0,959.4563268458882,38.4143441799815,958.6870090315325,907.2487655437039,29.317445246001906,906.7749500205784,1.0,1.0,35.0,1049.889169517415,239.7315485301994,65.3140528216513,0.0312757280007645,150000.0,2900.0
3,15,8,known,3,100.0,300.0,150.0,1037.6226753991107,128.66084682731304,1029.6150751596865,401.72460473635067,70.6958848023812,395.455117456565,1.0,1.0,106.0,531.3882662974306,472.52612938780317,72.34467886784908,0.12034841700005927,150000.0,2900.0
3,16,8,known,3,100.0,300.0,150.0,1952.5774108403073,117.615282049473,1949.0318598607519,1020.3602791697575,60.738624277121794,1018.550891624129,1.0,1.0,47.0,2131.5620303505557,118.96638287394929,51.360187413793945,0.04360167100094259,150000.0,2900.0
3,17,8,known,3,100.0,300.0,150.0,1275.8851711875957,63.61661874529073,1274.2981973917317,915.154898756127,53.919726068735244,913.5650780639602,1.0,1.0,33.0,1648.3247026462236,152.941387736985,79.31052003723705,0.03139285900033428,150000.0,2900.0
3,18,8,known,3,100.0,300.0,150.0,1819.6221716370826,48.9251414166317,1818.96431467212,814.4317541788828,48.5732934758287,812.9819908065634,1.0,1.0,46.0,2045.7126038522742,122.71104616431366,83.88638269048151,0.040891803000704385,150000.0,2900.0
3,19,8,known,3,100.0,300.0,150.0,1106.0633697933615,54.16933495490572,1104.7361047549725,1076.440598855538,42.50975075552215,1075.6008943633194,1.0,1.0,28.0,1304.6346143220737,193.63034683800075,64.5509024757016,0.03340923499854398,150000.0,2900.0
3,20,8,known,3,100.0,300.0,150.0,2171.8443866965317,97.36265395396306,2169.66093056963,1370.4234788788576,61.3979916313323,1369.0474053465311,1.0,1.0,34.0,2106.756240207558,119.68090224907513,62.83642620172803,0.02630652799780364,150000.0,2900.0
3,21,8,known,3,100.0,300.0,150.0,2548.3316099770354,89.41688011762227,2546.7623791704987,1035.1148938688602,72.38288820843597,1032.5810190991053,1.0,1.0,153.0,678.3014107928824,371.347440134937,82.55090747946016,0.17489853500228492,150000.0,2900.0
3,22,8,known,3,100.0,300.0,150.0,1309.9648776555118,64.31851979034342,1308.3849237525626,1128.1936955581289,66.6744896106235,1126.2217930462323,1.0,1.0,41.0,880.8538092553806,287.5402934741434,76.25040078434209,0.028657090999331558,150000.0,2900.0
3,23,8,known,3,100.0,300.0,150.0,1445.7919805508,77.74859428783928,1443.6999712929517,1372.290173693018,54.16306573480021,1371.2208732092072,1.0,1.0,53.0,1169.2903036648806,215.6867751473693,93.48151469267863,0.043915991998801474,150000.0,2900.0
3,24,8,known,3,100.0,300.0,150.0,848.1394062117421,66.73583855925837,845.5097753550806,576.9891484202451,38.97851127122967,575.6710458706415,1.0,1.0,148.0,692.6182235628762,364.9888992506341,65.42361532789768,0.2052459810001892,150000.0,2900.0
3,25,8,known,3,100.0,300.0,150.0,1263.2698590261361,89.19006434829629,1260.1174029214344,989.9359862121024,64.68404070230869,987.8204450587921,1.0,1.0,54.0,1384.451272841057,182.40222344773275,59.08903619014931,0.06264260699754232,150000.0,2900.0
3,26,8,known,3,100.0,300.0,150.0,895.9772600909937,69.80686106338769,893.2537448836366,490.0518772876937,61.37576833212681,486.1932306139544,1.0,1.0,58.0,1550.3524359751907,163.17955681111837,64.09262283927302,0.10293657800139044,150000.0,2900.0
3,27,8,known,3,100.0,300.0,150.0,2907.8825261372194,82.48348041500512,2906.712449017413,799.092841309813,52.23177953552438,797.3839791713541,1.0,1.0,56.0,2691.658503765174,93.92127164049526,69.3814356137591,0.08146984600170981,150000.0,2900.0
3,28,8,known,3,100.0,300.0,150.0,813.5814391270518,89.55079084786281,808.6379993239046,434.1986526421026,78.89230131750382,426.97128094175775,1.0,1.0,104.0,1451.6522545587316,173.5680517021708,79.76787590657983,0.20308463100082008,150000.0,2900.0
3,29,8,known,3,100.0,300.0,150.0,2252.298094739969,119.61282384563135,2249.119712229869,1519.9906670326877,69.30415015125187,1518.409879656441,1.0,1.0,55.0,1658.8853938566017,151.73765752359347,72.72592931868307,0.07628591300090193,150000.0,2900.0
3,30,8,known,3,100.0,300.0,150.0,4991.363936635466,282.63851988430196,4983.355236687699,1510.2131758358705,84.10381873787311,1507.869485115331,1.0,1.0,114.0,2042.3986846186222,123.64135705104579,88.15841009824294,0.1814660689997254,150000.0,2900.0
3,31,8,known,3,100.0,300.0,150.0,3817.0823342885906,169.34424560088732,3813.324018913145,1401.9545033992483,64.08065723477718,1400.4892355779791,1.0,1.0,60.0,1465.2576521986357,172.41383741667383,62.01110252158629,0.04631927700029337,150000.0,2900.0
3,32,8,known,3,100.0,300.0,150.0,1337.4311626463602,51.40535948351669,1336.4428920960167,814.6285428332795,45.20210730076968,813.3734888071051,1.0,1.0,96.0,647.19300512361,389.6599216733413,82.7996966195152,0.1639618259978306,150000.0,2900.0
3,33,8,known,3,100.0,300.0,150.0,1890.6549088122806,63.146994864266965,1889.600074421989,974.9725726950455,44.08339472651124,973.975447235187,1.0,1.0,35.0,1991.9478520982075,126.90648616646241,66.04299466465531,0.024559625999245327,150000.0,2900.0
3,34,8,known,3,100.0,300.0,150.0,1221.937753319951,76.91297753314348,1219.514766977258,551.1813916649452,74.21655458589194,546.1619078104084,1.0,1.0,129.0,723.0244713742256,349.2096702256046,88.09873740231887,0.15331214199977694,150000.0,2900.0
3,35,8,known,3,100.0,300.0,150.0,1907.5557163920437,71.06241675857237,1906.2316081904614,1080.1406075343762,36.97705840403069,1079.5074938121163,1.0,1.0,39.0,692.6810917406666,364.91340423474117,81.46899091302592,0.04093081400060328,150000.0,2900.0
3,36,8,known,3,100.0,300.0,150.0,822.9280577505751,30.95987771518133,822.3454713227252,611.9772847454691,24.834900429789496,611.4731594805118,1.0,1.0,110.0,1070.8787220058812,236.6086782662701,81.72650275873676,0.10524833100134856,150000.0,2900.0
3,37,8,known,3,100.0,300.0,150.0,2703.5664892096647,122.9263183934117,2700.7704237538806,810.6342012711634,74.12344179958998,807.2382074990751,1.0,1.0,84.0,2566.8355979594785,98.06514314088356,90.6758370773695,0.09084970299954875,150000.0,2900.0
3,38,8,known,3,100.0,300.0,150.0,868.526754044442,91.0310268551796,863.743060545592,442.06323893161687,78.35096409695932,435.0644017151815,1.0,1.0,106.0,669.8335165297049,379.3304382439329,75.616703983604,0.10493883099843515,150000.0,2900.0
3,39,8,known,3,100.0,300.0,150.0,1993.7315494548402,72.19626865894391,1992.4239483812985,1452.4266399105206,54.0003176114896,1451.4224436805514,1.0,1.0,36.0,937.5163083469695,267.9403799289439,68.0833009554101,0.027866642998560565,150000.0,2900.0
3,40,8,known,3,100.0,300.0,150.0,1226.80514248347,97.39699371742907,1222.932820411119,914.4803441182726,76.51676740719283,911.2735506335229,1.0,1.0,31.0,1350.139915932807,187.04168280747706,55.36203012015562,0.03171737199954805,150000.0,2900.0
3,41,8,known,3,100.0,300.0,150.0,1485.8763846166999,88.07592654484303,1483.2637194797367,1186.9390678438458,62.11399826109152,1185.3127021988917,1.0,1.0,70.0,1442.236600645303,174.7047803736814,55.27579869539809,0.09377643699917826,150000.0,2900.0
3,42,8,known,3,100.0,300.0,150.0,3420.8496044311464,172.36478855376816,3416.504411793368,1005.3993329479154,79.55650973894335,1002.2467662458535,1.0,1.0,33.0,3021.096982028109,83.40112056431164,77.73061464073132,0.015262998000252992,150000.0,2900.0
3,43,8,known,3,100.0,300.0,150.0,2982.348539091043,172.56071315968904,2977.352113689662,1787.4488624538942,68.65924030076178,1786.129711025782,1.0,1.0,32.0,1591.2441789950708,158.4103747540024,73.31961766977027,0.01789499999722466,150000.0,2900.0
3,44,8,known,3,100.0,300.0,150.0,2660.2583815886273,104.42915947136203,2658.2078939512326,1598.372563288015,55.55417709799792,1597.4068312358204,1.0,1.0,36.0,2322.2733200757875,109.09056363571206,96.8779817254603,0.027309410001180368,150000.0,2900.0
3,45,8,known,3,100.0,300.0,150.0,859.138695919397,71.8819561117503,856.1263243304871,685.7078241530542,60.33002123029329,683.0486868760296,1.0,1.0,57.0,1273.688966434253,198.15004681905708,90.58416102650493,0.05734002600001986,150000.0,2900.0
3,46,8,known,3,100.0,300.0,150.0,1575.9580063004214,54.02418813695396,1575.0317535588106,587.8302200899184,42.3071497267293,586.3057843250073,1.0,1.0,65.0,1947.567654161153,129.44861185549604,70.35315786655372,0.07334612799968454,150000.0,2900.0
3,47,8,known,3,100.0,300.0,150.0,362.2487256624897,52.7098132149309,358.39338000993376,346.29176216523666,47.98937813689106,342.95043975702856,1.0,1.0,70.0,1107.4988858523984,228.29742934360135,71.90970092177159,0.11038703099984559,150000.0,2900.0
3,48,8,known,3,100.0,300.0,150.0,1025.0360577401323,62.27601638683021,1023.142520595454,758.8956151326846,44.58975427586463,757.5845223347911,1.0,1.0,35.0,969.9304738291005,260.25809075527894,84.75957248110939,0.03139685700080008,150000.0,2900.0
3,49,8,known,3,100.0,300.0,150.0,894.4206225865186,48.95531961068492,893.0798546545943,658.8454920923888,36.07225462501394,657.8572602751527,1.0,1.0,80.0,1238.3442014424625,203.45342158461642,80.03337650574186,0.14961950299766613,150000.0,2900.0
3,50,8,known,3,100.0,300.0,150.0,1996.08780862712,86.27599684078673,1994.222402872595,1168.4566011270115,61.78545483263024,1166.8219171272078,1.0,1.0,42.0,2170.325115190915,116.98431818835242,86.65224127144128,0.026056324000819586,150000.0,2900.0
3,51,8,known,3,100.0,300.0,150.0,4003.7992618885805,194.6537155919537,3999.064698214545,1687.493406262987,46.47469090759446,1686.85331291316,1.0,1.0,36.0,1644.9310937668756,153.91903083431507,75.44373083223914,0.04079058099887334,150000.0,2900.0
3,52,8,known,3,100.0,300.0,150.0,1481.3568092749597,81.78695435094761,1479.097322857183,846.8921671852522,51.79276430307064,845.3069575045387,1.0,1.0,95.0,1768.3920731201413,143.0929401213056,90.8789524032995,0.10415554199789767,150000.0,2900.0
3,53,8,known,3,100.0,300.0,150.0,4042.074240708612,208.60695601794063,4036.6876650666236,1214.1380376617499,72.86691950133316,1211.9494983453358,1.0,1.0,43.0,3334.4572878325976,75.72830388293467,74.62136202905427,0.030721548002475174,150000.0,2900.0
3,54,8,known,3,100.0,300.0,150.0,1651.4839723213859,68.66807810839417,1650.0557584164612,1235.1710120693692,41.66015721196306,1234.4682500402932,1.0,1.0,30.0,829.6940101150813,304.9638482198462,74.02360552300397,0.02289876799841295,150000.0,2900.0
3,55,8,known,3,100.0,300.0,150.0,1629.8229008303188,64.43103522348252,1628.5488416903513,1154.9459703639834,32.09469090374274,1154.4999459834532,1.0,1.0,34.0,825.2901257146809,305.082560654899,59.630583525722386,0.03361622800002806,150000.0,2900.0
3,56,8,known,3,100.0,300.0,150.0,4862.573958361975,248.04834435487084,4856.243148711034,1614.0842020849157,72.81614883336255,1612.4408888046646,1.0,1.0,44.0,2023.3053019881104,124.37209475058526,82.19870082264234,0.039826650001486996,150000.0,2900.0
3,57,8,known,3,100.0,300.0,150.0,1711.3026542105883,85.17303151082628,1709.1817717877345,1156.0821715365942,65.099173698345,1154.2478438050296,1.0,1.0,27.0,1970.920456768196,128.63267357497907,82.09930298681901,0.022555675001058262,150000.0,2900.0
3,58,8,known,3,100.0,300.0,150.0,1823.3847846173262,121.25857443785628,1819.348353367016,1120.115084518577,69.94107860192712,1117.9293573791047,1.0,1.0,39.0,1758.0548355029734,143.62305873033276,67.90204916867302,0.041674370997498045,150000.0,2900.0
3,59,8,known,3,100.0,300.0,150.0,2524.40664375817,134.66935319834838,2520.8119859203157,1156.5999736796166,64.47886421536015,1154.8012708623014,1.0,1.0,42.0,2539.2478440329282,98.90384590920785,48.25276703473542,0.03589827299947501,150000.0,2900.0
3,60,8,known,3,100.0,300.0,150.0,943.2624510788988,73.88428739440741,940.3643781490198,920.1010978774091,50.352416760078135,918.7222999588248,1.0,1.0,40.0,1145.1435838728041,220.27141127963688,91.96580033480112,0.05397609599822317,150000.0,2900.0
3,61,8,known,3,100.0,300.0,150.0,2295.194434972273,100.65128911108165,2292.9864396301978,1330.7435963407752,48.56656759117672,1329.8570628884863,1.0,1.0,84.0,2099.4828973459503,119.66309528041653,107.6224840481409,0.10869536000245716,150000.0,2900.0
3,62,8,known,3,100.0,300.0,150.0,2355.1509629026486,132.4697675611767,2351.4225096191376,842.0887089845926,69.51320211175255,839.2146975187628,1.0,1.0,71.0,2336.019962672076,108.12391605158852,103.09660942644234,0.06358031100171502,150000.0,2900.0
3,63,8,known,3,100.0,300.0,150.0,2033.5124198945264,70.48449259000515,2032.2905053583313,914.9319500313122,46.42757793584264,913.7532233568925,1.0,1.0,36.0,2164.2908599794923,116.70686721010294,63.05038518067103,0.040876897000998724,150000.0,2900.0
3,64,8,known,3,100.0,300.0,150.0,2971.1556947692843,132.09110768817922,2968.2180010621955,1921.9211381344899,69.14801515428702,1920.6768112330597,1.0,1.0,33.0,2431.5207879571276,103.65373867297856,68.36854066934883,0.0210198560016579,150000.0,2900.0
3,65,8,known,3,100.0,300.0,150.0,1694.606676528423,58.62833243313718,1693.592190219008,376.5304464152184,58.138931584029514,372.0148407146027,1.0,1.0,159.0,195.4169414360374,1290.2869914933835,77.79511107611526,0.17390699699899415,150000.0,2900.0
3,66,8,known,3,100.0,300.0,150.0,3360.186744654406,139.10939854318687,3357.3059935293545,1186.0794020730366,55.278101807960965,1184.7905635522425,1.0,1.0,41.0,1277.045598532148,198.4286047063948,92.08352222493258,0.042282282000087434,150000.0,2900.0
3,67,8,known,3,100.0,300.0,150.0,2540.0274164891644,66.21432282018432,2539.1642207565233,911.9609362644036,32.27867651331058,911.3895085608549,1.0,1.0,51.0,2457.3516140624697,102.36828577277649,68.25582363899254,0.050135677000071155,150000.0,2900.0
3,68,8,known,3,100.0,300.0,150.0,2605.852712378645,115.48442311543077,2603.292474277302,1122.3479757988164,66.25178751826479,1120.3908601154933,1.0,1.0,30.0,2556.6972567019216,98.88849509700214,70.7145709773026,0.040519833000871586,150000.0,2900.0
3,69,8,known,3,100.0,300.0,150.0,1780.8100689480189,72.86914038513247,1779.3185746364193,463.66648955975654,48.14345536028172,461.160298862164,1.0,1.0,269.0,0.1530500198362892,1644520.7361673494,104.70630896894788,0.2870857989983051,150000.0,2900.0
3,70,8,known,3,100.0,300.0,150.0,3765.8164591133186,156.1050195808013,3762.5795442210188,1506.6125719343938,59.13221338167922,1505.4517007368097,1.0,1.0,38.0,3043.71261733118,83.2831652704199,59.536214412703345,0.03352017200086266,150000.0,2900.0
3,71,8,known,3,100.0,300.0,150.0,2006.937740246228,83.87496268636109,2005.1843017186718,1420.0058941785935,67.3789020139005,1418.4064378961864,1.0,1.0,40.0,1574.803719371061,159.5993285172598,69.82291312541498,0.029169130000809673,150000.0,2900.0
3,72,8,known,3,100.0,300.0,150.0,1405.8845389222633,65.59510893180726,1404.3534521141355,1078.6829038305357,51.953503008028484,1077.4310374875377,1.0,1.0,38.0,1645.9327542194528,154.21839143785925,83.03273653123541,0.04650912799843354,150000.0,2900.0
3,73,8,known,3,100.0,300.0,150.0,1266.3502327621602,70.8031889705234,1264.3693370405585,965.5240138499449,45.325205207029846,964.4595621869532,1.0,1.0,95.0,1661.6266360897853,152.06904808704883,78.97292551416508,0.08264528000290738,150000.0,2900.0
3,74,8,known,3,100.0,300.0,150.0,1053.9192828321748,81.7471198968371,1050.74414731373,761.7156456344098,61.212549810928856,759.2520981531038,1.0,1.0,30.0,802.1835678991506,313.5201829471394,53.72950901621375,0.03208360600183369,150000.0,2900.0
3,75,8,known,3,100.0,300.0,150.0,4715.724477802447,184.80034609727056,4712.10209806913,1431.7896450746514,55.19643553126326,1430.7253199855097,1.0,1.0,39.0,1823.8604878957567,138.80581172018796,65.29487923873802,0.02419082599953981,150000.0,2900.0
3,76,8,known,3,100.0,300.0,150.0,2246.2316006009937,118.99412935305044,2243.0775289137937,1273.7478551144,48.706198309472846,1272.8162886507907,1.0,1.0,27.0,2153.9030939712543,117.34463185580206,82.08745953411274,0.013817799001117237,150000.0,2900.0
3,77,8,known,3,100.0,300.0,150.0,3049.328619153298,132.80295059292487,3046.435360203983,1212.1484887102965,53.16977788581891,1210.981805562011,1.0,1.0,27.0,2780.1650704766425,90.67893347966599,78.71035849368583,0.016816327999549685,150000.0,2900.0
3,78,8,known,3,100.0,300.0,150.0,2659.312856097343,120.09530241786797,2656.599703557494,1790.3693739156145,46.94128549216993,1789.7538967051676,1.0,1.0,34.0,2248.2830340940154,112.33557970666021,103.87826267145508,0.03256411799884518,150000.0,2900.0
3,79,8,known,3,100.0,300.0,150.0,1777.4757911077281,48.33358101822462,1776.818519973269,436.15258822293026,36.016620305184226,434.66295364955266,1.0,1.0,281.0,0.6419917810164008,392641.5386640745,67.58147356560687,0.33113340600175434,150000.0,2900.0
3,80,8,known,3,100.0,300.0,150.0,1749.006085796804,83.90899619756087,1746.9921489552764,937.3345043886869,68.93953491727197,934.7958673651567,1.0,1.0,68.0,2001.7191943909602,125.5491439759263,87.12693236945711,0.1011103450000519,150000.0,2900.0
3,81,8,known,3,100.0,300.0,150.0,1222.7175233799908,47.27519385385352,1221.8032566770225,888.9007525078642,31.762064609016587,888.3331126671007,1.0,1.0,33.0,1601.3891018752636,156.83740651176583,75.51829855040063,0.02283372099918779,150000.0,2900.0
3,82,8,known,3,100.0,300.0,150.0,1555.746422442372,93.24065883828393,1552.9498093891,1319.2708301751425,63.9878346309083,1317.718133885338,1.0,1.0,35.0,1524.5191836888262,165.58158483881368,57.490996233793496,0.024409712001215667,150000.0,2900.0
3,83,8,known,3,100.0,300.0,150.0,3254.9849420844675,167.7480011607804,3250.6595609665414,1489.5248694693148,68.43236517923359,1487.9520651430798,1.0,1.0,43.0,1312.628403697341,192.0260577968905,68.78290546568425,0.03877171500062104,150000.0,2900.0
3,84,8,known,3,100.0,300.0,150.0,1776.228473471769,51.19281572547911,1775.4906041964705,1165.4822161834218,22.31676911831968,1165.2685347403576,1.0,1.0,43.0,956.5889456102725,264.42132568332244,79.21962444326775,0.023438356001861393,150000.0,2900.0
3,85,8,known,3,100.0,300.0,150.0,1536.1916142628695,71.12017070483664,1534.5444265483081,1106.879832574134,49.82449162013727,1105.7578775636816,1.0,1.0,35.0,1375.0295123909814,183.2929863053864,70.33925487275418,0.023838563996832818,150000.0,2900.0
3,86,8,known,3,100.0,300.0,150.0,2475.5585092472347,66.93818604510656,2474.653351876861,905.760510247814,29.966158512634486,905.2646747047937,1.0,1.0,51.0,2375.3691029479073,106.27124117404375,58.966816517165384,0.05927423300090595,150000.0,2900.0
3,87,8,known,3,100.0,300.0,150.0,1535.995810777037,84.4773097855866,1533.6709930281647,738.9177106938047,66.49918040718268,735.9193177123062,1.0,1.0,112.0,457.64363550394194,551.3918050781408,78.03363161660285,0.10082634900027188,150000.0,2900.0
3,88,8,known,3,100.0,300.0,150.0,1760.3747484307007,75.79516057642341,1758.7422632511132,922.1251965995817,46.50070639193151,920.9519870812314,1.0,1.0,33.0,1988.408937433029,127.31465430480107,72.9260068878147,0.03487125000174274,150000.0,2900.0
3,89,8,known,3,100.0,300.0,150.0,2653.1688517987513,100.02836978045367,2651.282572905832,1106.8530961207725,63.89481830737982,1105.0073432270062,1.0,1.0,35.0,894.0526168514807,281.58880434961696,61.4098523515141,0.0276059850002639,150000.0,2900.0
3,90,8,known,3,100.0,300.0,150.0,1483.9387573445317,86.41485685134867,1481.4205034576084,1078.617032134062,73.96555744650902,1076.0779703726487,1.0,1.0,41.0,1648.2908328807607,152.86757803547772,67.95002479979088,0.031061527002748335,150000.0,2900.0
3,91,8,known,3,100.0,300.0,150.0,1698.3454431303826,88.58407955134871,1696.0336391274132,974.6114107493989,60.30259501881365,972.7440562639952,1.0,1.0,73.0,1047.6184586360368,240.62390854063193,97.16865368947737,0.07534155400207965,150000.0,2900.0
3,92,8,known,3,100.0,300.0,150.0,4655.595440274499,198.07518465773873,4651.37991618912,1488.0580047034061,52.697615148702226,1487.1246036292728,1.0,1.0,113.0,1837.5133830400564,136.79689164492578,94.9204954096615,0.10376581400123541,150000.0,2900.0
3,93,8,known,3,100.0,300.0,150.0,1385.728662117282,58.224819081437154,1384.50489181378,946.4950499245199,49.99361781910213,945.17380291086,1.0,1.0,105.0,1042.5353214889244,241.65280642831306,65.99393150651274,0.1235834370017983,150000.0,2900.0
3,94,8,known,3,100.0,300.0,150.0,2346.130851634192,64.7186032138468,2345.238042371782,1158.359838664813,36.030766012163916,1157.7993348297227,1.0,1.0,45.0,2392.6257669517263,105.55034250527366,94.69471559978787,0.054301751999446424,150000.0,2900.0
3,95,8,known,3,100.0,300.0,150.0,1578.3996794724496,75.16582459189968,1576.608907425095,1003.2971397032762,81.0328451330479,1000.019414084756,1.0,1.0,147.0,1050.8370825711477,240.40294158088398,73.87333027232397,0.2099174779978057,150000.0,2900.0
3,96,8,known,3,100.0,300.0,150.0,2184.125076153277,91.21347595150982,2182.219615457253,1581.3396994354052,50.16988783446144,1580.543649307141,1.0,1.0,32.0,2001.399578553195,125.89533592848548,60.8233520574812,0.023249064997798996,150000.0,2900.0
3,97,8,known,3,100.0,300.0,150.0,1464.4272489072025,80.32928997794288,1462.2224087031211,377.2022350010781,45.465183094163756,374.45219082817863,1.0,1.0,87.0,1926.0941768937837,130.69944231862658,74.1145907558265,0.11294524899858516,150000.0,2900.0
3,98,8,known,3,100.0,300.0,150.0,583.391072625016,47.26179776454755,581.4735299999732,459.7134266269906,36.6061879859583,458.2536651487539,1.0,1.0,64.0,1301.306365306681,194.09291609843308,87.26846458953392,0.06227286300054402,150000.0,2900.0
3,99,8,known,3,100.0,300.0,150.0,2927.401959527681,122.06242640447446,2924.8560642716693,1447.1309888794165,37.01153605393394,1446.657611590955,1.0,1.0,59.0,1246.7183509348736,202.21780577451122,69.40255666575815,0.07919146600033855,150000.0,2900.0
4,0,9,known,3,100.0,300.0,150.0,1500.2865266440747,80.08979767595461,1498.1472845945311,684.0549754580486,39.633354112091936,682.9058549249207,1.0,1.0,191.0,644.6004024032748,382.3911462845333,53.07844393857222,0.24941214000136824,150000.0,2900.0
4,1,9,known,3,100.0,300.0,150.0,1790.6416313183863,97.39654791186064,1787.9908736527223,1559.960169265425,73.46905504175074,1558.229131946225,1.0,1.0,25.0,1368.487957453638,180.9103071461785,53.992875047697424,0.0371899099991424,150000.0,2900.0
4,2,9,known,3,100.0,300.0,150.0,2944.9023629050894,152.02624761902453,2940.9756794436194,1305.084541993452,64.53713146065792,1303.487867382389,1.0,1.0,44.0,1951.657879965504,126.42274708803987,73.32860039042689,0.05941565299872309,150000.0,2900.0
4,3,9,known,3,100.0,300.0,150.0,3131.2825689161946,134.10328100448433,3128.4096337312085,1124.4694930802377,48.67341844830636,1123.4155683471201,1.0,1.0,116.0,2028.9554231840564,121.7490439039006,76.94435694775783,0.1467790780006908,150000.0,2900.0
4,4,9,known,3,100.0,300.0,150.0,2199.066633513361,63.77287492284892,2198.1417331591383,840.1674579725108,30.83436295639024,839.6014527721259,1.0,1.0,345.0,422.569690679749,587.3620709329812,89.43594124011823,0.519418724001298,150000.0,2900.0
4,5,9,known,3,100.0,300.0,150.0,2005.1329209590447,93.92524963467123,2002.9318705824257,1175.7332121715694,55.075885790709314,1174.4425200952346,1.0,1.0,39.0,1626.9383072750525,151.8332495936891,80.7149806229047,0.055717692001053365,150000.0,2900.0
4,6,9,known,3,100.0,300.0,150.0,4556.8030307856525,210.93232448651617,4551.918432470426,1307.7613720050656,60.49056870969764,1306.3616257398826,1.0,1.0,41.0,935.7737081626648,263.6523181664834,78.58587259727531,0.05442360999950324,150000.0,2900.0
4,7,9,known,3,100.0,300.0,150.0,5378.7725448279225,252.7840412285597,5372.82926561926,916.3177856567384,48.339715866497656,915.0418330223021,1.0,1.0,176.0,1077.1329509075572,229.08948651439206,77.92263804927154,0.22454770100011956,150000.0,2900.0
4,8,9,known,3,100.0,300.0,150.0,1573.840040388635,78.92274702812618,1571.8599405583295,1017.2355496081328,49.34925041643895,1016.037801890213,1.0,1.0,68.0,1301.2783078075618,189.42157543001372,78.10502764839174,0.07995562199721462,150000.0,2900.0
4,9,9,known,3,100.0,300.0,150.0,900.0410852967236,68.83886757808015,897.404683257599,720.1582392869454,58.918506672159246,717.7440345864228,1.0,1.0,62.0,1214.7619089978064,202.7798532681006,61.78855324043035,0.06858626199755236,150000.0,2900.0
4,10,9,known,3,100.0,300.0,150.0,1381.5974180163298,79.8183100287453,1379.2898400457912,1075.103213178922,54.33900922170024,1073.7291050653544,1.0,1.0,35.0,1299.162673059549,190.86154813224366,48.3186673627891,0.023331570999289397,150000.0,2900.0
4,11,9,known,3,100.0,300.0,150.0,1573.1137926394042,40.358683369552395,1572.5960006527446,610.2111343465931,38.71547021417752,608.9817245588337,1.0,1.0,309.0,555.2654861400683,444.61576694300544,76.39561996078803,0.37008317499930854,150000.0,2900.0
4,12,9,known,3,100.0,300.0,150.0,2122.4784128131755,139.40809823023878,2117.8951803632217,1148.6561567336971,71.00689323622214,1146.4593265856263,1.0,1.0,46.0,833.3394636811227,295.35001589804153,82.18173555799972,0.05003453899917076,150000.0,2900.0
4,13,9,known,3,100.0,300.0,150.0,1775.9399376638553,78.9143837947949,1774.185780074845,1165.7699524058937,44.52595599598572,1164.9193195990372,1.0,1.0,33.0,1521.0612051375304,161.89603431811747,92.78625700193443,0.05849631000091904,150000.0,2900.0
4,14,9,known,3,100.0,300.0,150.0,1348.064328410093,52.10761649135276,1347.0568769860256,929.1278629600674,53.66975836591396,927.5764889030372,1.0,1.0,55.0,1380.5000073377125,178.67931203596288,93.41277676286357,0.06238470099924598,150000.0,2900.0
4,15,9,known,3,100.0,300.0,150.0,3286.6477325648975,161.46627832252818,3282.6790825389335,1044.0015300169364,76.05006627971404,1041.2279203404773,1.0,1.0,50.0,2203.614880914846,112.13376439292779,65.36598314854196,0.05566162999821245,150000.0,2900.0
4,16,9,known,3,100.0,300.0,150.0,5007.773309115719,272.2724322029146,5000.366110411727,1152.871898384846,80.1330319096504,1150.0836105616172,1.0,1.0,39.0,2868.6267887268846,85.85736368960787,79.23303642719071,0.034562177999760024,150000.0,2900.0
4,17,9,known,3,100.0,300.0,150.0,2945.3396784177608,119.33293704424362,2942.921247909708,639.3480195147292,70.09177457043855,635.4943219218985,1.0,1.0,345.0,271.77642660901074,908.4801671496853,94.63747894931078,0.5421042699999816,150000.0,2900.0
4,18,9,known,3,100.0,300.0,150.0,989.8801529829014,63.44369861496263,987.8449343776108,684.9726968851804,50.22907798712638,683.128564182995,1.0,1.0,191.0,1187.1093644315526,207.96406146940382,95.21395529924095,0.20607872400069027,150000.0,2900.0
4,19,9,known,3,100.0,300.0,150.0,2023.8704745944324,84.33618847952009,2022.112535258075,1135.3966456379364,56.309651641287054,1133.9994559336944,1.0,1.0,136.0,676.0531928470467,364.2921839535956,88.86243069596622,0.14788642800340313,150000.0,2900.0
4,20,9,known,3,100.0,300.0,150.0,1606.4700084026963,76.11172051850811,1604.6659758021517,813.1358010055375,65.76253778044455,810.4721583753465,1.0,1.0,90.0,1568.66300871599,156.5998010443766,68.71389960267656,0.11403346100269118,150000.0,2900.0
4,21,9,known,3,100.0,300.0,150.0,1617.5060905325481,54.895130297036616,1616.5743031421596,451.6668156286521,31.80067514059808,450.54592374221846,1.0,1.0,209.0,1561.0256250844143,157.76472968500647,103.0250112454125,0.2906879410002148,150000.0,2900.0
4,22,9,known,3,100.0,300.0,150.0,2232.097872606318,67.09550597601181,2231.0892196349914,1171.3315448891162,39.19825503637716,1170.6754822983298,1.0,1.0,34.0,801.7264370869569,306.9077742101452,68.87229326468871,0.033877350000693696,150000.0,2900.0
4,23,9,known,3,100.0,300.0,150.0,1548.5462181962066,65.40621182582758,1547.164314914343,927.2908980331038,48.60550444676422,926.01615240368,1.0,1.0,201.0,964.0896664576547,256.3878586800811,91.6782935309799,0.303634954001609,150000.0,2900.0
4,24,9,known,3,100.0,300.0,150.0,715.0100243435511,47.051644337923285,713.460214501736,435.3126775516425,32.57450429545638,434.0921894103666,1.0,1.0,145.0,1212.067410867029,203.8665689695505,87.75923487574765,0.22525957499965443,150000.0,2900.0
4,25,9,known,3,100.0,300.0,150.0,2036.7951569770723,84.49054626771459,2035.0419796841147,597.3106215670906,54.51752680967904,594.8174660409865,1.0,1.0,93.0,1725.6176552167576,143.61378119903054,74.79829609350165,0.19567740599813988,150000.0,2900.0
4,26,9,known,3,100.0,300.0,150.0,1856.0427325415112,86.52752487693505,1854.0247065394872,1550.3277830300758,68.60343751457015,1548.80915647995,1.0,1.0,30.0,1446.3691293331801,170.8027460066992,64.99957901219344,0.06011920899982215,150000.0,2900.0
4,27,9,known,3,100.0,300.0,150.0,1544.125711886712,76.53015274180633,1542.2280472844996,1287.0426577169699,73.83348784015779,1284.923117877688,1.0,1.0,31.0,1389.1041333457574,177.3966073463027,73.7393575937428,0.038066717999754474,150000.0,2900.0
4,28,9,known,3,100.0,300.0,150.0,1675.3038362675686,152.1292640967066,1668.3823395188006,1017.4592678451273,61.2799821262824,1015.6121924802522,1.0,1.0,96.0,1492.355726178952,166.36650405729833,85.61777026108405,0.16198600300049293,150000.0,2900.0
4,29,9,known,3,100.0,300.0,150.0,2029.9332485772875,82.53682367693912,2028.254586193967,641.3646958257316,59.18819691420766,638.6277713955744,1.0,1.0,37.0,1726.9174692631466,143.57426027497266,63.182877495178,0.050364350998279406,150000.0,2900.0
4,30,9,known,3,100.0,300.0,150.0,1735.6260845124982,62.50469187923678,1734.5002360141862,1221.681121388522,42.83240094850932,1220.9300339438385,1.0,1.0,33.0,780.0032139435959,316.1225914738299,74.93906309287856,0.03597821999937878,150000.0,2900.0
4,31,9,known,3,100.0,300.0,150.0,2133.8631353749315,66.05703242033282,2132.840441519232,956.036285331938,37.15474079839453,955.3140342879376,1.0,1.0,129.0,1732.4680714370668,142.40028766778065,94.92341797289518,0.15505828699679114,150000.0,2900.0
4,32,9,known,3,100.0,300.0,150.0,2738.317770873525,134.52028419160726,2735.0116101074896,940.0630854201808,63.22433810341678,937.9345860139154,1.0,1.0,102.0,1943.7638628313966,126.97723109070803,81.69820325483833,0.11351366400049301,150000.0,2900.0
4,33,9,known,3,100.0,300.0,150.0,3084.8775253571876,109.03875012327231,3082.949869431133,721.396848638776,57.58164586729207,719.0951030880204,1.0,1.0,126.0,408.2463626750052,604.9681350297737,70.63529072577471,0.1752535599989642,150000.0,2900.0
4,34,9,known,3,100.0,300.0,150.0,1223.6375303284958,62.135365706223695,1222.0589191839215,936.0527372208039,40.80798422443262,935.1627854454526,1.0,1.0,51.0,830.1852179463268,296.7525890629029,53.92730663144531,0.05872856799760484,150000.0,2900.0
4,35,9,known,3,100.0,300.0,150.0,2799.7228637546023,64.20486660645416,2798.986575340138,1102.0043782269763,35.99177742688331,1101.4164705455782,1.0,1.0,113.0,443.3457756211844,556.3890922347781,64.97135421854937,0.18032345100073144,150000.0,2900.0
4,36,9,known,3,100.0,300.0,150.0,7333.361709934786,526.9684758627764,7314.40347493796,1600.4612964791681,66.93992931109743,1599.0607891483066,1.0,1.0,96.0,1859.3983395104826,132.8667143641241,65.33377033908441,0.1151783390014316,150000.0,2900.0
4,37,9,known,3,100.0,300.0,150.0,2049.4050857747425,79.9993477851325,2047.8430872391893,1351.4504080507102,61.33498653793882,1350.057859814468,1.0,1.0,39.0,710.778449232576,347.16521893516943,81.60485125235897,0.04267574600089574,150000.0,2900.0
4,38,9,known,3,100.0,300.0,150.0,1858.3631513766566,96.76385591695511,1855.842223515421,973.0194570867208,63.487239146816115,970.9460511968992,1.0,1.0,87.0,1596.0993852477422,154.4038431973199,85.55435396534303,0.1374110369979462,150000.0,2900.0
4,39,9,known,3,100.0,300.0,150.0,3365.0119796431695,152.77108728324203,3361.5422975224237,1368.806909639479,51.46904704672914,1367.8389134225135,1.0,1.0,24.0,605.0712956361655,408.42627268296553,79.49617045732032,0.025783386001421604,150000.0,2900.0
4,40,9,known,3,100.0,300.0,150.0,3899.3835006290487,142.86597498605474,3896.765453317577,1015.9139639431669,51.07175579015741,1014.6294189975118,1.0,1.0,74.0,639.0489976131391,386.7617268310974,65.21935844780543,0.08992830400165985,150000.0,2900.0
4,41,9,known,3,100.0,300.0,150.0,1203.8476255482412,80.51948696353412,1201.151829602431,1005.9900958400553,62.482985801432015,1004.0477824354882,1.0,1.0,40.0,1043.1597397031596,237.06683773577006,80.29587614321552,0.06375728899729438,150000.0,2900.0
4,42,9,known,3,100.0,300.0,150.0,1377.7567675464159,48.50648869308666,1376.9026222193843,892.7682359358206,39.75018554956269,891.8828655404993,1.0,1.0,71.0,694.6422394147008,355.1247013944423,87.75137435718287,0.07066164100251626,150000.0,2900.0
4,43,9,known,3,100.0,300.0,150.0,1919.2174991354598,64.77185329133447,1918.1241920191128,981.6685820246146,43.248585539936194,980.7154351711879,1.0,1.0,123.0,1641.9802814634793,149.56784172937614,77.39168635450304,0.2034038719975797,150000.0,2900.0
4,44,9,known,3,100.0,300.0,150.0,1737.4000830928564,58.831937987826215,1736.4037122177726,651.6633726108026,55.25065775365479,649.3169611370662,1.0,1.0,134.0,1616.406936273236,153.37486490821718,103.77542884045818,0.146662772000127,150000.0,2900.0
4,45,9,known,3,100.0,300.0,150.0,1115.838274732094,50.5505082368774,1114.6926488831302,1068.7411222798837,28.317904667030206,1068.365893655977,1.0,1.0,118.0,1046.2095745587496,236.9584451860668,99.50847264842744,0.10084457400080282,150000.0,2900.0
4,46,9,known,3,100.0,300.0,150.0,2990.8986788559405,148.39047174104306,2987.2152877016883,1596.9115791341242,70.72431520286139,1595.3446846408233,1.0,1.0,36.0,1833.2115636925435,134.748232721283,67.59997934569928,0.058265324998501455,150000.0,2900.0
4,47,9,known,3,100.0,300.0,150.0,2047.7910189966499,84.07268803899044,2046.0644761613053,870.8797857201469,51.99805652626902,869.3260627022864,1.0,1.0,125.0,476.9871386130114,517.2502188061047,84.50492479032101,0.19080163100079517,150000.0,2900.0
4,48,9,known,3,100.0,300.0,150.0,4275.174934005379,203.00775547277846,4270.352276752564,1450.911835773646,47.51964793215931,1450.1334553234938,1.0,1.0,56.0,792.8045400906975,310.3059834587003,96.83729436248126,0.08253769199654926,150000.0,2900.0
4,49,9,known,3,100.0,300.0,150.0,1130.885621699856,53.58446524589955,1129.6154188270364,292.3794552996533,52.05532119986654,287.7081671001028,1.0,1.0,96.0,1430.627527080649,173.48978073962425,84.61428913812769,0.1564594709998346,150000.0,2900.0
4,50,9,known,3,100.0,300.0,150.0,3002.8759538645854,132.1511621711684,2999.9666772540913,1260.2244995512208,62.885339938990455,1258.6545289672947,1.0,1.0,41.0,483.9826512721177,508.3624005135965,70.56872653743575,0.03887174900228274,150000.0,2900.0
4,51,9,known,3,100.0,300.0,150.0,5773.81375334837,303.2703981327079,5765.843591702017,1237.9979659726714,53.86131654032039,1236.8257445303338,1.0,1.0,244.0,1259.8575527621501,195.41493790679056,83.46404391384597,0.3846680030001153,150000.0,2900.0
4,52,9,known,3,100.0,300.0,150.0,2019.384559579187,104.92581404380844,2016.6567811638326,1434.9300199630632,60.35654828268994,1433.6600884695774,1.0,1.0,30.0,886.7655270645736,278.82439818376946,78.74448276986882,0.024476376001985045,150000.0,2900.0
4,53,9,known,3,100.0,300.0,150.0,1192.251470451072,76.8691114659766,1189.770863862103,576.6263508015401,52.47365248518874,574.2338062440806,1.0,1.0,311.0,652.1934981359328,377.7994206374358,96.52038651190156,0.45128862999990815,150000.0,2900.0
4,54,9,known,3,100.0,300.0,150.0,1777.778550246955,99.21160841528896,1775.00806490388,913.5244854201052,50.705095440686776,912.1162090207688,1.0,1.0,27.0,1640.453442665019,149.5744715925589,66.33691219681617,0.032356804000301054,150000.0,2900.0
4,55,9,known,3,100.0,300.0,150.0,2175.4783794728455,136.7476045409104,2171.1762416271326,1436.051022152068,91.79582675876958,1433.1141142329432,1.0,1.0,36.0,1623.5534858992526,151.8055172386666,81.18767016763255,0.03269953100243583,150000.0,2900.0
4,56,9,known,3,100.0,300.0,150.0,1357.3867126781154,79.75830828265366,1355.0414384862884,733.6541016229364,55.00994310102531,731.58885105514,1.0,1.0,342.0,1392.1293656102905,177.6034438511524,93.94942077426359,0.514374891998159,150000.0,2900.0
4,57,9,known,3,100.0,300.0,150.0,1681.7428446241904,99.63039155547573,1678.789081607087,927.4112664759332,60.34214897458601,925.4460990482498,1.0,1.0,36.0,1571.6697986929385,156.96277371576724,57.91265645143116,0.03478624600029434,150000.0,2900.0
4,58,9,known,3,100.0,300.0,150.0,1291.8711116316822,63.0445625073019,1290.3318767692058,768.8791426685722,42.30746256192722,767.7142793007889,1.0,1.0,38.0,1366.9598154353416,181.11575086342333,81.56421850245154,0.03315483799815411,150000.0,2900.0
4,59,9,known,3,100.0,300.0,150.0,2218.5152745621226,97.53209354140739,2216.3703468046315,1466.560705714796,75.46410136878185,1464.617859016912,1.0,1.0,104.0,1114.0756864942412,221.2672888851794,79.82782931911365,0.14616238300004625,150000.0,2900.0
4,60,9,known,3,100.0,300.0,150.0,3502.2562271134852,115.7052498039553,3500.3444081294324,1141.3268250700003,34.56532265821792,1140.803295969073,1.0,1.0,76.0,689.9511542666673,358.4904776728724,87.42189819682326,0.10379760900104884,150000.0,2900.0
4,61,9,known,3,100.0,300.0,150.0,1777.5982921897921,92.9044896877701,1775.1688494878229,1207.823077397679,50.063218172883346,1206.7850929144652,1.0,1.0,74.0,1432.225754795701,172.2286172146896,71.63207268543897,0.10051099599877489,150000.0,2900.0
4,62,9,known,3,100.0,300.0,150.0,1516.6115755060753,117.95019102906478,1512.0179970473985,1076.4399994251996,68.11561167628135,1074.2827075814307,1.0,1.0,36.0,1359.4191715873662,181.03482963313348,67.50106525608307,0.031113956996705383,150000.0,2900.0
4,63,9,known,3,100.0,300.0,150.0,2022.3123926021176,110.73856567987256,2019.2781837437024,741.944754273074,57.582569645929624,739.7068784770788,1.0,1.0,169.0,1737.9442321194283,142.081291332665,83.73711813974998,0.23290968199944473,150000.0,2900.0
4,64,9,known,3,100.0,300.0,150.0,2210.035770214352,90.88535743387206,2208.166197873489,673.1461972220054,49.89046297917312,671.2948268370395,1.0,1.0,238.0,1770.4028563736244,139.45750610624333,94.65826103071106,0.3258526650024578,150000.0,2900.0
4,65,9,known,3,100.0,300.0,150.0,2071.2740144978457,75.81363874768735,2069.886068196474,614.3527547966412,54.15351890073098,611.9613580258888,1.0,1.0,129.0,432.3655329089275,571.4342494063781,79.61185829043842,0.21137914499922772,150000.0,2900.0
4,66,9,known,3,100.0,300.0,150.0,2620.601701124948,91.45777681302076,2619.005298009034,897.8282035390995,28.505545632050037,897.375571841838,1.0,1.0,215.0,370.5616121503745,667.3774665649083,65.73120679521223,0.31114864199844305,150000.0,2900.0
4,67,9,known,3,100.0,300.0,150.0,2283.788329111481,75.44593542838226,2282.5417943628427,844.5496654291836,51.68224552794606,842.9668337922525,1.0,1.0,63.0,1796.0081629748986,137.93158151893218,89.17094935304813,0.08210830800089752,150000.0,2900.0
4,68,9,known,3,100.0,300.0,150.0,2970.4751918132515,160.0117741929922,2966.162351810431,1476.0481588343716,58.29070832022929,1474.8967287650564,1.0,1.0,38.0,1933.2469799075457,127.469812400429,64.00697241437345,0.05332214100053534,150000.0,2900.0
4,69,9,known,3,100.0,300.0,150.0,1234.4969710002442,81.333861071701,1231.8147484309266,1190.810911798388,71.60347742166319,1188.6562033150012,1.0,1.0,27.0,1159.0568866556061,213.25677867547768,66.96532235270462,0.028764319999027066,150000.0,2900.0
4,70,9,known,3,100.0,300.0,150.0,1136.6250872709363,63.435015841045,1134.8535534503606,1082.7445897719806,61.53547012227772,1080.9945571543478,1.0,1.0,39.0,1049.9892493199816,235.22424599118654,67.1673120707208,0.03438377299971762,150000.0,2900.0
4,71,9,known,3,100.0,300.0,150.0,1442.3772692357554,67.86312952893822,1440.7799215905716,943.2950750830704,71.14951281373826,940.6079658935189,1.0,1.0,89.0,757.9366223257848,325.76361532588925,86.41890206674323,0.12727282700143405,150000.0,2900.0
4,72,9,known,3,100.0,300.0,150.0,2617.031479999241,56.081302404482656,2616.430517867355,435.984884268578,39.504242728655484,434.1914717231567,1.0,1.0,531.0,176.75908811891702,1396.0621777897584,69.09560199880963,0.8241707460001635,150000.0,2900.0
4,73,9,known,3,100.0,300.0,150.0,4286.268461579758,229.4860618679154,4280.120731024027,850.667052331874,68.1840059402741,847.9300532808918,1.0,1.0,107.0,2595.1937040396465,95.35098857976521,101.76836461271546,0.16835324599742307,150000.0,2900.0
4,74,9,known,3,100.0,300.0,150.0,6029.117278923808,336.1619123259293,6019.73839396024,1617.6283254820871,56.987069291514786,1616.6242214366164,1.0,1.0,32.0,1468.8671071327935,168.10235461793798,73.4543853678128,0.04660153700024239,150000.0,2900.0
4,75,9,known,3,100.0,300.0,150.0,3034.0116384123967,131.10061873882435,3031.1778650861406,1073.609793312679,65.64588773733608,1071.6009545162183,1.0,1.0,32.0,2085.725153197628,118.10458426851193,88.24323737083836,0.05075257299904479,150000.0,2900.0
4,76,9,known,3,100.0,300.0,150.0,2938.9830056117694,123.53980526944375,2936.38536704377,908.2596962445238,53.29988923100956,906.6944345423968,1.0,1.0,39.0,2068.3919712001984,119.3271884000358,72.07237446124762,0.026257500001520384,150000.0,2900.0
4,77,9,known,3,100.0,300.0,150.0,2547.273361066302,110.49854063211404,2544.8755664110945,1350.6112198571614,48.23502582881018,1349.7496247405822,1.0,1.0,29.0,1865.2142170600723,132.29831161322676,55.6845348828771,0.025328445997729432,150000.0,2900.0
4,78,9,known,3,100.0,300.0,150.0,1183.3954531186948,61.21561021098031,1181.8110879190879,916.9086183276459,59.028345653673234,915.0065949341038,1.0,1.0,164.0,1305.9865115271366,189.43687370721602,99.88436231563509,0.2381076799974835,150000.0,2900.0
4,79,9,known,3,100.0,300.0,150.0,2187.0246216533947,98.05830709209232,2184.825225076003,1224.0927506069918,55.42529648236164,1222.8373148536289,1.0,1.0,66.0,1488.5784087684033,165.89687294772125,86.68238159577491,0.08549668799969368,150000.0,2900.0
4,80,9,known,3,100.0,300.0,150.0,1208.0080975244625,78.40306550321158,1205.4611246342083,847.0332814636537,46.3913338489208,845.7619192484391,1.0,1.0,109.0,984.5101944741168,250.1634777711351,81.81691927865171,0.12047489899850916,150000.0,2900.0
4,81,9,known,3,100.0,300.0,150.0,2278.415281052078,81.63807638986904,2276.9522211533076,967.7126298723402,55.4816147003391,966.1208643046087,1.0,1.0,32.0,483.13760310543273,511.15298324974066,56.344687238752705,0.04262605599797098,150000.0,2900.0
4,82,9,known,3,100.0,300.0,150.0,2429.985719263828,94.7933162587893,2428.136080004332,766.0173199873624,45.9724453909989,764.6365599324903,1.0,1.0,400.0,459.01620941976273,538.698872969583,76.6038145034589,0.6176602740015369,150000.0,2900.0
4,83,9,known,3,100.0,300.0,150.0,2293.800778173683,60.7597096721807,2292.9959153105233,962.5337649942841,42.478296290920106,961.5959874595425,1.0,1.0,112.0,1772.6756661503146,139.59947371025748,99.29810745899815,0.14142601400089916,150000.0,2900.0
4,84,9,known,3,100.0,300.0,150.0,2450.298197640009,139.1682903976896,2446.3428713705816,858.4724554569156,47.163305453189736,857.1759325814946,1.0,1.0,44.0,1899.938051621278,129.56205711329505,84.9321441887581,0.10583060600038152,150000.0,2900.0
4,85,9,known,3,100.0,300.0,150.0,2562.858778064949,98.36161127823846,2560.9705405824784,1077.6367434272959,41.71160759517391,1076.8291844932571,1.0,1.0,82.0,435.7215652729472,569.5901069528368,56.35647035503287,0.07560390000071493,150000.0,2900.0
4,86,9,known,3,100.0,300.0,150.0,2987.613032035632,99.25491802434526,2985.9638461369764,446.2384171299807,38.501647412830565,444.5743448166669,1.0,1.0,176.0,2110.1988903697447,116.95727953170547,88.4848130237253,0.2897302050005237,150000.0,2900.0
4,87,9,known,3,100.0,300.0,150.0,3263.579976911348,179.69600310509358,3258.6291001224313,1366.7365853289978,65.23052099291893,1365.1790625437243,1.0,1.0,494.0,2041.273707302662,121.12597586194276,71.84039583933689,0.7906386659997224,150000.0,2900.0
4,88,9,known,3,100.0,300.0,150.0,2095.973842167464,44.963596126725825,2095.491498926587,994.0389501778166,28.610339370110538,993.6271347702531,1.0,1.0,58.0,594.617908952862,416.0609458661993,60.621537782972084,0.03833241699976497,150000.0,2900.0
4,89,9,known,3,100.0,300.0,150.0,1542.3004126074272,75.81879743579601,1540.435676256698,1031.7615465220492,36.79453071646763,1031.1052571832447,1.0,1.0,113.0,856.9357865728604,287.91144597178203,83.22798807317578,0.14509993699903134,150000.0,2900.0
4,90,9,known,3,100.0,300.0,150.0,5484.9815757287415,326.0037150276028,5475.284875134074,1493.0493874807185,61.639689899998274,1491.7764651869195,1.0,1.0,75.0,1233.7201740694761,200.25162975621922,77.98982158729243,0.09902732300179196,150000.0,2900.0
4,91,9,known,3,100.0,300.0,150.0,2999.893829070895,126.82446049040205,2997.211794638303,558.4727829780516,53.28890458160652,555.9245829928213,1.0,1.0,118.0,2107.8816343980156,117.36508893796274,65.42826066459492,0.14702309999847785,150000.0,2900.0
4,92,9,known,3,100.0,300.0,150.0,2736.4347735767406,140.08188278808467,2732.846928782242,1412.0351880337953,59.06806178845413,1410.7991835559699,1.0,1.0,58.0,717.7278660091657,343.9761366344923,81.26741793551359,0.08075444899805007,150000.0,2900.0
4,93,9,known,3,100.0,300.0,150.0,992.9824928817134,63.33787156880312,990.9604155538785,796.8815509404467,35.67575076145631,796.0825629523977,1.0,1.0,102.0,833.4992990153071,296.04633149583196,87.10506872926501,0.13361663199975737,150000.0,2900.0
4,94,9,known,3,100.0,300.0,150.0,2095.2560921051904,79.9956295603292,2093.728442457417,1248.117758613906,59.86619863881795,1246.6811852386072,1.0,1.0,170.0,617.1954052203504,399.4096559659947,62.66557483507155,0.329981612998381,150000.0,2900.0
4,95,9,known,3,100.0,300.0,150.0,1377.3741394585381,68.72667977875595,1375.6584472665213,1057.5180270676292,39.50535036738019,1056.779875312433,1.0,1.0,31.0,938.2878288805686,262.9297140873662,53.611246791307295,0.06494014100098866,150000.0,2900.0
4,96,9,known,3,100.0,300.0,150.0,1780.9091725461622,77.58533782872082,1779.2183666467301,721.1975347448712,51.00695141714072,719.3915311075111,1.0,1.0,95.0,1629.5346595398778,151.420336214912,71.2926392133465,0.2747200849989895,150000.0,2900.0
4,97,9,known,3,100.0,300.0,150.0,2738.2180121236356,143.9290397007588,2734.4327224214408,1173.0170973985562,72.14677577930337,1170.7962903656573,1.0,1.0,45.0,467.76702894383345,527.5906777891711,86.49707170946013,0.03586224299942842,150000.0,2900.0
4,98,9,known,3,100.0,300.0,150.0,1939.376644564198,85.15353261497955,1937.5062955676494,571.1786405981508,54.486465625800854,568.5738866138331,1.0,1.0,74.0,1695.1774072861142,145.85616498507144,75.18675432660162,0.11849769800028298,150000.0,2900.0
4,99,9,known,3,100.0,300.0,150.0,2041.5348162075884,94.28455331820257,2039.3564741832997,820.2804054229964,48.96721882733937,818.8175346200342,1.0,1.0,232.0,425.46041156396115,578.8502073314809,79.0132147562271,0.3469766140005959,150000.0,2900.0
5,0,10,known,3,100.0,300.0,150.0,4835.858255233794,267.3605629576656,4828.461804145063,1309.171523990092,51.89445880790872,1308.1425932869756,1.0,1.0,41.0,378.0136477375527,736.0174356635979,73.228621078374,0.0587353320006514,150000.0,2900.0
5,1,10,known,3,100.0,300.0,150.0,4532.127989184614,158.79036448341583,4529.345397571022,421.7326522219459,45.834671931316706,419.2345558265746,1.0,1.0,738.0,0.0466276142753052,5982103.338706563,73.89382660272489,1.1312096159999783,150000.0,2900.0
5,2,10,known,3,100.0,300.0,150.0,1610.872738410171,95.01545464171701,1608.0681088599174,965.5740612893187,53.57618624403344,964.0865418116226,1.0,1.0,114.0,1190.205972536656,234.99265704872883,87.29689958253434,0.17191770300269127,150000.0,2900.0
5,3,10,known,3,100.0,300.0,150.0,1960.1222114833429,63.47048932034679,1959.0943267070593,1498.1040268145923,58.20391703607402,1496.97293869988,1.0,1.0,33.0,961.8064028230825,288.70550006765234,84.84531269232296,0.03376426299655577,150000.0,2900.0
5,4,10,known,3,100.0,300.0,150.0,4325.376931916559,168.07245142876295,4322.11027788818,1166.3367007615457,50.41241541673788,1165.2467068887934,1.0,1.0,80.0,275.5688239200581,1014.5254110673142,73.19554102476641,0.14812082199932775,150000.0,2900.0
5,5,10,known,3,100.0,300.0,150.0,8979.266749676095,722.1376788397805,8950.18148054209,1521.1253268963692,67.85819827335787,1519.61097819563,1.0,1.0,56.0,1024.5395550133594,271.9672750374384,84.48574810151706,0.07928515700041316,150000.0,2900.0
5,6,10,known,3,100.0,300.0,150.0,1740.844037379665,57.02777590112082,1739.9097089378245,829.5882909951974,44.63973640125729,828.3863992668871,1.0,1.0,51.0,1254.807547077389,222.26984559899742,81.97458775372911,0.05594963100156747,150000.0,2900.0
5,7,10,known,3,100.0,300.0,150.0,1573.927532367855,70.87997055802343,1572.3307244085954,998.9353727100178,47.925227601945934,997.7850727539493,1.0,1.0,85.0,784.6028154423401,356.50339458082016,80.45920100675654,0.141001085001335,150000.0,2900.0
5,8,10,known,3,100.0,300.0,150.0,4346.68724844799,215.00366985564088,4341.366542664758,645.1045777558915,56.93203863432095,642.5874720367237,1.0,1.0,245.0,1826.033737974067,152.91211420218266,91.12983955919975,0.43317679300162126,150000.0,2900.0
5,9,10,known,3,100.0,300.0,150.0,2023.673089008765,72.72394326872387,2022.3659409844017,1913.7041195047018,63.02659462277833,1912.665968061209,1.0,1.0,44.0,1077.9037143261135,259.8486424800924,78.10678018246026,0.06635467299929587,150000.0,2900.0
5,10,10,known,3,100.0,300.0,150.0,1099.9710742067605,76.75109132658585,1097.2901321308566,830.7239448129002,53.36088055477947,829.0083768647487,1.0,1.0,33.0,1097.3749526720842,255.10390652272378,69.01188502781632,0.041542296999978134,150000.0,2900.0
5,11,10,known,3,100.0,300.0,150.0,1063.7468886672646,49.846550366297635,1062.5783569063817,971.0879325394607,42.11234166042782,970.1743778329953,1.0,1.0,80.0,1016.0220691373819,275.06682742510196,67.30225826271459,0.06446840200078441,150000.0,2900.0
5,12,10,known,3,100.0,300.0,150.0,889.5691095008021,61.033957333939114,887.4728483904221,605.0276408015793,48.121893279842276,603.1108766396842,1.0,1.0,79.0,1057.107997877563,264.0270910895776,86.11624789741182,0.12335985699974117,150000.0,2900.0
5,13,10,known,3,100.0,300.0,150.0,4049.2808772120757,219.2059843151844,4043.343215582349,1689.54213567678,79.42785931245652,1687.6740927656308,1.0,1.0,32.0,1676.6559039823521,166.97880106856394,81.70160837752185,0.042232927997247316,150000.0,2900.0
5,14,10,known,3,100.0,300.0,150.0,1696.9618722527891,79.91836772447172,1695.0789510757154,1071.7872393887972,50.322173605141394,1070.6052332023753,1.0,1.0,45.0,1210.5109895439973,230.7779409777362,73.61451249715097,0.050410169998940546,150000.0,2900.0
5,15,10,known,3,100.0,300.0,150.0,3258.8865381903147,112.80865302600621,3256.9334774601266,806.2011438554027,36.006467691468806,805.3966840247997,1.0,1.0,106.0,1592.8574868709172,175.23410586018022,80.77566456289566,0.1563215130008757,150000.0,2900.0
5,16,10,known,3,100.0,300.0,150.0,1662.2300646007873,56.5157066553661,1661.2690217312734,1097.8699403820783,36.11845631795226,1097.2756550237302,1.0,1.0,67.0,1153.324401528751,241.8604898260335,61.89186777933048,0.08980756200253381,150000.0,2900.0
5,17,10,known,3,100.0,300.0,150.0,2175.114437248608,106.86775994044636,2172.4875366760198,1506.2953107745743,54.937558622334244,1505.2931368720479,1.0,1.0,34.0,880.3139792896784,317.62950987465354,63.236347078921376,0.04440185599742108,150000.0,2900.0
5,18,10,known,3,100.0,300.0,150.0,2048.7747230352948,154.91176567532574,2042.9097411789153,1195.4619364797231,65.02868663244931,1193.691966751351,1.0,1.0,33.0,1288.064722308538,216.70350186714316,62.59332626981482,0.04743930000040564,150000.0,2900.0
5,19,10,known,3,100.0,300.0,150.0,1971.0790173569255,57.50768811584384,1970.2399240885138,1117.7106852982606,45.44246581207044,1116.7865321227805,1.0,1.0,74.0,684.0334766600926,406.74470388123126,73.01913376251488,0.10933979799665394,150000.0,2900.0
5,20,10,known,3,100.0,300.0,150.0,1825.0545669767566,69.42567706402893,1823.733601107058,855.4562715993,44.62529647418888,854.2915284217479,1.0,1.0,369.0,1165.7402562370712,238.40416475487302,87.52023338033744,0.5660756030010816,150000.0,2900.0
5,21,10,known,3,100.0,300.0,150.0,3839.100912155594,145.41850861794103,3836.345822663182,818.7491367978538,48.5851504925383,817.3063270028247,1.0,1.0,152.0,1694.0269989124395,164.013397730485,63.99308007857455,0.25772460699954536,150000.0,2900.0
5,22,10,known,3,100.0,300.0,150.0,7241.55381457445,429.98673896705293,7228.776732870526,1327.6421246439595,49.381003321960016,1326.7234556003161,1.0,1.0,52.0,634.1129871454254,439.3820890679521,75.26200765763932,0.10381953799878829,150000.0,2900.0
5,23,10,known,3,100.0,300.0,150.0,2339.2488220350106,75.58466178466121,2338.027375865194,1250.0598377784158,60.70930108364162,1248.5847903881158,1.0,1.0,717.0,607.4376145564426,457.97251513975317,90.10870968298529,1.072146194997913,150000.0,2900.0
5,24,10,known,3,100.0,300.0,150.0,3242.555876286707,141.13730394687167,3239.4828093811616,1031.1411470942446,54.38849432286196,1029.705762301118,1.0,1.0,159.0,355.98841778185647,787.910911326387,70.8116363288771,0.23214438099967083,150000.0,2900.0
5,25,10,known,3,100.0,300.0,150.0,3495.3885338949926,99.02524800896984,3493.985547071045,770.6071421381884,50.14814808626595,768.9736866485771,0.0,1.0,2000.0,385.64011333780064,721.065258750063,82.40862240331909,3.4521973129994876,150000.0,2900.0
5,26,10,known,3,100.0,300.0,150.0,1083.2905486327547,48.348344292733024,1082.211093253625,1058.709431420888,41.379783934674606,1057.900455459331,1.0,1.0,40.0,967.9319348719363,287.44398626557745,69.99755870113223,0.05628432299999986,150000.0,2900.0
5,27,10,known,3,100.0,300.0,150.0,1513.731200110586,57.79800268484137,1512.6273622653657,841.8701468882739,56.20164529009594,839.9920947773082,1.0,1.0,158.0,1176.6735076848663,237.76322802930156,79.26961157426044,0.23133964100270532,150000.0,2900.0
5,28,10,known,3,100.0,300.0,150.0,2559.9391704740083,85.61792629006705,2558.5070113691195,683.9428312141669,43.06282516118903,682.5858110584978,1.0,1.0,102.0,1430.9295604406045,195.5097774984816,82.21616129807792,0.18383640299725812,150000.0,2900.0
5,29,10,known,3,100.0,300.0,150.0,4653.437077434913,244.8902558449723,4646.988852605326,1490.3863975274694,68.23158803376862,1488.8237183526119,1.0,1.0,45.0,1861.6388328309188,149.26522313095307,85.13097989341709,0.06597018499815022,150000.0,2900.0
5,30,10,known,3,100.0,300.0,150.0,6122.236487443779,368.7264321236382,6111.122681344347,1177.0329624746917,40.35472959074866,1176.3409754623046,1.0,1.0,149.0,480.64584842331874,577.8696278647577,67.73747950042643,0.2579507209993608,150000.0,2900.0
5,31,10,known,3,100.0,300.0,150.0,4103.131877634473,221.7303958939087,4097.136419109928,1149.9287347488912,60.49029747192675,1148.33663135552,1.0,1.0,265.0,348.5358806112813,798.5747900468654,69.1475195408707,0.39369596100004856,150000.0,2900.0
5,32,10,known,3,100.0,300.0,150.0,6709.844857219466,386.4103679874238,6698.70920666559,1304.5709500109776,48.97255578839762,1303.6514305565336,1.0,1.0,40.0,539.8979650577014,518.7130987409612,64.18039716436823,0.048856884000997525,150000.0,2900.0
5,33,10,known,3,100.0,300.0,150.0,1978.0403351393802,52.028021179768366,1977.355975147224,1421.460353245403,48.287545134271625,1420.639943417561,1.0,1.0,32.0,1218.637893038103,228.1919536402888,85.90076401701579,0.0352940970005875,150000.0,2900.0
5,34,10,known,3,100.0,300.0,150.0,1263.6594961732164,58.101870735166244,1262.3230548816819,858.562709478401,38.27898397414997,857.7089515055791,1.0,1.0,557.0,838.1395501346376,334.2325974314932,92.93225160272283,0.8101985339999374,150000.0,2900.0
5,35,10,known,3,100.0,300.0,150.0,3274.9615268565985,152.91110782047394,3271.389795713134,1136.7060460379212,52.32730133059404,1135.5009857479747,1.0,1.0,33.0,1560.7543462875851,179.16696603043758,73.40918924876914,0.05244360399956349,150000.0,2900.0
5,36,10,known,3,100.0,300.0,150.0,2434.2306955664017,165.36293966358443,2428.6074564291994,836.0956369339399,61.83045101338472,833.8062781170769,1.0,1.0,126.0,1397.9492896657919,199.81942436037178,70.63569980067017,0.2315345660026651,150000.0,2900.0
5,37,10,known,3,100.0,300.0,150.0,7101.46315349867,361.43488814081616,7092.259424339602,1007.0984733466055,83.08893373808708,1003.6650657003715,1.0,1.0,404.0,572.6550124022292,486.7549381718353,84.81048831629211,0.6071336040004098,150000.0,2900.0
5,38,10,known,3,100.0,300.0,150.0,2981.606969881995,97.00155672726343,2980.0286610771686,891.5717558706887,46.9762330992995,890.333324879027,1.0,1.0,22.0,1518.2693005925653,183.29092736940754,87.22528691341621,0.031135572000493994,150000.0,2900.0
5,39,10,known,3,100.0,300.0,150.0,3032.9862853275326,142.67192188829242,3029.62877753853,1305.8939522068938,75.28251100315205,1303.72219354723,1.0,1.0,76.0,1478.470669769421,188.6098642297475,68.78264992185657,0.1351525389982271,150000.0,2900.0
5,40,10,known,3,100.0,300.0,150.0,2079.423335061807,106.67758430407021,2076.6851709892417,441.6648547325015,37.522791048381784,440.0680448042338,1.0,1.0,547.0,530.5224344962137,524.500673110662,76.93446465303211,0.9900813290005317,150000.0,2900.0
5,41,10,known,3,100.0,300.0,150.0,3928.125221853383,184.40527693383763,3923.794394766327,1257.1722343446056,51.812876899183,1256.1040771347086,1.0,1.0,69.0,1689.9950675865782,166.1423137272549,77.61498529420493,0.10816837799939094,150000.0,2900.0
5,42,10,known,3,100.0,300.0,150.0,857.2786916147494,44.098901815550796,856.143704033008,681.8731126467499,36.348497699268044,680.9036117289829,1.0,1.0,53.0,1047.6017547722888,266.4220170131219,63.788690617413764,0.051913796000008006,150000.0,2900.0
5,43,10,known,3,100.0,300.0,150.0,2385.658435737367,83.55274049858718,2384.1948560384144,1232.7095750056833,52.515060073091355,1231.5904614668839,1.0,1.0,99.0,634.473342495867,439.07783462320344,87.11742811318943,0.23478272200009087,150000.0,2900.0
5,44,10,known,3,100.0,300.0,150.0,10256.350481911508,840.6285752398177,10221.842730461894,1359.505463375077,49.536346939162975,1358.6026848488877,1.0,1.0,69.0,1211.3683901956315,230.87140212472144,89.77782717251081,0.11499357299908297,150000.0,2900.0
5,45,10,known,3,100.0,300.0,150.0,1948.4650587328458,99.98363686160967,1945.8980850657924,1270.8154564083925,55.89353350520839,1269.5856950827592,1.0,1.0,32.0,1255.6755030448317,222.56116177029807,90.25803173561384,0.03092000800097594,150000.0,2900.0
5,46,10,known,3,100.0,300.0,150.0,1116.9156530738353,74.762980927922,1114.410639200884,754.5453560696911,48.86745627845311,752.9612646632033,1.0,1.0,227.0,794.634860603221,352.27011261495306,59.64861387647272,0.35650337300103274,150000.0,2900.0
5,47,10,known,3,100.0,300.0,150.0,3212.3496214339607,152.0583500287714,3208.7487200641685,1293.3216702696436,47.70464082223211,1292.4415692916577,1.0,1.0,28.0,1513.4013134620657,185.39215739665187,81.46453369324594,0.08493703800195362,150000.0,2900.0
5,48,10,known,3,100.0,300.0,150.0,1307.3620964882377,48.20994566812468,1306.472905372628,824.2850044965651,38.59844285234199,823.3807921291806,1.0,1.0,124.0,1150.7621968539172,243.74483928921015,72.89621492708163,0.24355100999673596,150000.0,2900.0
5,49,10,known,3,100.0,300.0,150.0,3818.3586519686905,105.71103965873102,3816.8950694456385,938.2627994216641,55.810872583949326,936.6014239152086,1.0,1.0,220.0,264.80857537379,1055.103495076424,76.08390572973596,0.3501749919996655,150000.0,2900.0
5,50,10,known,3,100.0,300.0,150.0,2142.3020563874247,112.09467535667754,2139.367402892376,749.826139238567,52.46843403294093,747.9881700371643,1.0,1.0,160.0,546.6695379642939,511.50024993082536,78.38118488974249,0.3117977059991972,150000.0,2900.0
5,51,10,known,3,100.0,300.0,150.0,10403.588466906982,942.9057273901684,10360.771292621741,1497.9596278645356,60.51247089165342,1496.736879875232,1.0,1.0,273.0,1279.0264311884184,218.6957660285151,75.57829625972484,0.4238584369995806,150000.0,2900.0
5,52,10,known,3,100.0,300.0,150.0,3483.0347017188474,157.45071712239078,3479.474098920029,1321.93770815434,51.06775522942254,1320.950941033079,1.0,1.0,44.0,435.5827952515526,640.2311359105857,80.74996975759369,0.06765882599938777,150000.0,2900.0
5,53,10,known,3,100.0,300.0,150.0,1468.8280702578197,61.42246428042557,1467.5432466741927,1132.3780421560919,48.6675612796216,1131.331736864284,1.0,1.0,146.0,817.6693320535423,341.9556845581097,79.82236050366909,0.19192609699894092,150000.0,2900.0
5,54,10,known,3,100.0,300.0,150.0,11122.505332326476,1077.2169266027595,11070.218090022952,1561.5842834410853,77.33526324881643,1559.66814782775,1.0,1.0,700.0,1414.7332520399307,197.93269126894202,113.69766159937272,1.0944022069998027,150000.0,2900.0
5,55,10,known,3,100.0,300.0,150.0,4741.820143136694,222.80415915087374,4736.582795277833,1124.7759684578953,52.08397884703193,1123.5694185798484,1.0,1.0,90.0,1875.967014438118,148.97514708152676,76.9799011737279,0.12037339900052757,150000.0,2900.0
5,56,10,known,3,100.0,300.0,150.0,2558.268805815846,103.33421724729051,2556.181003441721,533.9364782676653,51.044475891163884,531.4909447073143,1.0,1.0,308.0,443.1649756306674,630.0096151044701,97.90967631827232,0.6010978259982949,150000.0,2900.0
5,57,10,known,3,100.0,300.0,150.0,2864.1387952484906,93.0846271961819,2862.6257685256774,1113.0454748026946,48.67928933096772,1111.9804655518853,1.0,1.0,209.0,507.39639844913216,552.7568112554825,72.08193853956547,0.3136442539980635,150000.0,2900.0
5,58,10,known,3,100.0,300.0,150.0,1692.4978855903487,88.48688136986593,1690.183174852133,1113.0851106893372,62.06199486499009,1111.3535766945063,1.0,1.0,69.0,927.9203075949971,300.18460075623744,65.88853599073676,0.08439043299949844,150000.0,2900.0
5,59,10,known,3,100.0,300.0,150.0,7330.373913669709,410.26442153763577,7318.88412386955,880.980481658274,33.38990478159799,880.3475014569647,1.0,1.0,1276.0,626.8703960040845,445.8353338030165,77.01526271080843,2.1542104200016183,150000.0,2900.0
5,60,10,known,3,100.0,300.0,150.0,7902.287228009532,564.3645649633419,7882.10860568264,1215.2412292773365,57.61968147598522,1213.8744653554986,1.0,1.0,525.0,764.7858315247241,365.31951410171945,89.31635124286973,0.8400846990007267,150000.0,2900.0
5,61,10,known,3,100.0,300.0,150.0,4938.5266583808925,211.56914441382148,4933.992709020834,1286.6787030517153,52.52529746127982,1285.6061519817988,1.0,1.0,400.0,300.59905313906796,935.0307035537302,74.2738444189279,0.7858150119973288,150000.0,2900.0
5,62,10,known,3,100.0,300.0,150.0,1689.186377883567,70.61551670136434,1687.7097108295623,1097.4193367828454,56.8694657759202,1095.9448273554933,1.0,1.0,114.0,751.8286596553298,370.0555125887928,82.87813738895976,0.16423051400124677,150000.0,2900.0
5,63,10,known,3,100.0,300.0,150.0,4463.66891556629,235.90087885311598,4457.43098243249,1214.6786508488196,60.97265628557857,1213.147377697116,1.0,1.0,47.0,1813.0355771221016,153.14801214853435,66.83837744296348,0.05980964699847391,150000.0,2900.0
5,64,10,known,3,100.0,300.0,150.0,7559.3882379918505,500.5021339634363,7542.801080937212,1699.0915711804937,60.85985025156355,1698.001250259833,1.0,1.0,127.0,763.372795368032,365.20094604798413,73.01147958451608,0.15625139699841384,150000.0,2900.0
5,65,10,known,3,100.0,300.0,150.0,2724.22729158089,70.22260426443448,2723.3220746074953,254.68289243808948,45.415214257602905,250.600945757528,1.0,1.0,1105.0,391.33721924087115,711.3473315806767,75.5603520790745,1.9752355919990805,150000.0,2900.0
5,66,10,known,3,100.0,300.0,150.0,3255.8805674899845,70.38931420136457,3255.1196005992106,419.37997404714844,50.2598024482145,416.3574364529273,1.0,1.0,1615.0,265.3872210153873,1049.6672167550503,76.6450635035468,2.648252496997884,150000.0,2900.0
5,67,10,known,3,100.0,300.0,150.0,1321.0845670090177,64.09649882035288,1319.5287310355832,756.7659470461687,51.22309231717934,755.0303923830817,1.0,1.0,29.0,824.6661683451626,337.57394567706086,69.09186602438119,0.05763885100168409,150000.0,2900.0
5,68,10,known,3,100.0,300.0,150.0,1885.712082530359,87.29243156838959,1883.6905503802534,1201.885739086154,59.81674022226993,1200.39630431281,1.0,1.0,30.0,1220.9091586656064,229.27693494728555,64.52088166152792,0.0461058580003737,150000.0,2900.0
5,69,10,known,3,100.0,300.0,150.0,1704.564367069236,75.14586133138114,1702.90715572133,626.5729743571995,65.03548606332568,623.1886373702066,1.0,1.0,145.0,1252.3939258405696,222.94261304330195,70.03693495347146,0.21646613999837427,150000.0,2900.0
5,70,10,known,3,100.0,300.0,150.0,1700.7210136281371,82.6396314813561,1698.712058444557,1270.0351010913364,53.16317543021956,1268.921918315803,1.0,1.0,37.0,1186.3986379945377,234.84242659806222,59.06002283088553,0.07173509600033867,150000.0,2900.0
5,71,10,known,3,100.0,300.0,150.0,3848.483956898455,135.37007327772554,3846.102405002442,748.2102066950777,39.28303956092409,747.1782626693216,1.0,1.0,722.0,305.3823280333653,916.8745780302543,92.11969686297662,1.2547230150012183,150000.0,2900.0
5,72,10,known,3,100.0,300.0,150.0,963.1903207129702,72.37173586385701,960.4675558097767,929.5401802842251,64.43193118498002,927.3044122652516,1.0,1.0,72.0,979.5036772936269,285.2501321547658,66.71198820393745,0.11055987500003539,150000.0,2900.0
5,73,10,known,3,100.0,300.0,150.0,1845.1116465511925,100.45653055095029,1842.3749547007305,740.8767817845315,46.82661079842028,739.3954789613862,1.0,1.0,322.0,612.9702592299258,455.36824145152065,89.80068024811943,0.5192881100010709,150000.0,2900.0
5,74,10,known,3,100.0,300.0,150.0,2969.7296745139865,117.58505096700213,2967.400899015506,872.3858677573035,55.199129183174925,870.6377882909072,1.0,1.0,161.0,1485.5076862979706,187.59885144770954,60.81484552279594,0.2527220750016568,150000.0,2900.0
5,75,10,known,3,100.0,300.0,150.0,2581.5903095588637,154.7032994493228,2576.9507980455746,1424.0466130517534,77.08525678128693,1421.9587263106946,1.0,1.0,46.0,1114.0030749084558,250.52624341005009,74.23644632499835,0.07842272100242553,150000.0,2900.0
5,76,10,known,3,100.0,300.0,150.0,2045.7508596702316,54.88162943608009,2045.0145687969884,1132.9221156009523,30.237084160715455,1132.518537931806,1.0,1.0,140.0,1270.9180804993991,219.24858029243762,75.10526297138523,0.23947947899796418,150000.0,2900.0
5,77,10,known,3,100.0,300.0,150.0,1286.567107958022,97.70509775654452,1282.8517596167735,787.6620158096504,45.63389594473201,786.3389845926675,1.0,1.0,43.0,901.0843026113153,311.11389203220085,69.33358314256624,0.03611620700030471,150000.0,2900.0
5,78,10,known,3,100.0,300.0,150.0,1761.9712636210434,59.37405070849242,1760.970600529379,997.1141376721981,45.27333199652741,996.0858040127384,1.0,1.0,99.0,787.3564277641926,354.90938328023947,104.79864218520173,0.199812695998844,150000.0,2900.0
5,79,10,known,3,100.0,300.0,150.0,1223.3833601186723,64.16641236305722,1221.6994382169894,1015.92823487262,49.050575970655466,1014.7434254077946,1.0,1.0,157.0,938.4696597523982,297.94524212419157,81.77543019402172,0.22918171799756237,150000.0,2900.0
5,80,10,known,3,100.0,300.0,150.0,1455.603356405445,83.67603504579439,1453.1962883030676,1087.7758998448546,50.67621544212289,1086.594832249697,1.0,1.0,33.0,998.1684432749657,280.46368895330824,85.50722925605265,0.024849027002346702,150000.0,2900.0
5,81,10,known,3,100.0,300.0,150.0,1779.8114730398456,118.03432738670388,1775.8932335933468,1171.1524703615291,56.101049797234545,1169.8080103356963,1.0,1.0,92.0,838.7643298501267,332.85690352495374,71.93529853693296,0.14404127600209904,150000.0,2900.0
5,82,10,known,3,100.0,300.0,150.0,1776.5142717232238,66.06098324877684,1775.2855838226426,968.2166785637702,42.25345125433816,967.2942584891923,1.0,1.0,159.0,1220.052773289482,227.6449776063124,100.98972686567416,0.2619950600019365,150000.0,2900.0
5,83,10,known,3,100.0,300.0,150.0,2241.9684573681866,78.48005097408424,2240.594440195055,930.0294460057816,49.106840562016096,928.732086582475,1.0,1.0,178.0,1297.996094119225,215.7078133303948,72.59744242615409,0.29718442900048103,150000.0,2900.0
5,84,10,known,3,100.0,300.0,150.0,3314.0403940331435,124.61156679366402,3311.696799331814,1067.318956228363,45.80060175626667,1066.3358097724968,1.0,1.0,50.0,1572.3180986813918,177.6774484382469,93.50058891641592,0.08378074299980653,150000.0,2900.0
5,85,10,known,3,100.0,300.0,150.0,1206.761652999041,60.853671443337184,1205.2263346860805,923.7034148065368,47.11393461019914,922.5010979347411,1.0,1.0,128.0,813.8621088187675,341.6864642361021,85.54784631253833,0.21297998400041251,150000.0,2900.0
5,86,10,known,3,100.0,300.0,150.0,1524.6779360842474,88.35131338832149,1522.115913524551,1242.6892495442405,49.98056262821379,1241.6837416557387,1.0,1.0,78.0,943.174748422563,296.4685129662447,70.45759312027188,0.13955784000063431,150000.0,2900.0
5,87,10,known,3,100.0,300.0,150.0,3911.3783846825295,221.64037616129752,3905.093649557817,1734.2340231030237,63.47396536270287,1733.0720419559116,1.0,1.0,39.0,1531.7537333762962,182.06966332162298,79.19768276665536,0.05876728099974571,150000.0,2900.0
5,88,10,known,3,100.0,300.0,150.0,1364.1642350944321,69.4485586212588,1362.3953016713638,963.3082696699455,38.35177607055221,962.5445255606301,1.0,1.0,69.0,1110.8651493619418,251.6374603036396,84.24264689459223,0.08967401900008554,150000.0,2900.0
5,89,10,known,3,100.0,300.0,150.0,2971.346909260899,119.95780511688665,2968.9244820584163,1392.574500356803,59.71662293293114,1391.2935218671455,1.0,1.0,54.0,1502.2074632760903,185.20132566392755,71.38324647687,0.06172333299764432,150000.0,2900.0
5,90,10,known,3,100.0,300.0,150.0,2235.444673599492,93.72459096344258,2233.4790327587757,925.4525081685232,61.54943385397396,923.4034936406,1.0,1.0,288.0,1279.0085321588388,217.04361283267917,82.05740145198935,0.4682712400026503,150000.0,2900.0
5,91,10,known,3,100.0,300.0,150.0,2419.83087113353,77.02254616940131,2418.6047573492533,873.1788816180003,36.098289003949375,872.4323886896044,1.0,1.0,311.0,507.63111374003375,552.7364911982,60.295065955111866,0.44049374400128727,150000.0,2900.0
5,92,10,known,3,100.0,300.0,150.0,2585.63863368138,68.87682268995468,2584.7210927451824,505.87486604092715,41.60573501472668,504.16102874558874,1.0,1.0,239.0,1448.1053468909658,192.2992584997459,80.24530954815508,0.3561727359992801,150000.0,2900.0
5,93,10,known,3,100.0,300.0,150.0,1360.617845478327,40.07763309026713,1360.0274647079618,862.1195377000906,30.074136134570296,861.594825669222,1.0,1.0,40.0,806.0111408307862,347.903609828779,69.03177316654929,0.058051599000464194,150000.0,2900.0
5,94,10,known,3,100.0,300.0,150.0,2710.5163028290103,98.95297331760878,2708.709459682498,581.7131537065952,52.72660260933318,579.3186502888979,1.0,1.0,94.0,1488.4310144470574,186.40364107529462,78.84678713474351,0.12594385999909719,150000.0,2900.0
5,95,10,known,3,100.0,300.0,150.0,2766.3919900322676,132.96681433402944,2763.194612907413,1070.2061367694323,54.68148323445765,1068.808266514735,1.0,1.0,39.0,1452.897138447698,192.22957887184583,58.72506114166495,0.05634954599736375,150000.0,2900.0
5,96,10,known,3,100.0,300.0,150.0,2230.4543804631935,146.03998036986746,2225.6682294225748,1278.834757761252,59.32029932326164,1277.4581949114731,1.0,1.0,114.0,787.2199063029765,354.56772912308764,83.89176928680617,0.2064546440014965,150000.0,2900.0
5,97,10,known,3,100.0,300.0,150.0,1698.347681102057,61.63343127272995,1697.228966891116,1239.3825775469031,44.09003175253276,1238.598095681915,1.0,1.0,36.0,1139.115906882047,245.59758089186823,83.5548583320783,0.03626059900125256,150000.0,2900.0
5,98,10,known,3,100.0,300.0,150.0,6411.991851441041,335.25826493864537,6403.221173654448,912.0267383388551,32.18775893627017,911.4585671437133,1.0,1.0,357.0,471.8124090805901,592.7470192709184,65.49505729943994,0.6172690130006231,150000.0,2900.0
5,99,10,known,3,100.0,300.0,150.0,1635.4424906374038,90.71003658849786,1632.9249307437217,939.095039010104,49.86796301279157,937.7700563348903,1.0,1.0,68.0,749.3007096553149,373.84993527544555,61.75698268974304,0.07507956200061017,150000.0,2900.0
6,0,12,known,3,100.0,300.0,150.0,1687.2296699867334,68.24665713082597,1685.8488523809035,1261.4495341866216,42.919648095874834,1260.7191721818824,1.0,1.0,36.0,766.5416255270046,412.3601893928887,82.03828256212893,0.05288529699828359,150000.0,2900.0
6,1,12,known,3,100.0,300.0,150.0,2387.1834019451244,65.59873322813847,2386.281919790945,1031.193534428972,43.679628797753594,1030.2680211848788,1.0,1.0,97.0,766.3245298773211,412.652026455084,79.29979680379799,0.21449458099959884,150000.0,2900.0
6,2,12,known,3,100.0,300.0,150.0,2968.9638406170047,130.7646098930508,2966.082754019313,1017.9318384179574,66.80473236659515,1015.7373456747517,1.0,1.0,58.0,765.7518199223215,413.0455960256627,71.82779036438642,0.14758567900207709,150000.0,2900.0
6,3,12,known,3,100.0,300.0,150.0,2863.944047544677,98.34891924486575,2862.254879906741,1188.3862307349923,53.28936965497127,1187.1908340626194,1.0,1.0,33.0,765.9143741208744,411.70040880579313,73.0842344672867,0.06802455200158875,150000.0,2900.0
6,4,12,known,3,100.0,300.0,150.0,1725.1555030940992,133.50507303854315,1719.9819491287774,901.0804601500992,70.31910880272864,898.3324655168068,1.0,1.0,453.0,766.461380751537,412.06587106434284,107.86267806344615,1.0500068180008384,150000.0,2900.0
6,5,12,known,3,100.0,300.0,150.0,2895.990702436829,137.5184563680197,2892.7237722877576,1352.5167030394541,70.10203462816186,1350.698758695553,1.0,1.0,380.0,765.9091280267666,412.4313163421786,90.58151143806721,0.9128323870027089,150000.0,2900.0
6,6,12,known,3,100.0,300.0,150.0,2294.5466363903233,91.55342483442084,2292.719397783173,837.9703247964034,51.08514424736001,836.4117247364578,1.0,1.0,342.0,766.4708740394728,412.2400883444672,89.18619644926721,0.9329065570018429,150000.0,2900.0
6,7,12,known,3,100.0,300.0,150.0,2340.3708691061875,109.14053680635816,2337.8246615575067,1097.783230136364,50.929640636835884,1096.6012001056863,1.0,1.0,154.0,766.1910816382107,412.29904881015653,67.36228010250815,0.2970702659986273,150000.0,2900.0
6,8,12,known,3,100.0,300.0,150.0,3224.9453928971134,116.57089052268766,3222.8378821546494,1262.9110595399022,55.385969477159364,1261.6959771249465,1.0,1.0,46.0,765.7340379827081,412.01496806840737,84.93057437324742,0.06633144700026605,150000.0,2900.0
6,9,12,known,3,100.0,300.0,150.0,5291.119310495235,226.85906262519214,5286.25373242719,899.7010996537047,55.918205988574044,897.9617046161294,1.0,1.0,312.0,764.4494292799337,414.5160703850038,88.7791616356379,0.5433630759980588,150000.0,2900.0
6,10,12,known,3,100.0,300.0,150.0,1591.8884201377418,127.95275244239177,1586.737796647906,587.8483374439028,61.58137755356612,584.6138911915845,1.0,1.0,233.0,766.4461681341548,412.8326125346635,77.31710323261775,0.4019184300013876,150000.0,2900.0
6,11,12,known,3,100.0,300.0,150.0,1944.6660556602544,77.14948846122275,1943.1351019595586,1402.1342433088132,59.30516155046543,1400.8794859204168,1.0,1.0,67.0,766.4730788750355,413.3897472613103,78.48632629772233,0.10705471899927943,150000.0,2900.0
6,12,12,known,3,100.0,300.0,150.0,2870.3039134955516,111.5244807928538,2868.1364761830564,864.1316544779534,46.77754790519199,862.8646343910397,1.0,1.0,164.0,765.8404114867495,413.4149217286562,87.33078132861846,0.3010282190007274,150000.0,2900.0
6,13,12,known,3,100.0,300.0,150.0,5702.7638969282825,271.3191234564957,5696.305995762117,991.1406866968282,50.379710121245424,989.8594575160452,1.0,1.0,245.0,764.0313328585597,415.7969353212449,80.86738286468083,0.4671867840006598,150000.0,2900.0
6,14,12,known,3,100.0,300.0,150.0,5283.732897161879,230.32881037211084,5278.710256081805,848.2208742979727,55.26742679781646,846.4184326501669,1.0,1.0,364.0,764.4976221115153,413.49201613044494,78.93107725990394,0.6877978020020237,150000.0,2900.0
6,15,12,known,3,100.0,300.0,150.0,4818.1086359347055,195.81471920844314,4814.1278985305225,1182.2701302664298,49.17007518452571,1181.2472072460316,1.0,1.0,286.0,764.9435001528537,413.21640431676906,70.1721958571341,0.524339178999071,150000.0,2900.0
6,16,12,known,3,100.0,300.0,150.0,2244.416486114526,76.73590029117098,2243.104314281701,1186.837951142597,63.31744732125372,1185.1477642627847,1.0,1.0,53.0,766.2505833552248,412.7546723652125,84.20574361449674,0.11630982999849948,150000.0,2900.0
6,17,12,known,3,100.0,300.0,150.0,1840.6697205237099,86.37081560843863,1838.6421898411788,1441.402771570444,59.54758292311329,1440.1722241659058,1.0,1.0,33.0,766.3342123726187,413.0010169432923,69.32806910695334,0.0563346079979965,150000.0,2900.0
6,18,12,known,3,100.0,300.0,150.0,5003.776678623467,235.03944489861934,4998.253445842641,977.9972406714852,51.73106873526276,976.6281274305727,1.0,1.0,338.0,764.504428497938,414.43699251268237,73.30554489124971,0.7418657720008923,150000.0,2900.0
6,19,12,known,3,100.0,300.0,150.0,6871.7610525020655,372.19610613823977,6861.673995553841,1581.6588064522543,42.92354588858921,1581.0762629412664,1.0,1.0,51.0,762.9110087908019,414.1352472984782,78.81292537963901,0.094232274001115,150000.0,2900.0
6,20,12,known,3,100.0,300.0,150.0,4749.895804641489,207.88281418079393,4745.344549189141,1232.4867156240318,49.8871434025665,1231.4766652733801,1.0,1.0,139.0,765.0292763098885,413.16577597621176,71.02557862311689,0.3292721590005385,150000.0,2900.0
6,21,12,known,3,100.0,300.0,150.0,7141.545174134859,410.38029097745556,7129.744419752096,1224.3374091203896,53.64639373025347,1223.161541175722,1.0,1.0,181.0,762.2683032923487,414.4661289997714,67.01355979969712,0.39280191600118997,150000.0,2900.0
6,22,12,known,3,100.0,300.0,150.0,1414.5976433388491,66.86146399891405,1413.0166443364167,1028.877343427757,53.81956713186735,1027.468754762254,1.0,1.0,137.0,766.4598917797657,412.2627177074216,95.26965231344465,0.23743051400015247,150000.0,2900.0
6,23,12,known,3,100.0,300.0,150.0,3496.8839987055317,136.077160010568,3494.2353536827263,1245.5411569728267,39.23633222598344,1244.923003220143,1.0,1.0,36.0,765.3607249610479,411.18987049369656,70.30518684976093,0.06678934499723255,150000.0,2900.0
6,24,12,known,3,100.0,300.0,150.0,5818.8769149104855,237.4774446699935,5814.028982912898,998.0553522867672,53.58536465953101,996.6158211279651,1.0,1.0,411.0,763.9779239162557,414.1642604976564,88.78139364707214,0.7787558620002528,150000.0,2900.0
6,25,12,known,3,100.0,300.0,150.0,7748.861404608999,503.9690000732103,7732.455516509886,902.5502521860873,49.02944977214474,901.2175490835774,1.0,1.0,92.0,761.0064233733128,417.0252449069227,79.91609631213561,0.16191591799724847,150000.0,2900.0
6,26,12,known,3,100.0,300.0,150.0,3817.244990459448,131.3632475170318,3814.9840123373433,862.9884456401717,48.59846200828507,861.6189684534972,1.0,1.0,181.0,765.2722870561527,412.8027942155652,58.59546569351793,0.3531974639990949,150000.0,2900.0
6,27,12,known,3,100.0,300.0,150.0,3750.363317540807,115.84623209431189,3748.5736839583724,923.3395102647888,55.34275807522018,921.6794618220847,1.0,1.0,907.0,765.6583445720439,412.69340892394007,83.26043679530255,1.6707285470001807,150000.0,2900.0
6,28,12,known,3,100.0,300.0,150.0,1549.2014625539514,72.05032810463211,1547.5250956928992,860.9289842307933,55.87867804409118,859.1136649062859,1.0,1.0,278.0,766.4053803629572,412.77771579763606,64.01069024296625,0.5019229749996157,150000.0,2900.0
6,29,12,known,3,100.0,300.0,150.0,4272.179703176353,165.41589425556293,4268.976106534167,1152.769622365037,69.2598658901159,1150.6871309024505,1.0,1.0,481.0,765.3583573729322,413.3693510406563,68.22745177301003,0.9065762989994255,150000.0,2900.0
6,30,12,known,3,100.0,300.0,150.0,7590.998735131243,440.5531329730467,7578.203925323715,887.9567646889678,47.15572256192906,886.7037576251504,1.0,1.0,301.0,761.8767351014006,415.4113221652858,89.78831682660466,0.574201298000844,150000.0,2900.0
6,31,12,known,3,100.0,300.0,150.0,2725.6219563483833,89.69223702053131,2724.145802182152,1188.4109072830252,47.39175864023127,1187.4655808747675,1.0,1.0,54.0,765.9560692276592,414.1015626326633,82.8665501212484,0.0859405240007618,150000.0,2900.0
6,32,12,known,3,100.0,300.0,150.0,1018.3729728778205,60.79322389184166,1016.5567843543452,580.3619057509652,55.721942666397844,577.6807135021688,1.0,1.0,209.0,766.686642244381,413.8404653786123,83.08635009508738,0.3838576419984747,150000.0,2900.0
6,33,12,known,3,100.0,300.0,150.0,2175.0661979223146,82.39698191964104,2173.504935056456,965.3023663093148,37.003378691104814,964.5928718209591,1.0,1.0,68.0,766.382753939646,412.49683269768053,70.76286364803212,0.09359507800036226,150000.0,2900.0
6,34,12,known,3,100.0,300.0,150.0,1945.6513255553716,79.12821901856682,1944.0416162187282,732.4011406252835,55.333996995724675,730.3078662904389,1.0,1.0,340.0,766.4300971762605,413.86148141495875,80.95179177483456,0.6231786850003118,150000.0,2900.0
6,35,12,known,3,100.0,300.0,150.0,2150.9992642631737,73.33880658737104,2149.748649100414,1338.9825196498018,39.06845161960348,1338.4124341979862,1.0,1.0,42.0,766.1441705553168,413.602324064399,76.47981865049665,0.09035049799786066,150000.0,2900.0
6,36,12,known,3,100.0,300.0,150.0,1036.7626878882274,58.24732960487732,1035.1251709774635,912.6544982900749,50.16838179816779,911.2745836008276,1.0,1.0,214.0,766.6183238087568,412.19408882528063,88.19532317858584,0.37450168400027906,150000.0,2900.0
6,37,12,known,3,100.0,300.0,150.0,2760.452115536243,76.89429298972509,2759.380935984397,1113.9545423571567,33.700172476046646,1113.4446644594545,1.0,1.0,34.0,766.1118406532753,413.85160292418954,69.7415047379765,0.07788681099918904,150000.0,2900.0
6,38,12,known,3,100.0,300.0,150.0,5307.692357812478,274.2764450567095,5300.600965632862,1154.4425321270692,58.028018718796446,1152.9832214856947,1.0,1.0,38.0,763.8729416223701,414.8219926214647,73.47376295529818,0.04851429500195081,150000.0,2900.0
6,39,12,known,3,100.0,300.0,150.0,3688.9214945070994,136.46886043763584,3686.396349114857,1067.5501284750153,53.328427727957106,1066.2173116223005,1.0,1.0,399.0,765.7282977473484,412.80135862434304,83.20759100058638,0.7601372530007211,150000.0,2900.0
6,40,12,known,3,100.0,300.0,150.0,4666.360847444824,211.61717355609002,4661.560010385162,1264.7916505077496,44.5996219928372,1264.0050604772962,1.0,1.0,47.0,765.0412356653299,412.8035106825801,72.68265068455415,0.06012749799992889,150000.0,2900.0
6,41,12,known,3,100.0,300.0,150.0,4500.032356937322,153.58525965116755,4497.410675210876,1076.6861979665475,53.02135252585814,1075.379888722115,1.0,1.0,251.0,765.2430532894875,412.6595964911351,88.27572490149791,0.4257260279991897,150000.0,2900.0
6,42,12,known,3,100.0,300.0,150.0,3952.666987729907,207.52904433040038,3947.215222362359,1156.5582480270627,47.6142293913793,1155.5777196878166,1.0,1.0,196.0,765.4208680675262,413.42491313490007,81.80141138879081,0.3264121319989499,150000.0,2900.0
6,43,12,known,3,100.0,300.0,150.0,1849.0965692245652,65.17952437737426,1847.9474429539375,1021.3576183686936,44.96495158183093,1020.3673543038376,1.0,1.0,40.0,766.3793542605346,413.86263891595263,87.80391889112252,0.0439853600000788,150000.0,2900.0
6,44,12,known,3,100.0,300.0,150.0,9567.913723300742,677.9380050493849,9543.865730291704,1075.7426865718382,71.9890166953668,1073.3312206341668,1.0,1.0,577.0,759.0803651393352,416.0096780120074,82.16670719220804,1.0779026439995505,150000.0,2900.0
6,45,12,known,3,100.0,300.0,150.0,2532.1752086404367,99.07491847670074,2530.2362434725487,1479.0779251192093,54.79951596290195,1478.0624214237969,1.0,1.0,36.0,766.1579687570339,412.31647295811166,78.91039273453006,0.06219221299761557,150000.0,2900.0
6,46,12,known,3,100.0,300.0,150.0,4059.3467793632913,183.14399907189613,4055.213255888163,959.5897379479461,59.174517583574676,957.7634580854289,1.0,1.0,113.0,765.3673232953248,412.74199411552206,76.0824341403999,0.23083514099926106,150000.0,2900.0
6,47,12,known,3,100.0,300.0,150.0,1211.5532813747445,27.290766034156775,1211.2458741722012,857.978939687677,22.685723778836778,857.6789719261053,1.0,1.0,163.0,766.6399507027762,412.8069665463159,82.98214675304632,0.3637676440012001,150000.0,2900.0
6,48,12,known,3,100.0,300.0,150.0,1781.998755211321,78.38629194221375,1780.273898255616,965.8677341526043,56.43018083480513,964.2178771253085,1.0,1.0,130.0,766.4607824813218,411.28230279375595,82.75748775639966,0.21307792000152403,150000.0,2900.0
6,49,12,known,3,100.0,300.0,150.0,1070.4882446288398,115.20792085021101,1064.2707441539046,965.8608550867782,47.92240251164173,964.6712573340591,1.0,1.0,97.0,766.6655229049269,412.89170859073795,78.1149390174376,0.15027440000267234,150000.0,2900.0
6,50,12,known,3,100.0,300.0,150.0,2360.276969852976,91.81986428814741,2358.4902982502285,1156.8776561822162,44.66209930664942,1156.0152283855007,1.0,1.0,45.0,766.2254171612013,413.2855309224689,68.32257136178634,0.08130775699828519,150000.0,2900.0
6,51,12,known,3,100.0,300.0,150.0,1476.740867120104,104.29935812132913,1473.0530311289258,1086.1942424593,52.26267933888623,1084.9361938381694,1.0,1.0,45.0,766.4049359545875,413.5875143779726,82.2775886120472,0.0682411410016357,150000.0,2900.0
6,52,12,known,3,100.0,300.0,150.0,7329.855529656501,430.08755393442243,7317.226713829953,1033.7313558665894,42.7312743476566,1032.8477885411783,1.0,1.0,379.0,762.2062230378788,416.3215913686226,80.93140318435378,0.7006358049984556,150000.0,2900.0
6,53,12,known,3,100.0,300.0,150.0,2242.8593372352757,61.048998016398635,2242.0283286490057,1201.2385747780365,54.98626791402041,1199.9794264384936,1.0,1.0,360.0,766.3073646511199,410.9280825790904,85.27725319539756,0.6633508310005709,150000.0,2900.0
6,54,12,known,3,100.0,300.0,150.0,1394.073311135986,73.79366510410979,1392.118849743855,1251.830165950119,56.647618082322026,1250.5478046633411,1.0,1.0,218.0,766.5251327290205,413.5478936194145,80.78892443679023,0.39321379700049874,150000.0,2900.0
6,55,12,known,3,100.0,300.0,150.0,2860.389517017735,124.2741074297859,2857.688600125542,1367.964517969321,51.73535597662167,1366.9858724087126,1.0,1.0,917.0,766.1322684933846,413.27719005127,97.54551539305882,1.859395699997549,150000.0,2900.0
6,56,12,known,3,100.0,300.0,150.0,1198.2786875174495,63.28561540462434,1196.6063445600641,888.3187968642696,46.74493688411247,887.0880428334518,1.0,1.0,153.0,766.5254058052923,412.31873102463084,86.56095880465477,0.29570246699950076,150000.0,2900.0
6,57,12,known,3,100.0,300.0,150.0,739.6649020928992,89.0376343007928,734.2863658452446,711.1634701297875,47.45391338918843,709.5784715949974,1.0,1.0,203.0,766.6605643768038,412.66326419519464,69.1550970408425,0.33846044999881997,150000.0,2900.0
6,58,12,known,3,100.0,300.0,150.0,1219.6158436718895,67.84140716637847,1217.727535045989,1146.109485412528,55.87575739620771,1144.7466323549372,1.0,1.0,102.0,766.588728357897,413.0166136015959,58.3364883466281,0.14501859599840827,150000.0,2900.0
6,59,12,known,3,100.0,300.0,150.0,5594.465756470003,242.97592482221663,5589.186863960827,786.96496454353,63.81244378049559,784.3735254569474,1.0,1.0,240.0,764.0741201379931,412.5931023858408,72.80603550448281,0.5668564469997364,150000.0,2900.0
6,60,12,known,3,100.0,300.0,150.0,2283.008586398363,132.6559826049571,2279.151288494857,1063.42652347407,61.73254686805144,1061.6332057190614,1.0,1.0,56.0,766.2034588274108,413.59506650320014,81.97196528569964,0.09567848700316972,150000.0,2900.0
6,61,12,known,3,100.0,300.0,150.0,3393.346827989953,149.68290650844034,3390.0439115929844,1087.3789050118162,61.555544150596255,1085.6352048681088,1.0,1.0,125.0,765.9415558524244,411.2349911167713,69.35964830801869,0.24040111299837008,150000.0,2900.0
6,62,12,known,3,100.0,300.0,150.0,1592.0309309497322,95.01381308188009,1589.1931476143209,679.5044724185332,49.10428588339923,677.7278931434581,1.0,1.0,324.0,766.4602294718126,414.24908245205785,84.49888756277221,0.6412780749997182,150000.0,2900.0
6,63,12,known,3,100.0,300.0,150.0,6486.618971154949,383.783899764583,6475.255639372764,1194.150764190379,48.258121699016705,1193.1752600965833,1.0,1.0,684.0,762.6117910780886,414.07460496630785,88.02001183946723,1.3445433890010463,150000.0,2900.0
6,64,12,known,3,100.0,300.0,150.0,7600.3360801634835,477.91217650476466,7585.295543548932,1630.8801374793786,70.80386512892589,1629.3424549515555,1.0,1.0,43.0,761.8281857830549,415.1823502447019,92.27344169415656,0.053194543997960864,150000.0,2900.0
6,65,12,known,3,100.0,300.0,150.0,3623.1897998859913,152.36450297272688,3619.9847215467307,1322.9063009438805,52.70506721613662,1321.8559894961188,1.0,1.0,220.0,765.4559232120849,413.69975348554107,73.76671667717352,0.35501776399905793,150000.0,2900.0
6,66,12,known,3,100.0,300.0,150.0,4536.830483785286,181.6345600937676,4533.193104775371,1288.4478367871573,63.72981125151481,1286.8707546911426,1.0,1.0,259.0,764.96889707989,414.11402648517105,90.45099597700535,0.5457655930003966,150000.0,2900.0
6,67,12,known,3,100.0,300.0,150.0,7212.667885704958,459.5111424325658,7198.01552787016,981.2158293221876,57.76016204250742,979.5143017808631,1.0,1.0,276.0,761.7511394456893,415.52503731514776,75.21512650123475,0.43720656499863253,150000.0,2900.0
6,68,12,known,3,100.0,300.0,150.0,5196.444823717522,234.1039932029135,5191.1688593521085,896.6125126937343,54.503171942570084,894.9544134575631,1.0,1.0,760.0,764.5675554662834,412.7400012471443,90.2457906056386,1.6338558529969305,150000.0,2900.0
6,69,12,known,3,100.0,300.0,150.0,4166.733033541475,199.55254688024505,4161.9518202208155,973.2472883014675,54.35274930391268,971.7283894325953,1.0,1.0,139.0,765.3429671831373,412.55470244588594,77.75218217842156,0.26026834799995413,150000.0,2900.0
6,70,12,known,3,100.0,300.0,150.0,2903.909894106322,95.52371262115943,2902.3383492307817,761.757935149039,58.084167584784815,759.5402433304704,1.0,1.0,548.0,766.0867734366136,413.98001317055304,80.24727337156669,0.9871183809991635,150000.0,2900.0
6,71,12,known,3,100.0,300.0,150.0,5790.3575600744625,254.2204861820092,5784.774206303723,1052.6845626997333,45.22168453495303,1051.712787691654,1.0,1.0,205.0,763.8927618051036,414.303048343407,87.68804372926022,0.3710566369991284,150000.0,2900.0
6,72,12,known,3,100.0,300.0,150.0,2300.8465335407795,77.36780129694736,2299.545388599472,912.0295265649407,56.35210588135343,910.2869314062498,1.0,1.0,162.0,766.4254866381476,413.30193962140777,64.45528421952304,0.3283894460000738,150000.0,2900.0
6,73,12,known,3,100.0,300.0,150.0,4174.221118644258,176.3746405801431,4170.493248225675,1273.2174731709104,55.93669915164713,1271.9881366096683,1.0,1.0,448.0,765.3197640514271,413.84984334842164,80.50353734233643,1.0733236689993646,150000.0,2900.0
6,74,12,known,3,100.0,300.0,150.0,8123.999404609569,547.6195173410724,8105.521524881898,1427.253570149591,67.37531898089891,1425.662414422494,1.0,1.0,36.0,761.097990451138,414.5363069852183,77.56041929652625,0.06128964500021539,150000.0,2900.0
6,75,12,known,3,100.0,300.0,150.0,2646.519891372545,146.95835237399962,2642.436523002599,1223.7452119762015,52.60773384262241,1222.6139088750065,1.0,1.0,29.0,765.9236427309353,413.4348338342817,74.65292394326978,0.058772822998435004,150000.0,2900.0
6,76,12,known,3,100.0,300.0,150.0,2101.2915262625547,86.92678740098854,2099.4927511127444,532.9203647364122,57.62442291738951,529.7957540734244,1.0,1.0,992.0,766.2834023530992,412.94227625625325,97.3994885796848,1.7719111299993529,150000.0,2900.0
6,77,12,known,3,100.0,300.0,150.0,4415.5915434008475,191.6644224152878,4411.429861998635,1327.4382874564017,55.249061670676085,1326.2880336449148,1.0,1.0,35.0,765.1229013978175,413.9893915669339,86.11993551922468,0.06096700800117105,150000.0,2900.0
6,78,12,known,3,100.0,300.0,150.0,6313.419287040678,327.1591295359469,6304.9369543190915,967.6211634479483,47.02599304211778,966.4777658750169,1.0,1.0,426.0,763.4520067118993,413.3517197558243,79.27519371147807,0.7653886859989143,150000.0,2900.0
6,79,12,known,3,100.0,300.0,150.0,6665.1104548200465,379.86346052442974,6654.276904841719,673.9784726165809,45.222102481640654,672.459621834441,1.0,1.0,757.0,762.4516753487474,414.4052514059727,79.97690909303223,1.3856707660015672,150000.0,2900.0
6,80,12,known,3,100.0,300.0,150.0,6053.340921010411,292.8561649939206,6046.252688451271,921.9191415086561,48.92137302831927,920.6202272061381,1.0,1.0,855.0,763.6800661656227,415.30723072128364,79.07276585860805,1.590974153001298,150000.0,2900.0
6,81,12,known,3,100.0,300.0,150.0,1436.0356223805636,53.014707618716116,1435.0567060301257,516.574249320722,39.88455109547541,515.0322102987151,1.0,1.0,52.0,766.4288130550049,412.16732839475736,94.78028046244884,0.06900256900189561,150000.0,2900.0
6,82,12,known,3,100.0,300.0,150.0,1457.0451981954393,49.152206738787484,1456.2159078093794,1178.1153072781462,37.58625466827114,1177.5155840595455,1.0,1.0,48.0,766.4822086595732,412.7824282744189,88.24792557036831,0.09990256999662961,150000.0,2900.0
6,83,12,known,3,100.0,300.0,150.0,8009.94203982962,549.8760577650122,7991.045476189377,889.102951205195,45.21573636392779,887.9524734054494,1.0,1.0,929.0,761.1530415634061,414.20781725071157,64.6676863615819,1.6694577890011715,150000.0,2900.0
6,84,12,known,3,100.0,300.0,150.0,985.561823823857,63.99977447873777,983.4816406246117,977.5172200425426,48.3409946322861,976.3211888091245,1.0,1.0,45.0,766.6530623970574,413.7320576781964,93.05469475666189,0.07850614299968584,150000.0,2900.0
6,85,12,known,3,100.0,300.0,150.0,2939.2414626280806,123.55718941150141,2936.6433213069627,942.8062807164852,50.18150939811651,941.4698609477515,1.0,1.0,130.0,765.7579569901567,412.8070693044603,76.68840050161255,0.2645417190033186,150000.0,2900.0
6,86,12,known,3,100.0,300.0,150.0,1152.8572382117425,52.78598501618961,1151.6481456951499,890.5705280784981,47.22605561622807,889.3174715212493,1.0,1.0,43.0,766.6519540402024,413.5864316181042,78.81032220384833,0.08134836200042628,150000.0,2900.0
6,87,12,known,3,100.0,300.0,150.0,4782.008853699025,175.37785051969908,4778.791822877719,1091.3889792088721,54.27358459870868,1090.0386607608882,1.0,1.0,58.0,764.9669191180366,413.8053670605035,84.9719732516714,0.10182250700017903,150000.0,2900.0
6,88,12,known,3,100.0,300.0,150.0,3561.2251593036985,124.08875423278079,3559.062603598118,915.3237273179437,47.67630485545356,914.0812303874001,1.0,1.0,52.0,765.4396983100742,414.0038473216704,68.97597766730601,0.08645185800196487,150000.0,2900.0
6,89,12,known,3,100.0,300.0,150.0,6760.719258823384,344.53241095422396,6751.9347089873045,721.8959561267086,53.170364212199296,719.9351941957253,1.0,1.0,575.0,762.8693818097105,413.79520448623487,76.84696204982353,1.1640133549990423,150000.0,2900.0
6,90,12,known,3,100.0,300.0,150.0,1931.7610346810766,69.62183324047736,1930.506020567752,1176.2844920812436,49.053821605866,1175.2612173030677,1.0,1.0,90.0,766.2406254827359,412.2145864871453,78.06212210306225,0.14400297500105808,150000.0,2900.0
6,91,12,known,3,100.0,300.0,150.0,3655.748135987034,140.19116440946758,3653.059111374218,1061.1861578668331,50.84653153846124,1059.9673069857765,1.0,1.0,47.0,765.4498019341422,414.7070260291899,83.98192185409751,0.0662667060023523,150000.0,2900.0
6,92,12,known,3,100.0,300.0,150.0,1758.8460056967951,98.31329599743744,1756.096172647071,1067.2316605075216,64.05335149463538,1065.3077420876778,1.0,1.0,115.0,766.3087447265303,413.0351611995551,74.28354616403212,0.18884504000016022,150000.0,2900.0
6,93,12,known,3,100.0,300.0,150.0,2418.290669213117,54.97313936428035,2417.665757451112,721.7083710708458,44.115496816823885,720.3587965828824,1.0,1.0,144.0,766.3193416079054,411.9293239184989,84.31140041780658,0.26443280699822935,150000.0,2900.0
6,94,12,known,3,100.0,300.0,150.0,1979.4042911869074,72.10204222975345,1978.0906560305677,1122.0588882853413,46.70110632673159,1121.0865958738402,1.0,1.0,33.0,766.4244691788547,412.391670623982,67.80515751423258,0.055685686002107104,150000.0,2900.0
6,95,12,known,3,100.0,300.0,150.0,1202.370048843988,61.660617560946804,1200.7879507219816,968.7180350674544,38.06617375444646,967.9698331459747,1.0,1.0,67.0,766.5353723311406,412.74019147278096,80.01842700766659,0.09242517600068823,150000.0,2900.0
6,96,12,known,3,100.0,300.0,150.0,1155.5600140224158,39.96820316579559,1154.8686023713622,890.104339821145,32.8541269888797,889.4978033183867,1.0,1.0,157.0,766.5859351088922,413.25035195479273,79.75726747441011,0.2701053060009144,150000.0,2900.0
6,97,12,known,3,100.0,300.0,150.0,826.4542432245948,45.72250747009319,825.1885048003182,773.1798379294287,37.79585536578952,772.2554856378465,1.0,1.0,237.0,766.6536106730249,413.4020230633992,77.08225417258603,0.42266568199920584,150000.0,2900.0
6,98,12,known,3,100.0,300.0,150.0,960.5014840907268,47.874127214910985,959.3076508002524,784.9864141896387,38.78609141789172,784.0276204157798,1.0,1.0,163.0,766.6581772153785,413.1243785950672,86.61429216350884,0.266048936999141,150000.0,2900.0
6,99,12,known,3,100.0,300.0,150.0,1835.1362836970832,64.7844643764146,1833.9924080859776,886.9878649785085,47.21903059753923,885.7301145205357,1.0,1.0,137.0,766.456819240687,413.4966755937621,73.51300141128272,0.1986335740002687,150000.0,2900.0
7,0,16,known,3,100.0,300.0,150.0,2726.5586566245897,101.62614211641242,2724.664059155371,1235.5495854203714,40.89982894930483,1234.8724557719997,1.0,1.0,28.0,766.2135872907536,505.26318648150914,76.37609260106109,0.06692422899868689,150000.0,2900.0
7,1,16,known,3,100.0,300.0,150.0,3818.023860954055,118.22455470830904,3816.193018897044,934.1668202834786,55.485883479556556,932.5175413111745,1.0,1.0,154.0,765.6821360312955,506.6156429281143,77.42056062534374,0.45247391299926676,150000.0,2900.0
7,2,16,known,3,100.0,300.0,150.0,7668.423407305133,579.3093085048414,7646.510202620861,1435.7256610639588,57.94853582044838,1434.5557294973967,1.0,1.0,363.0,760.706216220435,508.8973261266311,87.84656109103352,1.0464060089980194,150000.0,2900.0
7,3,16,known,3,100.0,300.0,150.0,4361.272577845022,170.31454464329468,4357.9457837547625,994.958906402747,46.756360537374896,993.859682339237,1.0,1.0,334.0,765.175359208258,506.3483325528006,94.047739177212,0.9483922489998804,150000.0,2900.0
7,4,16,known,3,100.0,300.0,150.0,3332.2046154419986,148.96731364320024,3328.873133455056,1419.7264444911268,53.729547461365094,1418.7093828254656,1.0,1.0,54.0,766.101892800348,506.99547714127607,78.42189374546834,0.10399715700259549,150000.0,2900.0
7,5,16,known,3,100.0,300.0,150.0,2621.4300680729675,124.88953853617292,2618.453399425177,924.595663459691,50.43040512464134,923.2193212489818,1.0,1.0,81.0,765.7594568679942,506.7743777999334,87.10238736907664,0.24772972999926424,150000.0,2900.0
7,6,16,known,3,100.0,300.0,150.0,5100.177618341348,331.70792113786405,5089.379293556771,1217.5545424595225,66.80662806261164,1215.7203372119432,1.0,1.0,849.0,763.7594095200238,506.42412041772167,83.72755209880927,2.622326722001162,150000.0,2900.0
7,7,16,known,3,100.0,300.0,150.0,1353.2009164856838,46.81031538453542,1352.3910361841706,676.8031389680852,35.34847671864619,675.8794079647082,1.0,1.0,723.0,766.5622378000979,505.88958451129827,88.9464126325487,2.250411239998357,150000.0,2900.0
7,8,16,known,3,100.0,300.0,150.0,2447.162576256358,121.90174687804036,2444.1245137549226,997.0833316291387,50.563827659845266,995.8004165218291,1.0,1.0,200.0,766.2958623350744,506.97062311779285,80.80849776453411,0.7491146549982659,150000.0,2900.0
7,9,16,known,3,100.0,300.0,150.0,3196.472058416545,158.0504842761232,3192.5622413130473,1026.5087890982106,45.103096926371634,1025.517432686312,1.0,1.0,125.0,765.631444539847,507.1581437631814,83.93155257365486,0.3369999259994074,150000.0,2900.0
7,10,16,known,3,100.0,300.0,150.0,1767.646492593065,88.49210702347617,1765.4300523586626,1133.3695085168104,44.652752725648625,1132.4895471966433,1.0,1.0,42.0,766.477925133931,506.72027802170453,85.9775922362004,0.11525039900152478,150000.0,2900.0
7,11,16,known,3,100.0,300.0,150.0,4131.515393052003,175.38500581360168,4127.791121503294,1158.7721069791176,45.21028873305735,1157.8898158743332,1.0,1.0,38.0,765.3473148705267,507.4617788658118,83.7757570661571,0.0995247829996515,150000.0,2900.0
7,12,16,known,3,100.0,300.0,150.0,1613.3802759583316,118.72611523014456,1609.0059118641361,1102.1420401001346,44.891427391385804,1101.2274226075424,1.0,1.0,55.0,766.5790511435047,506.3593651649316,80.55465351501766,0.15954351300024427,150000.0,2900.0
7,13,16,known,3,100.0,300.0,150.0,3631.272190146641,155.09198734403847,3627.958681461803,969.9119850285878,60.07885385415755,968.0494770525246,1.0,1.0,141.0,765.6704893786291,506.74957929901,95.2856770856774,0.39259655499699875,150000.0,2900.0
7,14,16,known,3,100.0,300.0,150.0,2465.997790943115,125.87221837636415,2462.7832404775977,1230.873657907645,56.859229635161,1229.5596731091348,1.0,1.0,162.0,766.2027543612884,505.1361106624043,78.01442095605415,0.4856996859998617,150000.0,2900.0
7,15,16,known,3,100.0,300.0,150.0,3293.1481382148972,147.85939322533997,3289.8270866511025,971.8153875031938,44.06672998531286,970.8157758794324,1.0,1.0,1038.0,765.824350946211,506.0792375370696,91.94267166801288,3.1766577279995545,150000.0,2900.0
7,16,16,known,3,100.0,300.0,150.0,1047.8704492656946,48.3312597788458,1046.7552568640285,920.6001755221164,33.623554994795946,919.9859453931149,1.0,1.0,40.0,766.4951557124006,506.63064250133027,93.90366004697788,0.0974575639993418,150000.0,2900.0
7,17,16,known,3,100.0,300.0,150.0,1882.8946591347965,120.27184277594868,1879.0494887664931,924.10956221121,43.11648507724654,923.1031641613941,1.0,1.0,98.0,766.2996713889569,505.34586800792874,74.44217276591897,0.26665826799944625,150000.0,2900.0
7,18,16,known,3,100.0,300.0,150.0,1751.12429286346,64.68929112550691,1749.929022752132,1216.1545160851524,42.93994320428965,1215.3962186348629,1.0,1.0,448.0,766.5130666500659,505.70232254623994,81.02280271553056,1.3907791450001241,150000.0,2900.0
7,19,16,known,3,100.0,300.0,150.0,3571.1322385138096,138.11946297768915,3568.4602392207494,954.6228379426706,53.890489834815824,953.1005077257497,1.0,1.0,256.0,765.6092475733028,507.097442281659,89.11290707523729,0.7649007050022192,150000.0,2900.0
7,20,16,known,3,100.0,300.0,150.0,5003.605005448413,204.96298465480675,4999.405287178646,1005.2293528337108,52.77587645455666,1003.842995026082,1.0,1.0,636.0,764.7093247782533,506.8355445344213,82.04745041108932,1.9065811159998702,150000.0,2900.0
7,21,16,known,3,100.0,300.0,150.0,1371.0106191827736,71.47140164682159,1369.1464336069284,1040.2540290160111,47.334923034728355,1039.1765249202565,1.0,1.0,85.0,766.3326758512151,506.66750894706115,77.27844085058737,0.24612841599810054,150000.0,2900.0
7,22,16,known,3,100.0,300.0,150.0,6504.540740828208,395.1215428298522,6492.5287227309,1086.4997319687157,54.02110452397911,1085.1559278896743,1.0,1.0,1180.0,762.2536894951655,508.76928988745436,86.5566100754115,3.9159055480013194,150000.0,2900.0
7,23,16,known,3,100.0,300.0,150.0,2940.010931049378,70.60666021099546,2939.162971701923,899.97595027681,49.008638857624426,898.6405646274657,1.0,1.0,216.0,765.5474801833687,505.07113490829,82.64262987923071,0.556576598999527,150000.0,2900.0
7,24,16,known,3,100.0,300.0,150.0,5498.264791932213,300.583671832546,5490.042365813677,1008.2455001045397,56.89296680533833,1006.6390509061031,1.0,1.0,234.0,764.3253109790423,508.1786316950238,88.83071498409618,0.6662871210028243,150000.0,2900.0
7,25,16,known,3,100.0,300.0,150.0,1059.0052816811974,66.27211373586681,1056.9296067239543,1003.0014950477997,53.940194716621114,1001.5500259408187,1.0,1.0,128.0,766.5917480401183,505.6411147149379,78.90928799668131,0.3146979920020385,150000.0,2900.0
7,26,16,known,3,100.0,300.0,150.0,4560.658719127957,155.64285886846977,4558.002111982958,1092.174762555323,56.33100019235666,1090.7211056819726,1.0,1.0,76.0,765.0413796427226,507.8931336194064,78.10445537948185,0.18312588700064225,150000.0,2900.0
7,27,16,known,3,100.0,300.0,150.0,3874.3280213254643,148.729670963508,3871.4722137454087,1083.8641192836214,52.11529298112454,1082.610467946783,1.0,1.0,552.0,765.522720385978,508.34540365756453,86.88046228413381,1.4865570709989697,150000.0,2900.0
7,28,16,known,3,100.0,300.0,150.0,4646.060234664622,234.8216456603384,4640.122250421992,1184.7836972495747,48.134964416393444,1183.8054884435214,1.0,1.0,53.0,764.7739207902774,506.14413441332374,80.77605783798546,0.09720182100136299,150000.0,2900.0
7,29,16,known,3,100.0,300.0,150.0,1361.4450789759596,44.84940886452351,1360.7061525518136,988.4312742180402,40.252454232213275,987.6113222217446,1.0,1.0,49.0,766.3813543605324,507.0299687210517,83.33471805258675,0.1844267230007972,150000.0,2900.0
7,30,16,known,3,100.0,300.0,150.0,3507.3758215049293,211.18564743011837,3501.012107319382,950.9215867836759,53.24355224161996,949.4298227651573,1.0,1.0,469.0,765.1950129694,506.9393660381643,74.63662062564144,1.3285059640002146,150000.0,2900.0
7,31,16,known,3,100.0,300.0,150.0,1324.844385925482,64.97407748915413,1323.250171423643,784.836818332419,38.268671168461786,783.9032722327127,1.0,1.0,322.0,766.6218431783963,506.65481735611,86.21093055472919,0.953301843997906,150000.0,2900.0
7,32,16,known,3,100.0,300.0,150.0,8952.950296224482,703.4987602882766,8925.267979222746,1154.8351504091272,55.0575541408855,1153.5219505291154,1.0,1.0,76.0,758.7951771206563,511.2988007510026,77.41285912678036,0.19105483100065612,150000.0,2900.0
7,33,16,known,3,100.0,300.0,150.0,1759.3791599764895,75.50665242040071,1757.7581670980348,829.6163943994167,48.94959766525449,828.1710564519254,1.0,1.0,201.0,766.5138113871014,506.74609916876824,79.20082012359083,0.5301580970008217,150000.0,2900.0
7,34,16,known,3,100.0,300.0,150.0,1223.992944067222,53.21719755335765,1222.8354987531693,920.6530569424064,39.262849410888016,919.8154597056605,1.0,1.0,88.0,766.4823912384368,507.2816237936125,100.01537401010287,0.24386143700030516,150000.0,2900.0
7,35,16,known,3,100.0,300.0,150.0,5560.614587613949,310.0731373064216,5551.962647704503,1098.3022241959059,46.68520266014108,1097.3095586598413,1.0,1.0,65.0,763.4811787820935,510.03787144408057,82.24759670810685,0.14496774900180753,150000.0,2900.0
7,36,16,known,3,100.0,300.0,150.0,3670.8656881353395,115.8742206351917,3669.03639465753,1021.4445499701895,51.629583154010255,1020.1388899591791,1.0,1.0,375.0,765.8089892566157,506.1789465870704,92.2593811980765,1.1410860670002876,150000.0,2900.0
7,37,16,known,3,100.0,300.0,150.0,2571.246923672033,115.57626776914175,2568.6480624681635,1024.8293905553217,48.35651672731072,1023.6879050941225,1.0,1.0,250.0,766.0095156898021,507.77438483652963,92.47418969739614,0.6963849630010372,150000.0,2900.0
7,38,16,known,3,100.0,300.0,150.0,3244.864730121381,183.28704474608102,3239.684085835215,990.6209137428629,52.48564744172292,989.2295242042504,1.0,1.0,487.0,765.714640350029,507.0234594653404,84.01966612717509,1.3568938429998525,150000.0,2900.0
7,39,16,known,3,100.0,300.0,150.0,3051.0022480772764,165.99611248933232,3046.4832197816263,1042.6740143660177,43.243907355751524,1041.7768785640972,1.0,1.0,76.0,765.47783426906,507.92856962970683,76.61315421373651,0.21616359999825363,150000.0,2900.0
7,40,16,known,3,100.0,300.0,150.0,990.3719133921813,47.187320247561324,989.2471297122596,901.8900195731235,38.29294795597402,901.0767212299128,1.0,1.0,789.0,766.5588147652987,506.60063972700164,84.31612680790303,2.4022944040007133,150000.0,2900.0
7,41,16,known,3,100.0,300.0,150.0,5807.103910289275,378.06907443414104,5794.78382684406,1239.2230845398717,49.83812712441163,1238.220503117779,1.0,1.0,54.0,762.9407824615339,507.4410916621883,79.14201218583847,0.11257816300349077,150000.0,2900.0
7,42,16,known,3,100.0,300.0,150.0,2578.6409707439034,103.70666777963594,2576.554711830724,1136.908263574607,54.272489774576954,1135.6121242034608,1.0,1.0,629.0,766.3780133373502,506.0120988757734,83.39216442278446,1.988839164001547,150000.0,2900.0
7,43,16,known,3,100.0,300.0,150.0,1515.1861335496258,52.75521064330985,1514.2674489835158,1007.5003191417482,39.81404164784401,1006.7133331581479,1.0,1.0,205.0,766.3219256508609,507.3185065757311,73.4879853042166,0.7170612549998623,150000.0,2900.0
7,44,16,known,3,100.0,300.0,150.0,1917.546573331166,104.73050895998327,1914.6844077777098,1107.1586991483498,54.98195857790785,1105.7926430080838,1.0,1.0,165.0,766.5418144550899,507.2145478591806,86.04894617703128,0.46235582799999975,150000.0,2900.0
7,45,16,known,3,100.0,300.0,150.0,6502.780539079359,354.40505131300966,6493.115723520802,1026.0129336545463,51.21244985636149,1024.734026470341,1.0,1.0,158.0,763.2269351471224,507.08711656772726,92.47160058318838,0.49036979700031225,150000.0,2900.0
7,46,16,known,3,100.0,300.0,150.0,873.3393729158016,66.51151889256391,870.8030076541821,762.4922457193413,57.044299841623975,760.35542520436,1.0,1.0,514.0,766.5397385017038,505.1962449848562,77.2231935720078,1.5880076780013042,150000.0,2900.0
7,47,16,known,3,100.0,300.0,150.0,3033.7215701194914,110.99737348840428,3031.690312035012,1067.875158051131,35.87194422395882,1067.2724847949191,1.0,1.0,37.0,765.5861630350691,506.86656241915847,75.56304122867745,0.1144391630004975,150000.0,2900.0
7,48,16,known,3,100.0,300.0,150.0,1092.8891595419714,46.39380820014681,1091.9039928514983,843.9717994032175,37.655373720005265,843.1313486153338,1.0,1.0,212.0,766.4918865000709,507.2830670290419,79.88172491362339,0.7253139340027701,150000.0,2900.0
7,49,16,known,3,100.0,300.0,150.0,4001.019245953572,133.2430032997563,3998.799983565389,928.3536723520359,35.310322217402934,927.6819078296259,1.0,1.0,516.0,765.5932145192323,506.36965893680997,84.7494168308962,1.4753911619991413,150000.0,2900.0
7,50,16,known,3,100.0,300.0,150.0,1426.1641157177596,72.85063863060826,1424.3022394885616,1120.612945200893,57.824020379631165,1119.120080964932,1.0,1.0,42.0,766.4033285163015,506.03084179663097,83.30215531009587,0.13835054399896762,150000.0,2900.0
7,51,16,known,3,100.0,300.0,150.0,1470.341156172767,62.44533635146649,1469.0145320940228,1241.6192876630798,45.27449217596229,1240.793566978481,1.0,1.0,65.0,766.3428113796762,507.3843941176523,74.28884603270888,0.18215894199965987,150000.0,2900.0
7,52,16,known,3,100.0,300.0,150.0,6308.785294869798,417.03385644052764,6294.986470148108,1015.4177778097223,47.59104141778834,1014.3019058785234,1.0,1.0,261.0,762.5101259802394,507.7626550619185,72.55750485866193,0.7236020030031796,150000.0,2900.0
7,53,16,known,3,100.0,300.0,150.0,3028.9565285504696,85.48702285063112,3027.7499270535286,908.5813605004143,51.10407031773881,907.1430221556816,1.0,1.0,227.0,765.6574847624244,507.7584638312869,90.18179990220911,0.9429963440015854,150000.0,2900.0
7,54,16,known,3,100.0,300.0,150.0,3801.558713086313,165.11701663383647,3797.971171541512,775.2395054548305,50.84907197404083,773.5700761386967,1.0,1.0,580.0,765.8442540515173,505.9550187814317,81.4499873945505,1.880830631002027,150000.0,2900.0
7,55,16,known,3,100.0,300.0,150.0,3653.8119244609366,155.49731781858333,3650.5016317602376,965.6662000508752,46.01384249451841,964.5693008900846,1.0,1.0,99.0,765.6912213360853,506.32608253175795,82.91783292415653,0.3363044469988381,150000.0,2900.0
7,56,16,known,3,100.0,300.0,150.0,1495.2255378652967,55.18069043468352,1494.2069804708174,1260.9079659358947,46.05679619892973,1260.0665339911561,1.0,1.0,82.0,766.4916992817723,507.5526477280781,84.85284934188087,0.2298232659995847,150000.0,2900.0
7,57,16,known,3,100.0,300.0,150.0,1257.6283489795771,85.23330711025925,1254.736764232301,937.7710710733971,49.148208424515275,936.4822664369074,1.0,1.0,362.0,766.5920193608209,505.0142149576665,76.60394142578909,1.111067327998171,150000.0,2900.0
7,58,16,known,3,100.0,300.0,150.0,978.2516342796976,110.37837090058099,972.0045654256121,609.7666332572878,42.1702603244369,608.3066793798149,1.0,1.0,43.0,766.4513706917861,506.77339381488,74.35731195896112,0.10525817300003837,150000.0,2900.0
7,59,16,known,3,100.0,300.0,150.0,4063.558856065533,142.1207148477248,4061.072799042119,729.0234511284314,49.30285146511597,727.3543985792738,1.0,1.0,1197.0,765.4290452882638,507.72808104773776,75.27311590818935,3.9958033399998385,150000.0,2900.0
7,60,16,known,3,100.0,300.0,150.0,1388.81560045341,71.5123662394891,1386.9732346147114,984.4625158077271,58.8653446008038,982.7010309527042,1.0,1.0,676.0,766.6012617726212,507.5895653316982,84.14467097947512,2.347582648999378,150000.0,2900.0
7,61,16,known,3,100.0,300.0,150.0,2434.8296245595475,66.7364469714826,2433.9148603183326,984.0416107560143,37.16815393736184,983.3394225963788,1.0,1.0,170.0,766.3476367131493,507.0210664028877,81.58509048516358,0.49786718799805385,150000.0,2900.0
7,62,16,known,3,100.0,300.0,150.0,2575.7861087440133,87.24494829087658,2574.308139480654,1098.0561423343554,48.17006328907968,1096.9990595806964,1.0,1.0,62.0,765.7368910195697,506.40375320052016,74.7540023825183,0.19474792699838872,150000.0,2900.0
7,63,16,known,3,100.0,300.0,150.0,1897.201221876792,55.034620079770825,1896.4028229475582,1130.6159355251855,47.80614595052853,1129.6047831311828,1.0,1.0,54.0,766.284545700711,506.77106466995133,80.49357088774845,0.18868190699868137,150000.0,2900.0
7,64,16,known,3,100.0,300.0,150.0,1335.9511808072148,129.1390191558924,1329.6949542025216,981.9978120429128,49.209757218225576,980.7640402520838,1.0,1.0,338.0,766.4338095537738,506.41915533305223,84.7154788038891,1.1833130320010241,150000.0,2900.0
7,65,16,known,3,100.0,300.0,150.0,4349.02435154852,202.76607516217575,4344.294963411826,1166.7210256548246,56.974836408627034,1165.3290607039953,1.0,1.0,297.0,764.7621042187343,507.225492443232,68.8042504419295,0.9938607670010242,150000.0,2900.0
7,66,16,known,3,100.0,300.0,150.0,4996.4567944994715,261.8010120729933,4989.59324287837,936.8051604096821,48.328613981025626,935.5577233078048,1.0,1.0,1535.0,764.0997236813605,507.16081476167193,94.31714787872751,4.8672948489984265,150000.0,2900.0
7,67,16,known,3,100.0,300.0,150.0,4153.394697060243,149.78704719582808,4150.692875901625,1169.9255708799858,38.95067198210294,1169.2769930820511,1.0,1.0,321.0,765.61602089721,507.565105040852,77.80402716832671,1.0048944240006676,150000.0,2900.0
7,68,16,known,3,100.0,300.0,150.0,2686.458795126665,116.72080476727588,2683.9219645227936,1215.0006666495253,57.0180504023437,1213.6620459943151,1.0,1.0,75.0,765.6606351611597,506.06848510298886,82.89258480768407,0.19428411099943332,150000.0,2900.0
7,69,16,known,3,100.0,300.0,150.0,3944.141738828223,159.66554843000318,3940.908647585156,999.8381295997046,42.601219475567845,998.9301384484454,1.0,1.0,372.0,765.1929999574967,506.66638530596344,95.41399704470768,1.2396218419999059,150000.0,2900.0
7,70,16,known,3,100.0,300.0,150.0,2376.136121469045,54.82358817640794,2375.5035764926606,922.2813835877641,42.69291579784399,921.292714316812,1.0,1.0,275.0,766.415974210774,504.6147370487697,90.62753153861901,0.7942472650029231,150000.0,2900.0
7,71,16,known,3,100.0,300.0,150.0,2399.6613353308367,95.82308334140696,2397.7473722184995,1296.6664916117445,50.88865278956739,1295.6675250564758,1.0,1.0,72.0,766.2436796740151,505.2342025627445,83.11316168802995,0.21746371499830275,150000.0,2900.0
7,72,16,known,3,100.0,300.0,150.0,1579.1336482067939,65.32820458557643,1577.7817670972506,1008.7817864545194,43.13422372088144,1007.8591823396604,1.0,1.0,182.0,766.2759034862363,507.1232641044326,80.03879437800457,0.4982112430006964,150000.0,2900.0
7,73,16,known,3,100.0,300.0,150.0,1453.323020064869,84.20943251475357,1450.8813087658186,766.4750160160978,49.36765934774763,764.8835103382751,1.0,1.0,325.0,766.3501242657502,506.66002110797797,88.42386614603004,0.9089330839997274,150000.0,2900.0
7,74,16,known,3,100.0,300.0,150.0,4725.004021642229,209.9603885982628,4720.336814227869,1109.461971953877,58.526359326111624,1107.917204702507,1.0,1.0,468.0,765.0460423182637,509.086532278368,77.4685960129989,1.511571898998227,150000.0,2900.0
7,75,16,known,3,100.0,300.0,150.0,1062.9078386657193,43.57846372292669,1062.0141199610205,1000.929025386439,36.92552987029838,1000.2476788800083,1.0,1.0,135.0,766.5689217987104,505.0264000411645,92.48460773379067,0.4689505440001085,150000.0,2900.0
7,76,16,known,3,100.0,300.0,150.0,4338.6156277222735,147.0648174940557,4336.122404242226,784.3183861607979,53.246716645491155,782.5088613149074,1.0,1.0,501.0,765.1824089539714,506.6760048791221,81.16651511456423,1.4773471350017644,150000.0,2900.0
7,77,16,known,3,100.0,300.0,150.0,3327.8876833778654,132.14667607749078,3325.2629503814833,890.7226362764553,51.95821373518141,889.2059147355733,1.0,1.0,341.0,765.3754596061331,507.6967120497741,80.19243042789749,0.9862183630029904,150000.0,2900.0
7,78,16,known,3,100.0,300.0,150.0,5778.475445532632,318.8300795848489,5769.67294176849,980.8111922561611,52.133377218634806,979.4246810422595,1.0,1.0,222.0,763.92900396782,507.34707626999955,70.29966481328567,0.6378542309976183,150000.0,2900.0
7,79,16,known,3,100.0,300.0,150.0,1841.1171011658096,59.27618231055689,1840.1626325995971,833.5215498715896,35.54479262956308,832.7633168057165,1.0,1.0,187.0,766.3706138870701,504.9380465131122,79.11075435810515,0.5304363540017221,150000.0,2900.0
7,80,16,known,3,100.0,300.0,150.0,1661.428234884751,75.31490497981126,1659.720291121411,1117.410351415625,51.679296535146904,1116.2146495009029,1.0,1.0,70.0,766.3165351978602,507.1601418956945,84.64423452075063,0.2104944050006452,150000.0,2900.0
7,81,16,known,3,100.0,300.0,150.0,1909.5425774864477,135.46750949432464,1904.7313220254953,1035.0746963735592,45.31986959947749,1034.0820743501465,1.0,1.0,737.0,766.1436941964188,505.8857979341112,92.24185170611815,2.266139308001584,150000.0,2900.0
7,82,16,known,3,100.0,300.0,150.0,2088.440387298863,68.6420211221146,2087.3120332708513,898.9273383143093,42.14066368809619,897.9390424927383,1.0,1.0,212.0,766.277804460817,505.10388829032826,91.8958283220811,0.6638330280002265,150000.0,2900.0
7,83,16,known,3,100.0,300.0,150.0,1668.6393684446434,94.27772563925672,1665.9739050692324,851.734232566947,45.2856195621574,850.5294913095477,1.0,1.0,934.0,766.5486284250959,507.3506612447661,95.90949172170015,3.02660344099786,150000.0,2900.0
7,84,16,known,3,100.0,300.0,150.0,1382.1765124034566,58.231460590950725,1380.9493142172985,1037.1676691183623,38.24367653086871,1036.4623461900671,1.0,1.0,367.0,766.3800483284749,504.55747749407374,94.24627029425697,1.3751021859970933,150000.0,2900.0
7,85,16,known,3,100.0,300.0,150.0,2306.807923134215,65.43004168296247,2305.879811239119,976.9581390557552,42.91160436400484,976.0152661091893,1.0,1.0,348.0,766.1057504243656,506.8220330147677,82.8745680169902,1.0434944169974187,150000.0,2900.0
7,86,16,known,3,100.0,300.0,150.0,5870.9183975070155,320.1165424066486,5862.184595307789,1038.6955272217995,44.99151982310412,1037.7206567350286,1.0,1.0,978.0,763.6669313677306,507.5153076641524,82.59900699189775,2.997239645002992,150000.0,2900.0
7,87,16,known,3,100.0,300.0,150.0,1965.5963110515745,110.69300098772409,1962.4769852285885,1008.2364891843629,39.688138395395214,1007.455046041022,1.0,1.0,535.0,766.5110682818713,505.55555370656816,80.47910170764024,1.6225354409980355,150000.0,2900.0
7,88,16,known,3,100.0,300.0,150.0,1617.2929466295939,52.09203312659315,1616.4538024028316,964.9640235167658,30.19420487112394,964.4915119760598,1.0,1.0,663.0,766.5832637420075,506.7566073118451,84.57791570724268,2.2584585250006057,150000.0,2900.0
7,89,16,known,3,100.0,300.0,150.0,4176.598622814204,150.78423227805075,4173.875917105086,1015.952977978152,44.48884396488421,1014.9784215565097,1.0,1.0,640.0,764.8385842680115,506.6824143203224,95.1511546877599,2.0172668870000052,150000.0,2900.0
7,90,16,known,3,100.0,300.0,150.0,6418.183060537218,420.72139791934455,6404.378760184291,1016.5205189644453,40.380226276919295,1015.7181709517507,1.0,1.0,370.0,762.3435231472993,508.275994099397,93.48248760522434,1.2019164100020134,150000.0,2900.0
7,91,16,known,3,100.0,300.0,150.0,1275.8504322522922,93.03942262347631,1272.453532085259,966.61032495526,52.75746531025483,965.1695033330418,1.0,1.0,273.0,766.4438113820635,505.4531133406193,69.34381083674367,0.7660142229979101,150000.0,2900.0
7,92,16,known,3,100.0,300.0,150.0,3705.2169629060554,168.76996389860565,3701.3712920338644,1003.9099381933803,51.3268877953569,1002.5969851304559,1.0,1.0,195.0,765.5933863549491,506.7554954818261,92.71687026140157,0.5776118750000023,150000.0,2900.0
7,93,16,known,3,100.0,300.0,150.0,2227.2855839890703,71.01589014443418,2226.153142978382,842.3923158454826,52.6622596303496,840.7446105721647,1.0,1.0,945.0,766.177141629803,506.65820768114605,97.94832759813357,2.9695376329982537,150000.0,2900.0
7,94,16,known,3,100.0,300.0,150.0,3314.6353058288564,106.51113979161632,3312.9235710694334,940.7955864525845,34.823060231992265,940.1508868074003,1.0,1.0,56.0,765.7964225546058,505.77680402302565,81.25527974142742,0.11967475200071931,150000.0,2900.0
7,95,16,known,3,100.0,300.0,150.0,2530.657656985411,100.07969791528029,2528.67796109431,1049.6111431788113,57.476409988090055,1048.0362656797772,1.0,1.0,123.0,766.4150789557809,505.8321102789959,79.30089777917655,0.2981552669989469,150000.0,2900.0
7,96,16,known,3,100.0,300.0,150.0,1378.9182396737976,49.840174442462505,1378.0172236647225,924.9831285546438,41.698047999988326,924.0427808839412,1.0,1.0,240.0,766.304683659104,506.63492431413357,89.12777434891326,0.6282093299996632,150000.0,2900.0
7,97,16,known,3,100.0,300.0,150.0,1646.8138962037506,76.55729025563838,1645.0334312829302,1023.5010042240783,48.58146451013082,1022.3473709819709,1.0,1.0,425.0,766.1819226673006,506.6575437328678,88.80864509554378,1.2049158419977175,150000.0,2900.0
7,98,16,known,3,100.0,300.0,150.0,1765.3597850417673,67.74963838333638,1764.059283907897,847.9779531205912,40.63114247884041,847.0039664838953,1.0,1.0,260.0,766.1220690887081,506.18850032210827,73.93273413582938,0.7410923479983467,150000.0,2900.0
7,99,16,known,3,100.0,300.0,150.0,1293.6371191312141,116.45241098081755,1288.3849704070833,1123.2802678713306,55.103765845103375,1121.927865407922,1.0,1.0,68.0,766.5187830623589,505.6765648780763,89.541118909118,0.177546999999322,150000.0,2900.0
