condition_id,trial_id,n_anchors,gauge,dof,sigma_r_mm,sigma_deploy_mm,sigma_v_mm,rmse_anchor_abs_mm,rmse_anchor_abs_h_mm,rmse_anchor_abs_v_mm,rmse_anchor_shape_mm,rmse_anchor_shape_h_mm,rmse_anchor_shape_v_mm,converged,rigidity_ok,iterations,rigidity_min_singular,rigidity_cond,rms_residual_mm,tag_positionable,tag_total,rmse_tag_mm,rmse_tag_h_mm,rmse_tag_v_mm,rmse_tag_trueanchor_mm,delta_rmse_tag_mm,delta_rmse_tag_h_mm,delta_rmse_tag_v_mm,coverage,coverage_100mm,pdop_true,pdop_est,vdop_true,vdop_est,pdop_overconfidence,compute_time_s,r_max_mm,known_z_max_mm,height_pattern,unknown_z_std_mm
0,0,8,known,3,100.0,300.0,150.0,2555.8399468235,117.29916385743716,2553.1468308613,1739.6971325903257,69.19210018125919,1738.3206166917275,1.0,1.0,29.0,1301.2970281549456,194.10737008518453,64.9648618792743,882.0,882.0,2449.6996548281218,119.37342838673801,2446.789403169021,5514.2792921355485,-3064.5796373074268,4.460354201553557,-3066.292411665241,0.049886621315192746,0.012471655328798186,11.82151237126152,7.652406273550666,11.800100890060442,7.6146729703929275,3.2012148430946774,0.7017044998938218,150000.0,2900.0,H0,0.0
0,1,8,known,3,100.0,300.0,150.0,2048.7028052811584,104.10139134693249,2046.056227156654,1612.5353694062985,67.51081782433054,1611.1215370241305,1.0,1.0,30.0,1099.6277347070493,229.62295279610336,97.70774023645578,882.0,882.0,2280.1996366138023,115.25373580924644,2277.284997358857,5788.308244953164,-3508.1086083393616,2.921944953414055,-3509.9331519211487,0.049886621315192746,0.01927437641723356,11.818631200188214,8.293301551640878,11.794642455263054,8.26026627526273,2.7494473972945688,0.4559095000149682,150000.0,2900.0,H0,0.0
0,2,8,known,3,100.0,300.0,150.0,1441.3123208028012,54.182686580336124,1440.29352653301,357.3948233418622,43.51780768452313,354.7354791473412,1.0,1.0,212.0,327.5383631751256,766.9481182679853,80.85189770674553,882.0,882.0,11502.80441233349,269.12998809187405,11499.655577360065,5770.513152821174,5732.291259512315,150.94833574848832,5730.352747387317,0.01473922902494331,0.0022675736961451248,11.979745217768414,8.552510597708167,11.956815208240377,8.519842367479743,13.449623102970394,0.6638803000096232,150000.0,2900.0,H0,0.0
0,3,8,known,3,100.0,300.0,150.0,1169.5529368280727,68.34469124797212,1167.5543136066044,1138.7410151786232,42.036116730222254,1137.964878430035,1.0,1.0,40.0,1314.91326048,192.07351391083222,73.39813226337355,882.0,882.0,2172.1131483459935,121.85037504795758,2168.6926972990473,5607.148712561263,-3435.0355642152695,9.024776236806971,-3437.320776554751,0.07029478458049887,0.02040816326530612,11.288047686776848,9.449993747292135,11.265628969266618,9.41958761368129,2.298533952965213,0.4978001000126824,150000.0,2900.0,H0,0.0
0,4,8,known,3,100.0,300.0,150.0,3113.1819569721906,105.67163544727262,3111.388018662908,1371.7355247890962,56.07453943827587,1370.5889230528612,1.0,1.0,46.0,1249.920255546313,202.34642919607194,79.08996256084221,882.0,882.0,3871.583198831616,148.03553449893664,3868.7519881740754,5903.2979713205405,-2031.7147724889246,29.705795702056406,-2033.3599229229576,0.026077097505668934,0.005668934240362812,11.960376382381156,6.1119371737574015,11.938941836134255,6.0648627357922225,6.3344617079097105,0.49606249993667006,150000.0,2900.0,H0,0.0
0,5,8,known,3,100.0,300.0,150.0,3522.4432017147196,172.98737522350828,3518.1929278138696,1463.8432496273438,57.034594892239156,1462.73173017646,1.0,1.0,39.0,1393.1623057524419,181.36410086948808,86.25643257864105,882.0,882.0,4266.380770247241,171.6418644690816,4262.926687980574,6127.420514687007,-1861.0397444397659,56.197589976190855,-1863.4062105235553,0.017006802721088437,0.0045351473922902496,11.422563337873164,5.432835076306759,11.399779347399814,5.375717899196492,7.852954691839324,0.45878470002207905,150000.0,2900.0,H0,0.0
0,6,8,known,3,100.0,300.0,150.0,1913.3165527494602,107.03941930585097,1910.3200762541717,1249.4246374688346,64.65231043130314,1247.7507777877854,1.0,1.0,26.0,1994.9305409412323,126.08972190408743,61.50847687512398,882.0,882.0,2632.7292446353167,132.38025700710338,2629.39893190683,5789.788086083925,-3157.0588414486083,18.07404126023046,-3159.2606858977083,0.047619047619047616,0.009070294784580499,11.345938486828082,9.386251444807273,11.323305940304845,9.354973556851935,2.804878241453688,0.3966058000223711,150000.0,2900.0,H0,0.0
0,7,8,known,3,100.0,300.0,150.0,1990.6777106978996,54.538486762884325,1989.9304765069169,1215.632377928029,31.548607373844103,1215.2229275485734,1.0,1.0,40.0,2056.556588966564,122.91987736911605,66.75220806205549,882.0,882.0,2163.0300083473007,129.4326409798294,2159.1540029511348,6215.00115727361,-4051.9711489263095,10.393945731831124,-4054.7070490797173,0.061224489795918366,0.017006802721088437,11.566695456143204,9.321613039324816,11.544649309400086,9.287198421519548,2.320446042141193,0.48203250009100884,150000.0,2900.0,H0,0.0
0,8,8,known,3,100.0,300.0,150.0,2312.1492555317022,68.96159141523187,2311.1206110381354,1216.601717926525,43.90226292379821,1215.8093318328913,1.0,1.0,82.0,848.4655317980776,297.8990443614374,94.31898745442277,882.0,882.0,3063.0781751233835,122.06927553120784,3060.644866509096,6164.453990981747,-3101.3758158583632,6.033744076372969,-3102.716940359846,0.03741496598639456,0.007936507936507936,11.414623016809772,6.155448281708402,11.392236754133874,6.10859098460405,4.976206500224623,0.5189694999717176,150000.0,2900.0,H0,0.0
0,9,8,known,3,100.0,300.0,150.0,2837.844917396262,140.0826914196075,2834.385403355803,1610.1588241646223,71.93439652978758,1608.5511747007286,1.0,1.0,45.0,2406.794009934612,104.94607934832163,68.05710284230504,882.0,882.0,2585.878952658804,148.5748016891869,2581.607151777127,5893.5808790472665,-3307.7019263884627,31.205421355793405,-3310.804918541081,0.06462585034013606,0.017006802721088437,11.880307575002439,9.259308137584483,11.858897357300958,9.216245904337708,2.792734526419372,0.46522329992149025,150000.0,2900.0,H0,0.0
0,10,8,known,3,100.0,300.0,150.0,1649.9181085360829,68.44093764119485,1648.49798390234,984.9659176776822,40.06592141146693,984.150690152727,1.0,1.0,30.0,1862.9606496493277,135.6021255274623,66.5494618713808,882.0,882.0,2675.671217863789,123.92036743808436,2672.800068961145,7079.859255813328,-4404.188037949539,-0.5825170741887007,-4405.964379293491,0.05328798185941043,0.02040816326530612,11.543389083863035,11.200172775472321,11.5213209158884,11.169843501256599,2.3889553058711215,0.457341399975121,150000.0,2900.0,H0,0.0
0,11,8,known,3,100.0,300.0,150.0,1288.8302066188512,71.06853399121725,1286.8692882222072,1040.4287218655227,45.99499716853365,1039.4115573333752,1.0,1.0,49.0,1644.686218336615,153.747180589529,72.78426853771377,882.0,882.0,2702.1569342851826,123.29430706014357,2699.34262577985,6123.145629413333,-3420.9886951281505,-1.2524435751710712,-3422.5362121186745,0.048752834467120185,0.011337868480725623,12.756131281927168,11.2096776898906,12.735895689116187,11.183040234937833,2.410557206941027,0.5866875000065193,150000.0,2900.0,H0,0.0
0,12,8,known,3,100.0,300.0,150.0,722.5499897815843,45.55567675492515,721.1124517360439,538.8504805528178,37.88054869192224,537.5173526713362,1.0,1.0,80.0,996.5784598645594,253.4363962053614,61.5242654831025,882.0,882.0,5941.371047942422,145.28432425940366,5939.59446380415,6593.1486700328205,-651.7776220903988,20.087644672626098,-652.3654250738155,0.022675736961451247,0.006802721088435374,11.835385726232309,12.527527074632623,11.813735224635211,12.50574851422966,4.742652729901728,0.518254499998875,150000.0,2900.0,H0,0.0
0,13,8,known,3,100.0,300.0,150.0,1259.6603157837142,26.48717299832627,1259.3818089947479,1035.4703093762428,28.625865900083205,1035.0745487167592,1.0,1.0,92.0,876.5861112888977,289.19677534690896,93.56203528453494,882.0,882.0,3247.590562704845,112.51469396425185,3245.640908451165,5863.028074201082,-2615.4375114962368,-3.415454494228001,-2616.240905399097,0.034013605442176874,0.003401360544217687,11.134234406956056,7.999620779793547,11.11151874851566,7.964823071505656,4.0596806424974785,0.4628620999865234,150000.0,2900.0,H0,0.0
0,14,8,known,3,100.0,300.0,150.0,1689.0191590187103,127.24733742985664,1684.2190577977924,1067.4721531893424,79.38477981803815,1064.5162537828778,1.0,1.0,42.0,980.5935280504006,258.13723131798776,90.86154429727254,882.0,882.0,3159.8081030742865,124.82985652551974,3157.341406179214,5845.988050575392,-2686.1799475011053,5.737533135166387,-2687.4334659591264,0.03854875283446712,0.015873015873015872,11.758183754129695,7.751628034411738,11.736606983182238,7.715866024013737,4.076315438572357,0.5159230000572279,150000.0,2900.0,H0,0.0
0,15,8,known,3,100.0,300.0,150.0,1243.1855804396812,56.33574427555945,1241.9084794501025,916.1299236608951,34.402641465206734,915.4837493299015,1.0,1.0,74.0,1478.9768398710303,170.3283675094979,83.87741092642155,882.0,882.0,2797.577457834218,116.92265788732203,2795.13304238899,5751.983225635319,-2954.4057678011013,3.497546845032332,-2955.731742334707,0.04421768707482993,0.011337868480725623,11.70127260555941,10.405823985048135,11.6778807536022,10.372931507373965,2.6884727839467457,0.5080134000163525,150000.0,2900.0,H0,0.0
0,16,8,known,3,100.0,300.0,150.0,4096.697587880316,204.2713142582578,4091.60168598015,1554.2230318268023,65.0705222260449,1552.8602834119129,1.0,1.0,87.0,1652.364924470124,151.83709601960987,64.57970513049034,882.0,882.0,4192.345857683519,197.1838163546355,4187.706094391533,6258.024559397156,-2065.6787017136367,78.87070713122242,-2069.199961655966,0.030612244897959183,0.01020408163265306,11.647276453038428,5.0510548584601604,11.625428298764549,4.987600049059934,8.299941250215557,0.5284391000168398,150000.0,2900.0,H0,0.0
0,17,8,known,3,100.0,300.0,150.0,1825.0091497279088,53.4894849025691,1824.2251153833627,1585.9273260133293,49.89014367380081,1585.142409047211,1.0,1.0,41.0,1849.4539551626629,137.0389362863627,107.30014848342,882.0,882.0,2331.883818179009,116.82487458725937,2328.9555792592487,5873.851992196177,-3541.968174017168,1.90383181855411,-3543.7720987585176,0.046485260770975055,0.01473922902494331,11.676898484735162,8.97972532403199,11.655056708149363,8.947355021638444,2.5968320121533166,0.4324739999137819,150000.0,2900.0,H0,0.0
0,18,8,known,3,100.0,300.0,150.0,2877.317910068429,98.91180374272632,2875.6172921098023,918.3220203587558,32.961876768236344,917.7302696085069,1.0,1.0,62.0,2703.4215311664598,93.37255437744405,91.06013326053902,882.0,882.0,2697.95718510485,160.20245542824694,2693.1966407846357,5903.248944385509,-3205.2917592806593,42.09991119186874,-3208.870784146523,0.03968253968253968,0.012471655328798186,11.495674006791731,9.22061967281807,11.472289863283187,9.186435542357406,2.926004195854964,0.5005095000378788,150000.0,2900.0,H0,0.0
0,19,8,known,3,100.0,300.0,150.0,2451.181210781636,144.67777630932247,2446.9077769975547,1099.6959522209481,89.15576701105024,1096.0759264484414,1.0,1.0,61.0,2418.7109208693855,104.22083859420954,65.37143953674867,882.0,882.0,2811.298146765624,150.08181204904042,2807.2892119801104,5909.5753812294615,-3098.2772344638374,34.482029584059575,-3101.15541217669,0.048752834467120185,0.011337868480725623,11.522114542073885,9.708921247173404,11.499988297894946,9.669607670818213,2.8955823980795894,0.4525963000487536,150000.0,2900.0,H0,0.0
0,20,8,known,3,100.0,300.0,150.0,1382.197836785722,54.747192809236935,1381.113175990526,1077.1465413973515,39.08324160218686,1076.437258677969,1.0,1.0,29.0,1233.3601415806897,205.2413357763547,70.56667416869324,882.0,882.0,3854.28830934247,136.73849466074864,3851.8620114967703,5873.882001406154,-2019.593692063684,14.618385091994142,-2020.750392304632,0.03968253968253968,0.011337868480725623,11.539202868149037,11.261733973872749,11.517252554991622,11.2316584374652,3.422464354320949,0.3417446000967175,150000.0,2900.0,H0,0.0
0,21,8,known,3,100.0,300.0,150.0,2933.1928104676576,86.02585531376889,2931.931038683668,1120.1110520945213,48.514164603492176,1119.0599380091849,1.0,1.0,30.0,2663.4990055912363,94.72204678969774,76.46699108173777,882.0,882.0,2702.7840078987615,151.79485691562394,2698.5180590033597,6497.206133815274,-3794.422125916513,33.79371395388978,-3797.616428177963,0.03968253968253968,0.007936507936507936,11.136633303951605,8.61721830862621,11.113984320578822,8.579525145247258,3.13649244001763,0.45179319998715073,150000.0,2900.0,H0,0.0
0,22,8,known,3,100.0,300.0,150.0,922.6422135711425,83.74914561262543,918.8333553330621,614.1450428710029,58.71700197745108,611.3316999484044,1.0,1.0,173.0,1335.1543627168753,189.00428166792204,85.39549835335922,882.0,882.0,4775.6803797865,139.186783568383,4773.651655615188,6058.706627646744,-1283.0262478602435,22.430641585812225,-1283.929875259978,0.026077097505668934,0.009070294784580499,11.894208816931265,14.25266862303798,11.872791241361186,14.232113599115635,3.350727155802319,0.5401535000419244,150000.0,2900.0,H0,0.0
0,23,8,known,3,100.0,300.0,150.0,420.14511523483947,53.86909208243944,416.67737972430206,346.91106083418117,35.36758301434737,345.1034891171346,1.0,1.0,175.0,1081.2051422207317,233.39883797625887,93.03873107810658,882.0,882.0,4966.045041545671,107.43662782495883,4964.882750444561,6339.758983548477,-1373.713942002806,-10.243979018023964,-1373.7839267247546,0.031746031746031744,0.01020408163265306,12.359580515222568,11.143119564156933,12.338668695029135,11.120406423297421,4.456602132781111,0.6803882999811321,150000.0,2900.0,H0,0.0
0,24,8,known,3,100.0,300.0,150.0,2094.9536339320885,100.53432198598928,2092.5399825160043,1519.7120480358076,52.43031307626497,1518.8073515808096,1.0,1.0,34.0,1419.5261269288078,178.69730562978563,92.95117897504487,882.0,882.0,2470.2725068901,122.61165027329439,2467.2277238865404,6195.181696894045,-3724.909190003945,4.200790818952285,-3726.8222537851166,0.04195011337868481,0.01020408163265306,11.505999512220559,8.054245479740263,11.482258096360813,8.021099771472759,3.0670439746390277,0.5040967999957502,150000.0,2900.0,H0,0.0
0,25,8,known,3,100.0,300.0,150.0,1536.7635911415487,47.0720024809734,1536.0424999461115,954.6554059538115,54.053739183924826,953.123883551909,1.0,1.0,44.0,1898.6413876005558,133.10948532420926,75.83434994702446,882.0,882.0,2515.1030354281584,123.5493048029934,2512.066648817788,5442.638597117658,-2927.5355616894994,8.672775421449472,-2929.3594769172764,0.05555555555555555,0.011337868480725623,11.882033039991589,10.92528887725432,11.860615144323468,10.89805428562131,2.302092936567037,0.4611277999356389,150000.0,2900.0,H0,0.0
0,26,8,known,3,100.0,300.0,150.0,2535.5871093123274,114.79472230200126,2532.9872010419735,1199.04494166224,66.46880561456842,1197.2011819264033,1.0,1.0,37.0,845.0771750790751,297.2208335080885,80.5999032918009,882.0,882.0,3567.579398183795,147.28506488193545,3564.5378202521815,5600.328647950183,-2032.749249766388,31.46032210496594,-2034.592968898236,0.034013605442176874,0.0045351473922902496,11.541218919007145,7.296461334816486,11.519170485580847,7.255220847090856,4.889465227699343,0.3493876999709755,150000.0,2900.0,H0,0.0
0,27,8,known,3,100.0,300.0,150.0,2015.0135253283665,99.27708325724625,2012.5664133131572,1101.211970379567,52.305546920386604,1099.9690602324265,1.0,1.0,30.0,618.5002715937932,407.6221356374923,79.15936054691534,882.0,882.0,4148.088294652637,153.43265828440383,4145.249681214149,6026.897815671477,-1878.8095210188394,37.359058089410055,-1880.5302848884457,0.021541950113378686,0.003401360544217687,11.472197479216666,7.627369559379279,11.450120256403904,7.590114290338989,5.4384257408267125,0.3353353999555111,150000.0,2900.0,H0,0.0
0,28,8,known,3,100.0,300.0,150.0,1232.602154965769,69.23758340472436,1230.6560158998661,350.022171327768,36.69445215276433,348.0934322882491,1.0,1.0,105.0,1753.1531641384443,143.58690397423572,83.78372581921325,882.0,882.0,3342.2294106689405,134.6436607440186,3339.5162101960073,5238.823626479643,-1896.5942158107027,23.523943265717506,-1898.1288138342456,0.04195011337868481,0.013605442176870748,11.174825329131377,13.584203012597886,11.151143988900088,13.564167415672765,2.460379462504633,0.5348919999087229,150000.0,2900.0,H0,0.0
0,29,8,known,3,100.0,300.0,150.0,2108.82112349919,56.02493105173247,2108.076786556181,1418.2206560297564,43.44673338663491,1417.5550114713371,1.0,1.0,35.0,2023.8157781143643,125.03300657160504,69.1384758478063,882.0,882.0,2271.0292000052177,126.34471364304274,2267.5119934877516,6195.799397054642,-3924.7701970494245,9.004385535170442,-3927.176167827733,0.05442176870748299,0.017006802721088437,11.495251989288949,9.257903628158658,11.471386313299709,9.230079808002627,2.453070685568275,0.44824589998461306,150000.0,2900.0,H0,0.0
0,30,8,known,3,100.0,300.0,150.0,2501.304057493758,121.4508564777544,2498.353793499943,1161.645670733823,40.551647504806034,1160.9376504443635,1.0,1.0,40.0,987.365444687928,255.8632358342733,78.06500202505543,882.0,882.0,4140.363684238422,149.02293484400937,4137.680945004198,6059.025561644228,-1918.661877405806,33.295298460840684,-1920.2393145267333,0.024943310657596373,0.0045351473922902496,11.379965968951645,6.386583113553398,11.35755421371497,6.343644754340858,6.482908952444192,0.4424769999459386,150000.0,2900.0,H0,0.0
0,31,8,known,3,100.0,300.0,150.0,1513.8637579994204,99.04071597249785,1510.620539501493,1096.040885700338,71.14575037593214,1093.7293565275768,1.0,1.0,33.0,1743.2614844467032,144.01223234107215,84.04132704842438,882.0,882.0,3001.8195228502186,127.28214604813557,2999.1198213912858,6535.526221698489,-3533.7066988482707,1.1541361221574817,-3535.1892254491413,0.05442176870748299,0.02040816326530612,11.722671562613233,10.707006662314356,11.700840875853352,10.677760333463512,2.803602927992729,0.4460949000203982,150000.0,2900.0,H0,0.0
0,32,8,known,3,100.0,300.0,150.0,2938.8589277508486,107.53272324264108,2936.8909599528697,1029.7119624809045,62.31892146829081,1027.8244391447913,1.0,1.0,100.0,2710.3162440020656,93.20460264822553,87.80217805587391,882.0,882.0,2413.9559389442143,151.58484965556457,2409.1918372182286,6380.363655293985,-3966.407716349771,34.775685863583234,-3970.102480576698,0.047619047619047616,0.007936507936507936,11.741652926063901,8.708263876244887,11.719831466329513,8.67645468859423,2.772028929358928,0.49815250001847744,150000.0,2900.0,H0,0.0
0,33,8,known,3,100.0,300.0,150.0,2148.7440548388695,91.2430175710505,2146.805935558665,1073.7813667620653,54.29002644977904,1072.408045770588,1.0,1.0,25.0,2267.5717481337206,111.35453658761924,60.47146871406662,882.0,882.0,2243.0234521507396,129.39425703206538,2239.288130890114,6465.867538323256,-4222.844086172516,9.405081787118533,-4225.465972783627,0.06575963718820861,0.01473922902494331,11.649974035532143,10.441531391965507,11.628075250163917,10.412864610313687,2.1481747915604497,0.3829708999255672,150000.0,2900.0,H0,0.0
0,34,8,known,3,100.0,300.0,150.0,1786.5097285237312,84.28358019323514,1784.5204645001263,1303.2901720840907,63.20872787614359,1301.7564785209477,1.0,1.0,32.0,1127.4852873710827,223.5075964253247,73.02269264348337,882.0,882.0,2962.5084693438216,128.8027162877992,2959.7071292968767,6013.4379954027145,-3050.929526058893,10.14475717976542,-3052.5600648066365,0.046485260770975055,0.018140589569160998,11.27261594350546,8.67510765245109,11.250122102945436,8.641842542060388,3.4149529758363126,0.37797060003504157,150000.0,2900.0,H0,0.0
0,35,8,known,3,100.0,300.0,150.0,2783.8216901606907,129.97816371834617,2780.785658688122,1141.5709287010045,57.98600611984523,1140.097280213203,1.0,1.0,27.0,2632.329824357902,95.6698558939022,61.66140697445374,882.0,882.0,2254.5860020171913,144.06472285482508,2249.9785323688366,6102.6952459207005,-3848.109243903509,27.540262536508948,-3851.6041569610925,0.048752834467120185,0.013605442176870748,11.550012491091195,8.893420064873528,11.524507077806579,8.858447661860001,2.5351169578980786,0.5525584999704733,150000.0,2900.0,H0,0.0
0,36,8,known,3,100.0,300.0,150.0,2574.7338259071907,96.33599661288443,2572.930945444763,1400.1853606373415,51.9979019364599,1399.2195189952606,1.0,1.0,44.0,2308.9508458444366,109.22278780096157,66.36377162601408,882.0,882.0,2674.4852984769364,139.63695633864992,2670.8375338447195,5816.027292222972,-3141.541993746036,29.45453267300782,-3144.145982675138,0.047619047619047616,0.013605442176870748,11.018651431859297,10.838581886221782,10.995761428825247,10.80939081740867,2.467560172126203,0.5035295999841765,150000.0,2900.0,H0,0.0
0,37,8,known,3,100.0,300.0,150.0,2800.5048007885302,130.65849049138765,2797.4551825010735,606.6285148270636,49.632986729715135,604.5946754889401,1.0,1.0,49.0,2664.8348974466335,94.74548305573204,94.97143118042187,882.0,882.0,2996.143651371118,168.70944496689103,2991.3899616784197,6660.613418677689,-3664.469767306571,47.40456604143924,-3668.1187468839594,0.04195011337868481,0.01020408163265306,11.780963802466033,9.184150400840405,11.759361601414593,9.15505263837429,3.262298112078993,0.4868066000053659,150000.0,2900.0,H0,0.0
0,38,8,known,3,100.0,300.0,150.0,2723.3957148038176,111.14464504826098,2721.126804705891,1387.2474581044787,73.47146287014793,1385.300492370178,1.0,1.0,36.0,942.0779852113213,268.23921806847596,68.87854991984013,882.0,882.0,4862.042078699982,167.85527173092908,4859.143729382923,5502.559366901183,-640.5172882012012,54.33072570206167,-642.2444375910163,0.013605442176870748,0.006802721088435374,11.703668547168437,6.484448013481854,11.68071855120057,6.4357626405564705,7.498004561978569,0.407299300073646,150000.0,2900.0,H0,0.0
0,39,8,known,3,100.0,300.0,150.0,2135.6782890298396,48.221906596363155,2135.1338135952124,923.7321662946114,43.427788040029725,922.7107576447161,1.0,1.0,50.0,578.9767534806688,437.51419145074755,78.32145336966514,882.0,882.0,4016.879464229617,129.68481648788105,4014.7854834999744,5855.566254068594,-1838.6867898389773,15.786795305621936,-1839.672936931216,0.024943310657596373,0.007936507936507936,11.374933441434848,7.367612975978723,11.352585291200192,7.327012293827959,5.452077188807559,0.4845341000473127,150000.0,2900.0,H0,0.0
0,40,8,known,3,100.0,300.0,150.0,1155.680154294866,76.65986103529174,1153.1348077033558,862.9810850652703,66.62555442376187,860.4053629994165,1.0,1.0,77.0,759.0097456079641,331.72784613479587,72.92036419992075,882.0,882.0,6598.094823007914,153.98068237093557,6596.297843704483,6478.497340342432,119.59748266548195,32.07328219160985,118.94758494855341,0.009070294784580499,0.005668934240362812,11.681767569782233,8.408093240208636,11.659957498203479,8.37485841763299,7.84731405148427,0.45706459996290505,150000.0,2900.0,H0,0.0
0,41,8,known,3,100.0,300.0,150.0,2151.3050366878056,118.1201809245716,2148.0598184726296,1653.9546388556923,72.21374456895207,1652.3774152679507,1.0,1.0,34.0,1396.5776199673398,180.25031050091866,71.94479757782305,882.0,882.0,2695.1934376085683,117.43507282677717,2692.6337793689027,5504.5906482229475,-2809.397210614379,0.3603999555650006,-2810.7117236388476,0.046485260770975055,0.007936507936507936,11.807333956650751,7.104371753197709,11.785825893947713,7.067922608797025,3.793711155944859,0.3803384000202641,150000.0,2900.0,H0,0.0
0,42,8,known,3,100.0,300.0,150.0,2140.2460636640594,50.99937963250616,2139.638351756343,997.0188797921791,47.81435675124766,995.8716955263445,1.0,1.0,41.0,716.0448362633222,351.27246158507444,60.51097668401666,882.0,882.0,4326.7734841125875,131.82208656568156,4324.764932376469,5718.686351990844,-1391.9128678782563,15.739736373138797,-1392.7431332426886,0.022675736961451247,0.0011337868480725624,11.648819180243699,7.6825790460386765,11.627119331922358,7.645995161425835,5.631928364399422,0.47345450008288026,150000.0,2900.0,H0,0.0
0,43,8,known,3,100.0,300.0,150.0,3651.593160343416,194.86934491942577,3646.389796370856,1413.2091015878555,53.882662767648654,1412.1815122227813,1.0,1.0,79.0,1401.202249137867,179.39210211833,62.17017264834081,882.0,882.0,4324.763262530315,187.0704992237176,4320.715439050811,6238.765317210437,-1914.0020546801225,72.58311681194107,-1916.9993125626634,0.01473922902494331,0.003401360544217687,11.709005964544794,5.720821606495807,11.687285814799019,5.665446721198682,7.559689079658919,0.5700324999634176,150000.0,2900.0,H0,0.0
0,44,8,known,3,100.0,300.0,150.0,663.6446807960341,34.59198122576818,662.7425270674472,569.0953325362169,29.016984994653384,568.3550933143182,1.0,1.0,58.0,959.8347586834814,263.6759583401089,92.91709665918009,882.0,882.0,3473.4186258008654,111.93623593484075,3471.6144989248323,5775.911609095126,-2302.4929832942603,-6.298834000061262,-2303.0868253271265,0.03854875283446712,0.012471655328798186,11.556726907338145,9.81499463710701,11.534810441754967,9.788847429140947,3.538889988456135,0.5858291999902576,150000.0,2900.0,H0,0.0
0,45,8,known,3,100.0,300.0,150.0,4595.680411638319,210.9870017043921,4590.834666052345,1305.162407782143,50.40481512015952,1304.1887383735468,1.0,1.0,52.0,1762.3723471266237,143.17137401136978,65.94525975620967,882.0,882.0,4782.336775728957,221.36690973159497,4777.210663950829,5932.5624765614975,-1150.2257008325405,103.64311476109533,-1154.1836617034032,0.017006802721088437,0.0011337868480725624,11.495309764332902,4.542660703335315,11.471918812199721,4.471207465226516,10.527611653271103,0.5107875999528915,150000.0,2900.0,H0,0.0
0,46,8,known,3,100.0,300.0,150.0,3169.1783434622794,151.79948858381647,3165.5407575856625,978.4361876155418,60.08022763627734,976.5898522321481,1.0,1.0,35.0,2841.1273244836575,89.36975271520207,80.55450711943773,882.0,882.0,2693.9755951531783,155.51778805634103,2689.4829846792086,5857.134309792404,-3163.1587146392253,43.67246027321892,-3166.583352513397,0.048752834467120185,0.012471655328798186,10.913562493017423,7.875211553196636,10.890450783790923,7.824919438204178,3.4208294938561536,0.6390395000344142,150000.0,2900.0,H0,0.0
0,47,8,known,3,100.0,300.0,150.0,1879.5996837714222,95.71616956459908,1877.1609909961137,1105.1192710231135,60.16589445356349,1103.4802528053053,1.0,1.0,35.0,906.073816529561,278.2602780256277,79.31632472506145,882.0,882.0,3098.0619646588393,126.00260361492464,3095.4985512430867,5646.197170014872,-2548.135205356033,7.580261213727738,-2549.456597516217,0.061224489795918366,0.022675736961451247,11.987190354115961,8.23703882818386,11.965902185186213,8.204587015524734,3.7611355600977716,0.6094314000802115,150000.0,2900.0,H0,0.0
0,48,8,known,3,100.0,300.0,150.0,1880.615811285208,70.52779619934736,1879.29286158895,767.7702555744812,53.56537108058999,765.8994166115436,1.0,1.0,36.0,2044.121001101907,123.30763313822641,79.63127210941336,882.0,882.0,2985.8127868505835,138.74460558479947,2982.5874559753593,6182.556620725716,-3196.7438338751326,23.298270727129946,-3198.89121115982,0.048752834467120185,0.011337868480725623,11.05271376601875,12.47949943728296,11.029632002612809,12.455317958345807,2.392574158808292,0.6188118000281975,150000.0,2900.0,H0,0.0
0,49,8,known,3,100.0,300.0,150.0,1093.1356181862154,55.318104987699265,1091.7350351655518,644.9323215319329,51.361531258557974,642.8838872326361,1.0,1.0,37.0,1657.9472375405524,152.44784838630557,63.225765972835184,882.0,882.0,3107.903331260616,120.28724918175539,3105.574680175172,6225.083071605662,-3117.1797403450455,1.0389502511648487,-3118.3661206031848,0.04081632653061224,0.009070294784580499,12.111895721455717,12.625873085867262,12.090787655919968,12.601845196930398,2.461535380661666,0.47432759997900575,150000.0,2900.0,H0,0.0
0,50,8,known,3,100.0,300.0,150.0,1635.174091779969,68.56720956963996,1633.7358563122375,1244.9192263089114,51.619863869257834,1243.848571847754,1.0,1.0,37.0,883.3443664139016,285.3113295924215,66.02853001711004,882.0,882.0,2639.8831035077424,109.04891583312364,2637.62983266062,5480.143405194522,-2840.2603016867793,-0.10385337476151335,-2841.426419511944,0.03741496598639456,0.003401360544217687,10.989612994269251,8.17292076434201,10.966728280245505,8.140457789021294,3.2300363353886934,0.4481698999879882,150000.0,2900.0,H0,0.0
0,51,8,known,3,100.0,300.0,150.0,2069.2650290626093,92.72383126998125,2067.186506248553,1302.9038489322165,49.97414939934839,1301.945092526638,1.0,1.0,52.0,1698.3654897523452,148.50435240084883,47.97767613792293,882.0,882.0,2590.9565985552335,137.95210810614762,2587.2814519232297,5938.823353721562,-3347.8667551663284,18.96429777824318,-3350.349786853897,0.048752834467120185,0.012471655328798186,11.060016491900381,9.964452461517705,11.037302323683484,9.923731213288384,2.600199668332403,0.4156502999830991,150000.0,2900.0,H0,0.0
0,52,8,known,3,100.0,300.0,150.0,1644.4175566016227,185.1571507880735,1633.960198404996,1369.0761374547712,103.26476736792945,1365.1761270870961,1.0,1.0,30.0,1070.510464358636,235.85001408328537,85.03548429523984,882.0,882.0,3006.5188106455043,138.30247385886167,3003.336109144259,6293.6492089451895,-3287.130398299685,20.03227271060817,-3289.2017353805372,0.045351473922902494,0.009070294784580499,11.943226570556469,8.965952075779498,11.921641614055353,8.936975797802063,3.3532621914936103,0.43920700007583946,150000.0,2900.0,H0,0.0
0,53,8,known,3,100.0,300.0,150.0,1952.9537632106267,133.60364948052037,1948.378419631062,1140.2051296366408,91.7754853146776,1136.5056084089354,1.0,1.0,34.0,2051.545451945592,123.75791364235104,63.133485844885186,882.0,882.0,2332.6158241555863,133.04187960178803,2328.8186793679474,6141.3109592611,-3808.6951351055136,15.971003321101605,-3811.3763263519336,0.04081632653061224,0.01020408163265306,11.678312650930533,10.078944390853742,11.656637411258925,10.04884921624711,2.314345365643992,0.3339752999600023,150000.0,2900.0,H0,0.0
0,54,8,known,3,100.0,300.0,150.0,1875.0767403639788,27.333458033110816,1874.8775064856786,589.0985603875563,30.501254774647172,588.3084117262504,1.0,1.0,87.0,2120.690982936623,119.00226573166175,78.68291612351307,882.0,882.0,3700.899588029786,157.1111629136924,3697.5632304487976,6278.666666935509,-2577.767078905723,35.43110244450341,-2579.924250810825,0.04421768707482993,0.012471655328798186,12.049836780358463,11.261705325254265,12.028379850869062,11.233196027555566,3.286269247101107,0.6626255000010133,150000.0,2900.0,H0,0.0
0,55,8,known,3,100.0,300.0,150.0,1897.0311850464172,82.88776091815357,1895.219495501402,1268.8947484760401,59.437264589743734,1267.501910960359,1.0,1.0,32.0,867.2497474025224,290.53460898753207,74.73283506348857,882.0,882.0,3281.603949526124,120.85856314298256,3279.377637488624,6934.946900736124,-3653.34295121,-0.8385336015433182,-3654.5013874636797,0.031746031746031744,0.012471655328798186,11.440954301143943,8.22540752123716,11.418506912732319,8.192568602376287,3.9895943648425423,0.40021460002753884,150000.0,2900.0,H0,0.0
0,56,8,known,3,100.0,300.0,150.0,4870.956253916788,268.0357522044347,4863.5760159692445,1504.7616407300047,57.736403505197366,1503.6535848135836,1.0,1.0,51.0,2001.1582480490072,126.47274261059177,51.166521872434025,882.0,882.0,5641.032308601855,286.95957239813475,5633.728757270717,5875.693060421606,-234.66075181975066,170.5285260254475,-240.81060779674135,0.01020408163265306,0.0045351473922902496,11.437277357627085,4.388921747566931,11.415209902946591,4.312573128688779,12.852888780095139,0.3253837999654934,150000.0,2900.0,H0,0.0
0,57,8,known,3,100.0,300.0,150.0,5227.915747962851,245.90051790603852,5222.129451008613,1145.0713551122672,74.39949846540485,1142.6517942605,1.0,1.0,144.0,2094.0658130832394,120.60258697494133,75.09893328089439,882.0,882.0,5367.385154513632,283.6901127383321,5359.882770810183,5910.326172459303,-542.9410179456709,163.22713041853254,-549.2156489784111,0.01473922902494331,0.0011337868480725624,11.371085002368634,3.9052219197134104,11.34848825144636,3.8192449885126725,13.74412329148128,0.5535910000326112,150000.0,2900.0,H0,0.0
0,58,8,known,3,100.0,300.0,150.0,3247.5721763509337,232.52506616624737,3239.23712225782,1357.8359836502452,91.6680406360132,1354.738177221482,1.0,1.0,32.0,1355.1101275844799,186.085769404473,68.85196030247326,882.0,882.0,5225.024827045957,212.28244310796194,5220.710737782238,5074.010090623895,151.01473642206201,99.9327621301094,147.94463348201225,0.017006802721088437,0.0045351473922902496,11.403596057307457,5.936822176993891,11.3814104778606,5.8851624209184745,8.801046538489464,0.5055893999524415,150000.0,2900.0,H0,0.0
0,59,8,known,3,100.0,300.0,150.0,1552.68236466063,64.62397088292819,1551.3369292050802,969.1742578516241,45.54500088615444,968.1035042682815,1.0,1.0,113.0,648.3138204612412,389.3065073642053,73.48783204420263,882.0,882.0,3739.1491107334296,134.1679841301253,3736.741230582211,5544.913746645222,-1805.7646359117925,16.22704868103331,-1806.918065720236,0.02834467120181406,0.005668934240362812,11.961083390112051,8.754222183758209,11.939673726781773,8.722155614475362,4.2712522394858885,0.5943554000696167,150000.0,2900.0,H0,0.0
0,60,8,known,3,100.0,300.0,150.0,3042.917359491327,127.64658205728011,3040.2388733095895,1389.6756956129734,59.75619410823027,1388.3903400136076,1.0,1.0,43.0,2658.6805164216353,94.92337298331829,55.85111660390431,882.0,882.0,2687.1047006388235,158.2871746599888,2682.4385999559095,6099.558792557292,-3412.4540919184683,37.36844322417355,-3415.9215176700513,0.034013605442176874,0.01020408163265306,11.320928453964708,9.238430646255768,11.298096531746973,9.203254618390398,2.908615979844885,0.4244368999497965,150000.0,2900.0,H0,0.0
0,61,8,known,3,100.0,300.0,150.0,3032.886257355495,133.55985225810028,3029.94402851284,1304.5275158263692,79.17801803546985,1302.122452386139,1.0,1.0,43.0,1167.7301450233792,215.76154614553639,54.433932941215126,882.0,882.0,3164.9859666605935,159.58888782715027,3160.9599105399275,6056.306808750512,-2891.320842089918,38.58503000853872,-2894.1379605197,0.046485260770975055,0.011337868480725623,11.943844615598405,6.364791203675084,11.922218742316181,6.317685100815382,4.9726469657529435,0.36305619997438043,150000.0,2900.0,H0,0.0
0,62,8,known,3,100.0,300.0,150.0,1389.596624184502,67.72930792848629,1387.9450705242236,798.4581124313763,51.94574402539693,796.7665887731013,1.0,1.0,55.0,1707.5181626691797,147.88903187860242,68.85950656284649,882.0,882.0,3862.511430887356,137.8330251757575,3860.0513741278605,5846.755934732628,-1984.244503845272,18.67046395413189,-1985.4901101432338,0.03741496598639456,0.007936507936507936,11.954842033421386,12.498486096442406,11.931884155118416,12.473083756877703,3.0903834281071756,0.4468805999495089,150000.0,2900.0,H0,0.0
0,63,8,known,3,100.0,300.0,150.0,1989.284523741685,98.66734981309968,1986.8360955245007,1140.9116105788273,59.0535198604554,1139.3822821799822,1.0,1.0,68.0,856.7914430002054,294.0114610886967,78.11557367936202,882.0,882.0,3858.496442269358,141.68921230903703,3855.8940548361206,5402.652620885004,-1544.1561786156458,26.426397977462614,-1545.5288896839584,0.036281179138321996,0.006802721088435374,11.58339744765637,7.804784101734946,11.561591060901709,7.768862019435582,4.943758074501564,0.3924889999907464,150000.0,2900.0,H0,0.0
0,64,8,known,3,100.0,300.0,150.0,1365.4495765382512,77.3456450881157,1363.257201431334,1078.7772368705241,44.6929106965596,1077.8510428271027,1.0,1.0,34.0,1456.6778713228211,173.3355076963867,56.11803116385591,882.0,882.0,2829.331999242178,121.43899708641618,2826.7246296592784,6274.5203315725,-3445.1883323303223,-2.219147582518957,-3446.5770572177134,0.04421768707482993,0.009070294784580499,11.947665628271583,9.948051802764233,11.926285267166513,9.920576352668146,2.8441066204098377,0.39127279992680997,150000.0,2900.0,H0,0.0
0,65,8,known,3,100.0,300.0,150.0,1809.666630825143,121.64969442543658,1805.5732238179157,1304.6953903380465,60.684070376108004,1303.283355672102,1.0,1.0,43.0,1012.0619036493173,249.36655779966202,68.84232430023764,882.0,882.0,3967.1685008733966,142.4921344686902,3964.6086699618454,5967.995077854375,-2000.8265769809786,27.459431743558582,-2002.277681109189,0.024943310657596373,0.007936507936507936,11.377036161056896,8.324215081009601,11.354676474060714,8.286699520637878,4.765816911583499,0.3452089000493288,150000.0,2900.0,H0,0.0
0,66,8,known,3,100.0,300.0,150.0,1649.0270145804348,88.0222314812415,1646.6761009928832,1107.7724715951044,57.590392638942205,1106.2744666219226,1.0,1.0,35.0,845.431639223316,298.67890385437113,74.72662301913388,882.0,882.0,3255.2067316501725,122.76373725000215,3252.8910111771356,6243.7367524216315,-2988.530020771459,5.55751213548875,-2989.745557960541,0.034013605442176874,0.01020408163265306,11.37497757737244,8.532701597443321,11.351614826891083,8.500036358564653,3.814977817372097,0.40028399997390807,150000.0,2900.0,H0,0.0
0,67,8,known,3,100.0,300.0,150.0,1801.3599237437552,38.81422767200637,1800.9417066080548,763.2317938843366,35.28455522016017,762.4157470559078,1.0,1.0,44.0,2017.7095238753245,125.26282686614373,74.23910075060921,882.0,882.0,2551.163262878414,130.39209020750258,2547.8288593764996,6433.260156338183,-3882.096893459769,12.645990588923127,-3884.3536703060186,0.047619047619047616,0.005668934240362812,11.237061338854257,11.328877658221934,11.214273887311526,11.299771329829515,2.2519117425784074,0.49488180002663285,150000.0,2900.0,H0,0.0
0,68,8,known,3,100.0,300.0,150.0,2843.912765647179,122.36838101766907,2841.278901821872,759.0923943931573,51.08220554970895,757.3716864933056,1.0,1.0,81.0,2693.788613383723,93.49930965834822,99.08946886257017,882.0,882.0,2880.0896844905974,160.98650189344517,2875.5868856491297,5972.594959800736,-3092.505275310139,45.2989647354748,-3095.8875510024645,0.05102040816326531,0.005668934240362812,11.331522734319645,8.462183333588829,11.305115705316975,8.416817246305648,3.403482967638738,1.2043195000151172,150000.0,2900.0,H0,0.0
0,69,8,known,3,100.0,300.0,150.0,1405.6560818282692,60.15708364126184,1404.368237204395,1331.7349528456261,39.87110316537827,1331.1379642107418,1.0,1.0,30.0,1482.82725234058,170.11154386389566,75.12637396132443,882.0,882.0,2199.892665249775,114.47314861021124,2196.91229612541,6452.968047582738,-4253.075382332963,-6.5237612183790645,-4254.9212704613565,0.05895691609977324,0.015873015873015872,11.761461220221868,9.141481763381123,11.739805703692433,9.10845599876212,2.4064946167284256,0.8824038000311702,150000.0,2900.0,H0,0.0
0,70,8,known,3,100.0,300.0,150.0,692.5109366574435,49.483799650815044,690.7407262948144,493.6170257391641,47.681583316491455,491.30869594584937,1.0,1.0,62.0,1293.4099585264507,195.73543520935434,102.05331260599144,882.0,882.0,3820.409707957926,114.84536518108862,3818.6831341125426,6226.285263896511,-2405.8755559385854,0.23764455729336476,-2406.5472437761564,0.03968253968253968,0.003401360544217687,11.022340095482438,12.266427433290497,10.999454100601481,12.24387065351368,3.114525177550488,0.7063112000469118,150000.0,2900.0,H0,0.0
0,71,8,known,3,100.0,300.0,150.0,3467.620899593435,178.97309258855475,3462.9991821290505,1690.2879057292432,61.322023735984956,1689.1751873797682,1.0,1.0,41.0,1433.0765972303718,176.1916511165086,58.99566408150996,882.0,882.0,4843.530988181115,195.1957392098157,4839.596166713197,6088.763650529226,-1245.2326623481104,75.62129903928823,-1247.9932367587471,0.011337868480725623,0.0022675736961451248,11.895030625925955,5.221075382198414,11.872989314107372,5.165411929231659,9.276883847905049,1.058712000027299,150000.0,2900.0,H0,0.0
0,72,8,known,3,100.0,300.0,150.0,1739.936759693241,54.656976440776454,1739.0780726172611,419.0297027248186,39.89658876247744,417.126064842234,1.0,1.0,102.0,0.030763594761568046,8202116.138670683,82.84485211712203,882.0,882.0,220776930.56611142,6179178.916163928,220690441.15710044,6054.459703594823,220770876.10640782,6179060.905030526,220684387.84761927,0.0,0.0,11.271959876454833,7.875806671837772,11.249504599017945,7.83897334077666,280322.943115863,0.9705094000091776,150000.0,2900.0,H0,0.0
0,73,8,known,3,100.0,300.0,150.0,1929.5730136911866,96.5126233189639,1927.1578369986667,1254.3025313621015,75.13752773169068,1252.049995849904,1.0,1.0,33.0,2036.8662803906695,124.13297622817637,64.73405244695132,882.0,882.0,2832.970380768964,138.21008747857093,2829.5969942791166,6005.861926545836,-3172.8915457768717,20.847224350692585,-3175.1181062973696,0.03854875283446712,0.005668934240362812,11.566953267350758,10.369253202647165,11.545033427430234,10.34295837381629,2.732087186419303,0.7906141999410465,150000.0,2900.0,H0,0.0
0,74,8,known,3,100.0,300.0,150.0,1414.9443928920393,45.493600598864994,1414.2128436982791,1106.3453246344147,32.776840231417324,1105.8596909576156,1.0,1.0,39.0,1670.2154738517079,150.9970444723009,66.3426377040586,882.0,882.0,2340.1754140399403,120.95238646997565,2337.0476008597307,5345.400133437203,-3005.224719397263,6.5028313835536125,-3007.127161055433,0.05895691609977324,0.005668934240362812,11.356371816979383,10.820825552227294,11.333977752570554,10.796709024567933,2.1626588495905033,0.5008107000030577,150000.0,2900.0,H0,0.0
0,75,8,known,3,100.0,300.0,150.0,1094.505919239266,67.6872814945354,1092.4109296293543,633.6647731518306,55.379912297010165,631.240136594257,1.0,1.0,79.0,635.547498974413,399.1288005589932,81.78052808025608,882.0,882.0,5003.150232802873,126.08992927646604,5001.561114465211,5594.807578538864,-591.6573457359909,10.67224588695835,-592.0558369569108,0.024943310657596373,0.009070294784580499,11.588389872418459,8.799877510505969,11.566506489071724,8.768963667620003,5.6854771294597315,0.4891511999303475,150000.0,2900.0,H0,0.0
0,76,8,known,3,100.0,300.0,150.0,2898.0685155512538,133.4554236473907,2894.9940882026935,1468.0751154899856,60.10410895985367,1466.8442455854256,1.0,1.0,32.0,2594.309716822998,97.24261483960825,80.72788274566219,882.0,882.0,2714.5740393882247,138.7824073249453,2711.0240977788444,5659.806108280925,-2945.2320688927007,25.31379485971847,-2947.6444786019356,0.048752834467120185,0.013605442176870748,11.752816777826068,8.65720114601464,11.730867980416445,8.61757844330981,3.1356254678660025,0.3596432999474928,150000.0,2900.0,H0,0.0
0,77,8,known,3,100.0,300.0,150.0,4579.752234641285,224.12518913520844,4574.264796696509,1923.4157567307034,57.415996220543576,1922.55860160827,1.0,1.0,35.0,1940.8768507810364,130.10808277644824,65.51375866879307,882.0,882.0,4448.49613557343,187.58319300294474,4444.539392773402,5744.0690861535195,-1295.5729505800891,74.25784939335541,-1298.4116807601604,0.02040816326530612,0.006802721088435374,11.382848452476637,5.102937191560578,11.359412507493078,5.038894529108342,8.717520848444918,0.38652689999435097,150000.0,2900.0,H0,0.0
0,78,8,known,3,100.0,300.0,150.0,2438.638003209181,135.00942953196895,2434.8978961413377,1339.1468867356948,72.38011666793028,1337.1894042973272,1.0,1.0,69.0,2189.427772350333,115.41962457647509,78.3885660686229,882.0,882.0,3195.2246874352513,159.9969428182938,3191.216348272943,5674.055035846813,-2478.8303484115613,45.5287311857583,-2481.683930979657,0.035147392290249435,0.006802721088435374,11.454044315203635,9.445078488124988,11.430187889195265,9.409395483854011,3.3829519695919,0.4395854000467807,150000.0,2900.0,H0,0.0
0,79,8,known,3,100.0,300.0,150.0,2123.300287886067,120.30425201813864,2119.889383784779,1325.4118491691281,67.22045789493484,1323.7061531768761,1.0,1.0,35.0,796.5831760586121,317.13729499136633,66.25219373127734,882.0,882.0,4519.752825079542,158.74190047106106,4516.964313435446,6088.392652611576,-1568.6398275320335,42.190677910507134,-1570.3126561868721,0.01927437641723356,0.0022675736961451248,11.653476554758083,7.183550477406787,11.631381754341277,7.14564353172482,6.291809098153845,0.3617612000089139,150000.0,2900.0,H0,0.0
0,80,8,known,3,100.0,300.0,150.0,1439.4584452652325,78.63645212430542,1437.308917401789,846.299829192592,39.92387538655095,845.3576078001129,1.0,1.0,38.0,1795.5094659190063,141.18060869656048,66.10156686664456,882.0,882.0,2803.0507916024612,130.75017631409852,2799.9996663744473,5965.631306948642,-3162.580515346181,12.787182569370643,-3164.4652402665947,0.035147392290249435,0.013605442176870748,11.602769655394091,11.832536540948894,11.580810223490749,11.809711362868478,2.3689348280497042,0.3826574000995606,150000.0,2900.0,H0,0.0
0,81,8,known,3,100.0,300.0,150.0,707.4321697978795,87.2672378498867,702.0289908992271,661.1892394836294,70.96920608146056,657.3694411798494,1.0,1.0,80.0,1219.3858891620368,206.632560836549,78.16610884978346,882.0,882.0,4502.471139526742,116.77076332583971,4500.956670653866,6195.649975809109,-1693.1788362823663,0.32523978875174464,-1693.5989278367615,0.030612244897959183,0.011337868480725623,12.056837399680465,11.666905413822557,12.035560553056875,11.641930027153368,3.859182002274885,0.47269970003981143,150000.0,2900.0,H0,0.0
0,82,8,known,3,100.0,300.0,150.0,2023.8007903652654,132.02351999971003,2019.4898933270151,1400.2839849792642,67.89015803900318,1398.6372528396516,1.0,1.0,43.0,1856.3710559003691,136.52246685080934,72.91964579969974,882.0,882.0,2910.668274797561,134.39714993638998,2907.563793281583,5622.820709961801,-2712.15243516424,20.888673204428486,-2714.111096116177,0.047619047619047616,0.011337868480725623,11.279749613567695,10.166625403014985,11.257172880433334,10.132648056828693,2.862964021409092,0.4040505000157282,150000.0,2900.0,H0,0.0
0,83,8,known,3,100.0,300.0,150.0,3967.4941523536468,238.19976075066268,3960.3371981358746,1684.61437627843,92.22401654716064,1682.0880855460193,1.0,1.0,39.0,3292.9632580827692,76.60814502368173,102.24864043244433,882.0,882.0,2871.2236058316275,147.58682733435614,2867.4279630153133,5838.965221352678,-2967.7416155210503,32.87350570040134,-2970.4103106957555,0.05328798185941043,0.007936507936507936,11.881908782542418,8.115156388240493,11.856551580220156,8.062617750286933,3.5381001529339087,0.37303909996990114,150000.0,2900.0,H0,0.0
0,84,8,known,3,100.0,300.0,150.0,2587.562659200138,147.6064759373543,2583.3491524662795,995.076503574736,70.4249406906629,992.5812690632632,1.0,1.0,75.0,826.0236632816273,305.6899408352074,51.120120932962315,882.0,882.0,3760.5548310879967,156.97179174602505,3757.2772714048288,5872.443541973322,-2111.888710885325,40.53769280363856,-2114.011876156177,0.023809523809523808,0.006802721088435374,11.854491936845326,6.930617894112166,11.832929964168317,6.88771621596738,5.426002253396103,0.4320210999576375,150000.0,2900.0,H0,0.0
0,85,8,known,3,100.0,300.0,150.0,2393.5422053635607,118.57236173061173,2390.603456010696,1328.279941061328,53.782978612496024,1327.1906392969522,1.0,1.0,36.0,1099.1808834801134,230.05013125758506,59.45079980560621,882.0,882.0,3498.299082978217,136.48292420313948,3495.635691167945,5788.4266639161315,-2290.1275809379144,20.666773026989247,-2291.6322188792456,0.02040816326530612,0.0011337868480725624,11.728923712593359,7.491110460673463,11.707308887311333,7.449446058977683,4.669933918800758,0.3600108999526128,150000.0,2900.0,H0,0.0
0,86,8,known,3,100.0,300.0,150.0,1622.0256627036988,53.59544456356982,1621.139962739617,429.56084597394994,36.9236537213558,427.9709852194666,1.0,1.0,1863.0,94.96731154637042,2658.373449087809,68.17708431427837,882.0,882.0,43520.154164073894,1146.1258573058624,43505.05963659829,6008.494105985254,37511.660058088644,1031.5313845853555,37497.65840740763,0.0,0.0,11.206302403124518,8.175576418460238,11.183706807768235,8.141107452431925,53.231909209247334,2.0784061000449583,150000.0,2900.0,H0,0.0
0,87,8,known,3,100.0,300.0,150.0,1442.0052884029171,52.3852660967894,1441.0534465029216,1346.9386224757955,44.920682175891564,1346.1893570482,1.0,1.0,37.0,1590.5013392929636,158.74114183348817,77.62964532245911,882.0,882.0,2147.524839263159,115.30661376790137,2144.4270377127864,6588.4264166524645,-4440.901577389306,-7.205836461823594,-4442.860214804954,0.06349206349206349,0.01927437641723356,12.508325979843246,9.854931913956506,12.486053191267132,9.826256584637159,2.179137165039004,0.3359827999956906,150000.0,2900.0,H0,0.0
0,88,8,known,3,100.0,300.0,150.0,2375.588047673371,102.06184492624175,2373.3946052139813,1246.0870066818682,69.20529169061774,1244.1637576394014,1.0,1.0,77.0,2305.027524604785,109.40001390183575,84.09812819081617,882.0,882.0,2851.3653357477556,152.4957052526145,2847.284555112716,5866.404342746382,-3015.0390069986265,30.209595222407913,-3017.84511266849,0.047619047619047616,0.01020408163265306,12.006759855914376,10.491556424336046,11.985336430416842,10.452617266241536,2.7177715301933407,0.43567729997448623,150000.0,2900.0,H0,0.0
0,89,8,known,3,100.0,300.0,150.0,2442.347297406077,134.5891290677731,2438.6361121503032,855.9254512197016,56.41262399646737,854.0643968106169,1.0,1.0,38.0,712.9028590811379,353.6779181430293,48.74080024187929,882.0,882.0,6288.283196382828,224.64080461976837,6284.269413926365,5632.077537990944,656.2056583918838,107.22082450134073,653.4160201492614,0.015873015873015872,0.003401360544217687,11.897364570856638,7.02127151079003,11.87594284518724,6.979794647373932,8.95604619009424,0.3768416999373585,150000.0,2900.0,H0,0.0
0,90,8,known,3,100.0,300.0,150.0,2832.358483440197,121.85630251005925,2829.735962992701,660.140161802589,56.39522876483222,657.7268516620791,1.0,1.0,42.0,2708.6723357899223,93.30945138394543,69.8612998900708,882.0,882.0,2568.1722452714207,158.54458918726937,2563.2737455492124,5633.573222331117,-3065.4009770596963,41.488971852766326,-3069.083241877689,0.05555555555555555,0.013605442176870748,11.754716995382733,9.11691310241639,11.732717407506001,9.077664012915168,2.8169318018296567,0.4057255999650806,150000.0,2900.0,H0,0.0
0,91,8,known,3,100.0,300.0,150.0,1910.2386479781255,46.83480955480237,1909.6644189080087,801.8752407753343,52.87767499961933,800.1298977385703,1.0,1.0,88.0,549.7725057455376,459.59084256962024,81.71508412850389,882.0,882.0,5617.0494625766105,159.21438459801357,5614.792555809098,5940.441019997601,-323.39155742099047,45.12877106335225,-324.5528613942615,0.01473922902494331,0.0,11.1926913339549,7.232935047491546,11.170104652281236,7.195168730781056,7.7659337816460265,0.3987206999445334,150000.0,2900.0,H0,0.0
0,92,8,known,3,100.0,300.0,150.0,1166.934029684673,116.13816374249622,1161.1403690160078,760.211200305952,72.1847417644696,756.7763422088544,1.0,1.0,76.0,1588.3903358660907,159.016931077614,74.51072880987857,882.0,882.0,2844.798231494283,134.61733589154306,2841.6113651923733,6427.705799942963,-3582.9075684486797,10.0078302679634,-3584.8864619082206,0.049886621315192746,0.011337868480725623,11.384089734445649,11.429044511847362,11.361815968934163,11.401816289678422,2.4890954169837745,0.4035249000880867,150000.0,2900.0,H0,0.0
0,93,8,known,3,100.0,300.0,150.0,2289.5451984025326,70.95784364935821,2288.445367482633,827.7895339827774,61.72324601911896,825.4851624785796,1.0,1.0,115.0,575.1248805151912,437.2508194796741,92.72821301607011,882.0,882.0,4400.648347707745,149.90701236845527,4398.0943336660785,5621.471109051365,-1220.8227613436193,33.75876509165309,-1222.176746500225,0.026077097505668934,0.007936507936507936,11.85240542960845,7.131668235011446,11.830783626878253,7.0923569919294,6.1705735638453785,0.4778996999375522,150000.0,2900.0,H0,0.0
0,94,8,known,3,100.0,300.0,150.0,2319.507950537148,69.9035175017308,2318.45436246779,826.4822627127853,40.00986606809958,825.5132592490917,1.0,1.0,69.0,2246.244131675134,112.22463657728973,74.36445507323256,882.0,882.0,3389.9149537116664,160.4232190474448,3386.116918269129,6534.118665071055,-3144.2037113593888,44.931876947959395,-3146.981005314292,0.03854875283446712,0.011337868480725623,11.120675193607404,10.325488457101418,11.094967076021579,10.295237068774536,3.2830552935054915,0.3785339000169188,150000.0,2900.0,H0,0.0
0,95,8,known,3,100.0,300.0,150.0,1690.174420744791,111.99477035747829,1686.4598257748582,1307.0947235930976,51.84027136500683,1306.0663086955876,1.0,1.0,35.0,1250.2998725052857,202.53066092806262,67.29692289055352,882.0,882.0,2696.000646890632,121.88360522471878,2693.244117196236,6090.350773518434,-3394.3501266278017,3.6258577728495567,-3395.9584290871603,0.049886621315192746,0.013605442176870748,11.981256634752512,8.430873377281014,11.959857072852103,8.398920106586022,3.197771483741702,0.36387320002540946,150000.0,2900.0,H0,0.0
0,96,8,known,3,100.0,300.0,150.0,1550.0396326456653,99.27335201251378,1546.8573510031586,1441.2714103601738,72.57328246776666,1439.4430857083091,1.0,1.0,85.0,1173.703748226148,215.24976925340195,91.38177198088397,882.0,882.0,2204.406133445125,117.73162009135768,2201.2600179899578,6062.610248129608,-3858.2041146844836,1.3012663738003738,-3860.2321244993277,0.06462585034013606,0.015873015873015872,11.600342981340475,9.060959733570353,11.578441319129144,9.030392254240963,2.4328616374686254,0.39257530006580055,150000.0,2900.0,H0,0.0
0,97,8,known,3,100.0,300.0,150.0,1592.0249013459372,96.42932288999444,1589.1018444997533,687.1638935169594,54.53303237610343,684.9966167312464,1.0,1.0,35.0,1969.7970881379865,128.3849685892284,68.91550456541984,882.0,882.0,3405.6846919655836,141.8408836217344,3402.729696114888,5973.873622277853,-2568.18893031227,21.816667622629467,-2569.938069843715,0.04081632653061224,0.012471655328798186,11.991951231642005,11.951202019649084,11.970510046734054,11.923405329476644,2.849658709112494,0.3697847999865189,150000.0,2900.0,H0,0.0
0,98,8,known,3,100.0,300.0,150.0,2314.0621024124735,84.41158813571198,2312.5220210000257,1429.7110873597699,71.52705632153754,1427.9207518393418,1.0,1.0,37.0,2323.0144007980016,108.84882966435997,72.40844374998392,882.0,882.0,2695.960740836895,139.97738543616975,2692.3243949606585,6104.600099501225,-3408.6393586643294,21.074545398988533,-3411.117624872204,0.032879818594104306,0.009070294784580499,11.927374933659502,8.660803296919465,11.9060512004919,8.623730415697523,3.1128298939612375,0.3921808000886813,150000.0,2900.0,H0,0.0
0,99,8,known,3,100.0,300.0,150.0,2590.4643783413444,145.787651482098,2586.3587640021524,1366.8172336473028,77.67397081907077,1364.6084069990422,1.0,1.0,39.0,2312.2805605605454,109.09976091616372,77.564293040413,882.0,882.0,3021.5734614639687,135.83618181549818,3018.518629184378,5281.257245144875,-2259.6837836809063,26.272433564379284,-2261.602001489168,0.047619047619047616,0.015873015873015872,11.287168246302077,8.926625027510944,11.264717415264624,8.89022912186489,3.384900174648077,0.36834040004760027,150000.0,2900.0,H0,0.0
1,0,8,known,3,100.0,300.0,150.0,3367.948639848718,52.12078393511253,3367.5453173700303,840.5721293939196,54.451906115819426,838.806589527158,1.0,1.0,38.0,2042.130761339049,123.78029491840242,71.13560411090242,882.0,882.0,2733.5282184024754,154.88190988619144,2729.1368809190603,3416.409198378337,-682.8809799758615,-11.122486698911388,-683.236831187884,0.04195011337868481,0.007936507936507936,8.141216846460111,10.43474469825544,8.107098324870316,10.406100126509545,2.6196407266767987,0.3295417999615893,150000.0,2900.0,H5,1991.8584287042088
1,1,8,known,3,100.0,300.0,150.0,4595.12274945685,147.70650525128568,4592.748182829354,1200.0863830574442,75.20921181457905,1197.7273902095285,1.0,1.0,31.0,2661.793812795689,94.77750273568297,78.95136299229976,882.0,882.0,2609.8763931014937,184.76536702998277,2603.327975191512,2970.5352765745993,-360.65888347310556,25.468346207648267,-362.9330194836466,0.035147392290249435,0.011337868480725623,7.977881157687462,8.078923603886725,7.9430927860367255,8.033535558580446,3.2304753963088557,0.3922641999088228,150000.0,2900.0,H5,1991.8584287042088
1,2,8,known,3,100.0,300.0,150.0,1708.7296329477224,122.64219438398726,1704.3226955803698,1308.2326197366629,72.30299256368207,1306.2330820375773,1.0,1.0,72.0,1301.9582546896165,193.44604906076643,80.70360980721249,882.0,882.0,2878.408313108465,176.44703075864413,2872.995103077688,2831.2090601159994,47.19925299246552,18.64086844629344,46.18737045433727,0.03968253968253968,0.012471655328798186,8.07084132502376,6.477397603390321,8.036006042031497,6.427496386430773,4.443772776279602,0.4320439000148326,150000.0,2900.0,H5,1991.8584287042088
1,3,8,known,3,100.0,300.0,150.0,1475.8198597673186,77.28261126734195,1473.794984548166,518.539651106984,41.64929643380492,516.8643012210475,1.0,1.0,36.0,1071.2267557933756,235.43313295046573,104.23616127426226,882.0,882.0,2529.6650414369924,120.1698322992296,2526.809140650238,2900.0298064224176,-370.36476498542515,-37.564347915142775,-368.9278651102204,0.04081632653061224,0.006802721088435374,7.922029353682309,9.402342506048868,7.882738401499045,9.373969091821863,2.6904625520816405,0.3575493000680581,150000.0,2900.0,H5,1991.8584287042088
1,4,8,known,3,100.0,300.0,150.0,3157.1388229306317,79.01319423263189,3156.149942951534,691.8075433604167,59.608927361986105,689.2346863218133,1.0,1.0,33.0,1932.2297904926431,130.20060954657225,62.08703871140745,882.0,882.0,2784.464169012503,161.72770081643742,2779.763453839754,3239.254447454349,-454.79027844184566,-2.5657683445843134,-455.32186672658554,0.04308390022675737,0.01020408163265306,8.121257428186698,10.79193471931022,8.08283355568993,10.763223658024643,2.5801343701886994,0.5369042999809608,150000.0,2900.0,H5,1991.8584287042088
1,5,8,known,3,100.0,300.0,150.0,2000.7192301322395,134.09837932284287,1996.2201938874198,832.3900798958921,56.70762793920601,830.4561939335501,1.0,1.0,41.0,1416.8618319141763,177.6427280906014,85.06663048445583,882.0,882.0,3058.5641531965107,188.8483579032144,3052.728447952085,3601.7675367700467,-543.203383573536,15.365813888867308,-544.8586873168965,0.03741496598639456,0.011337868480725623,8.229202691961351,5.915426567780077,8.194377858062655,5.86200879295085,5.170487906748403,0.3539157999912277,150000.0,2900.0,H5,1991.8584287042088
1,6,8,known,3,100.0,300.0,150.0,1945.5913985647778,52.43302572237306,1944.8847441385426,1110.6057456860726,63.00804219127099,1108.8169862380987,1.0,1.0,37.0,1136.741279368568,222.35464377600647,80.94797976558725,882.0,882.0,1940.3503483801205,114.00526271537873,1936.9982639465768,2741.713819493986,-801.3634711138657,-40.89740371525434,-800.3361752363637,0.06802721088435375,0.015873015873015872,7.947244530066829,9.483157693220717,7.9102415210434005,9.455911601850524,2.046101531947772,0.3215380000183359,150000.0,2900.0,H5,1991.8584287042088
1,7,8,known,3,100.0,300.0,150.0,1517.0423954646278,99.91271063067134,1513.7486845218025,993.4467417502531,60.161929592301966,991.6234017619415,1.0,1.0,107.0,629.3052946092503,400.9431308405284,99.77803027054331,882.0,882.0,4020.046374562156,131.0152101090776,4017.9108835749967,3048.595264710784,971.4511098513722,-35.100892007117125,973.8447659233552,0.04195011337868481,0.013605442176870748,7.916710307805278,9.105901848258373,7.881602596468477,9.072956717239629,4.414770158467109,0.48621639993507415,150000.0,2900.0,H5,1991.8584287042088
1,8,8,known,3,100.0,300.0,150.0,880.815754540384,86.16897984770063,876.5907256859113,651.2432281964344,73.67953610600699,647.0618735723168,1.0,1.0,49.0,1091.226339135565,230.90370668774247,82.4160454096611,882.0,882.0,2347.390561492634,155.40531065781815,2342.2407300711106,3161.555400245494,-814.1648387528603,-12.38192180144091,-814.8592039577611,0.07142857142857142,0.013605442176870748,7.927372345278666,6.679453546495057,7.892305126061444,6.635651811906786,3.5143452157465664,0.3989409999921918,150000.0,2900.0,H5,1991.8584287042088
1,9,8,known,3,100.0,300.0,150.0,4156.2208753527875,76.18492813287675,4155.52256899703,1137.6617208207103,78.80054405653323,1134.929365765612,1.0,1.0,39.0,2490.163612320213,101.32403110274687,100.62403712480817,882.0,882.0,2406.5303535817134,150.45716486731047,2401.8224297916404,3286.6017104436733,-880.0713568619599,-16.649430404890694,-880.5282810416511,0.048752834467120185,0.009070294784580499,8.11335591059418,8.20430111122565,8.077517650206392,8.159178532352774,2.9332545465560065,0.3974016000283882,150000.0,2900.0,H5,1991.8584287042088
1,10,8,known,3,100.0,300.0,150.0,2038.8602274553873,154.2785825530357,2033.0147923871236,876.6704141757459,59.47992883594694,874.6503033537143,1.0,1.0,30.0,1546.1781021659872,164.0776578180365,51.03739077199956,882.0,882.0,3098.319869586339,177.6192645408262,3093.224435946652,2964.6835549568978,133.63631462944113,23.810031293871475,132.53341849821618,0.03741496598639456,0.009070294784580499,8.033266186166632,5.810485103938209,7.997931097864075,5.755344849884187,5.332291218656375,0.37636839994229376,150000.0,2900.0,H5,1991.8584287042088
1,11,8,known,3,100.0,300.0,150.0,1558.278928748758,128.47598538759993,1552.9736446447062,1162.379099938508,88.52419877213974,1159.003295165983,1.0,1.0,32.0,1176.2454172789353,213.7007801589377,57.28516726339181,882.0,882.0,3078.14774116436,185.33329157643055,3072.5632763978515,3181.2348589952644,-103.08711783090439,18.472318540215895,-104.29250310552834,0.031746031746031744,0.01020408163265306,7.992165467953159,8.113520071704588,7.956645487062638,8.070569742989477,3.7938499121968214,0.3899025999708101,150000.0,2900.0,H5,1991.8584287042088
1,12,8,known,3,100.0,300.0,150.0,1737.5236874200118,85.1177493974966,1735.4375624271647,660.9112241064379,30.638973661592782,660.2006508954943,1.0,1.0,33.0,1356.1548589014594,186.67838729469733,87.1202798670434,882.0,882.0,3212.981182141824,194.38209687585095,3207.0958322463057,3156.6452791883835,56.33590295344038,26.226186365395364,54.93260544749273,0.027210884353741496,0.009070294784580499,7.897180818795157,5.963877130777787,7.860905781411345,5.905949249499594,5.38740338153613,0.4796477999771014,150000.0,2900.0,H5,1991.8584287042088
1,13,8,known,3,100.0,300.0,150.0,4013.339689378368,94.4378755806942,4012.2284269462352,974.0641807003747,65.83176281513023,971.8370270411314,1.0,1.0,34.0,2300.3277142413945,109.870075628847,67.81001039846419,882.0,882.0,3181.0915976848232,175.20143637130136,3176.2632462619367,3622.538040691262,-441.4464430064386,-3.3655706684829454,-441.87103541586475,0.023809523809523808,0.006802721088435374,7.9435790846867524,9.54928523394383,7.907847747027969,9.51000384368599,3.331235291179003,0.32552479999139905,150000.0,2900.0,H5,1991.8584287042088
1,14,8,known,3,100.0,300.0,150.0,2260.5466779967437,131.49539963360564,2256.718911002722,809.7956607536962,63.17831763728142,807.3273885828713,1.0,1.0,143.0,1439.939283471346,175.33931105652223,85.36758596908254,882.0,882.0,3436.527123162726,267.0614692203748,3426.1343873074998,3299.3856939074526,137.14142925527358,97.60800527731257,131.1030550256869,0.021541950113378686,0.0022675736961451248,8.047624178888398,5.268704732784588,8.01034245968482,5.211801704202511,6.522527447360807,0.4764224999817088,150000.0,2900.0,H5,1991.8584287042088
1,15,8,known,3,100.0,300.0,150.0,2693.741155606531,92.93220576554702,2692.137629940185,1607.5403402459417,82.49736741121592,1605.4221033386382,1.0,1.0,26.0,1387.191613418342,183.40106893891786,48.52572856873652,882.0,882.0,2122.120696627363,117.31464667504754,2118.8755330905383,3480.690676773322,-1358.569980145959,-54.12476450918378,-1357.590505240561,0.048752834467120185,0.012471655328798186,7.9779313590132155,9.84495402953875,7.938235488917941,9.817339936327619,2.1555414989853308,0.3810464000562206,150000.0,2900.0,H5,1991.8584287042088
1,16,8,known,3,100.0,300.0,150.0,2727.3697367719,164.28788043141506,2722.4171563892583,614.0651550376425,66.09695681233126,610.4975077193623,1.0,1.0,30.0,1853.613597548036,136.1067210316023,60.56422568285904,882.0,882.0,3826.369867695617,250.71316734560781,3818.1473612379746,3439.4155677290546,386.9542999665623,72.12576433127342,383.3713878997469,0.01927437641723356,0.0022675736961451248,7.877719507624111,4.893169124593669,7.83997944034166,4.826894854125852,7.819819365048741,0.35201589995995164,150000.0,2900.0,H5,1991.8584287042088
1,17,8,known,3,100.0,300.0,150.0,3613.461886772718,267.9761632478402,3603.511562780119,1465.9251028631777,84.30389827180974,1463.4989784556037,1.0,1.0,26.0,2203.4031223754855,114.7262493622547,48.22476774988023,882.0,882.0,4978.686083858272,264.3380367461433,4971.663758133007,3006.277362076726,1972.4087217815454,110.28187435313194,1969.336281563581,0.02834467120181406,0.0022675736961451248,8.078214897966493,4.48452731277955,8.045090665811584,4.414643489824761,11.101919414495523,0.45796289993450046,150000.0,2900.0,H5,1991.8584287042088
1,18,8,known,3,100.0,300.0,150.0,764.0846593970293,94.85830642208711,758.1736400249007,368.13955516859164,66.80342499259713,362.02767088854824,1.0,1.0,218.0,825.4479238258157,306.32546252929177,97.29167000218881,882.0,882.0,3009.1699950962015,149.85810840392872,3005.4361757876127,3576.3672950186065,-567.1972999224049,-27.833073829393925,-566.5141139890002,0.036281179138321996,0.007936507936507936,7.8957119028800715,8.534523444902492,7.858787071140597,8.500726598119176,3.5258793470109002,0.5554417000385001,150000.0,2900.0,H5,1991.8584287042088
1,19,8,known,3,100.0,300.0,150.0,2066.5202307211953,130.45368802831175,2062.3985306578825,638.9642255485868,40.36753811626282,637.6878102938282,1.0,1.0,34.0,1402.6365286989164,179.96461654774387,58.53377243486108,882.0,882.0,3389.1326572958915,222.73796038286517,3381.8054304992165,3411.7029982645745,-22.570340968683013,49.17016837521456,-25.479642685162162,0.034013605442176874,0.0045351473922902496,8.025302828396452,5.504555168282739,7.989865930641132,5.447457756475873,6.15696010610282,0.37084290001075715,150000.0,2900.0,H5,1991.8584287042088
1,20,8,known,3,100.0,300.0,150.0,3764.13747330398,302.2825201744032,3751.9803032436466,1390.740032816061,115.36530573557421,1385.9468550813037,1.0,1.0,29.0,2435.1721375898114,104.26561493467254,67.10265379880097,882.0,882.0,4438.100856895478,252.77050321106464,4430.8967815424,3518.6894119143667,919.4114449811109,78.08219352122612,916.5463192270695,0.024943310657596373,0.0045351473922902496,7.940787292828319,4.38153749105666,7.904063128930853,4.3051855634280685,10.129094789110606,0.4021835000021383,150000.0,2900.0,H5,1991.8584287042088
1,21,8,known,3,100.0,300.0,150.0,3260.346799338063,235.85837011526897,3251.804434648634,937.2193087438471,64.4248808949924,935.0023889830233,1.0,1.0,35.0,1965.0676857215306,128.44979939637633,80.38766451424239,882.0,882.0,5004.208489175265,315.3090077299447,4994.264994248717,3113.384421375171,1890.8240678000939,147.57014644903052,1885.4024643709822,0.018140589569160998,0.003401360544217687,8.04740931654764,4.389170894081582,8.013838105364025,4.316763062664988,11.401261445351803,0.3618407000321895,150000.0,2900.0,H5,1991.8584287042088
1,22,8,known,3,100.0,300.0,150.0,1830.317880524253,193.38943184824322,1820.0725456465211,625.8121235097565,82.80212092776559,620.3101020470765,1.0,1.0,34.0,1283.4338140975392,197.59457349769872,68.13350702467388,882.0,882.0,4800.162276396099,262.51784136328007,4792.978433365014,3412.4056295755404,1387.7566468205582,95.99230786377183,1384.6384521642613,0.015873015873015872,0.003401360544217687,8.007292487941207,5.869806165133184,7.97010001524427,5.81821930029183,8.177718550416877,0.3531618999550119,150000.0,2900.0,H5,1991.8584287042088
1,23,8,known,3,100.0,300.0,150.0,2444.8533132072644,154.54933887472848,2439.9635704153293,1505.3195408196489,84.54507775337088,1502.9434619443125,1.0,1.0,26.0,1546.4601919463018,163.9099636545622,52.01256660522631,882.0,882.0,3548.7641797521387,172.25626734187009,3544.5810728283973,3106.4293265678252,442.3348531843135,5.692708531164783,442.62044415547007,0.032879818594104306,0.012471655328798186,7.9612621787604,5.740222925629672,7.926399747866485,5.684599800440491,6.182275890204836,0.4127889999654144,150000.0,2900.0,H5,1991.8584287042088
1,24,8,known,3,100.0,300.0,150.0,1554.5861527494615,78.86531094718907,1552.584416078422,1083.477546927797,61.55085247925791,1081.7278249429257,1.0,1.0,69.0,736.6039863195296,343.129734508106,92.89362014868867,882.0,882.0,3290.8582751060467,136.85856151983714,3288.011241004608,3012.4346351140457,278.423639992001,-27.917022064874146,280.0864683600171,0.045351473922902494,0.01473922902494331,8.027885856034445,8.191826085411638,7.985351470940106,8.157696637395743,4.017246265721572,0.44117000000551343,150000.0,2900.0,H5,1991.8584287042088
1,25,8,known,3,100.0,300.0,150.0,5361.531274593714,419.0894345116931,5345.126907223735,1454.803384446694,73.15122819812564,1452.9631052475702,1.0,1.0,41.0,3207.367441905364,78.74356637031647,88.80886333057326,882.0,882.0,5792.284822604928,345.9561924150306,5781.944117605176,3283.5093539084064,2508.775468696522,173.25210945574548,2502.9798029269577,0.011337868480725623,0.0022675736961451248,7.860376256546981,3.385883386044062,7.822086766624386,3.287722960983361,17.107159822690807,0.35461239994037896,150000.0,2900.0,H5,1991.8584287042088
1,26,8,known,3,100.0,300.0,150.0,2365.793223486863,123.85332406619719,2362.5490323830563,1241.3631832985427,54.94987379779177,1240.1463882214462,1.0,1.0,32.0,1470.0393865598512,172.36145879105317,64.9861504747257,882.0,882.0,3925.038620538763,192.86011630783972,3920.2975841456932,3226.5124085780767,698.5262119606864,26.069211831843603,698.0990929145305,0.02947845804988662,0.006802721088435374,7.9288060368035715,5.173602720790942,7.892357459198079,5.11394927005589,7.586664133999647,0.39429520000703633,150000.0,2900.0,H5,1991.8584287042088
1,27,8,known,3,100.0,300.0,150.0,4152.294099881438,119.41397532909791,4150.5766580568425,1208.056974526751,76.19259384529242,1205.6518329708015,1.0,1.0,39.0,2469.6103638730588,102.30609682014901,81.7753668872538,882.0,882.0,2667.130549032314,167.53221534540813,2661.863693430389,3547.166947295182,-880.0363982628683,-6.707254079068321,-881.0212834321251,0.04421768707482993,0.007936507936507936,7.979734347268998,8.767779952327233,7.943628999358433,8.72406514070289,3.0419679366204635,0.3697245999937877,150000.0,2900.0,H5,1991.8584287042088
1,28,8,known,3,100.0,300.0,150.0,2262.257659759921,163.58814801520404,2256.3352226500806,1173.0779189778468,90.4045030806282,1169.589171382901,1.0,1.0,43.0,1324.054506936467,191.3746867240246,88.94429178824603,882.0,882.0,4267.920286611652,244.92318643768178,4260.886786294197,3427.8796980260367,840.0405885856153,76.1053138469473,837.1666239513384,0.02040816326530612,0.003401360544217687,8.216962662254025,5.362845471479157,8.18263576732978,5.3058268678524545,7.958313006237884,0.40820660011377186,150000.0,2900.0,H5,1991.8584287042088
1,29,8,known,3,100.0,300.0,150.0,2992.0060896051996,206.22290150348118,2984.890710751414,1627.7608387765538,82.33072551659654,1625.6773972379824,1.0,1.0,28.0,1840.1089925879564,136.8020851722993,70.56069045335293,882.0,882.0,3610.802939911165,181.72609667459778,3606.227044524308,3336.2657689442635,274.5371709669016,5.853530718701819,274.60009638420297,0.02040816326530612,0.0045351473922902496,7.85720138147682,5.170335948585008,7.820164941219604,5.1052903727201135,6.983691148540071,0.34029890003148466,150000.0,2900.0,H5,1991.8584287042088
1,30,8,known,3,100.0,300.0,150.0,1906.4111400155011,135.97892173818352,1901.5554600426788,1478.321796154505,90.24092502940167,1475.5649455158925,1.0,1.0,38.0,1197.3558935359697,210.36219914428042,78.38397249613642,882.0,882.0,3717.6537167843067,211.94858595238912,3711.607058247539,2957.231025885477,760.4226908988298,45.473163842808646,759.0655641626367,0.027210884353741496,0.007936507936507936,7.838791341144326,5.841903623880528,7.798177046203009,5.787296302740273,6.363771051592302,0.33988320000935346,150000.0,2900.0,H5,1991.8584287042088
1,31,8,known,3,100.0,300.0,150.0,1151.8366323720818,74.7212789489656,1149.4104393759824,623.0157676768432,41.31987613938608,621.6440417230684,1.0,1.0,31.0,796.1759304740001,316.9478753583236,83.78304896906708,882.0,882.0,2715.8416185730925,124.53629808619682,2712.98477836362,3236.3952665745583,-520.5536480014657,-39.874118954298794,-519.231726803504,0.04421768707482993,0.011337868480725623,8.095948901958376,9.561476064401726,8.058496109591706,9.533236068343875,2.8403999552793175,0.45474210008978844,150000.0,2900.0,H5,1991.8584287042088
1,32,8,known,3,100.0,300.0,150.0,3019.1393765846315,125.82774230713443,3016.5161949689123,1072.9598578543876,93.3343186424558,1068.8926800808658,1.0,1.0,20.0,1913.1541918516539,131.63143720032903,51.288546902038235,882.0,882.0,2123.1556088458356,142.44596799511248,2118.3717533935032,3155.6740274258095,-1032.518418579974,-24.59454339409743,-1032.8781628975958,0.05442176870748299,0.009070294784580499,8.032275933632604,9.149622044027195,7.997832867065078,9.1193461802071,2.3204844950200054,0.37905400001909584,150000.0,2900.0,H5,1991.8584287042088
1,33,8,known,3,100.0,300.0,150.0,2969.156356359134,166.9975486277386,2964.456322373493,680.3877191168232,50.87646030362483,678.4828915396223,1.0,1.0,76.0,1866.1915557981445,135.45280706810397,45.15781721231253,882.0,882.0,4519.862258289241,254.14556377758467,4512.711476077292,3043.065757712097,1476.7965005771443,95.7041621123436,1473.7732522895408,0.01927437641723356,0.0022675736961451248,8.08555473480498,4.72778161278769,8.051405551977087,4.658543200422445,9.560217938290405,0.39445280004292727,150000.0,2900.0,H5,1991.8584287042088
1,34,8,known,3,100.0,300.0,150.0,2812.042440336225,96.33891910989897,2810.3916984856123,1285.825511202454,73.2775792811954,1283.735814579363,1.0,1.0,62.0,1684.3537482705074,150.26085252083706,71.72060681639255,882.0,882.0,2812.353958352001,148.28899422654854,2808.4417674663378,3073.6147293091967,-261.26077095719575,-12.567817891692215,-260.9608764078098,0.03968253968253968,0.005668934240362812,8.045047543492837,10.577945476991143,8.00851147918087,10.543053897972207,2.658695835093267,0.42891269992105663,150000.0,2900.0,H5,1991.8584287042088
1,35,8,known,3,100.0,300.0,150.0,4538.943219249444,122.62997242960977,4537.286351712048,1151.2149029035263,71.39063145577956,1148.9991864259612,1.0,1.0,44.0,2727.5849175095645,92.65973403381838,56.68346369250153,882.0,882.0,2601.855707499431,167.7261129197349,2596.443928470669,3252.3888481140843,-650.5331406146533,3.8922856715749674,-651.8158666174768,0.049886621315192746,0.012471655328798186,8.140226549321374,8.116403458770971,8.105369885594268,8.07312848011387,3.205675667450639,0.3427230999805033,150000.0,2900.0,H5,1991.8584287042088
1,36,8,known,3,100.0,300.0,150.0,2713.713803786944,73.00859488075915,2712.7315300149667,1539.7546279206454,69.890015515807,1538.1676436377948,1.0,1.0,24.0,1585.3533748094571,159.67587173840752,54.64666970126464,882.0,882.0,2416.7851656453863,138.32878430850545,2412.823177175511,3071.3771205996486,-654.5919549542623,-25.753784825714177,-654.167909777515,0.06235827664399093,0.013605442176870748,7.934203873687068,9.326791133319265,7.898325828391494,9.295496496639505,2.5912289994482687,0.3464412000030279,150000.0,2900.0,H5,1991.8584287042088
1,37,8,known,3,100.0,300.0,150.0,1978.8928810422894,113.86954779622423,1975.61402119051,1404.4137739281787,57.74933993829194,1403.2259483546763,1.0,1.0,29.0,1163.5114971922487,217.18844734358248,94.81465128450029,882.0,882.0,3472.018051921896,145.94560636437916,3468.9492981095086,3275.1294215394164,196.88863038247973,-20.27856981227012,198.04082322252316,0.02834467120181406,0.005668934240362812,8.012977503757577,6.4569697304707105,7.976662149750331,6.412665550052217,5.377163277593354,0.4174996999790892,150000.0,2900.0,H5,1991.8584287042088
1,38,8,known,3,100.0,300.0,150.0,2039.1502915597703,130.40571768833655,2034.9762309084808,917.6307212329328,65.75039347896156,915.2721050637532,1.0,1.0,66.0,1342.0709575264834,187.3526990760657,73.89083172648324,882.0,882.0,4704.227403241017,262.77114122807023,4696.88266712523,3156.5507240416187,1547.6766791993982,95.41996863613832,1544.7713019479502,0.022675736961451247,0.006802721088435374,7.948751841620819,5.554071623460558,7.912928242342474,5.496946852191717,8.469871694434447,0.4981711999280378,150000.0,2900.0,H5,1991.8584287042088
1,39,8,known,3,100.0,300.0,150.0,2686.952578238639,185.46661915050248,2680.5440289023704,1451.451751150296,84.37375916456838,1448.9973273549197,1.0,1.0,34.0,1728.2953312915183,145.9655764709896,79.32651715133103,882.0,882.0,4692.519011422206,251.0379748897971,4685.799249618154,3104.0294612799894,1588.4895501422166,89.87963079937009,1585.956207684551,0.02947845804988662,0.006802721088435374,8.06355267583741,5.076136024855952,8.026127515881782,5.004000205240171,9.244273574318505,0.4457339000655338,150000.0,2900.0,H5,1991.8584287042088
1,40,8,known,3,100.0,300.0,150.0,1307.4681771379862,68.59942353024296,1305.6673210737285,1151.1372597263423,63.770759541693266,1149.3695145416673,1.0,1.0,30.0,870.836917321831,290.6964947346971,73.37592275790914,882.0,882.0,2290.8308701270585,163.78395778596462,2284.9684660185267,2982.129510063266,-691.2986399362076,-1.5559821311752557,-692.5739969966307,0.05102040816326531,0.007936507936507936,7.936978942688676,8.809392146620509,7.901997368013653,8.774012088741669,2.6004414742802378,0.38009049999527633,150000.0,2900.0,H5,1991.8584287042088
1,41,8,known,3,100.0,300.0,150.0,1458.5120475981828,74.11279107635403,1456.6278478691518,1048.1603394725737,61.94178487311345,1046.3284916936907,1.0,1.0,31.0,1120.3073623278426,225.4855270894927,86.58504268640262,882.0,882.0,1916.81710255508,130.04028982005343,1912.4009327730337,3130.4970794839223,-1213.6799769288423,-35.485887712503114,-1213.7169551526326,0.07029478458049887,0.017006802721088437,8.131903071764452,8.498451709614017,8.095321013312201,8.46412712882648,2.255489785729615,0.42898199998307973,150000.0,2900.0,H5,1991.8584287042088
1,42,8,known,3,100.0,300.0,150.0,1933.8435787224403,117.80018697315933,1930.2523417716927,1015.0931439725773,70.14482240301089,1012.6666750862208,1.0,1.0,36.0,1272.887578142492,198.00587700616538,48.20900846264095,882.0,882.0,3089.7773578994515,165.51148236851023,3085.341159514179,2989.435321826731,100.34203607272048,6.099615250399097,100.15918851019796,0.03854875283446712,0.006802721088435374,7.9495541568595325,6.081021220517527,7.910599140302501,6.033762566723257,5.0810172269658604,0.5501781000057235,150000.0,2900.0,H5,1991.8584287042088
1,43,8,known,3,100.0,300.0,150.0,2702.6398815841853,76.64532926742288,2701.5528540139408,1186.55400754593,69.9615255246018,1184.4896782030553,1.0,1.0,27.0,1599.832435399264,158.3306204095698,66.47833689267529,882.0,882.0,2906.8346329561546,147.2195472661568,2903.104198656343,2932.6582020444594,-25.823569088304794,-13.019701287932179,-25.17302750265935,0.034013605442176874,0.01020408163265306,8.018319945749544,10.476350212385725,7.983812941511952,10.445433575746074,2.774663479194818,0.3337882000487298,150000.0,2900.0,H5,1991.8584287042088
1,44,8,known,3,100.0,300.0,150.0,1713.4586985364836,114.21975405886884,1709.6474956472964,648.5086166397025,61.74894057327035,645.5621536258296,1.0,1.0,56.0,1081.1050405303763,233.2549008211116,103.10334858821095,882.0,882.0,3470.7469516243464,205.37072784465508,3464.6655345580257,3190.517499057041,280.22945256730554,36.83695342157404,278.6024029380783,0.02947845804988662,0.006802721088435374,7.980916238675267,5.963606010061568,7.9461554155531875,5.913492078649325,5.819879693206819,0.47560210002120584,150000.0,2900.0,H5,1991.8584287042088
1,45,8,known,3,100.0,300.0,150.0,1743.6285494764634,70.18179208872237,1742.2155534286253,754.9820282344521,37.661410991350685,754.0420950312706,1.0,1.0,18.0,1232.8402547222618,204.1616293169709,56.87635443971275,882.0,882.0,2160.6888986874583,133.5611226076549,2156.556965034544,3038.894762021633,-878.2058633341749,-36.660210181862766,-877.5666436053348,0.06462585034013606,0.017006802721088437,7.97061008464172,9.149127241611716,7.933872934014978,9.1197951363711,2.3616338931874226,0.3656813999405131,150000.0,2900.0,H5,1991.8584287042088
1,46,8,known,3,100.0,300.0,150.0,4334.108648724474,151.33079240070808,4331.465891614484,1321.889151232801,110.28351647741037,1317.2807119746162,1.0,1.0,36.0,2529.0722050101167,99.87790277995384,35.741707788638834,882.0,882.0,3385.408343848902,192.14739054563364,3379.9510403123104,3467.5322420741436,-82.12389822524165,11.242378730761516,-82.85897851979416,0.024943310657596373,0.005668934240362812,7.9405009613105255,8.593607895986397,7.904667608124728,8.555793476237145,3.9394493963705752,0.3825559000251815,150000.0,2900.0,H5,1991.8584287042088
1,47,8,known,3,100.0,300.0,150.0,669.3161721020609,70.32289358406163,665.6116201474554,535.7123829607757,60.470733188885006,532.2885004253909,1.0,1.0,37.0,745.9950744314691,339.0538341027781,89.7539713295603,882.0,882.0,2626.0958996764516,149.69598584433268,2621.825849693218,3249.720255492402,-623.6243558159504,-16.350745087255575,-623.6494964008689,0.05102040816326531,0.015873015873015872,8.034293759589907,7.531861906805652,7.99677845330708,7.493062217415362,3.4866490280491726,0.4029141999781132,150000.0,2900.0,H5,1991.8584287042088
1,48,8,known,3,100.0,300.0,150.0,3746.9189003315514,273.77314786855794,3736.903732927561,962.3903685754318,40.620221450602315,961.532744702987,1.0,1.0,33.0,2421.125401078348,104.66256027063437,62.44545694608418,882.0,882.0,4124.8737765485575,225.8644464617911,4118.68533931429,2910.4869534306113,1214.3868231179463,69.4790467972528,1212.4028491111158,0.01927437641723356,0.003401360544217687,7.86222664513533,4.241411426040571,7.826608769648136,4.160416245122903,9.725238516649155,0.35149739996995777,150000.0,2900.0,H5,1991.8584287042088
1,49,8,known,3,100.0,300.0,150.0,2855.331040585542,79.4679756924628,2854.2249722421416,1211.7041607061792,109.837260061146,1206.715687050983,1.0,1.0,37.0,1596.8268825427367,158.18941794204773,80.52338641869771,882.0,882.0,2460.7632067201557,132.11944671183818,2457.213871714919,3317.7718524389375,-857.0086457187817,-36.17639957071967,-856.2867806103732,0.04195011337868481,0.01020408163265306,8.11013765153142,11.795678297049989,8.074507540563296,11.773629757819652,2.086156594602596,0.38993310008663684,150000.0,2900.0,H5,1991.8584287042088
1,50,8,known,3,100.0,300.0,150.0,2328.4493181387757,175.37981521200408,2321.8350819033494,1241.1027756793637,84.80226861956366,1238.2021947307298,1.0,1.0,35.0,1691.7728223058648,148.98893984314915,61.05960348780995,882.0,882.0,2550.7603716791145,174.4892940308327,2544.785248306268,2938.961522287938,-388.20115060882335,13.092510279338967,-389.74127358507576,0.04421768707482993,0.015873015873015872,7.953115956309427,5.6706128222081205,7.917479984862213,5.612055846610939,4.498209367582701,0.42467079998459667,150000.0,2900.0,H5,1991.8584287042088
1,51,8,known,3,100.0,300.0,150.0,1967.1972521843177,97.47424965516129,1964.780852832115,671.3325521667357,34.61974507907235,670.4393103401402,1.0,1.0,45.0,1460.8448020432236,172.80038983333108,70.2552936163516,882.0,882.0,3135.5914223646378,195.77221341236182,3129.473886847806,3029.3600458689593,106.23137649567843,31.9259025766695,104.54799123768089,0.035147392290249435,0.005668934240362812,7.971029393103818,5.741580058926049,7.933046512443445,5.687633932908913,5.461199513346408,0.35034010000526905,150000.0,2900.0,H5,1991.8584287042088
1,52,8,known,3,100.0,300.0,150.0,1813.9869014068738,142.44348066777394,1808.3855599099882,1412.0271528704523,99.39014563676577,1408.5248593453146,1.0,1.0,30.0,1400.0585857026722,180.85870364911366,83.80150238336171,882.0,882.0,2801.2521818238315,164.02055404853905,2796.4461453820963,2972.11784776171,-170.86566593787848,4.36184115964241,-171.3802640263716,0.05102040816326531,0.012471655328798186,8.018921440992388,6.46045120642169,7.982812640487369,6.404654879808723,4.336000833872696,0.3748688999330625,150000.0,2900.0,H5,1991.8584287042088
1,53,8,known,3,100.0,300.0,150.0,2832.261337538791,187.9222757247402,2826.020081741008,615.0887454743934,63.95589315954316,611.7546963770922,1.0,1.0,37.0,1769.3274212655276,142.95941718264598,50.46400331683332,882.0,882.0,4530.497532044501,278.059952810628,4521.95649586595,3364.2655796291524,1166.2319524153486,112.42843478446761,1161.7706244424917,0.034013605442176874,0.005668934240362812,8.137482565804952,4.839384714137576,8.101775748147503,4.773754783338478,9.36172220160405,0.4007622000062838,150000.0,2900.0,H5,1991.8584287042088
1,54,8,known,3,100.0,300.0,150.0,2825.552576992526,220.1383817609491,2816.964049863749,934.0342624714348,70.67302668854096,931.3567129565545,1.0,1.0,120.0,1879.866341782399,134.0183187927506,92.6354006793277,882.0,882.0,3468.393694606688,185.5259130930758,3463.4282086335224,3186.621698866121,281.77199574056704,20.18228348546043,281.09897742054454,0.035147392290249435,0.007936507936507936,8.037074067032313,5.045053444458976,8.00051865137158,4.984482225518281,6.874840341713433,0.45856069994624704,150000.0,2900.0,H5,1991.8584287042088
1,55,8,known,3,100.0,300.0,150.0,2441.5853661953124,76.11863199829891,2440.398544148436,1347.4016623321331,76.50894988409532,1345.2277205897255,1.0,1.0,32.0,1553.5574022174908,163.18313978033513,60.296171481157295,882.0,882.0,1996.0143262501674,131.472592811675,1991.679730261692,2940.5094667970257,-944.4951405468582,-26.29917885356369,-944.5940976345655,0.05328798185941043,0.015873015873015872,7.909875179467704,8.580624836223857,7.873408473282076,8.545006691736889,2.326187619605298,0.39317579998169094,150000.0,2900.0,H5,1991.8584287042088
1,56,8,known,3,100.0,300.0,150.0,878.5880765550189,71.97839966162566,875.6346945198088,837.2805038909889,66.97135562505852,834.5977951814217,1.0,1.0,36.0,933.2237144952933,270.5506496010189,80.52029560088569,882.0,882.0,2052.267431174711,138.34644413334968,2047.599050218598,3480.3449092996657,-1428.0774781249547,-41.46649565598889,-1428.0977136508293,0.07709750566893424,0.02040816326530612,7.86602961931118,7.446895842773259,7.830948705241438,7.406829253185466,2.755869659660014,0.3258198999101296,150000.0,2900.0,H5,1991.8584287042088
1,57,8,known,3,100.0,300.0,150.0,4587.18038042302,364.94330863493474,4572.640399596329,1576.7086276034204,101.54121113664635,1573.4355655062473,1.0,1.0,31.0,2718.0320106462805,92.75327708212366,78.22979380279075,882.0,882.0,4997.987142103298,281.5579890659264,4990.050157205139,3032.0893395658395,1965.8978025374581,115.11142605639711,1962.532807168789,0.026077097505668934,0.006802721088435374,7.968416763868664,3.9435122631073076,7.932573502826326,3.8450906920564707,12.67394852264289,0.37060080002993345,150000.0,2900.0,H5,1991.8584287042088
1,58,8,known,3,100.0,300.0,150.0,1519.8358547725318,61.131745858238965,1518.6059183015439,811.5077961723784,41.68951863884914,810.4362327069364,1.0,1.0,39.0,1181.8055684797582,214.66296417315363,72.37162937149765,882.0,882.0,2285.743606244519,136.7671351664074,2281.64821658074,3087.4160127293117,-801.6724064847926,-27.845637295631434,-801.3763163738258,0.0691609977324263,0.01927437641723356,7.985170592584815,8.585488546685811,7.949715853325982,8.550049945727881,2.662333766815013,0.42824570008087903,150000.0,2900.0,H5,1991.8584287042088
1,59,8,known,3,100.0,300.0,150.0,1145.6592430066742,104.00381575159118,1140.9287039056098,828.3325062554883,65.30149785778488,825.7544764014472,1.0,1.0,34.0,903.264687606457,280.65703753370184,76.67985010513266,882.0,882.0,2099.1903224833954,135.46864721335538,2094.8146112795102,3324.9781428647893,-1225.7878203813939,-31.974884665316182,-1225.9446865559385,0.06802721088435375,0.02040816326530612,8.077114401976015,8.521226312307698,8.037616841824043,8.48992899994025,2.4634838291425427,0.35997270001098514,150000.0,2900.0,H5,1991.8584287042088
1,60,8,known,3,100.0,300.0,150.0,1219.595669383455,62.29834925685947,1218.0034944361812,921.9587746704874,56.48367580282694,920.2269157983304,1.0,1.0,40.0,750.8886697783976,336.5030982234728,56.43741022318643,882.0,882.0,2747.146463901759,131.98539885541976,2743.9740429925564,3465.4708959233353,-718.3244320215763,-42.75114018256335,-717.0887522217567,0.046485260770975055,0.013605442176870748,8.08209529034259,8.828345084623589,8.047149550011643,8.79680181318723,3.111734348362175,0.3740942000877112,150000.0,2900.0,H5,1991.8584287042088
1,61,8,known,3,100.0,300.0,150.0,1319.7816930590125,94.19487431475704,1316.4159840212137,1010.3650579871667,88.26649056472942,1006.5021495480261,1.0,1.0,33.0,1085.6761748687475,232.6422459655272,87.3100129095148,882.0,882.0,3170.6985558309093,162.34420424301373,3166.539703098149,3045.4687873841112,125.22976844679806,-4.781893363838748,125.66006022677175,0.036281179138321996,0.01020408163265306,7.961819289389501,6.581073205235543,7.925888041908366,6.53452977429081,4.817905008727869,0.39140570000745356,150000.0,2900.0,H5,1991.8584287042088
1,62,8,known,3,100.0,300.0,150.0,1953.7308012990059,114.53555975825235,1950.3706441328836,1348.7101127654853,66.28344656340806,1347.0803513478932,1.0,1.0,29.0,1330.734112491103,190.1876367386032,49.370459851970146,882.0,882.0,2396.2760135515123,145.49840278732378,2391.8547087790816,3162.762902034266,-766.4868884827538,-23.499563594485124,-766.3898767213868,0.05782312925170068,0.018140589569160998,8.036666168538755,8.542914075198151,7.999229132117158,8.506375298077128,2.8049866737023583,0.44961390004027635,150000.0,2900.0,H5,1991.8584287042088
1,63,8,known,3,100.0,300.0,150.0,515.0849730875503,76.47522518136776,509.37615711187505,448.2127770083701,65.13783339001932,443.4543450399478,1.0,1.0,138.0,273.5886778296168,919.4671664403705,87.87598380565026,882.0,882.0,9416.349674411404,296.83740077990404,9411.66981721554,3286.3528471337845,6129.996827277619,132.85330173087735,6129.410800756995,0.021541950113378686,0.0045351473922902496,8.089151639985257,8.345067675893208,8.053338490592363,8.309882703197683,11.283730749857018,0.4468522999668494,150000.0,2900.0,H5,1991.8584287042088
1,64,8,known,3,100.0,300.0,150.0,2110.153488400888,160.46357549556103,2104.0435322373,762.4358450582449,76.46515736832741,758.5917858363066,1.0,1.0,27.0,1479.9508103132846,170.100797562786,71.01088319212779,882.0,882.0,3222.031167451642,199.6223645891364,3215.8413759987657,3005.586626255926,216.44454119571583,36.26783587907815,214.6972165358461,0.027210884353741496,0.005668934240362812,8.01396316561112,5.6506968763199374,7.977823602392242,5.592946830295324,5.7020067400076435,0.44421799993142486,150000.0,2900.0,H5,1991.8584287042088
1,65,8,known,3,100.0,300.0,150.0,1798.9227039146242,131.71817149118618,1794.0939824765371,1132.9545521255777,83.92135453221911,1129.8421232347223,1.0,1.0,35.0,1270.439936915481,198.99532561106446,55.39733882789896,882.0,882.0,3525.114889643098,198.4891725373542,3519.5222734866884,3413.5679337373554,111.54695590574283,19.32563936512713,110.6593447931391,0.03854875283446712,0.013605442176870748,7.918243358574154,5.731163326518293,7.882045446681991,5.675557316165127,6.15078421048004,0.3709594999672845,150000.0,2900.0,H5,1991.8584287042088
1,66,8,known,3,100.0,300.0,150.0,2702.656388377026,162.93254657265896,2697.7406359586344,1794.0808450691716,127.98773304563991,1789.509770533246,1.0,1.0,41.0,1693.8806944137116,148.87308343770223,91.40547221839529,882.0,882.0,2575.9314851385634,147.49395968706236,2571.7053773680987,3249.2929038272873,-673.3614186887239,-20.34883501618245,-673.2496563925497,0.048752834467120185,0.0045351473922902496,7.995251360181651,8.088304239614027,7.959427064381458,8.041732885497137,3.184760870544957,0.41695460001938045,150000.0,2900.0,H5,1991.8584287042088
1,67,8,known,3,100.0,300.0,150.0,775.5021170518564,101.61110911289452,768.8164384667895,356.5747720792884,67.8442099630901,350.0610393315437,1.0,1.0,127.0,799.4402537056528,315.74172336612,75.17617467328598,882.0,882.0,3193.7357628104596,172.03496118643665,3189.0989471611083,3351.7715159288477,-158.03575311838813,0.3288126590469176,-158.27155721241525,0.05102040816326531,0.015873015873015872,7.962742227708137,8.751770455191643,7.927904125098044,8.719323288284949,3.649245348883553,0.459554799948819,150000.0,2900.0,H5,1991.8584287042088
1,68,8,known,3,100.0,300.0,150.0,863.869313852648,77.51408197434321,860.384657296909,677.2333905418901,68.54424116610721,673.755706668097,1.0,1.0,37.0,802.0800507783504,313.9835456431041,80.5239866883016,882.0,882.0,2996.0034780293227,152.78202426355153,2992.1053613510553,3368.9495855234445,-372.94610749412186,-13.773769856326624,-372.7245715346594,0.04195011337868481,0.013605442176870748,8.107216997239572,8.507005983551373,8.072862411841227,8.472351716117208,3.5218071831878475,0.33255469996947795,150000.0,2900.0,H5,1991.8584287042088
1,69,8,known,3,100.0,300.0,150.0,2094.842532034582,94.8111759514108,2092.6958868731426,924.0679385897276,54.608574589142144,922.4529574513872,1.0,1.0,187.0,1178.6601896409163,214.37110297273549,56.04591302646144,882.0,882.0,5543.15865059128,293.751163390711,5535.369732875262,3156.4609354254408,2386.6977151658393,124.10268730328008,2383.4710937328077,0.013605442176870748,0.0022675736961451248,7.896387040809849,5.438335543307395,7.860250990931078,5.381266889537688,10.192748509997482,0.5489375999895856,150000.0,2900.0,H5,1991.8584287042088
1,70,8,known,3,100.0,300.0,150.0,2372.1935695458883,138.83533946047922,2368.1273360847294,603.0636173178051,48.40435201831096,601.117912924015,1.0,1.0,108.0,1620.2628705092468,156.09627273243268,92.52160970432006,882.0,882.0,3470.025873218976,224.4274677183115,3462.7607299007336,3085.8339614434403,384.1919117755356,58.122799962336444,381.411350962946,0.034013605442176874,0.009070294784580499,7.8497422274012045,5.137597859194827,7.8092859635643705,5.074819639220803,6.754179615301389,0.450454100035131,150000.0,2900.0,H5,1991.8584287042088
1,71,8,known,3,100.0,300.0,150.0,3580.633554446024,111.4023882148608,3578.900132600069,1619.4951007135514,76.74647713971146,1617.6756039088432,1.0,1.0,38.0,2168.7664724200304,116.38266953452154,100.22229805058495,882.0,882.0,2455.8315157758198,161.75224368152385,2450.4988564661185,3249.821537207099,-793.9900214312793,-5.848637816302585,-794.9980189315861,0.04308390022675737,0.01020408163265306,8.089602666801362,8.3829434358036,8.053633988210766,8.347397991895159,2.9295575409550647,0.39879539993125945,150000.0,2900.0,H5,1991.8584287042088
1,72,8,known,3,100.0,300.0,150.0,2584.216214357119,100.56487026494052,2582.258730145923,935.0091297602117,84.51509893476438,931.1816529480141,1.0,1.0,46.0,1669.55482746492,151.16342979250484,76.4714897551813,882.0,882.0,2614.6479611603354,142.59849450874785,2610.7565244893553,2987.6542355644738,-373.00627440413837,-23.34562684863073,-372.2856106259478,0.035147392290249435,0.01020408163265306,7.979600876510066,9.257532732676431,7.943781885643233,9.227744734321298,2.824346439447499,0.39211330004036427,150000.0,2900.0,H5,1991.8584287042088
1,73,8,known,3,100.0,300.0,150.0,4894.02113975869,143.97682362626776,4891.902859896488,1048.0274979027117,83.33001031865479,1044.709407318854,1.0,1.0,25.0,2954.4321656178863,85.18286726492708,43.56454339631606,882.0,882.0,3086.0011080407508,188.84529608494992,3080.2175723437667,3220.177387233418,-134.17627919266715,25.86007719743509,-135.83252423023305,0.035147392290249435,0.005668934240362812,8.033435667884568,7.330404487584683,7.9989783820679605,7.2869925142912635,4.209864698827236,0.3572686000261456,150000.0,2900.0,H5,1991.8584287042088
1,74,8,known,3,100.0,300.0,150.0,2500.926148198351,182.53539623933045,2494.2558866046584,1053.5715595222264,108.500995878836,1047.9697347382685,1.0,1.0,27.0,1472.7101588112507,171.6048998586666,56.017723412739805,882.0,882.0,3937.560710053939,218.8626486943688,3931.4734497853306,3612.609965940988,324.95074411295127,45.133987756025874,323.043165245429,0.032879818594104306,0.009070294784580499,8.15805296986587,4.965851030508281,8.122266668151122,4.902123977299875,7.929276746046305,0.4305066999513656,150000.0,2900.0,H5,1991.8584287042088
1,75,8,known,3,100.0,300.0,150.0,1968.7788419136716,114.11564532997508,1965.4688366539576,1029.02863076792,54.420471193549545,1027.588602143471,1.0,1.0,42.0,1408.4356670314742,179.77353664965804,60.77372839566124,882.0,882.0,2477.17920694747,146.76518801831972,2472.8276937382525,3066.892086139408,-589.7128791919381,-14.851047688519714,-589.8030806745692,0.05668934240362812,0.01020408163265306,8.0359658027553,8.81791713807906,8.00154156358584,8.777699327446296,2.8092566171325024,0.37560380005743355,150000.0,2900.0,H5,1991.8584287042088
1,76,8,known,3,100.0,300.0,150.0,3914.715655429633,253.47756445346374,3906.500708714207,898.7957221733066,49.30491783394328,897.4423520619158,1.0,1.0,35.0,2433.0165346481112,103.54057892378037,50.94959628586161,882.0,882.0,4054.3169584629186,228.1716879269839,4047.8912634245203,3066.5422864161133,987.7746720468053,70.39678845356474,985.4104593256084,0.027210884353741496,0.009070294784580499,8.05968846622161,4.135281874190883,8.025390497045525,4.052756884611977,9.804209439184103,0.3464779000496492,150000.0,2900.0,H5,1991.8584287042088
1,77,8,known,3,100.0,300.0,150.0,2820.538680038971,214.53110840760957,2812.3681923107765,1258.3623176114804,67.3068083708206,1256.5609877484935,1.0,1.0,32.0,1936.930062004116,129.96306904835947,73.21763768052485,882.0,882.0,3848.8552847541137,215.08277171529423,3842.8409288299895,2726.11407015442,1122.7412145996936,59.697191669863145,1121.1588671247941,0.026077097505668934,0.009070294784580499,7.86036387328287,5.06980191525567,7.822399791190919,5.003172122931003,7.5917271504679995,0.42112849990371615,150000.0,2900.0,H5,1991.8584287042088
1,78,8,known,3,100.0,300.0,150.0,1680.0959232995096,89.88723375711629,1677.6896604244555,1044.8621476979633,62.2146361876779,1043.0082678176793,1.0,1.0,54.0,656.7159099944369,383.9337362746138,74.94023533689453,882.0,882.0,4113.287927810804,147.7640293015212,4110.632964485965,3439.238183280398,674.0497445304059,-25.29249168201906,675.7514931861292,0.022675736961451247,0.013605442176870748,8.021432570728106,8.016571547566562,7.984004350669485,7.982465080987293,5.1309813720297885,0.5028508000541478,150000.0,2900.0,H5,1991.8584287042088
1,79,8,known,3,100.0,300.0,150.0,859.4553417193406,49.27318417856883,858.0417459138065,448.4770533619139,38.8191455565868,446.7938465673419,1.0,1.0,42.0,749.3957368676589,337.79113485504223,58.30151444838953,882.0,882.0,2718.040519703801,137.04575013246017,2714.583343557965,3414.588088575675,-696.5475688718743,-31.61024635685547,-695.8370072919238,0.04308390022675737,0.01020408163265306,7.974029583372813,8.959223050696519,7.9356100553298425,8.927446439110643,3.0337904350896716,0.4063900000182912,150000.0,2900.0,H5,1991.8584287042088
1,80,8,known,3,100.0,300.0,150.0,5068.902586358039,146.99322189931343,5066.770808187684,1799.0969426553659,79.84440723909879,1797.324311220577,1.0,1.0,42.0,2851.21121038403,88.53379261007542,61.52179161785541,882.0,882.0,2752.060021248597,161.33502815491124,2747.326949826883,3592.3859631402484,-840.3259418916514,-9.422658920713133,-840.9983866597177,0.034013605442176874,0.0045351473922902496,8.00736272325905,8.786608801402746,7.972729833223569,8.751315630231499,3.132107145602342,0.42807399993762374,150000.0,2900.0,H5,1991.8584287042088
1,81,8,known,3,100.0,300.0,150.0,2270.902336310625,184.83621363902884,2263.367622634167,1094.7475951929366,71.23171115163763,1092.4277278186999,1.0,1.0,24.0,1658.121796487403,152.5225233082964,80.08958954660045,882.0,882.0,2703.1556406323725,167.4452716298445,2697.9645102357113,3260.7590426889083,-557.6034020565357,2.0601581231958335,-558.5976799746763,0.048752834467120185,0.017006802721088437,8.080199302066784,5.654482719280628,8.04423115593761,5.599827073297701,4.780553367711542,0.38964900001883507,150000.0,2900.0,H5,1991.8584287042088
1,82,8,known,3,100.0,300.0,150.0,1131.5349968568237,72.05709516480401,1129.2383380616257,1051.54288185261,66.17382937828526,1049.4586493427485,1.0,1.0,67.0,767.3974938496547,328.28138388117117,48.213935588125814,882.0,882.0,3189.4038998914957,165.69927267650428,3185.0966998943004,3155.5924798230317,33.81142006846403,3.123932774760192,33.69492329210061,0.030612244897959183,0.009070294784580499,7.9988032195229,7.858906711275389,7.964555557526554,7.817883078589185,4.058330270437707,0.4720138000557199,150000.0,2900.0,H5,1991.8584287042088
1,83,8,known,3,100.0,300.0,150.0,1134.1953478208068,64.69332867715855,1132.3488244542978,878.5356312487013,53.41728639545485,876.9101715042995,1.0,1.0,107.0,660.4705804582718,380.6776679630184,75.8173537335703,882.0,882.0,3067.502786456932,136.20207792064292,3064.4774985127788,3472.98316563362,-405.4803791766881,-35.73298713985517,-404.24710891531186,0.049886621315192746,0.01473922902494331,8.010556127818946,8.131632558052235,7.974910040379932,8.095955821756565,3.7723086533458527,0.5301340000005439,150000.0,2900.0,H5,1991.8584287042088
1,84,8,known,3,100.0,300.0,150.0,2286.4643076205625,91.68023893049595,2284.6255193822085,1288.724809171607,75.71045041799164,1286.49895509942,1.0,1.0,34.0,953.8587500745346,264.0552426691972,60.38311203345924,882.0,882.0,4640.759767775972,185.21021556508651,4637.062475129965,3306.1302509157777,1334.6295168601946,14.04869191020697,1335.3657948092905,0.026077097505668934,0.006802721088435374,7.920858407470497,6.380306062408318,7.884885250747082,6.333357787711178,7.273569202453379,0.47737719991710037,150000.0,2900.0,H5,1991.8584287042088
1,85,8,known,3,100.0,300.0,150.0,1463.3703459523983,101.9046842127689,1459.8178669780482,1044.100706449153,48.99309324475233,1042.9506038264378,1.0,1.0,35.0,1132.4183120718494,222.87164267213717,62.828617007124556,882.0,882.0,2833.586767206903,173.86000362730962,2828.2479853133073,3065.7057813871556,-232.11901418025263,16.326890688723182,-233.40765442779684,0.032879818594104306,0.007936507936507936,8.101064221649846,6.3810007931917765,8.066254646968428,6.325347132745106,4.4406619886808425,0.48047609999775887,150000.0,2900.0,H5,1991.8584287042088
1,86,8,known,3,100.0,300.0,150.0,1337.2648970023483,114.07924513767841,1332.3900819893245,899.1866532082674,55.326163088116644,897.4829541477832,1.0,1.0,32.0,1155.7107402300483,219.1010420895542,83.62336797447514,882.0,882.0,2949.077633051384,175.50203897951084,2943.850865801117,3029.0049298058984,-79.92729675451437,10.256980969520441,-80.64329613600103,0.04308390022675737,0.01473922902494331,7.984830116953383,6.736041722714289,7.949660176029827,6.69251910705606,4.378057254465836,0.3671815999550745,150000.0,2900.0,H5,1991.8584287042088
1,87,8,known,3,100.0,300.0,150.0,1276.9723447606414,75.3962067803724,1274.7445945312425,925.0901893622886,50.41550320763255,923.7153974524168,1.0,1.0,33.0,874.2727603081504,287.4820409956108,76.28347478722536,882.0,882.0,2435.523984188646,139.16763813336757,2431.54466256627,3204.619059538811,-769.0950753501652,-27.841786308517015,-768.7195716661172,0.05555555555555555,0.009070294784580499,7.9524260171941155,7.243352037643925,7.917489891549859,7.203399239988242,3.3624266382900516,0.541641499963589,150000.0,2900.0,H5,1991.8584287042088
1,88,8,known,3,100.0,300.0,150.0,3228.7060975065,198.06066678727956,3222.6254880682973,834.0634457851473,27.937229137990187,833.5954311433603,1.0,1.0,27.0,2037.3921131387397,123.46022942985925,56.65036001356558,882.0,882.0,4112.145329549118,232.2319657596902,4105.58248308471,3036.9801774313546,1075.1651521177637,65.1666655022695,1073.2009464767452,0.021541950113378686,0.007936507936507936,7.943546915649501,4.533019216747993,7.907900514972463,4.461808754140762,9.071537385846753,0.45091040001716465,150000.0,2900.0,H5,1991.8584287042088
1,89,8,known,3,100.0,300.0,150.0,2763.9436267391457,79.94639699546867,2762.7871697616138,984.1888771068933,58.8267689241478,982.4292122483292,1.0,1.0,24.0,1687.68249272245,149.27293967546876,80.67168039015793,882.0,882.0,2518.1011616831775,138.66360141428888,2514.2803873301377,2927.7938222537805,-409.69266057060304,-19.49141052839377,-409.23866645159023,0.035147392290249435,0.0045351473922902496,7.995529276119343,10.002050398831287,7.960700282713701,9.970725230713544,2.5175849563579593,0.5104740000097081,150000.0,2900.0,H5,1991.8584287042088
1,90,8,known,3,100.0,300.0,150.0,3059.6541147156063,186.14509215590428,3053.986461391473,1409.5372428080143,87.12393309954328,1406.8420874938613,1.0,1.0,27.0,1808.5221019583623,139.5879627465068,80.35987956411056,882.0,882.0,5344.468481205013,268.2950538517223,5337.729958575323,3437.9762281921753,1906.4922530128374,97.5377497937501,1903.9969333205413,0.012471655328798186,0.0011337868480725624,8.1398660825052,4.820845388778389,8.105202466469613,4.749920422155975,11.086164459132986,0.49692000006325543,150000.0,2900.0,H5,1991.8584287042088
1,91,8,known,3,100.0,300.0,150.0,4007.493996683776,119.73212054803687,4005.7049757521554,1281.340534043853,77.27386216962836,1279.0083324236696,1.0,1.0,33.0,2387.1571941206766,105.60976677492847,72.99287049710696,882.0,882.0,2586.0142569480345,166.9626368216158,2580.618765924961,3395.5940531374704,-809.5797961894359,-9.443011367254996,-810.389936657446,0.036281179138321996,0.009070294784580499,8.102809622130755,8.618974165168064,8.067153320249348,8.58707468636728,3.0003736029270356,0.4607307999394834,150000.0,2900.0,H5,1991.8584287042088
1,92,8,known,3,100.0,300.0,150.0,4219.560497315246,266.04862061589483,4211.164793969913,958.1925232737068,48.24834328499369,956.9770159350154,1.0,1.0,49.0,2545.8384148726436,99.39658746843776,102.48776305152158,882.0,882.0,4862.051908561672,281.1532729896961,4853.916109558896,3335.3564022540277,1526.6955063076439,114.50087235821053,1522.7257356203704,0.012471655328798186,0.0,8.103096536231522,3.8942885342400606,8.067969567877107,3.809672291195039,12.485083901238106,0.48240370000712574,150000.0,2900.0,H5,1991.8584287042088
1,93,8,known,3,100.0,300.0,150.0,4048.6291175294505,327.69856923182834,4035.3452614405514,1824.3460566518543,94.64125890342318,1821.8895593680606,1.0,1.0,25.0,2467.4897238621634,102.47566105986235,66.17368664267076,882.0,882.0,4953.107635395251,255.18313347227445,4946.529775125387,3222.9235536500055,1730.1840817452457,85.78881106533024,1728.0609161478337,0.02834467120181406,0.007936507936507936,8.034861580834566,3.9690187779908106,7.997891023197994,3.886489668288645,12.479426055783502,0.5035464999964461,150000.0,2900.0,H5,1991.8584287042088
1,94,8,known,3,100.0,300.0,150.0,3010.349906174788,124.13780786923061,3007.789281559461,1879.0375391436905,78.2774952979186,1877.4063777565743,1.0,1.0,36.0,1697.6089732461483,148.9162213781127,91.97901110192194,882.0,882.0,2488.4806133505144,136.15667810963356,2484.752929775414,2928.366813898682,-439.8862005481674,-21.617977960449252,-439.3605007612823,0.045351473922902494,0.009070294784580499,7.898104617863897,9.246825413706116,7.861464501230317,9.209988097417375,2.691172918288218,0.4352579000405967,150000.0,2900.0,H5,1991.8584287042088
1,95,8,known,3,100.0,300.0,150.0,2033.8675992633916,144.99903157116685,2028.6923601613075,1293.1998871155993,93.5502420488052,1289.8117305438063,1.0,1.0,56.0,1065.9725330134404,236.431650353258,75.16954322807528,882.0,882.0,4337.307215561597,214.6592592362287,4331.992068850871,2839.4788384387607,1497.8283771228366,60.48316411330646,1496.7019945138231,0.021541950113378686,0.005668934240362812,7.999394413693125,5.921088006504762,7.963748488699597,5.86661396977628,7.325186200233365,0.4859841000288725,150000.0,2900.0,H5,1991.8584287042088
1,96,8,known,3,100.0,300.0,150.0,504.75599433411287,59.56511836594945,501.2290998039413,409.18072345974633,45.83150064272697,406.6058755107667,1.0,1.0,33.0,799.439730100616,315.15324991246945,78.39844571859965,882.0,882.0,2182.2151440651796,140.79869502591518,2177.6681708805895,2919.8038435780236,-737.588699512844,-21.3756771883599,-737.6283762943126,0.08049886621315193,0.026077097505668934,8.02883612908908,8.104372869475263,7.9898988148933245,8.07072137797918,2.6926391211396377,0.47989959991537035,150000.0,2900.0,H5,1991.8584287042088
1,97,8,known,3,100.0,300.0,150.0,3301.285536395927,248.87572660808797,3291.891107786259,1088.501290903843,68.95873938440829,1086.3147575918529,1.0,1.0,40.0,2123.328701058838,119.2216332392314,60.36602530785373,882.0,882.0,3223.4629017406946,184.3416518840069,3218.187569778868,3136.541475456612,86.92142628408283,28.988496431794516,85.49578405359762,0.02947845804988662,0.009070294784580499,8.10211336233262,4.723666077914492,8.066799121861894,4.658827968543974,6.8240702212461635,0.508227700018324,150000.0,2900.0,H5,1991.8584287042088
1,98,8,known,3,100.0,300.0,150.0,1156.980163357465,71.60636764353711,1154.7621514907582,990.3641324265662,60.77117205518937,988.4978398782993,1.0,1.0,40.0,1032.272553578162,245.12257993650434,70.25623861675454,882.0,882.0,2295.5790441324757,145.14738841668083,2290.985679461133,3039.2154507808013,-743.6364066483256,-15.659031824726412,-743.9726153880556,0.08276643990929705,0.023809523809523808,7.982124291374294,7.559689021254236,7.947374416436038,7.521844903703227,3.036605127113567,0.4841614000033587,150000.0,2900.0,H5,1991.8584287042088
1,99,8,known,3,100.0,300.0,150.0,2329.9561195583374,162.54405530180395,2324.2794473026233,1004.523017527146,70.81115842182423,1002.024087826636,1.0,1.0,21.0,1651.1245298195006,152.7622225815119,49.24548329640239,882.0,882.0,3940.4329762302477,212.8090910137104,3934.6822401490936,3010.075024236424,930.3579519938239,48.29501096225721,929.1062938458344,0.027210884353741496,0.005668934240362812,7.919849039956785,5.487594915256921,7.881508702351887,5.425934533096577,7.180619264142173,0.45520119997672737,150000.0,2900.0,H5,1991.8584287042088
