condition_id,trial_id,n_anchors,gauge,dof,sigma_r_mm,sigma_deploy_mm,sigma_v_mm,rmse_anchor_abs_mm,rmse_anchor_abs_h_mm,rmse_anchor_abs_v_mm,rmse_anchor_shape_mm,rmse_anchor_shape_h_mm,rmse_anchor_shape_v_mm,converged,rigidity_ok,iterations,rigidity_min_singular,rigidity_cond,rms_residual_mm,tag_positionable,tag_total,rmse_tag_mm,rmse_tag_h_mm,rmse_tag_v_mm,rmse_tag_trueanchor_mm,delta_rmse_tag_mm,delta_rmse_tag_h_mm,delta_rmse_tag_v_mm,coverage,coverage_100mm,pdop_true,pdop_est,vdop_true,vdop_est,pdop_overconfidence,compute_time_s,r_max_mm,known_z_max_mm,height_pattern,unknown_z_std_mm
0,0,8,known,3,100.0,300.0,150.0,2555.572142445639,117.28868475539657,2552.8792254379255,1739.6761465750233,69.19247647945176,1738.2995990797335,1.0,1.0,26.0,1301.3119359003265,194.10514565824278,64.96486189752392,882.0,882.0,2449.466226304963,119.3701610832609,2446.5558563931527,5514.279292135549,-3064.8130658305863,4.457086898076852,-3066.5259584411097,0.049886621315192746,0.012471655328798186,11.82151237126152,7.652624939839084,11.800100890060442,7.614893888301038,3.2008183408456308,0.5119727000128478,150000.0,2900.0,H0,0.0
0,1,8,known,3,100.0,300.0,150.0,2048.724090371772,104.10228498546145,2046.0774943120925,1612.536714257201,67.51075629413413,1611.1228856334965,1.0,1.0,32.0,1099.6222266584452,229.62410289707324,97.70774023489462,882.0,882.0,2280.214601993335,115.25391595586915,2277.299972774878,5788.308244953163,-3508.0936429598282,2.9221251000369506,-3509.9181765051267,0.049886621315192746,0.01927437641723356,11.818631200188214,8.293249072336824,11.794642455263054,8.260213540104921,2.749482840928144,0.3746417999500409,150000.0,2900.0,H0,0.0
0,2,8,known,3,100.0,300.0,150.0,1441.2367993972082,54.18187297587715,1440.2179823129325,357.38680001689585,43.517717676411976,354.7274067147234,1.0,1.0,204.0,327.57653208079097,766.8587530313121,80.85189771236497,882.0,882.0,11502.151086065625,269.1036040132217,11499.00268966782,5770.513152821174,5731.637933244451,150.921951669836,5729.699859695072,0.01473922902494331,0.0022675736961451248,11.979745217768414,8.552815704678085,11.956815208240377,8.520119213448918,13.448379438100552,1.3183945999480784,150000.0,2900.0,H0,0.0
0,3,8,known,3,100.0,300.0,150.0,1169.5613988620917,68.3457708694319,1167.5627269284148,1138.7435400143534,42.036260201497335,1137.9673996880108,1.0,1.0,42.0,1314.955380425306,192.06736106015305,73.39813227418523,882.0,882.0,2172.1004968093102,121.85148271409165,2168.6799635722255,5607.148712561255,-3435.0482157519446,9.025883902941004,-3437.3335102815654,0.07029478458049887,0.02040816326530612,11.288047686776848,9.450034897146866,11.265628969266618,9.419628508277501,2.298510556257423,0.933459399966523,150000.0,2900.0,H0,0.0
0,4,8,known,3,100.0,300.0,150.0,3112.5671958486964,105.63837518643473,3110.7740326744065,1371.666555427107,56.07442259051737,1370.5199007706544,1.0,1.0,37.0,1249.7511112060106,202.37381482349642,79.08996273220644,882.0,882.0,3871.1512581990773,148.01323725382886,3868.320584627642,5903.297971320546,-2032.1467131214686,29.68349845694833,-2033.7913264693966,0.026077097505668934,0.005668934240362812,11.960376382381156,6.112994589125126,11.938941836134255,6.0658463039448005,6.332659389369924,0.6142308000125922,150000.0,2900.0,H0,0.0
0,5,8,known,3,100.0,300.0,150.0,3522.466245714961,172.98908504510638,3518.215915582287,1463.8482115292481,57.034783714346744,1462.7366884863577,1.0,1.0,37.0,1393.1729799490183,181.36271124531655,86.25643257827302,882.0,882.0,4266.396532749455,171.64285891772994,4262.942423214173,6127.420514687008,-1861.023981937553,56.198584424839055,-1863.390475289957,0.017006802721088437,0.0045351473922902496,11.422563337873164,5.432810367546475,11.399779347399814,5.375699072473806,7.853019421099752,0.5571203000145033,150000.0,2900.0,H0,0.0
0,6,8,known,3,100.0,300.0,150.0,1913.3005308880174,107.0384103724107,1910.3040857940175,1249.424731408961,64.65212929754082,1247.7508812393796,1.0,1.0,26.0,1994.9173680341469,126.09055460333258,61.50847687472871,882.0,882.0,2632.7302817226705,132.37981705446546,2629.399992457625,5789.788086083921,-3157.057804361251,18.07360130759247,-3159.2596253469105,0.047619047619047616,0.009070294784580499,11.345938486828082,9.386324199714025,11.323305940304845,9.354922834523787,2.804857605283741,0.5412388000404462,150000.0,2900.0,H0,0.0
0,7,8,known,3,100.0,300.0,150.0,1990.681641503786,54.53866392655295,1989.934403933284,1215.6315542737107,31.548617938215486,1215.2221033424737,1.0,1.0,43.0,2056.5605329860377,122.9196416327139,66.75220806277585,882.0,882.0,2163.0298018166573,129.43276022265272,2159.1537889016045,6215.001157273621,-4051.971355456964,10.39406497465454,-4054.7072631292594,0.061224489795918366,0.017006802721088437,11.566695456143204,9.321589484379047,11.544649309400086,9.287174799829714,2.3204516841697695,0.8099656999693252,150000.0,2900.0,H0,0.0
0,8,8,known,3,100.0,300.0,150.0,2312.165885222189,68.96173918326632,2311.1372437209625,1216.6031390608694,43.90228160381121,1215.8107532189133,1.0,1.0,87.0,848.4650627391721,297.8992090641302,94.31898745507469,882.0,882.0,3063.089301727082,122.0696057683612,3060.6559887877725,6164.453990981747,-3101.364689254665,6.034074313526361,-3102.7058180811687,0.03741496598639456,0.007936507936507936,11.414623016809772,6.155418533972889,11.392236754133874,6.108560973873452,4.9762486252093625,0.6950013000168838,150000.0,2900.0,H0,0.0
0,9,8,known,3,100.0,300.0,150.0,2837.790840468582,140.07988314702553,2834.3313992165586,1610.1434498468923,71.93419026083616,1608.5357942415733,1.0,1.0,45.0,2406.7574584912218,104.94767333612972,68.05710290047912,882.0,882.0,2585.8879335787624,148.57450986062767,2581.616164352849,5893.5808790472665,-3307.692945468504,31.20512952723415,-3310.795905965359,0.06462585034013606,0.017006802721088437,11.880307575002439,9.259341015542702,11.858897357300958,9.216279194258775,2.792734309318664,0.5812001000158489,150000.0,2900.0,H0,0.0
0,10,8,known,3,100.0,300.0,150.0,1649.8859329288039,68.44081517122972,1648.4657856610334,984.9675382590394,40.06587223108241,984.1523140786871,1.0,1.0,38.0,1862.9361799065018,135.60390661957703,66.54946187552525,882.0,882.0,2675.683674122352,123.91978708318538,2672.812565507381,7079.859255813305,-4404.175581690954,-0.5830974290873598,-4405.951882747233,0.05328798185941043,0.021541950113378686,11.543389083863035,11.200353761204683,11.5213209158884,11.169895702460515,2.3889278242177254,0.6371192999649793,150000.0,2900.0,H0,0.0
0,11,8,known,3,100.0,300.0,150.0,1288.742514096287,71.06471646392355,1286.7816729006988,1040.406943808975,45.99437968015126,1039.3897852893158,1.0,1.0,52.0,1644.6144171873295,153.75389345051016,72.78426853162155,882.0,882.0,2702.156559568751,123.29330998133007,2699.3422962148165,6123.145629413345,-3420.989069844594,-1.2534406539851517,-3422.536541683719,0.048752834467120185,0.011337868480725623,12.756131281927168,11.209407582517418,12.735895689116187,11.182770305959165,2.4106149586202297,0.8157878000056371,150000.0,2900.0,H0,0.0
0,12,8,known,3,100.0,300.0,150.0,722.5304483847253,45.55718317117531,721.0927762115914,538.8135691959379,37.8803869566089,537.4803611609296,1.0,1.0,67.0,996.4440351436783,253.47058658138138,61.52426546448673,882.0,882.0,5942.036279154167,145.29082546021525,5940.25973496289,6593.148670032819,-651.1123908786521,20.094145873437782,-651.7001539150715,0.022675736961451247,0.006802721088435374,11.835385726232309,12.52601408450503,11.813735224635211,12.504233630571647,4.743756664384246,0.7767972000292502,150000.0,2900.0,H0,0.0
0,13,8,known,3,100.0,300.0,150.0,1259.6983736255686,26.487001117502228,1259.4198788675299,1035.472055566408,28.62589474017603,1035.0762947769826,1.0,1.0,98.0,876.5570985720797,289.20634739771555,93.5620352894517,882.0,882.0,3247.6336878597576,112.51519854786048,3245.684042019079,5863.028074201075,-2615.394386341317,-3.414949910618887,-2616.197771831176,0.034013605442176874,0.003401360544217687,11.134234406956056,7.999595894566323,11.11151874851566,7.964770970229244,4.059747180561575,0.7761839000158943,150000.0,2900.0,H0,0.0
0,14,8,known,3,100.0,300.0,150.0,1689.0499086461764,127.24868596274223,1684.249793177488,1067.4716804914442,79.38485015038195,1064.5157745274746,1.0,1.0,34.0,980.5800690179092,258.14077462820643,90.86154429941914,882.0,882.0,3159.839986596623,124.83052937079457,3157.3732880088714,5845.9880505753945,-2686.1480639787715,5.73820598044064,-2687.4015841294718,0.03854875283446712,0.015873015873015872,11.758183754129695,7.751604736562756,11.736606983182238,7.715842518841868,4.076368821661268,0.5722583000315353,150000.0,2900.0,H0,0.0
0,15,8,known,3,100.0,300.0,150.0,1243.2044343592797,56.33317619160135,1241.927469247195,916.1095721713388,34.402660618481896,915.4633827555981,1.0,1.0,75.0,1479.0869976846366,170.31568203140458,83.87741093442754,882.0,882.0,2797.488152063282,116.92491910276263,2795.043563922976,5751.983225635323,-2954.495073572041,3.4998080604725175,-2955.821220800725,0.04421768707482993,0.011337868480725623,11.70127260555941,10.4075993277205,11.6778807536022,10.37470980234627,2.687928372311769,0.7635212000459433,150000.0,2900.0,H0,0.0
0,16,8,known,3,100.0,300.0,150.0,4096.757706668494,204.27566320370164,4091.6616625242114,1554.2302526604194,65.07071174099588,1552.8675026409662,1.0,1.0,92.0,1652.3914202705203,151.83466127257645,64.57970512597952,882.0,882.0,4192.385634521357,197.18645158458486,4187.745791216621,6258.024559397158,-2065.6389248758005,78.87334236117225,-2069.160264830879,0.030612244897959183,0.01020408163265306,11.647276453038428,5.05095824277347,11.625428298764549,4.987502312736373,8.30017876413749,0.7562459000037052,150000.0,2900.0,H0,0.0
0,17,8,known,3,100.0,300.0,150.0,1825.0088748338283,53.48918066135361,1824.224849291998,1585.926954707828,49.89021915081201,1585.142035182314,1.0,1.0,35.0,1849.4550267303343,137.038857126606,107.30014848463492,882.0,882.0,2331.877141558435,116.82480794667441,2328.9488975868408,5873.8519921961815,-3541.9748506377464,1.903765177969234,-3543.77878043093,0.046485260770975055,0.01473922902494331,11.676898484735162,8.979735325973854,11.655056708149363,8.947365056975508,2.5968216845027583,0.7731697999988683,150000.0,2900.0,H0,0.0
0,18,8,known,3,100.0,300.0,150.0,2876.8702692596535,98.89235624596868,2875.170055496932,918.2218946690648,32.95670959872528,917.6302649444777,1.0,1.0,57.0,2703.150892728753,93.3819049193601,91.06013367045414,882.0,882.0,2698.1786635959093,160.1987025552642,2693.4187339483283,5903.248944385545,-3205.0702807896355,42.09615831888733,-3208.648690982867,0.03968253968253968,0.012471655328798186,11.495674006791731,9.221110315248168,11.472289863283187,9.186929079913973,2.926088693607927,0.6554546999977902,150000.0,2900.0,H0,0.0
0,19,8,known,3,100.0,300.0,150.0,2451.1878974135907,144.67796750142145,2446.914464002883,1099.6942745539623,89.15576522144102,1096.0742433861608,1.0,1.0,65.0,2418.715636184519,104.22063548393703,65.37143953497653,882.0,882.0,2811.297976459968,150.0820117691102,2807.2890307539137,5909.575381229465,-3098.277404769497,34.482229304129106,-3101.15559340289,0.048752834467120185,0.011337868480725623,11.522114542073885,9.708896363908902,11.499988297894946,9.669581759478358,2.8955896438553705,0.772474900004454,150000.0,2900.0,H0,0.0
0,20,8,known,3,100.0,300.0,150.0,1382.259068296991,54.74502838736214,1381.1745413799563,1077.1767206703446,39.0833542839822,1076.467453744901,1.0,1.0,37.0,1233.2267546453177,205.26353668849754,70.56667417847633,882.0,882.0,3854.374225793758,136.74330417819536,3851.9478113320356,5873.882001406163,-2019.507775612405,14.623194609440517,-2020.6645924693748,0.03968253968253968,0.011337868480725623,11.539202868149037,11.262158945181223,11.517252554991622,11.233147539236047,3.4224114972582074,0.7020267999614589,150000.0,2900.0,H0,0.0
0,21,8,known,3,100.0,300.0,150.0,2933.170387851215,86.02497543027965,2931.908632234208,1120.115934790092,48.51378640607911,1119.0648416866768,1.0,1.0,31.0,2663.4839314991423,94.72258287201353,76.4669910764006,882.0,882.0,2702.782203095038,151.79461936044433,2698.5162647092725,6497.206133815266,-3794.4239307202283,33.79347639871051,-3797.618222472043,0.03968253968253968,0.007936507936507936,11.136633303951605,8.617191827263401,11.113984320578822,8.579817408498151,3.1364999843033226,0.7385948000010103,150000.0,2900.0,H0,0.0
0,22,8,known,3,100.0,300.0,150.0,926.1587700551069,83.78133504295789,922.3615100644691,618.2648745996453,58.73108376713333,615.469020311545,1.0,1.0,172.0,1333.5874171869543,189.22631475935782,85.39538562505187,882.0,882.0,4760.405235581943,139.1431297638163,4758.37127559373,6058.7066276467485,-1298.3013920648054,22.386987781245764,-1299.2102552814404,0.026077097505668934,0.007936507936507936,11.894208816931265,14.204998113043535,11.872791241361186,14.18388643746259,3.351218492039622,0.8790184000390582,150000.0,2900.0,H0,0.0
0,23,8,known,3,100.0,300.0,150.0,420.1448409383332,53.86898797980217,416.67711660364694,346.91123378817105,35.36757020134265,345.1036642901436,1.0,1.0,163.0,1081.2100684144048,233.39777453828847,93.03873107934488,882.0,882.0,4966.029008568697,107.43675033349312,4964.866711063205,6339.75898354848,-1373.729974979783,-10.243856509489433,-1373.799966106113,0.031746031746031744,0.01020408163265306,12.359580515222568,11.143168907053756,12.338668695029135,11.12045585604751,4.456568010402448,0.8153123999945819,150000.0,2900.0,H0,0.0
0,24,8,known,3,100.0,300.0,150.0,2094.96065797695,100.53456928193204,2092.547002781661,1519.714464258113,52.43042340187575,1518.809765433849,1.0,1.0,29.0,1419.527764961233,178.69709940354454,92.95117897618543,882.0,882.0,2470.2745743347227,122.61175234100888,2467.2297888102075,6195.181696894045,-3724.907122559322,4.200892886666537,-3726.8201888614503,0.04195011337868481,0.01020408163265306,11.505999512220559,8.054230783234388,11.482258096360813,8.021084994102155,3.067052137960615,0.6199742000317201,150000.0,2900.0,H0,0.0
0,25,8,known,3,100.0,300.0,150.0,1537.3163369115805,47.07812520976023,1536.5953175322297,954.7201416746644,54.05780128740908,953.1884929221828,1.0,1.0,47.0,1899.0141537054808,133.083356963736,75.83434885493557,882.0,882.0,2514.9504640336377,123.5558871484627,2511.913569232422,5442.638597117665,-2927.6881330840274,8.679357766918429,-2929.5125565026497,0.05555555555555555,0.011337868480725623,11.882033039991589,10.919819773955183,11.860615144323468,10.893313547117945,2.3031062014705004,0.6669383999542333,150000.0,2900.0,H0,0.0
0,26,8,known,3,100.0,300.0,150.0,2535.601504455188,114.79520965342338,2533.001588873572,1199.043101784877,66.46865085995891,1197.199347807522,1.0,1.0,37.0,845.0780435113858,297.22052833341434,80.59990329172578,882.0,882.0,3567.597780514102,147.28579587445486,3564.5561880636383,5600.328647950189,-2032.7308674360875,31.46105309748542,-2034.5746010867856,0.034013605442176874,0.0045351473922902496,11.541218919007145,7.296440612285637,11.519170485580847,7.255203707119961,4.889504307767591,0.6301527000032365,150000.0,2900.0,H0,0.0
0,27,8,known,3,100.0,300.0,150.0,2015.0238231637065,99.27742292032785,2012.57670691469,1101.211167357801,52.30558091600197,1099.9682546867298,1.0,1.0,38.0,618.4994061598353,407.6227060170084,79.15936054702247,882.0,882.0,4148.110059730377,153.43317316034822,4145.271442138656,6026.897815671474,-1878.7877559410972,37.359572965354644,-1880.5085239639366,0.021541950113378686,0.003401360544217687,11.472197479216666,7.627348314588126,11.450120256403904,7.590092914843946,5.438469424290837,0.5558909000246786,150000.0,2900.0,H0,0.0
0,28,8,known,3,100.0,300.0,150.0,1232.7674392734355,69.24181920054075,1230.8213232661283,350.0179358966914,36.69503561553026,348.0891118816493,1.0,1.0,101.0,1753.2511407080387,143.57888003251026,83.78372562472373,882.0,882.0,3342.195856631126,134.64735716042043,3339.4824798600125,5238.823626479645,-1896.6277698485192,23.527639682119172,-1898.1625441702413,0.04195011337868481,0.013605442176870748,11.174825329131377,13.585398386664913,11.151143988900088,13.565363687558126,2.4601382760418287,1.0757700999965891,150000.0,2900.0,H0,0.0
0,29,8,known,3,100.0,300.0,150.0,2108.8130470062038,56.024711855925325,2108.0687130368997,1418.2214557046802,43.44683375185395,1417.5558084456643,1.0,1.0,36.0,2023.808111123546,125.03348029954576,69.13847584747246,882.0,882.0,2271.0253192751366,126.34441204237481,2267.5081235432,6195.799397054645,-3924.7740777795084,9.00408393450266,-3927.1800377722857,0.05442176870748299,0.017006802721088437,11.495251989288949,9.257889984614803,11.471386313299709,9.230092538905971,2.453070108900876,0.6876238000113517,150000.0,2900.0,H0,0.0
0,30,8,known,3,100.0,300.0,150.0,2501.309243290102,121.45104183430918,2498.358976409488,1161.6474437536808,40.55165227166363,1160.9394243790236,1.0,1.0,45.0,987.3674678132949,255.86271155213262,78.06500202536202,882.0,882.0,4140.364288855003,149.02305324691642,4137.681545748387,6059.0255616442355,-1918.6612727892325,33.29541686374783,-1920.2387137825535,0.024943310657596373,0.0045351473922902496,11.379965968951645,6.386579280151434,11.35755421371497,6.3436408840770575,6.482913790364519,0.6486881000455469,150000.0,2900.0,H0,0.0
0,31,8,known,3,100.0,300.0,150.0,1513.8637579994202,99.04071597249785,1510.620539501493,1096.0408857003385,71.14575037593214,1093.7293565275772,1.0,1.0,33.0,1743.2614844466902,144.01223234107317,84.04132704842438,882.0,882.0,3001.8195228502195,127.28214604813543,2999.1198213912867,6535.526221698498,-3533.706698848279,1.1541361221568138,-3535.1892254491486,0.05442176870748299,0.02040816326530612,11.722671562613233,10.707006662314356,11.700840875853352,10.677760333463512,2.80360292799273,0.6322357000317425,150000.0,2900.0,H0,0.0
0,32,8,known,3,100.0,300.0,150.0,2938.846868009532,107.53227749444571,2936.8789084513332,1029.711787952136,62.31886178552399,1027.8242679141906,1.0,1.0,116.0,2710.308632235666,93.20486443379117,87.8021780573907,882.0,882.0,2413.9564542268818,151.58467333882945,2409.1923646135815,6380.363655293978,-3966.407201067096,34.775509546848,-3970.1019531813395,0.047619047619047616,0.007936507936507936,11.741652926063901,8.708262260744714,11.719831466329513,8.676453102766317,2.772030035324688,1.018223899998702,150000.0,2900.0,H0,0.0
0,33,8,known,3,100.0,300.0,150.0,2148.7152436452734,91.24191576172917,2146.7771451833787,1073.780676713932,54.28987726557394,1072.4073623911386,1.0,1.0,22.0,2267.5532098081962,111.35544692127426,60.47146871423285,882.0,882.0,2243.0237269303693,129.39391167318848,2239.2884260841693,6465.867538323254,-4222.843811392884,9.404736428241463,-4225.46567758957,0.06575963718820861,0.01473922902494331,11.649974035532143,10.441462685634967,11.628075250163917,10.412795948598127,2.148189190022438,0.765408799983561,150000.0,2900.0,H0,0.0
0,34,8,known,3,100.0,300.0,150.0,1786.4544087076285,84.28284575493416,1784.4651177040062,1303.2850245631241,63.20887947526594,1301.7513175741303,1.0,1.0,33.0,1127.5064135596383,223.5034084222459,73.02269264874722,882.0,882.0,2962.4614034410497,128.8015446282767,2959.6600698356024,6013.437995402718,-3050.9765919616684,10.143585520243008,-3052.6071242679136,0.046485260770975055,0.018140589569160998,11.27261594350546,8.675402609837459,11.250122102945436,8.642010702145694,3.4147826177908693,0.5544393000309356,150000.0,2900.0,H0,0.0
0,35,8,known,3,100.0,300.0,150.0,2783.8174485412324,129.97795347125552,2780.7814222649795,1141.5701059897058,57.985978413550285,1140.0964578476555,1.0,1.0,32.0,2632.327164503636,95.66995256431952,61.6614069744126,882.0,882.0,2254.5864679637557,144.0646959897211,2249.979000989714,6102.695245920709,-3848.108777956953,27.540235671404844,-3851.603688340222,0.048752834467120185,0.013605442176870748,11.550012491091195,8.893419475478872,11.524507077806579,8.858447092189419,2.5351176498310353,0.5363061000243761,150000.0,2900.0,H0,0.0
0,36,8,known,3,100.0,300.0,150.0,2574.713492887914,96.33487511921425,2572.9106401689987,1400.1741689474952,51.997755076155926,1399.2083250377154,1.0,1.0,45.0,2308.939759515896,109.2233124151405,66.36377162710313,882.0,882.0,2674.4930697600435,139.6368981155646,2670.8453187856394,5816.02729222297,-3141.534222462926,29.454474449922387,-3144.138197734216,0.047619047619047616,0.013605442176870748,11.018651431859297,10.838617729406192,10.995761428825247,10.809426813839258,2.467559181927684,0.5739501999923959,150000.0,2900.0,H0,0.0
0,37,8,known,3,100.0,300.0,150.0,2800.497199203484,130.6581476678875,2797.447588641216,606.6274512022632,49.632949195690706,604.5936113674144,1.0,1.0,52.0,2664.8304045459345,94.74564281167629,94.9714311802978,882.0,882.0,2996.144125715817,168.70924367855966,2991.390448129232,6660.613418677689,-3664.469292961872,47.404364753107444,-3668.118260433147,0.04195011337868481,0.01020408163265306,11.780963802466033,9.18415300959222,11.759361601414593,9.155055266202062,3.26229770190735,0.7597907999879681,150000.0,2900.0,H0,0.0
0,38,8,known,3,100.0,300.0,150.0,2723.404717224613,111.14493166157382,2721.1358029262738,1387.248469091514,73.47147662652351,1385.301504048511,1.0,1.0,38.0,942.0805785399264,268.23847964474885,68.87854992000452,882.0,882.0,4862.049306369541,167.85576057925587,4859.15094447671,5502.5593669011805,-640.5100605316393,54.33121455038889,-642.2372224972269,0.013605442176870748,0.006802721088435374,11.703668547168437,6.484441391505909,11.68071855120057,6.43574436448479,7.498023365186754,0.833347000007052,150000.0,2900.0,H0,0.0
0,39,8,known,3,100.0,300.0,150.0,2135.6634352347837,48.22172156939769,2135.118960191146,923.7302563146214,43.427812836355116,922.7088443833877,1.0,1.0,45.0,578.9739194939314,437.5163331642657,78.32145336981473,882.0,882.0,4016.8696591032954,129.68437561964544,4014.775687500457,5855.566254068589,-1838.6965949652936,15.786354437386379,-1839.682732930729,0.024943310657596373,0.007936507936507936,11.374933441434848,7.36766163094801,11.352585291200192,7.327061237074522,5.452027875751451,0.7851610999787226,150000.0,2900.0,H0,0.0
0,40,8,known,3,100.0,300.0,150.0,1155.7287336086679,76.66034338345192,1153.1834621780813,862.9809442027968,66.62550320699299,860.4052256812283,1.0,1.0,82.0,758.9734912559328,331.7436923446898,72.92036419214523,882.0,882.0,6598.19800259693,153.98540456040934,6596.400941169092,6478.497340342427,119.70066225450228,32.078004381084185,119.05068241316803,0.009070294784580499,0.005668934240362812,11.681767569782233,8.408042831916678,11.659957498203479,8.37480758519661,7.847483813415375,0.9351636000210419,150000.0,2900.0,H0,0.0
0,41,8,known,3,100.0,300.0,150.0,2151.3135296222827,118.12055947448484,2148.0683034217786,1653.955207166986,72.21377351533856,1652.3779828566655,1.0,1.0,35.0,1396.5727526192375,180.25093872790887,71.94479757839828,882.0,882.0,2695.2029334220597,117.43526682815218,2692.643275748177,5504.590648222934,-2809.387714800874,0.360593956939951,-2810.7022272595595,0.046485260770975055,0.007936507936507936,11.807333956650751,7.104295405659838,11.785825893947713,7.067872243006951,3.7937652920159404,0.5760590999852866,150000.0,2900.0,H0,0.0
0,42,8,known,3,100.0,300.0,150.0,2140.107066377313,50.99736843649331,2139.499362928314,997.006425904237,47.81451439778165,995.8592197229711,1.0,1.0,50.0,716.034863852524,351.2773536086426,60.510976684245946,882.0,882.0,4326.656524377106,131.81672986250837,4324.648081597315,5718.686351990846,-1392.02982761374,15.734379669965435,-1392.8599840218449,0.022675736961451247,0.0011337868480725624,11.648819180243699,7.682697691168595,11.627119331922358,7.646114716199431,5.631689151781513,0.5129437000141479,150000.0,2900.0,H0,0.0
0,43,8,known,3,100.0,300.0,150.0,3651.5411105320104,194.86633242757384,3646.3378332775987,1413.2017299520633,53.88251853716561,1412.1741407261345,1.0,1.0,71.0,1401.1801672380477,179.39492934986686,62.170172647861996,882.0,882.0,4324.7307946060455,187.06817556217902,4320.683041314842,6238.765317210436,-1914.03452260439,72.58079315040212,-1917.031710298631,0.01473922902494331,0.003401360544217687,11.709005964544794,5.720846162888083,11.687285814799019,5.665471732661679,7.559599876432912,0.6047227999661118,150000.0,2900.0,H0,0.0
0,44,8,known,3,100.0,300.0,150.0,663.6433970244957,34.591928664334546,662.7412442918383,569.0899060255877,29.016942880521018,568.3496618861321,1.0,1.0,54.0,959.8280536780807,263.6778005205084,92.91709665829845,882.0,882.0,3473.4460471127463,111.93622721027579,3471.6419347682004,5775.91160909513,-2302.465561982384,-6.298842724626226,-2303.059389483764,0.03854875283446712,0.012471655328798186,11.556726907338145,9.814947165664414,11.534810441754967,9.788799862215214,3.538935043138986,0.5740703999763355,150000.0,2900.0,H0,0.0
0,45,8,known,3,100.0,300.0,150.0,4596.508650769874,211.03182567475005,4591.661719372918,1305.025869241452,50.4021158998484,1304.0522022151667,1.0,1.0,51.0,1762.7749993405307,143.13867177119556,65.94525627327965,882.0,882.0,4782.597194792244,221.4035504261393,4777.469664528845,5932.562476561501,-1149.9652817692568,103.67975545564028,-1153.924661125392,0.017006802721088437,0.0011337868480725624,11.495309764332902,4.542583606489174,11.471918812199721,4.470786950728355,10.528363612196825,0.6784130000160076,150000.0,2900.0,H0,0.0
0,46,8,known,3,100.0,300.0,150.0,3169.184128907406,151.7997264155777,3165.546538274038,978.436540919983,60.08029043344065,976.5902023412353,1.0,1.0,29.0,2841.1309069658328,89.36964000506975,80.55450711930749,882.0,882.0,2693.9746507446084,155.517920828795,2689.482031015568,5857.134309792396,-3163.159659047788,43.67259304567345,-3166.5843061770306,0.048752834467120185,0.012471655328798186,10.913562493017423,7.875199017593271,10.890450783790923,7.824906822011416,3.420833739853739,0.5146935000084341,150000.0,2900.0,H0,0.0
0,47,8,known,3,100.0,300.0,150.0,1879.7398759602202,95.72195943126195,1877.3010700890745,1105.1300543149873,60.16673633132277,1103.4910062114163,1.0,1.0,31.0,906.0345428836065,278.27233984203906,79.31632477629397,882.0,882.0,3098.111910353413,126.00765286101432,3095.548332766609,5646.19717001487,-2548.085259661457,7.585310459817393,-2549.406815992692,0.061224489795918366,0.022675736961451247,11.987190354115961,8.236111223002325,11.965902185186213,8.203656404973218,3.7616198063241457,0.5279303999850526,150000.0,2900.0,H0,0.0
0,48,8,known,3,100.0,300.0,150.0,1880.6155654719958,70.52746616843277,1879.292627988365,767.7551653974684,53.56520146121857,765.8843014365245,1.0,1.0,33.0,2044.1237095057277,123.30746993765217,79.63127210534802,882.0,882.0,2985.818935882915,138.74507289121533,2982.593589918914,6182.556620725717,-3196.737684842802,23.298738033545447,-3198.8850772162664,0.048752834467120185,0.011337868480725623,11.05271376601875,12.479515278363685,11.029632002612809,12.455333823387518,2.3925760490550205,0.5284201999893412,150000.0,2900.0,H0,0.0
0,49,8,known,3,100.0,300.0,150.0,1093.104208316148,55.31777886435203,1091.7036015237777,644.9312818519859,51.36150470250055,642.8828463615596,1.0,1.0,36.0,1657.9253844258524,152.449857856464,63.22576597315713,882.0,882.0,3107.9077999581414,120.28670302618562,3105.5791733774463,6225.083071605644,-3117.175271647503,1.038404095595297,-3118.361627400893,0.04081632653061224,0.009070294784580499,12.111895721455717,12.626100859207332,12.090787655919968,12.602073488709884,2.4614945141134066,0.8449257999891415,150000.0,2900.0,H0,0.0
0,50,8,known,3,100.0,300.0,150.0,1635.1762025335988,68.56715226505698,1633.7379713290811,1244.918509438067,51.61985474731668,1243.847854738418,1.0,1.0,36.0,883.3419788595182,285.3121008012118,66.02853001719166,882.0,882.0,2639.885877477083,109.04894886181744,2637.6326076341793,5480.1434051945325,-2840.2575277174496,-0.10382034606811885,-2841.423644538395,0.03741496598639456,0.003401360544217687,10.989612994269251,8.172918865724395,10.966728280245505,8.140455944538603,3.23004047984404,0.9555118999560364,150000.0,2900.0,H0,0.0
0,51,8,known,3,100.0,300.0,150.0,2069.2550073615407,92.72373353224182,2067.17647885483,1302.8995365823785,49.973990813628156,1301.9407830883615,1.0,1.0,49.0,1698.3476088224115,148.50591599736237,47.97767613674823,882.0,882.0,2590.9551855240275,137.95195936408777,2587.280044815686,5938.8233537215665,-3347.868168197539,18.964149036183386,-3350.3511939614446,0.048752834467120185,0.012471655328798186,11.060016491900381,9.963813682203078,11.037302323683484,9.923091110701462,2.6003649487664315,0.8393650000216439,150000.0,2900.0,H0,0.0
0,52,8,known,3,100.0,300.0,150.0,1644.5999980260142,185.16356300851186,1634.1430807738834,1369.1140043594148,103.2651128179594,1365.2140760363432,1.0,1.0,33.0,1070.4531979949338,235.86262943985545,85.03548421072576,882.0,882.0,3006.7260048427624,138.30697351738934,3003.543315698007,6293.649208945196,-3286.9232041024334,20.036772369135804,-3288.9945288267945,0.045351473922902494,0.009070294784580499,11.943226570556469,8.96554172730091,11.921641614055353,8.936563878466611,3.3536467692599117,0.5928055999684148,150000.0,2900.0,H0,0.0
0,53,8,known,3,100.0,300.0,150.0,1952.961942523731,133.60402656529521,1948.3865922941486,1140.2045590537246,91.77552764858974,1136.5050325501077,1.0,1.0,39.0,2051.5517065548,123.75753631541446,63.13348584494394,882.0,882.0,2332.617923265656,133.04201054596044,2328.820774419979,6141.310959261108,-3808.693035995452,15.971134265274173,-3811.3742312999093,0.04081632653061224,0.01020408163265306,11.678312650930533,10.078963075986454,11.656637411258925,10.048842876614053,2.3143431578028246,0.5192098999978043,150000.0,2900.0,H0,0.0
0,54,8,known,3,100.0,300.0,150.0,1875.041541382755,27.33312063695436,1874.8423086828566,589.0996035687033,30.501169865924105,588.309460710614,1.0,1.0,97.0,2120.665677498468,119.00368581984955,78.68291612747001,882.0,882.0,3700.925044845439,157.1106543070745,3697.588731845041,6278.666666935523,-2577.7416220900836,35.43059383788531,-2579.8987494145954,0.04421768707482993,0.012471655328798186,12.049836780358463,11.261656244022626,12.028379850869062,11.233147048950041,3.2863061743780246,0.6189441000460647,150000.0,2900.0,H0,0.0
0,55,8,known,3,100.0,300.0,150.0,1897.0354463637914,82.88794145735525,1895.223752996366,1268.8984820237795,59.43734623034679,1267.5056447824388,1.0,1.0,33.0,867.2511737557467,290.53413076780464,74.73283506348115,882.0,882.0,3281.600196293555,120.85856772469583,3279.3738815391935,6934.94690073614,-3653.346704442585,-0.8385290198294939,-3654.5051434131283,0.031746031746031744,0.012471655328798186,11.440954301143943,8.225406859375191,11.418506912732319,8.192563997159043,3.9895901228925084,0.5688733999850228,150000.0,2900.0,H0,0.0
0,56,8,known,3,100.0,300.0,150.0,4870.951701145156,268.0353913495643,4863.571476176018,1504.7613039749747,57.73637997907128,1503.6532487137379,1.0,1.0,57.0,2001.1559549113647,126.47288751435168,51.1665218723412,882.0,882.0,5641.029310407937,286.9592878653211,5633.725769682908,5875.693060421606,-234.6637500136685,170.52824149263404,-240.81359538455126,0.01020408163265306,0.0045351473922902496,11.437277357627085,4.388925154117502,11.415209902946591,4.31257659916745,12.852871972801276,0.5870565000222996,150000.0,2900.0,H0,0.0
0,57,8,known,3,100.0,300.0,150.0,5227.9560722354145,245.90382537752762,5222.169664218872,1145.0749041855915,74.39960573564767,1142.6553438644662,1.0,1.0,141.0,2094.0883519767044,120.60128892685906,75.0989332782705,882.0,882.0,5367.403339503974,283.6919721680162,5359.900882837838,5910.326172459307,-542.9228329553325,163.22898984821683,-549.1975369507591,0.01473922902494331,0.0011337868480725624,11.371085002368634,3.9052164538069727,11.34848825144636,3.8192310696446663,13.74418909423471,0.688107099966146,150000.0,2900.0,H0,0.0
0,58,8,known,3,100.0,300.0,150.0,3247.5602922107514,232.524472251756,3239.2252501714083,1357.8339640293962,91.66801563353262,1354.7361546742575,1.0,1.0,32.0,1355.1061871548297,186.08631057343865,68.85196030271493,882.0,882.0,5225.018023708012,212.28177525370805,5220.703955978419,5074.0100906238995,151.00793308411266,99.93209427585525,147.93785167818987,0.017006802721088437,0.0045351473922902496,11.403596057307457,5.936843199272026,11.3814104778606,5.885193236067827,8.80100391458663,0.6672159999725409,150000.0,2900.0,H0,0.0
0,59,8,known,3,100.0,300.0,150.0,1552.8622868154846,64.62651525752585,1551.5169014031028,969.1870168926783,45.54507751455838,968.116273816075,1.0,1.0,106.0,648.2340553370962,389.35441184439264,73.48783205219415,882.0,882.0,3739.248968039196,134.17269823081693,3736.840982973674,5544.91374664522,-1805.6647786060244,16.23176278172504,-1806.818313328772,0.02834467120181406,0.005668934240362812,11.961083390112051,8.753779615096722,11.939673726781773,8.72187772110443,4.271582256412427,0.8850997000117786,150000.0,2900.0,H0,0.0
0,60,8,known,3,100.0,300.0,150.0,3042.931067393496,127.64715932345133,3040.2525690516527,1389.678246389005,59.75632190539312,1388.3928876507396,1.0,1.0,45.0,2658.6879308897373,94.92310829972973,55.851116604341286,882.0,882.0,2687.107723158488,158.28754073621457,2682.4416061315624,6099.55879255729,-3412.451069398802,37.368809300399164,-3415.9185114943966,0.034013605442176874,0.01020408163265306,11.320928453964708,9.238408954979196,11.298096531746973,9.203232764532816,2.9086260808039097,0.6108435000060126,150000.0,2900.0,H0,0.0
0,61,8,known,3,100.0,300.0,150.0,3032.8855192429437,133.55990432547094,3029.943287388414,1304.5288841370666,79.1780024923677,1302.1238241692756,1.0,1.0,41.0,1167.7311312458003,215.76136383556727,54.43393294134507,882.0,882.0,3164.983235862907,159.58878517618146,3160.9571814466626,6056.306808750512,-2891.3235728876048,38.584927357569825,-2894.140689612964,0.046485260770975055,0.011337868480725623,11.943844615598405,6.364790476187256,11.922218742316181,6.317684246741901,4.972643243645074,0.6178182999719866,150000.0,2900.0,H0,0.0
0,62,8,known,3,100.0,300.0,150.0,1389.5984355716703,67.72943548381016,1387.946877842332,798.4520191195888,51.94577916256741,796.760480234394,1.0,1.0,47.0,1707.524877265087,147.8884502766298,68.85950656137328,882.0,882.0,3862.5217885862216,137.83319441503576,3860.0617323846845,5846.755934732633,-1984.2341461464116,18.670633193410453,-1985.4797518864152,0.03741496598639456,0.007936507936507936,11.954842033421386,12.498506028944142,11.931884155118416,12.473103707850784,3.0903867867418415,0.6348171000136063,150000.0,2900.0,H0,0.0
0,63,8,known,3,100.0,300.0,150.0,1989.2456719794338,98.66675174496345,1986.7972255841828,1140.9160589671733,59.05351987876094,1139.3867365381761,1.0,1.0,69.0,856.798543971926,294.0090243060189,78.1155736823454,882.0,882.0,3858.484793641651,141.68794652019017,3855.8824448593796,5402.652620884989,-1544.1678272433383,26.425132188615834,-1545.5404996606858,0.036281179138321996,0.006802721088435374,11.58339744765637,7.804814868014466,11.561591060901709,7.768885944524444,4.943723661472632,1.0940209000254981,150000.0,2900.0,H0,0.0
0,64,8,known,3,100.0,300.0,150.0,1365.5058938802047,77.34274571530635,1363.3137738271387,1078.78079481007,44.69156460829399,1077.8546596382596,1.0,1.0,35.0,1456.7532116763614,173.3265447762541,56.11803126628234,882.0,882.0,2829.2893788978495,121.44037610315074,2826.6819107561614,6274.520331572488,-3445.230952674639,-2.2177685657846524,-3446.6197761208186,0.04421768707482993,0.009070294784580499,11.947665628271583,9.948349486670846,11.926285267166513,9.920874315827387,2.843978674742612,0.6409674999886192,150000.0,2900.0,H0,0.0
0,65,8,known,3,100.0,300.0,150.0,1809.6751338434788,121.64933561566836,1805.5817702878148,1304.687134587877,60.68409071374529,1303.2750900302556,1.0,1.0,50.0,1012.0418318933421,249.37150343492115,68.84232430298401,882.0,882.0,3967.205069511913,142.49326117829767,3964.64522171654,5967.995077854386,-2000.7900083424734,27.46055845316569,-2002.2411293545051,0.024943310657596373,0.007936507936507936,11.377036161056896,8.324071622988269,11.354676474060714,8.286817311620492,4.76594297741965,0.779947200033348,150000.0,2900.0,H0,0.0
0,66,8,known,3,100.0,300.0,150.0,1649.0425404081209,88.02274213765315,1646.6916216894522,1107.7740378824333,57.59043146441164,1106.2760330089836,1.0,1.0,39.0,845.4276425546375,298.68031580344484,74.72662301960258,882.0,882.0,3255.220518094485,122.76412467147489,3252.9047928147197,6243.736752421637,-2988.516234327152,5.557899556960663,-2989.7317763229626,0.034013605442176874,0.01020408163265306,11.37497757737244,8.532670986098843,11.351614826891083,8.499974543873725,3.8150076610217214,0.5602299000020139,150000.0,2900.0,H0,0.0
0,67,8,known,3,100.0,300.0,150.0,1801.3182493771417,38.81365237965442,1800.9000349625412,763.2211523245016,35.28453250827079,762.4050951569072,1.0,1.0,44.0,2017.6849670633712,125.26435123619632,74.2391007521133,882.0,882.0,2551.201780735687,130.39153296647567,2547.867456160071,6433.26015633817,-3882.0583756024835,12.645433347896443,-3884.3150735224344,0.047619047619047616,0.005668934240362812,11.237061338854257,11.329243286752348,11.214273887311526,11.3001376068942,2.251873065272497,0.5657216000254266,150000.0,2900.0,H0,0.0
0,68,8,known,3,100.0,300.0,150.0,2843.926422808557,122.3689444500803,2841.292547377487,759.0933791062695,51.08234186963825,757.3726642493034,1.0,1.0,76.0,2693.797120724382,93.49901440281009,99.08946886200405,882.0,882.0,2880.0912252483795,160.98696926599348,2875.5884026541876,5972.594959800738,-3092.5037345523588,45.299432108023254,-3095.8860339974094,0.05102040816326531,0.005668934240362812,11.331522734319645,8.46217235173173,11.305115705316975,8.41681651219887,3.4034892052972507,0.648356200021226,150000.0,2900.0,H0,0.0
0,69,8,known,3,100.0,300.0,150.0,1405.6527622747772,60.156781859995036,1404.3649275337805,1331.7353743256972,39.87108527324827,1331.1383864157544,1.0,1.0,34.0,1482.8185270146641,170.11254486279415,75.12637396108676,882.0,882.0,2199.897670784821,114.47295688102314,2196.9173184413194,6452.968047582751,-4253.07037679793,-6.523952947567224,-4254.916248145459,0.05895691609977324,0.015873015873015872,11.761461220221868,9.1414561766548,11.739805703692433,9.108430385796996,2.4065068280946957,0.5535441000247374,150000.0,2900.0,H0,0.0
0,70,8,known,3,100.0,300.0,150.0,692.4277680366985,49.48320374539207,690.6573872010463,493.62655741278104,47.68147689565654,491.3182827294773,1.0,1.0,57.0,1293.3320700772363,195.74722253661199,102.05331269122131,882.0,882.0,3820.45846179136,114.8432604348626,3818.7319732871924,6226.28526389651,-2405.8268021051495,0.2355398110665874,-2406.4984046015047,0.03968253968253968,0.003401360544217687,11.022340095482438,12.264853167881123,10.999454100601481,12.242294288861054,3.114964695864666,0.753234000003431,150000.0,2900.0,H0,0.0
0,71,8,known,3,100.0,300.0,150.0,3467.6118850487046,178.97255210969988,3462.9901834862844,1690.2861437310219,61.321947240449965,1689.1734269978697,1.0,1.0,40.0,1433.0731581127698,176.19207399138807,58.995664081555475,882.0,882.0,4843.525676725543,195.19528048337364,4839.590869440995,6088.76365052924,-1245.237973803697,75.62084031284607,-1247.9985340309622,0.011337868480725623,0.0022675736961451248,11.895030625925955,5.221079635454602,11.872989314107372,5.1654162537806005,9.276866117564618,0.5930086000007577,150000.0,2900.0,H0,0.0
0,72,8,known,3,100.0,300.0,150.0,1739.9395800690888,54.657030636191934,1739.0808926824052,419.0306732989796,39.89660137136714,417.12703863980147,1.0,1.0,105.0,0.02912285297384809,8664212.166987801,82.84485211694565,882.0,882.0,237233702.03272423,6639785.89269861,237140765.4188763,6054.459703594818,237227647.57302064,6639667.881565209,237134712.10939512,0.0,0.0,11.271959876454833,7.875803887178195,11.249504599017945,7.838970537258008,301218.39678987,0.6749949000077322,150000.0,2900.0,H0,0.0
0,73,8,known,3,100.0,300.0,150.0,1929.5821837840904,96.51293720591032,1927.1670028642734,1254.3020724169644,75.13760262398387,1252.0495315846783,1.0,1.0,33.0,2036.8743931652164,124.13248179018768,64.7340524472018,882.0,882.0,2832.9722206824476,138.21031803577858,2829.5988251246654,6005.861926545848,-3172.8897058634006,20.847454907899788,-3175.1162754518327,0.03854875283446712,0.005668934240362812,11.566953267350758,10.36926073063107,11.545033427430234,10.342965889267157,2.732086977342341,0.889691699994728,150000.0,2900.0,H0,0.0
0,74,8,known,3,100.0,300.0,150.0,1414.6097244614466,45.492160110117105,1413.8780484572937,1106.3780957412323,32.777819309967995,1105.8924474365842,1.0,1.0,33.0,1669.8161015617998,151.03315835778852,66.34263879858648,882.0,882.0,2340.254205530397,120.93923237481981,2337.1271785196673,5345.400133437195,-3005.145927906798,6.489677288397857,-3007.0475833954874,0.05895691609977324,0.005668934240362812,11.356371816979383,10.81930542936647,11.333977752570554,10.79518769115688,2.16303553015365,0.8618221000069752,150000.0,2900.0,H0,0.0
0,75,8,known,3,100.0,300.0,150.0,1094.5358790002122,67.68710348157607,1092.4409578741734,633.6665482497423,55.37992275294649,631.2419175931052,1.0,1.0,66.0,635.5304397610681,399.1395142618894,81.78052807909356,882.0,882.0,5003.174750754896,126.09109783379218,5001.585610747695,5594.807578538872,-591.6328277839757,10.673414444284148,-592.0313406744344,0.024943310657596373,0.009070294784580499,11.588389872418459,8.79975055342615,11.566506489071724,8.768836201250974,5.685587017926239,0.8637727000168525,150000.0,2900.0,H0,0.0
0,76,8,known,3,100.0,300.0,150.0,2898.101883485061,133.4569185484535,2895.0274226596216,1468.0819837406166,60.104268520484275,1466.8511130613772,1.0,1.0,34.0,2594.3324600808787,97.24176195489636,80.72788274641833,882.0,882.0,2714.573105209572,138.7827396161659,2711.023145366297,5659.806108280929,-2945.233003071357,25.314127150938845,-2947.6454310144877,0.048752834467120185,0.013605442176870748,11.752816777826068,8.657045810518294,11.730867980416445,8.617422657388058,3.1356806520665175,0.6443977000308223,150000.0,2900.0,H0,0.0
0,77,8,known,3,100.0,300.0,150.0,4579.770684075496,224.12662750757355,4574.283197787324,1923.4168049538566,57.41611188439527,1922.5596468445344,1.0,1.0,36.0,1940.8851270873276,130.10752801465796,65.51375866816412,882.0,882.0,4448.512126634578,187.58409718344825,4444.555359909332,5744.069086153514,-1295.5569595189363,74.25875357385927,-1298.3957136242261,0.02040816326530612,0.006802721088435374,11.382848452476637,5.102920042406529,11.359412507493078,5.038877532340484,8.71758148210503,0.648985999985598,150000.0,2900.0,H0,0.0
0,78,8,known,3,100.0,300.0,150.0,2438.6315850049427,135.00929716284875,2434.8914754180137,1339.147075027444,72.38011625682057,1337.1895928869653,1.0,1.0,66.0,2189.422745517622,115.41988948427762,78.38856606849163,882.0,882.0,3195.2241082155265,159.9967743797386,3191.2157767706312,5674.055035846805,-2478.830927631279,45.52856274720328,-2481.6845024819613,0.035147392290249435,0.006802721088435374,11.454044315203635,9.4450884863519,11.430187889195265,9.409405549432478,3.3829477752724157,0.7910612999694422,150000.0,2900.0,H0,0.0
0,79,8,known,3,100.0,300.0,150.0,2123.277805942716,120.30369082525498,2119.866897515675,1325.4106608403094,67.22049372619796,1323.7049614972182,1.0,1.0,41.0,796.5844757368874,317.13677759689494,66.25219373093059,882.0,882.0,4519.73000990941,158.7407413201212,4516.941524917149,6088.392652611577,-1568.6626427021674,42.189518759567164,-1570.3354447051697,0.01927437641723356,0.0022675736961451248,11.653476554758083,7.183615899358651,11.631381754341277,7.1456727203899595,6.291720037972699,0.6150202000280842,150000.0,2900.0,H0,0.0
0,80,8,known,3,100.0,300.0,150.0,1439.419005251285,78.63461947372784,1437.2695186703227,846.3070752407355,39.923686776670024,845.3648708319303,1.0,1.0,31.0,1795.475601641701,141.18327124800638,66.10156685886913,882.0,882.0,2803.0412524670514,130.74875287654606,2799.990183313735,5965.631306948659,-3162.5900544816072,12.785759131818068,-3164.474723327324,0.035147392290249435,0.013605442176870748,11.602769655394091,11.833354509035503,11.580810223490749,11.810530805551132,2.368763016714115,0.7998466999852099,150000.0,2900.0,H0,0.0
0,81,8,known,3,100.0,300.0,150.0,707.3759839319418,87.26778080162397,701.9723050645536,661.1749641915588,70.96937040369777,657.3550651955242,1.0,1.0,80.0,1219.2626088398365,206.65345364528903,78.16610890045038,882.0,882.0,4502.606885302459,116.77056474396946,4501.092467255309,6195.649975809109,-1693.0430905066496,0.32504120688122384,-1693.4631312353185,0.030612244897959183,0.011337868480725623,12.056837399680465,11.666205278719609,12.035560553056875,11.641228915474365,3.8595299651684427,0.736861500015948,150000.0,2900.0,H0,0.0
0,82,8,known,3,100.0,300.0,150.0,2023.814562751743,132.0240833812393,2019.5036582817502,1400.2890517833716,67.89028218262517,1398.6423195833656,1.0,1.0,43.0,1856.378649913662,136.52190844160157,72.91964580102854,882.0,882.0,2910.6646811117803,134.39738822812666,2907.560184744075,5622.820709961798,-2712.1560288500173,20.88891149616522,-2714.1147046536826,0.047619047619047616,0.011337868480725623,11.279749613567695,10.166675568895968,11.257172880433334,10.132698188781873,2.862946359788147,0.5812789000337943,150000.0,2900.0,H0,0.0
0,83,8,known,3,100.0,300.0,150.0,3967.586469573495,238.20656711652822,3960.4292728093537,1684.6204650336717,92.22481825798816,1682.0941394902798,1.0,1.0,41.0,3293.021284967905,76.60679496268317,102.24864042829738,882.0,882.0,2871.2411477824844,147.58832817667542,2867.4454509380457,5838.965221352678,-2967.7240735701935,32.8750065427205,-2970.392822773023,0.05328798185941043,0.007936507936507936,11.881908782542418,8.114854851165171,11.856551580220156,8.062314768031648,3.5382532410548504,0.5610485999495722,150000.0,2900.0,H0,0.0
0,84,8,known,3,100.0,300.0,150.0,2587.580940745806,147.60727879276303,2583.3674179563286,995.0785967251445,70.42494446272296,992.5833672079667,1.0,1.0,79.0,826.0288248746181,305.68803071484047,51.120120932406394,882.0,882.0,3760.563344175218,156.97246213506858,3757.285763910639,5872.443541973316,-2111.8801977980984,40.53836319268203,-2114.0033836503612,0.023809523809523808,0.006802721088435374,11.854491936845326,6.930578108913872,11.832929964168317,6.887641639864654,5.426045684902548,0.6537703000358306,150000.0,2900.0,H0,0.0
0,85,8,known,3,100.0,300.0,150.0,2393.536368751912,118.5720715454104,2390.5976266171438,1328.2791050501683,53.7829370432282,1327.1898042841801,1.0,1.0,29.0,1099.1796320034173,230.05039314469843,59.450799805454814,882.0,882.0,3498.2937666242738,136.4827343116176,3495.6303781774577,5788.42666391613,-2290.132897291856,20.666583135467135,-2291.637531869731,0.02040816326530612,0.0011337868480725624,11.728923712593359,7.491130088493129,11.707308887311333,7.449452966600385,4.669914586048751,0.5909981000004336,150000.0,2900.0,H0,0.0
0,86,8,known,3,100.0,300.0,150.0,1621.7061055441682,53.591089765858094,1620.8203749511974,429.59257799116455,36.9240494010245,428.0028009732244,1.0,1.0,1704.0,95.23792047182297,2650.819945919864,68.17708435132657,882.0,882.0,43398.30185115779,1142.7327439582502,43383.25443578537,6008.49410598525,37389.80774517254,1028.138271237743,37375.853206594715,0.0,0.0,11.206302403124518,8.176214825707806,11.183706807768235,8.14174933088545,53.078720136736194,3.4509052999783307,150000.0,2900.0,H0,0.0
0,87,8,known,3,100.0,300.0,150.0,1442.0029080766228,52.38484240747238,1441.05108000632,1346.941546264746,44.92042199408771,1346.1922911463791,1.0,1.0,34.0,1590.4932437235896,158.74194967051054,77.62964532133573,882.0,882.0,2147.5206357969473,115.30651845207531,2144.422833299484,6588.426416652458,-4440.905780855511,-7.2059317776492975,-4442.864419218251,0.06349206349206349,0.01927437641723356,12.508325979843246,9.854884212684027,12.486053191267132,9.826219699997646,2.179143447502829,0.6261562999570742,150000.0,2900.0,H0,0.0
0,88,8,known,3,100.0,300.0,150.0,2375.5414936046595,102.06007691610046,2373.34808414976,1246.0784411730913,69.20496679373413,1244.1551969619543,1.0,1.0,75.0,2304.998690678554,109.40138245690585,84.09812819877975,882.0,882.0,2851.374234510425,152.49494052498218,2847.293507586493,5866.4043427463785,-3015.0301082359533,30.208830494775682,-3017.8361601947095,0.047619047619047616,0.01020408163265306,12.006759855914376,10.491519601691966,11.985336430416842,10.452862973711195,2.7177895507630603,0.9061375999590382,150000.0,2900.0,H0,0.0
0,89,8,known,3,100.0,300.0,150.0,2442.3670049841567,134.5896585003503,2438.65582050031,855.9284407087055,56.412632349897024,854.0673922621044,1.0,1.0,34.0,712.909398879807,353.67467369292615,48.74080024182184,882.0,882.0,6288.293892317147,224.64231984593434,6284.280062528035,5632.077537990957,656.2163543261895,107.2223397275062,653.426668750918,0.015873015873015872,0.003401360544217687,11.897364570856638,7.021232001066794,11.87594284518724,6.979754889200441,8.956111821061766,0.6061202999553643,150000.0,2900.0,H0,0.0
0,90,8,known,3,100.0,300.0,150.0,2832.3544750686738,121.85622327515755,2829.7319543184044,660.1392198646219,56.395245365263094,657.7259048446118,1.0,1.0,36.0,2708.669722841391,93.30954135706405,69.86129988963704,882.0,882.0,2568.1761240690494,158.54458757369252,2563.2776318591423,5633.57322233112,-3065.3970982620704,41.488970239189,-3069.079355567762,0.05555555555555555,0.013605442176870748,11.754716995382733,9.116902868464859,11.732717407506001,9.077653768319513,2.8169392184184687,0.5914233000366949,150000.0,2900.0,H0,0.0
0,91,8,known,3,100.0,300.0,150.0,1910.2616743995054,46.834356209745884,1909.6874633714335,801.8720525578954,52.87758398731842,800.1267085812573,1.0,1.0,72.0,549.7654186624346,459.59676809422683,81.71508412582102,882.0,882.0,5617.110558464207,159.21704963575215,5614.853600684114,5940.441019997631,-323.33046153342366,45.13143610109091,-324.49181651927574,0.01473922902494331,0.0,11.1926913339549,7.232916874369742,11.170104652281236,7.195150397337155,7.766037763227671,0.8579670999897644,150000.0,2900.0,H0,0.0
0,92,8,known,3,100.0,300.0,150.0,1167.0196368738198,116.14113474415896,1161.2261061780523,760.2023619872565,72.18494143294993,756.7674447287787,1.0,1.0,82.0,1588.4796393425454,159.00799100122856,74.51072891237204,882.0,882.0,2844.7710668365526,134.61993816274745,2841.5840467878893,6427.705799942983,-3582.93473310643,10.010432539167724,-3584.9137803127237,0.049886621315192746,0.011337868480725623,11.384089734445649,11.42962944826357,11.361815968934163,11.402401452129723,2.4889442651780285,0.8868595999665558,150000.0,2900.0,H0,0.0
0,93,8,known,3,100.0,300.0,150.0,2289.6265214565924,70.95932210397514,2288.5266837780064,827.7988612235192,61.72316087981689,825.4945221223212,1.0,1.0,109.0,575.1418258949686,437.23793689935184,92.72821301377545,882.0,882.0,4400.688345533494,149.91122019627264,4398.134211296147,5621.471109051352,-1220.7827635178583,33.7629729194704,-1222.136868870144,0.026077097505668934,0.007936507936507936,11.85240542960845,7.131618803518374,11.830783626878253,7.092307075699457,6.1706724192302875,1.3201530000078492,150000.0,2900.0,H0,0.0
0,94,8,known,3,100.0,300.0,150.0,2319.548905879672,69.9050224594645,2318.4952910460106,826.4766124457657,40.01015289712948,825.507588447845,1.0,1.0,71.0,2246.2719765339575,112.22324551251617,74.36445506703222,882.0,882.0,3389.90742374357,160.42441518646822,3386.1093231855116,6534.118665071048,-3144.211241327478,44.933073086982816,-3146.9886003979022,0.03854875283446712,0.011337868480725623,11.120675193607404,10.325440774565031,11.094967076021579,10.295198675354637,3.2830631619078487,0.8308134999824688,150000.0,2900.0,H0,0.0
0,95,8,known,3,100.0,300.0,150.0,1690.1918888554105,111.99624972716434,1686.4772341184066,1307.0952493437387,51.84049383380251,1306.0668260299844,1.0,1.0,37.0,1250.2825019972718,202.5334747763694,67.29692288649892,882.0,882.0,2696.0333783203814,121.88382161758445,2693.276872333311,6090.35077351843,-3394.317395198049,3.626074165715494,-3395.9256739500815,0.049886621315192746,0.013605442176870748,11.981256634752512,8.430806099787706,11.959857072852103,8.398852608079707,3.1978358254358024,0.7067547999904491,150000.0,2900.0,H0,0.0
0,96,8,known,3,100.0,300.0,150.0,1550.0393285808946,99.27345175277709,1546.8570399117687,1441.2706216564359,72.57331185637976,1439.442294521085,1.0,1.0,78.0,1173.7026482870788,215.24997107920333,91.38177198086326,882.0,882.0,2204.4086829407943,117.73166495678655,2201.26256872988,6062.610248129599,-3858.201565188805,1.3013112392290225,-3860.2295737593963,0.06462585034013606,0.015873015873015872,11.600342981340475,9.060960214782575,11.578441319129144,9.03039273112829,2.4328643219781436,0.8365181999979541,150000.0,2900.0,H0,0.0
0,97,8,known,3,100.0,300.0,150.0,1592.0306066167182,96.42809470969988,1589.1076347922608,687.1678219078344,54.53222438219225,685.0006218752561,1.0,1.0,37.0,1969.7909169721254,128.3853713144004,68.9155045498268,882.0,882.0,3405.7836662372356,141.8424094181362,3402.8286927347376,5973.873622277856,-2568.0899560406206,21.81819341903119,-2569.839073223868,0.04081632653061224,0.012471655328798186,11.991951231642005,11.951195267058182,11.970510046734054,11.923630548158354,2.8497431345840423,0.7415343000320718,150000.0,2900.0,H0,0.0
0,98,8,known,3,100.0,300.0,150.0,2314.0798930375804,84.41187602933202,2312.539812964531,1429.711621707009,71.52699782912688,1427.9212897865339,1.0,1.0,31.0,2323.0268290364334,108.84824728763131,72.40844374962867,882.0,882.0,2695.9638258828477,139.97793948868443,2692.3274553674523,6104.600099501229,-3408.6362736183814,21.075099451503092,-3411.114564465415,0.032879818594104306,0.009070294784580499,11.927374933659502,8.660758173222654,11.9060512004919,8.62368501936544,3.112849674314003,0.7493527999613434,150000.0,2900.0,H0,0.0
0,99,8,known,3,100.0,300.0,150.0,2590.471989803752,145.7878631332559,2586.3663756167357,1366.8152985144734,77.67392652002985,1364.6064712554203,1.0,1.0,39.0,2312.286196517661,109.09949509940058,77.56429304000196,882.0,882.0,3021.57415833708,135.83644213915167,3018.519315047928,5281.257245144874,-2259.683086807794,26.27269388803259,-2261.601315625616,0.047619047619047616,0.015873015873015872,11.287168246302077,8.926617938000756,11.264717415264624,8.890226354198393,3.3849036436007753,0.6609285000013188,150000.0,2900.0,H0,0.0
1,0,8,known,3,100.0,300.0,150.0,2428.8754662226816,65.50391579447343,2427.9920237583233,1211.3857723746466,35.19036729116919,1210.8745300656183,1.0,1.0,29.0,2383.725179328359,106.02375063678039,70.37670298745262,882.0,882.0,2487.168505117441,133.0886400979811,2483.605159183922,2606.3572006432933,-119.18869552585238,23.76187131228653,-120.45811097139904,0.07142857142857142,0.02040816326530612,9.605579455791931,9.46383907634522,9.575773516733598,9.428892065242012,2.628075652019587,0.6136196000152268,150000.0,2900.0,H1,1250.0
1,1,8,known,3,100.0,300.0,150.0,3349.244926966474,152.57731844328606,3345.76773591762,1491.9614752702403,47.79597400297867,1491.195690900312,1.0,1.0,42.0,2782.9337063570047,90.62774142695598,79.06800900437744,882.0,882.0,2525.7765304369773,148.7179125061987,2521.394468187406,2825.202999550144,-299.4264691131666,41.44264565571716,-301.7711319482446,0.05215419501133787,0.01473922902494331,9.529454819668981,7.709097179656575,9.500174232243422,7.660110541141566,3.2763584004391753,0.6517871000105515,150000.0,2900.0,H1,1250.0
1,2,8,known,3,100.0,300.0,150.0,758.0267085713285,47.45518056299798,756.5398183474648,740.584383508073,42.711537160818736,739.3517117647004,1.0,1.0,31.0,1496.244717290062,168.26331815314734,77.62633856950282,882.0,882.0,2182.5708679464474,116.05151484419935,2179.483342333883,2881.933605587952,-699.3627376415047,3.52959671470407,-700.2527783823248,0.049886621315192746,0.012471655328798186,9.666802639522679,8.149666948879926,9.639280813770355,8.118585738699627,2.67811050640102,0.6964474999695085,150000.0,2900.0,H1,1250.0
1,3,8,known,3,100.0,300.0,150.0,3474.53147078522,125.3949744354025,3472.2679968376938,1245.1200650384076,37.47220074710048,1244.5560696619568,1.0,1.0,31.0,1119.9883348172948,225.13265295076008,102.7479410720234,882.0,882.0,4780.189260080469,181.66915682275135,4776.7358812946695,2783.137529432265,1997.0517306482034,75.80846938822688,1995.6123632555618,0.01473922902494331,0.005668934240362812,9.559995310042975,4.837530144755574,9.532885478956292,4.775443709742057,9.88146661011039,0.6834441999671981,150000.0,2900.0,H1,1250.0
1,4,8,known,3,100.0,300.0,150.0,2337.5935648315126,118.29399402251055,2334.598510519507,727.0580183979774,65.51486718133062,724.1002446450398,1.0,1.0,30.0,2420.948726120821,103.88729092203509,60.557289904560584,882.0,882.0,2915.1507822282697,142.92414439279753,2911.6450285149253,2751.5898269513486,163.56095527692105,35.35222468223304,162.15873870151063,0.05668934240362812,0.015873015873015872,9.758529025400112,10.813527626801106,9.729238151567802,10.782345066550475,2.695836994953551,0.5051873999764211,150000.0,2900.0,H1,1250.0
1,5,8,known,3,100.0,300.0,150.0,1257.2231426368965,72.39714990868703,1255.1369180559122,916.5754987238531,57.58573548616856,914.7647391156904,1.0,1.0,27.0,1631.0861178707535,154.27980779006566,82.02727983685388,882.0,882.0,2183.489178983581,120.50701434144057,2180.161245007558,2599.633978555979,-416.1447995723979,9.64971139052983,-417.1079903327518,0.06462585034013606,0.01473922902494331,9.902835200444677,8.832525563163765,9.87283293139636,8.799550507035487,2.4721006051653776,0.565369899966754,150000.0,2900.0,H1,1250.0
1,6,8,known,3,100.0,300.0,150.0,1467.1371692371404,48.91921270670156,1466.3213781382735,1386.2672857698976,44.61628971113146,1385.5491237369577,1.0,1.0,42.0,1276.871667452697,197.88951938947687,81.63024290954678,882.0,882.0,2121.7164408591207,111.22187612854655,2118.7992707385806,2554.8874634198096,-433.1710225606889,1.7577967608936689,-433.74212286660486,0.07142857142857142,0.015873015873015872,9.592907291664627,9.677167623482363,9.565334996223832,9.647955371403864,2.1924973539888044,0.7512093000113964,150000.0,2900.0,H1,1250.0
1,7,8,known,3,100.0,300.0,150.0,3312.7236756587954,88.5218993065874,3311.540732742612,1139.9040689289304,52.353158182709336,1138.7012045260285,1.0,1.0,107.0,993.3149883400916,253.9421049993436,97.18862703686386,882.0,882.0,5356.653725902714,240.83315403105152,5351.237102871342,2752.765467786052,2603.8882581166617,131.12393909185317,2600.658689374867,0.015873015873015872,0.003401360544217687,9.459316167695123,5.697611415440633,9.432480545334439,5.644725912852911,9.401577846088419,0.9837818000232801,150000.0,2900.0,H1,1250.0
1,8,8,known,3,100.0,300.0,150.0,1320.1937708509631,70.86928993976392,1318.290232208795,1159.297859252631,65.09482823820517,1157.4688720671377,1.0,1.0,38.0,1123.9566717004343,224.11835673480095,76.69334326666566,882.0,882.0,2520.927206977517,109.0409616898475,2518.5678572461015,2973.8065362638317,-452.8793292863147,-0.8806924497478832,-453.2064519968976,0.05102040816326531,0.015873015873015872,9.503307476409585,7.55542329239334,9.474676380917991,7.513480873115067,3.336579711576901,0.7839759000344202,150000.0,2900.0,H1,1250.0
1,9,8,known,3,100.0,300.0,150.0,1725.1657640215576,90.0604754105189,1722.8134037442696,463.3896584501194,56.875933932178754,459.88596814630114,1.0,1.0,40.0,2187.9407613910653,115.28666018578099,107.76724432274548,882.0,882.0,2646.104898586049,136.89014821431311,2642.5616779259753,2782.1347502420194,-136.02985165597056,25.47567873583256,-137.34130320395116,0.04081632653061224,0.009070294784580499,9.865688116734741,10.225850424754599,9.836402414611623,10.193784071196866,2.587662432632883,0.7114295999635942,150000.0,2900.0,H1,1250.0
1,10,8,known,3,100.0,300.0,150.0,1459.0564603236971,87.11518439290288,1456.4534661500543,1023.0965250236352,50.91200004358408,1021.8289816632722,1.0,1.0,21.0,1818.044154079298,139.5141907987365,47.68953002444848,882.0,882.0,1967.123296938722,114.54976856955204,1963.7852265152953,2613.9840023122356,-646.8607053735136,11.7083585937973,-648.1749586212416,0.06689342403628118,0.007936507936507936,9.678192087606547,8.956997574936395,9.64914401411069,8.923458082375301,2.196186032742887,0.6549760999623686,150000.0,2900.0,H1,1250.0
1,11,8,known,3,100.0,300.0,150.0,1752.7016008497696,85.66499347003578,1750.6068692071112,1073.284275033544,61.68999892565997,1071.5099061916471,1.0,1.0,64.0,1165.1942189710762,215.6619391020926,62.77342893131961,882.0,882.0,2610.612020536076,128.9879189236806,2607.4234866126353,2787.1804579036207,-176.56843736754445,19.574864925395545,-177.60859372945788,0.05668934240362812,0.015873015873015872,9.526285535672233,7.576538733594429,9.496216838778473,7.537543422452563,3.4456525761039183,1.0361240999773145,150000.0,2900.0,H1,1250.0
1,12,8,known,3,100.0,300.0,150.0,1289.7112174233614,66.43834645367654,1287.9988239389622,538.9693408128501,34.18518215067295,537.8841173129798,1.0,1.0,24.0,1882.126409541775,134.4741484231971,86.506439678593,882.0,882.0,2234.5165471163764,126.34567476173895,2230.9417226377504,2546.4474584861646,-311.9309113697882,16.185889020755923,-313.1218536975871,0.05442176870748299,0.01473922902494331,9.236935325952242,9.662511585094062,9.209674401219758,9.634482540112671,2.312562864673268,1.0122720000217669,150000.0,2900.0,H1,1250.0
1,13,8,known,3,100.0,300.0,150.0,3028.899855754089,108.47956821324613,3026.9566431429785,1272.954836449782,52.29484766722519,1271.8802084112926,1.0,1.0,37.0,2493.0509707044466,101.34638767383933,64.70905807153123,882.0,882.0,3157.005354063167,158.85217764759471,3153.0063100539646,2949.352025037636,207.6533290255311,49.35952390868613,205.68740529139768,0.04195011337868481,0.011337868480725623,9.35118510041707,9.14702768725411,9.322034901689353,9.104530771602494,3.451400238420929,0.8405564000131562,150000.0,2900.0,H1,1250.0
1,14,8,known,3,100.0,300.0,150.0,1449.1736202126913,75.10126892799002,1447.2263060509104,827.9193584032628,51.78530968079614,826.2982183934165,1.0,1.0,48.0,1795.1518343587802,140.60784114233851,80.76308290694026,882.0,882.0,3267.204347860988,139.17732263036405,3264.238643780076,2825.0085481000533,442.19579976093473,29.614273950061403,441.3555014586923,0.036281179138321996,0.01020408163265306,9.520970348439128,11.9583755774078,9.490444553046725,11.92026198823777,2.732147294347829,0.8917186000035144,150000.0,2900.0,H1,1250.0
1,15,8,known,3,100.0,300.0,150.0,1593.3710962714488,91.0247843686087,1590.7689772760616,665.9072302266449,43.992382627442154,664.4524885489424,1.0,1.0,19.0,2057.7374158711523,123.59408839929887,56.193078540333055,882.0,882.0,1996.2701275998797,121.71041793913223,1992.5563973229773,2435.688691801155,-439.41856420127533,14.805683805996054,-440.7850873823536,0.06462585034013606,0.01473922902494331,9.181639348257734,9.510516631152303,9.15157570147585,9.476272013758903,2.0990133396759645,0.6682159000192769,150000.0,2900.0,H1,1250.0
1,16,8,known,3,100.0,300.0,150.0,1758.5048173672837,90.37912797321611,1756.1807440951927,510.32651688867946,65.65950194117121,506.0849569435639,1.0,1.0,31.0,2093.881040786695,120.45165389791077,61.63975268915205,882.0,882.0,2654.9830369480474,137.31926540417473,2651.429491016258,2772.2624216247787,-117.2793846767313,26.887821173502772,-118.63257155165684,0.045351473922902494,0.01020408163265306,9.229831452649472,10.623517904548553,9.200762038824344,10.593235135111538,2.4991561748216125,0.717338300019037,150000.0,2900.0,H1,1250.0
1,17,8,known,3,100.0,300.0,150.0,5638.295044996181,322.05020918855337,5629.090039890115,2089.7583559326667,69.68675001942398,2088.596117745634,1.0,1.0,31.0,2369.368978965726,106.66427751941607,42.711324850416055,882.0,882.0,5656.12196274843,286.78511203624555,5648.846781158037,2671.282010844722,2984.8399519037075,180.34943082018953,2979.68604654,0.01473922902494331,0.0022675736961451248,9.82200527737987,4.271660816950028,9.7916773548233,4.191529309136287,13.241037163589473,0.5956115999724716,150000.0,2900.0,H1,1250.0
1,18,8,known,3,100.0,300.0,150.0,1090.3786592266472,100.95638021517503,1085.694906403613,766.6361149420112,63.94428316824441,763.9646990427502,1.0,1.0,99.0,978.9807043437568,258.22588244239057,92.16908925384737,882.0,882.0,3542.1559001562523,116.8472906127438,3540.22811859465,2522.24231768832,1019.9135824679324,8.32854536997462,1020.3213760605768,0.026077097505668934,0.009070294784580499,9.306359412212167,7.955639574303747,9.27410603648429,7.919737234647518,4.452383579061587,0.6995433999691159,150000.0,2900.0,H1,1250.0
1,19,8,known,3,100.0,300.0,150.0,1518.281231843909,52.937890877284104,1517.3580588242585,1160.830836817273,41.51251051447911,1160.0883342128197,1.0,1.0,43.0,1725.4645168302718,146.26548632689034,57.57715798857837,882.0,882.0,2725.745483113393,128.57670136261103,2722.7112352542595,2784.3773014151207,-58.631818301727435,17.757303745055466,-59.459862602131125,0.048752834467120185,0.013605442176870748,9.536820912098865,11.255891572001595,9.506705489507521,11.228991894358728,2.4216166846289937,0.5704017000389285,150000.0,2900.0,H1,1250.0
1,20,8,known,3,100.0,300.0,150.0,2540.408756504714,154.36801560436456,2535.7143304962797,1043.2306522325978,87.09903766496423,1039.5883567044643,1.0,1.0,26.0,2638.3461260255494,96.20789878568132,70.80629990333593,882.0,882.0,2426.533075767827,132.8256478075617,2422.8949863912326,2720.1993118138266,-293.66623604599954,24.196533294180895,-295.134448966754,0.05215419501133787,0.01020408163265306,9.339618059801264,7.977717140554703,9.310455680361208,7.941773903502414,3.041638394814167,0.6350172000238672,150000.0,2900.0,H1,1250.0
1,21,8,known,3,100.0,300.0,150.0,2046.4864041158148,132.76712389539594,2042.1751866682307,473.9715091678948,60.54287037608717,470.0888770748741,1.0,1.0,33.0,2310.395520811148,109.21593178546172,82.62715472581797,882.0,882.0,2921.062745481827,164.26884765858517,2916.4401774647713,3006.697430543285,-85.63468506145819,51.383082021086906,-88.13737066941349,0.031746031746031744,0.003401360544217687,9.706675767186935,10.559585476462482,9.677512312346089,10.530087593189222,2.7662664902831002,0.8490035999566317,150000.0,2900.0,H1,1250.0
1,22,8,known,3,100.0,300.0,150.0,1554.3880819981368,180.6847992561224,1543.8508065145484,399.7139789679204,76.75048429454597,392.2762140927229,1.0,1.0,16.0,2052.384985302038,123.52223229739967,67.20894359237487,882.0,882.0,2613.0139421447834,152.00064287990315,2608.5892099767484,2610.431354237509,2.582587907274501,45.89429506516798,0.3152024883302147,0.03741496598639456,0.009070294784580499,9.457822808049198,10.55633520175087,9.42593674738476,10.52618089214624,2.475304063583913,0.766622900031507,150000.0,2900.0,H1,1250.0
1,23,8,known,3,100.0,300.0,150.0,3836.766840612356,171.46131656891296,3832.93370750695,1991.550027262939,58.88327660190732,1990.6793490734856,1.0,1.0,34.0,1531.7769149849,165.42609455383754,48.95130081907666,882.0,882.0,3754.6241687732313,158.89297896063255,3751.260544133544,2921.119361463231,833.5048073100002,45.96021148616677,832.3250337212444,0.032879818594104306,0.005668934240362812,9.669285744493067,5.791378138088637,9.641110831400042,5.739090431336693,6.483127295867426,0.9309070999734104,150000.0,2900.0,H1,1250.0
1,24,8,known,3,100.0,300.0,150.0,2030.492437293019,69.45104617612277,2029.3043364880455,1306.9177120455552,41.44175947135001,1306.2604972325803,1.0,1.0,33.0,914.6912316968,276.2568648540265,91.41667242629116,882.0,882.0,3228.7098020294984,128.55199884685592,3226.149619796615,2770.443859248376,458.26594278112225,15.630150565227595,458.00803500950406,0.05328798185941043,0.022675736961451247,9.729420021474848,7.899538465106262,9.701312884452092,7.863936061618558,4.087213216685144,0.6413936000317335,150000.0,2900.0,H1,1250.0
1,25,8,known,3,100.0,300.0,150.0,3978.6727861089867,175.82509308355904,3974.7858653726744,949.3617472242286,68.20945214347198,946.9082308919526,1.0,1.0,34.0,3360.1166271221755,75.13535036107467,90.80306459501315,882.0,882.0,2823.9509697826024,168.44241706110103,2818.922885052146,2786.297727388593,37.65324239400934,58.210539636088996,34.806515564298024,0.046485260770975055,0.007936507936507936,9.322577863017838,7.472866308077805,9.295557169418988,7.422876949092065,3.7789395037484463,0.6635651999968104,150000.0,2900.0,H1,1250.0
1,26,8,known,3,100.0,300.0,150.0,1380.8594055077565,43.77186994250927,1380.165468768499,655.7722842610714,27.260704357352942,655.2054203094816,1.0,1.0,34.0,1871.8146575396297,135.3259323480025,69.8483312238181,882.0,882.0,1979.9274363402142,113.31467573693506,1976.6821791667385,2684.125087375406,-704.1976510351919,6.001220382081485,-705.2968116118677,0.05555555555555555,0.021541950113378686,9.23648405540499,9.73440491592453,9.207254200396747,9.705231043445853,2.033948097948183,0.6106106999795884,150000.0,2900.0,H1,1250.0
1,27,8,known,3,100.0,300.0,150.0,3370.4161271507246,120.18875970155365,3368.272484850223,1852.6702729899753,64.5166343072262,1851.54658173064,1.0,1.0,35.0,2575.0836401256015,98.0933689244753,79.20768520187458,882.0,882.0,2567.33481676402,142.16611194112693,2563.3955718898105,2618.808694426281,-51.47387766226075,33.40202276067778,-53.153558340201016,0.05555555555555555,0.015873015873015872,9.34171898433769,8.751998958293154,9.312416612997719,8.715331880674626,2.9334267851246536,0.6499570000451058,150000.0,2900.0,H1,1250.0
1,28,8,known,3,100.0,300.0,150.0,1705.7671783180708,90.44169533643262,1703.3678306143581,1460.9268649584258,65.94742625799725,1459.4376457139922,1.0,1.0,30.0,1708.2851733797343,148.3092178704364,85.13879812906144,882.0,882.0,2905.714720153706,122.84009608716546,2903.1170051706886,2580.8196358597684,324.89508429393754,12.96641673332769,324.637265590678,0.05442176870748299,0.011337868480725623,9.633284031929243,11.157374369815532,9.603502203762098,11.131832904272596,2.60429974279132,0.7440228000050411,150000.0,2900.0,H1,1250.0
1,29,8,known,3,100.0,300.0,150.0,2596.2458774825263,116.36562660522141,2593.6367705000225,1982.0962699801976,59.007447400164345,1981.2177428593577,1.0,1.0,32.0,2003.9000222060781,125.57243697033911,70.82746395710531,882.0,882.0,2431.041453000894,125.30951099742464,2427.809727442059,2859.2312670969204,-428.18981409602657,16.44927215099399,-429.34845633827945,0.05555555555555555,0.006802721088435374,9.402155211405901,8.868488842224227,9.375277335691969,8.83688563500765,2.7412127322372384,0.7196266000391915,150000.0,2900.0,H1,1250.0
1,30,8,known,3,100.0,300.0,150.0,3903.646950234176,187.33107510968318,3899.149468841998,1456.5127449907843,60.931081328862184,1455.2377055480265,1.0,1.0,33.0,1404.402205094887,179.28032306660037,75.43328804506436,882.0,882.0,4322.3377877126795,213.61807676905195,4317.055856526115,3205.094040215111,1117.2437474975686,100.74604030770314,1113.9499091669759,0.022675736961451247,0.0045351473922902496,9.487098602160344,5.201170315038468,9.458260235307094,5.146007293274431,8.310317728329785,0.7517056000069715,150000.0,2900.0,H1,1250.0
1,31,8,known,3,100.0,300.0,150.0,1402.9770098812344,58.84394562009896,1401.7424443595721,535.5394858153287,43.50774680977905,533.7692542989741,1.0,1.0,29.0,892.5699820647923,282.63712842736464,82.35093886391552,882.0,882.0,2782.0044921315475,120.23084149322813,2779.4052491484467,2740.9872215409205,41.01727059062705,10.732730282175254,40.606039222347135,0.046485260770975055,0.018140589569160998,9.605019363615101,7.579215170219458,9.576672676330015,7.544847769707204,3.670570672096375,0.6821188000030816,150000.0,2900.0,H1,1250.0
1,32,8,known,3,100.0,300.0,150.0,993.9450738743379,126.80732590118177,985.8228603440145,688.6771313909665,73.0675549819422,684.7899851121155,1.0,1.0,19.0,1637.1309281603515,153.80209782257322,60.66769341643823,882.0,882.0,2589.1266494376796,126.43447282799738,2586.0377280521434,2538.7822042094326,50.34444522824697,11.943804814844682,49.83841266929949,0.03741496598639456,0.011337868480725623,9.481564809675607,8.397686945899311,9.45374671865148,8.365262881236514,3.0831426154817314,0.7517584000015631,150000.0,2900.0,H1,1250.0
1,33,8,known,3,100.0,300.0,150.0,2095.08936556465,66.04215432055705,2094.048204687463,951.7787415272222,48.21910823282413,950.5565161653324,1.0,1.0,48.0,2182.3338363809125,115.8082557028886,39.25856506549696,882.0,882.0,3092.408432638812,140.62739114369452,3089.209259845592,2923.4196382570344,168.98879438177755,30.147513242790055,167.87795752367128,0.03741496598639456,0.018140589569160998,9.819964377825594,11.121951116287633,9.790350596855703,11.094345620236375,2.780454976204768,0.6653622000012547,150000.0,2900.0,H1,1250.0
1,34,8,known,3,100.0,300.0,150.0,4272.824287419508,176.21563195043444,4269.189084851869,1361.5146193816158,46.55395546505464,1360.7184822807485,1.0,1.0,33.0,1650.715299278126,153.27442819013703,69.40854754384061,882.0,882.0,4964.62687634773,234.30030109606196,4959.0950172647945,2881.5857725383803,2083.04110380935,124.30026929758458,2079.6095497723904,0.015873015873015872,0.003401360544217687,9.856776528589528,4.822277287462606,9.827745604813076,4.7567689428468904,10.295191629181542,0.8311227000085637,150000.0,2900.0,H1,1250.0
1,35,8,known,3,100.0,300.0,150.0,3615.4965578396623,140.40640558428228,3612.7692150234766,1434.9166491978779,62.156528821144825,1433.5697946281416,1.0,1.0,56.0,2921.516817722494,86.48810222704147,55.76890309764505,882.0,882.0,2760.1758599623045,165.46977493354137,2755.211522098093,2704.223460080962,55.952399881342444,56.00671088016908,53.20442372468278,0.049886621315192746,0.018140589569160998,9.833599465830877,7.836600638300723,9.802835573925476,7.79560072503732,3.5221596548791556,0.7448245999985375,150000.0,2900.0,H1,1250.0
1,36,8,known,3,100.0,300.0,150.0,2261.6840055966595,61.31838267773198,2260.852626138541,1589.7309738627805,65.07490498018655,1588.39850982067,1.0,1.0,41.0,1571.1818711756337,161.07683821250959,54.46691117487273,882.0,882.0,2542.1532101483895,132.39190110351444,2538.703473899612,2800.5094759361114,-258.3562657877219,23.315671586082004,-259.6810066466569,0.05895691609977324,0.013605442176870748,9.45610116845115,9.347226356225317,9.429506530386789,9.318205906854725,2.7196872240665253,0.6148918999824673,150000.0,2900.0,H1,1250.0
1,37,8,known,3,100.0,300.0,150.0,1506.6279772835153,106.45918159856534,1502.8620377755174,1109.260516980762,59.343304450043284,1107.6720032344308,1.0,1.0,33.0,1216.5298693496009,207.66364715209878,91.59061846620824,882.0,882.0,2123.598681911107,125.23263991434092,2119.9028628016604,2555.3444896021133,-431.7458076910061,15.526753191695846,-433.0855976027892,0.06689342403628118,0.017006802721088437,9.52046800135533,7.554739235746748,9.489672437431668,7.5129968666375255,2.810949015768643,0.6478829000261612,150000.0,2900.0,H1,1250.0
1,38,8,known,3,100.0,300.0,150.0,1412.3525669935789,89.42352754017988,1409.518785336195,1082.0394860685428,50.28709751470283,1080.8703239681545,1.0,1.0,33.0,1638.2723112657882,153.44945120590688,73.96615672377204,882.0,882.0,2968.3853191394032,128.9518486182495,2965.5830495233604,2576.5956514927448,391.7896676466585,19.17469680664665,391.32701559210955,0.049886621315192746,0.011337868480725623,9.408528007671546,11.137636350718836,9.378148672641727,11.109353761524993,2.665184268606346,0.6237268999684602,150000.0,2900.0,H1,1250.0
1,39,8,known,3,100.0,300.0,150.0,4921.348886072214,231.6198562232291,4915.895350864107,1883.2746034013924,55.52158277771696,1882.4559983337003,1.0,1.0,32.0,1888.8942840388238,133.52750226595853,74.50767809345739,882.0,882.0,5411.179356195651,261.76806848362463,5404.84407760671,2657.1324282797623,2754.046927915889,151.80495673723863,2749.987988197915,0.018140589569160998,0.005668934240362812,9.662240954236994,4.664852971623102,9.632831847576611,4.594832823402513,11.599892620651815,0.6249748999834992,150000.0,2900.0,H1,1250.0
1,40,8,known,3,100.0,300.0,150.0,1585.4605956846422,101.60616492192952,1582.2014687512326,587.7384514957646,63.28793333632152,584.3210802809158,1.0,1.0,28.0,923.745673122775,273.96363369263565,72.2889744260094,882.0,882.0,2538.457788947156,140.7573795901765,2534.55228913459,2403.3218567913445,135.1359321558116,29.122475299571207,133.82456707300162,0.03854875283446712,0.013605442176870748,9.325170267170503,6.760077783855731,9.296049624489793,6.720345388511026,3.7550718647194343,0.5289325999910943,150000.0,2900.0,H1,1250.0
1,41,8,known,3,100.0,300.0,150.0,1822.6239834742657,90.60396311006735,1820.3705960612388,1481.9366846575062,45.40111777012663,1481.2410593279217,1.0,1.0,41.0,1178.9201154526654,214.2148800068079,84.41606129446811,882.0,882.0,2155.9304929671953,124.20297710014218,2152.349857942532,2611.822933397627,-455.89244043043163,12.752883579718969,-457.09412729188443,0.06689342403628118,0.017006802721088437,9.685211394356344,8.798221016726192,9.65579755290406,8.766898433488933,2.4504163840264774,0.5682920999825001,150000.0,2900.0,H1,1250.0
1,42,8,known,3,100.0,300.0,150.0,811.8633248736721,89.07301222366202,806.9622399891689,615.7936848191695,49.370880786714444,613.8113540767348,1.0,1.0,30.0,1451.3045893044457,173.61893358010653,52.59476401357056,882.0,882.0,2349.8442771285577,121.70822673596447,2346.690272340732,2603.2045162256495,-253.36023909709183,12.2977311816623,-254.21401208808584,0.06462585034013606,0.013605442176870748,9.454847080388268,9.004420117961445,9.425254977707414,8.975888186605605,2.6096564202299244,0.5804345999495126,150000.0,2900.0,H1,1250.0
1,43,8,known,3,100.0,300.0,150.0,4225.455670408126,191.23922540960143,4221.125819168261,984.6713004475312,45.15075777030156,983.6355925838591,1.0,1.0,27.0,1624.78453137818,155.85858179178723,67.64642050482333,882.0,882.0,5288.0279282649435,249.17203606587205,5282.154169139028,2638.983599187026,2649.0443290779176,139.44195615317437,2645.4528689648005,0.013605442176870748,0.003401360544217687,9.670595098800863,4.293346062814511,9.641473822545645,4.221100717063653,12.316798718057141,0.8239548000274226,150000.0,2900.0,H1,1250.0
1,44,8,known,3,100.0,300.0,150.0,3564.1418123909193,135.50578517034214,3561.5649707703774,1197.072889368003,57.3369079244886,1195.6989510112978,1.0,1.0,95.0,1099.7729293894583,229.24618826481398,103.3924013918308,882.0,882.0,4382.201650453208,219.01707822847717,4376.725125556673,2595.2031184967313,1786.9985319564762,106.6823657922703,1783.9543800727934,0.032879818594104306,0.0022675736961451248,9.535324719560077,5.597966319918944,9.503672203897322,5.545255908707403,7.828202958028265,0.7543238999787718,150000.0,2900.0,H1,1250.0
1,45,8,known,3,100.0,300.0,150.0,922.8845097460448,52.7892017913882,921.3734956592932,651.3384124336109,38.56915173610302,650.1954691059404,1.0,1.0,19.0,1146.074771884387,219.54121560108666,58.90467931979522,882.0,882.0,2339.758287543169,115.02994868198081,2336.928958062945,2651.289148952965,-311.5308614097962,0.4008681018723621,-311.88102478616383,0.05328798185941043,0.02040816326530612,9.608367680926094,7.58100340170177,9.582196987116097,7.546372015885268,3.0863438038003577,0.8195801000110805,150000.0,2900.0,H1,1250.0
1,46,8,known,3,100.0,300.0,150.0,3442.2965821266603,141.6541009561193,3439.3807400465566,1297.5213518189494,97.36262550054828,1293.863276231965,1.0,1.0,60.0,2595.2613987078284,97.30398716221688,38.022403718841666,882.0,882.0,3203.7067102119054,160.99096255363563,3199.659137319606,2631.489673015937,572.2170371959683,47.35605899771514,570.624141758809,0.031746031746031744,0.007936507936507936,9.379220253303107,8.240775452511357,9.347190473387109,8.195085144635431,3.887627722261967,0.7339867000118829,150000.0,2900.0,H1,1250.0
1,47,8,known,3,100.0,300.0,150.0,1877.7413357302707,78.44959343575402,1876.1018589617854,540.163954935779,55.76828557357817,537.2773925413632,1.0,1.0,34.0,810.0138334594076,312.1718054149093,86.37973435123841,882.0,882.0,3428.250987444187,131.6767368992446,3425.7212481274087,2707.8739482082237,720.3770392359634,23.529964728579003,720.0077387081542,0.035147392290249435,0.013605442176870748,9.538885373912223,6.484064410304795,9.508225013829545,6.436837086215867,5.287194528783277,0.7357246000319719,150000.0,2900.0,H1,1250.0
1,48,8,known,3,100.0,300.0,150.0,2570.999498167845,141.73452171712523,2567.0897422826747,819.9626681157346,50.61440530739321,818.399021919536,1.0,1.0,35.0,2547.206892003742,99.44769980821908,62.53163786089005,882.0,882.0,2383.72924794122,140.76796475859578,2379.569185291349,2786.879782748749,-403.1505348075293,35.33278603219749,-405.3154346849701,0.05668934240362812,0.01020408163265306,9.335607906579428,9.688094995870292,9.30864317607898,9.65202652084809,2.46047262021824,0.6410805999767035,150000.0,2900.0,H1,1250.0
1,49,8,known,3,100.0,300.0,150.0,1610.2621846387822,112.64881484819654,1606.3170757328578,415.6750127274021,91.73941905529237,405.42520296267145,1.0,1.0,57.0,2056.6780736441247,122.80139740783598,88.42411241678819,882.0,882.0,3450.322176396858,138.3408139330418,3447.5476704661087,2742.836104730461,707.486071666397,27.00925460017433,706.9719679339782,0.036281179138321996,0.01927437641723356,9.725240993575223,11.754276672974061,9.694980118913668,11.721029241113214,2.9353760102737647,0.8081225999630988,150000.0,2900.0,H1,1250.0
1,50,8,known,3,100.0,300.0,150.0,1530.159462420462,111.39486292494516,1526.0993299745628,960.1700922914293,65.4729876565721,957.9352243331771,1.0,1.0,27.0,1954.644505070494,128.9142483599047,61.01080206948213,882.0,882.0,2339.854193923196,124.84133129992134,2336.521408166258,2741.385031110937,-401.5308371877409,16.332252330832816,-402.71528634927654,0.05668934240362812,0.007936507936507936,9.430320325938204,8.133423578013941,9.400293420587786,8.10109775999137,2.8768379901524237,0.7525358999846503,150000.0,2900.0,H1,1250.0
1,51,8,known,3,100.0,300.0,150.0,1508.2089573541298,38.78872584865624,1507.7100828044722,994.4620643287777,41.484887542872066,993.5963976860068,1.0,1.0,31.0,1807.3251332904374,139.63411054184078,67.9201361231635,882.0,882.0,2521.3051625925696,127.89453977865638,2518.0593141565887,2835.2548967703074,-313.9497341777378,16.823744261236754,-315.0191542313123,0.05102040816326531,0.012471655328798186,9.688343276595262,10.657197112902693,9.66070854807671,10.631957881619282,2.3658238989874922,0.592395999992732,150000.0,2900.0,H1,1250.0
1,52,8,known,3,100.0,300.0,150.0,3748.004137137526,175.07511802849422,3743.912888282435,1938.347777428719,74.05278537899697,1936.932701784052,1.0,1.0,42.0,1425.269255788531,177.61445770862602,85.89233008174793,882.0,882.0,3700.1578149918087,167.5555717803847,3696.362128662491,2754.890009329085,945.2678056627237,57.71706174589444,943.6626417561183,0.032879818594104306,0.009070294784580499,9.872879832202747,6.130881534271556,9.843314480982333,6.073267204433932,6.035278604402923,0.5435582000063732,150000.0,2900.0,H1,1250.0
1,53,8,known,3,100.0,300.0,150.0,1447.7273266063796,135.9457861703109,1441.330342227413,333.5846075523196,64.8723725930949,327.21593125943264,1.0,1.0,36.0,2018.515860619918,125.27908594841104,51.691973976368544,882.0,882.0,2771.628187919414,158.76241729516272,2767.0773944586463,2722.5481455676213,49.0800423517926,51.10594797744463,46.6585867108879,0.045351473922902494,0.01473922902494331,9.778818045424178,10.92002901406023,9.74833131124133,10.893940491891122,2.5381143075268087,0.6597980000078678,150000.0,2900.0,H1,1250.0
1,54,8,known,3,100.0,300.0,150.0,1935.2083078352925,99.56738113877975,1932.6452161035406,989.0960514467527,54.66540811286645,987.5842709072533,1.0,1.0,41.0,2224.085694506078,113.25942115068226,90.43117423507825,882.0,882.0,2060.7451149702956,126.78146917523215,2056.841483427371,2667.77427872922,-607.0291637589244,17.626801680023092,-608.6987734086088,0.06235827664399093,0.017006802721088437,9.49452075888497,9.187137687451122,9.46588349517506,9.158227763565531,2.243076336806299,0.8009040000033565,150000.0,2900.0,H1,1250.0
1,55,8,known,3,100.0,300.0,150.0,1792.7260085456003,70.32013597302394,1791.3463149800416,1340.7861797228516,40.54620253802847,1340.1729683871197,1.0,1.0,21.0,1743.4305167457087,145.35662012498713,60.1761165723864,882.0,882.0,2047.7018485453866,115.65730137274562,2044.4329896514994,2674.7549398559527,-627.0530913105661,9.422621181061885,-628.2114275892961,0.07369614512471655,0.017006802721088437,9.5029381725831,8.760865966359132,9.47465316039759,8.723267951220599,2.337328132182779,0.6283207999658771,150000.0,2900.0,H1,1250.0
1,56,8,known,3,100.0,300.0,150.0,2157.151195653747,58.765175587194555,2156.350605780191,1419.7731961166703,51.72354938343459,1418.8307167701598,1.0,1.0,53.0,941.7720590957001,268.0562425976943,76.96812435589722,882.0,882.0,2883.9597212884355,119.69958815206238,2881.474567406469,2448.8880408039067,435.07168048452877,8.622904045160155,435.1069321888567,0.024943310657596373,0.0045351473922902496,9.097276740121488,6.307065360565177,9.068660183485157,6.264035992026973,4.5725857533050895,0.6415939000435174,150000.0,2900.0,H1,1250.0
1,57,8,known,3,100.0,300.0,150.0,3382.9595381061163,180.99160114217756,3378.1144558435462,1739.3768407314833,79.74040494674267,1737.5480603114163,1.0,1.0,27.0,2774.2512793394408,90.85301101343558,81.40519946845365,882.0,882.0,2737.1489307363586,145.9851804911831,2733.253115997153,2670.575947347174,66.57298338918463,33.859423201660334,65.03204099202776,0.04421768707482993,0.013605442176870748,9.576711428373113,9.109852879466231,9.547015795039147,9.063630093486225,3.0046027822314674,0.6138397000031546,150000.0,2900.0,H1,1250.0
1,58,8,known,3,100.0,300.0,150.0,3055.4679949718848,107.82390188474852,3053.5649124392066,1626.6445675023742,31.584117427756624,1626.337908465303,1.0,1.0,55.0,1131.793015585898,224.08280139324071,69.00222569668449,882.0,882.0,3497.818344840821,143.71004566290114,3494.864889560188,2826.65972397131,671.1586208695107,34.99535253038101,670.2965489780977,0.03741496598639456,0.009070294784580499,9.647686276808647,5.864387361735602,9.619508065149834,5.817583691635741,5.964507678438246,0.658457699988503,150000.0,2900.0,H1,1250.0
1,59,8,known,3,100.0,300.0,150.0,2089.4543268492484,68.97056199601803,2088.315695858028,623.5994211759867,53.25733263157643,621.3210881758281,1.0,1.0,35.0,936.0563785575292,270.76576486006405,75.81632032105597,882.0,882.0,3027.506495310522,132.3302137110216,3024.6130816497166,2994.468158958395,33.03833635212686,22.18668758746165,32.17127625587591,0.04195011337868481,0.01020408163265306,9.572664782155012,6.018052070668449,9.54341458593918,5.969165899194065,5.030708375001224,0.590253800037317,150000.0,2900.0,H1,1250.0
1,60,8,known,3,100.0,300.0,150.0,1911.6073077663777,53.583696288677714,1910.856165858085,1040.1884486911972,44.154409465424656,1039.2508825665527,1.0,1.0,32.0,897.0761712847409,281.57297090783374,52.33802133336587,882.0,882.0,3081.80854700439,136.2302786399052,3078.7960685259754,2899.558333632152,182.25021337223825,23.183714394814118,181.4422750709814,0.04308390022675737,0.006802721088435374,9.603886111761561,7.377892094654586,9.574228953081008,7.3388246839885465,4.177085416086818,0.5557969000074081,150000.0,2900.0,H1,1250.0
1,61,8,known,3,100.0,300.0,150.0,2627.6534119349003,109.54430550513761,2625.3690213729037,1561.8247773387966,72.25437190279924,1560.1525376867205,1.0,1.0,35.0,949.4186407427428,265.95263452386104,89.62326411560656,882.0,882.0,3448.0822708154024,142.0804197829528,3445.153770243906,2528.682064206386,919.4002066090165,29.79678949459344,918.9658579522775,0.02947845804988662,0.005668934240362812,9.444612680978935,7.02034474915719,9.4178110980871,6.978761583812853,4.911556902144091,0.5624958999687806,150000.0,2900.0,H1,1250.0
1,62,8,known,3,100.0,300.0,150.0,2568.33659376215,135.84308368296934,2564.74160793505,1284.3602637042252,50.410356746677884,1283.3705945341976,1.0,1.0,20.0,1315.915243542345,192.29942031034952,47.76141581483048,882.0,882.0,3760.53134976985,150.4159418403952,3757.5219330087907,2485.0419330841682,1275.4894166856816,38.20410582468804,1275.0147501300212,0.026077097505668934,0.01020408163265306,9.399660170557226,6.289171772520728,9.369369928617287,6.243771117442242,5.979374527820557,0.6495615000021644,150000.0,2900.0,H1,1250.0
1,63,8,known,3,100.0,300.0,150.0,1742.5628069460915,72.41366511979685,1741.0575513910387,767.9690269277822,53.86939244148465,766.0773556752541,1.0,1.0,181.0,251.86382975143337,998.5534047152564,84.4865561233567,882.0,882.0,10624.424694949874,267.0952339671933,10621.066812455929,2758.617013683083,7865.807681266791,158.15223406052618,7864.601820667876,0.006802721088435374,0.0022675736961451248,9.800009755038285,8.163473485884678,9.770535204006846,8.129636791303252,13.014588353009763,0.8665826000506058,150000.0,2900.0,H1,1250.0
1,64,8,known,3,100.0,300.0,150.0,1261.8471198182804,101.80857371349754,1257.7333453924614,531.4832486607611,71.08521676179593,526.708017372932,1.0,1.0,33.0,1871.8889503689313,134.44777409005388,70.87825560623374,882.0,882.0,2368.5382556831914,126.61556396590242,2365.1515739157967,2591.399399608698,-222.86114392550644,13.762485191038309,-223.7893352019364,0.03854875283446712,0.006802721088435374,9.626916503975952,10.015837669485233,9.596306120043147,9.98524250070012,2.3647929747297147,0.5731716000009328,150000.0,2900.0,H1,1250.0
1,65,8,known,3,100.0,300.0,150.0,3782.3131173585825,170.8098996370714,3778.4542469016046,1523.2561249455293,58.05987394567518,1522.149228302364,1.0,1.0,43.0,1345.744984963544,187.8088256574773,51.94570367520295,882.0,882.0,4315.933533328997,199.68333047941283,4311.311729815228,2768.3517044956475,1547.5818288333498,86.98159579566514,1545.2550639489577,0.027210884353741496,0.006802721088435374,9.296858236796435,5.453949451154902,9.265525294944165,5.395262185438423,7.91340948789886,0.5326779999886639,150000.0,2900.0,H1,1250.0
1,66,8,known,3,100.0,300.0,150.0,3234.559565490628,156.60026749858562,3230.7664630744034,1824.7832822051864,83.71248102116327,1822.8621032696944,1.0,1.0,55.0,1604.8288794107154,157.10893990649296,98.06870011866073,882.0,882.0,4370.237683795455,176.37365904882174,4366.677197281659,2642.327119989162,1727.9105638062933,65.41258032071546,1726.6809381862577,0.01020408163265306,0.0022675736961451248,9.335467324281485,5.981653516093095,9.306747606484283,5.92861271764597,7.306069587677936,0.5489358999766409,150000.0,2900.0,H1,1250.0
1,67,8,known,3,100.0,300.0,150.0,1229.9410187755893,86.15550603302259,1226.9197766956602,666.1824566366004,61.16663812499553,663.3684556193955,1.0,1.0,148.0,884.3597667601125,285.35899883810913,68.84334331086637,882.0,882.0,2979.376044696636,116.34422557462918,2977.1035650255117,2686.8677568146795,292.5082878819567,5.873616706793058,292.50776915852157,0.045351473922902494,0.009070294784580499,9.418064544799684,7.8264984718358015,9.387790652826624,7.792567321062663,3.8067803314830098,0.7649740999913774,150000.0,2900.0,H1,1250.0
1,68,8,known,3,100.0,300.0,150.0,665.6110101926218,60.176881972338975,662.8851784175973,382.5315061486896,55.64498964367669,378.46266437251114,1.0,1.0,30.0,1140.041936704398,220.84092808893357,80.99787605428588,882.0,882.0,2266.266817086443,126.4755563229674,2262.7348982768426,2640.799995138457,-374.5331780520137,17.81897145136662,-375.8287945089337,0.04308390022675737,0.005668934240362812,9.643906016872284,8.382671889834132,9.614567051078202,8.349079257269086,2.703513684980083,0.5729732000036165,150000.0,2900.0,H1,1250.0
1,69,8,known,3,100.0,300.0,150.0,1505.5383530075849,79.08540515479245,1503.459753724154,1041.1363732425646,43.9652275747487,1040.207674675101,1.0,1.0,88.0,1455.2758238610943,173.58819563446644,51.532646133460005,882.0,882.0,3961.0329694076295,141.12736886818084,3958.518062418127,2696.750461315553,1264.2825080920766,29.749674476922166,1264.0685713721855,0.04308390022675737,0.013605442176870748,9.256692647733662,13.139815191220869,9.227187081966735,13.116556932377929,3.014527154121713,0.711506100022234,150000.0,2900.0,H1,1250.0
1,70,8,known,3,100.0,300.0,150.0,1936.4855607475872,95.28076095759045,1934.140094092266,820.7386287272584,49.38263245296587,819.251641620031,1.0,1.0,44.0,2027.4252455517149,124.70917006641399,88.5243879422537,882.0,882.0,3180.790074066616,142.3863795198952,3177.6015505736277,3142.6287564301183,38.16131763649764,34.15957014729776,36.83692098507163,0.03741496598639456,0.006802721088435374,9.448935834978151,12.179991148312094,9.420804444078934,12.154716957854314,2.6114880013746236,0.6160783999948762,150000.0,2900.0,H1,1250.0
1,71,8,known,3,100.0,300.0,150.0,5058.818728322776,282.02584097841327,5050.951232297703,1514.059452741223,48.717558569033486,1513.2754626709986,1.0,1.0,38.0,2174.5433882657912,116.0337711011181,99.78330651184604,882.0,882.0,4967.282847268386,248.12547490842908,4961.081800723325,2870.8696914756338,2096.413155792752,137.65902475846525,2092.33818219889,0.021541950113378686,0.0022675736961451248,9.846599828549056,4.157283449153319,9.816491348520263,4.084440535542258,11.94838626719098,0.5438039999571629,150000.0,2900.0,H1,1250.0
1,72,8,known,3,100.0,300.0,150.0,904.1804044325046,106.09638715657675,897.934162615528,734.0570456673815,69.02045313743668,730.8049831128872,1.0,1.0,27.0,1622.6172592138687,155.48146764527118,76.77282708978574,882.0,882.0,2259.3233403860686,120.97191002222996,2256.082390649516,2851.756291904325,-592.4329515182562,10.555556855019518,-593.5355095906475,0.049886621315192746,0.011337868480725623,9.658451462789987,8.523838563100032,9.627713446548952,8.494141031126968,2.650593771410396,0.5695920999860391,150000.0,2900.0,H1,1250.0
1,73,8,known,3,100.0,300.0,150.0,3645.7915416691308,154.5431414137401,3642.5145686391083,1462.5599154869856,71.30329098532246,1460.820778563873,1.0,1.0,23.0,3111.7731969476995,80.85450944432496,44.81662583657325,882.0,882.0,2704.737182669876,156.422968582381,2700.210192228904,2640.965985742794,63.771196927081746,48.8176682394887,61.43728855027848,0.04308390022675737,0.01020408163265306,9.72965219409001,6.991832157864283,9.701291162154183,6.929039054906108,3.8684240719760954,0.5722105999593623,150000.0,2900.0,H1,1250.0
1,74,8,known,3,100.0,300.0,150.0,4591.933686169155,234.1124098729467,4585.961879226486,1214.3928004220422,87.71336440295966,1211.2209705177681,1.0,1.0,41.0,1713.3148048417452,147.47025959935533,54.61480720103112,882.0,882.0,5031.03978294887,248.22652201812045,5024.912426239984,2526.3458310656456,2504.6939518832246,136.59800329981744,2501.0339957383235,0.018140589569160998,0.005668934240362812,9.706977664842785,4.438474407781054,9.677352619602596,4.371720557719854,11.335065431782136,0.5910888999933377,150000.0,2900.0,H1,1250.0
1,75,8,known,3,100.0,300.0,150.0,3351.0444824024594,203.69062567783655,3344.8481657694024,1074.8326675093617,60.5885996627134,1073.1236111167257,1.0,1.0,31.0,1411.6138293753047,179.31389340938384,56.67517286815697,882.0,882.0,4312.62118928333,198.36452169999112,4308.056759002405,2736.615341811796,1576.0058474715338,86.6231617202178,1573.723678064831,0.023809523809523808,0.005668934240362812,9.745666950801269,5.1044968210592145,9.716873088261009,5.047601027126111,8.448670535930384,0.5006224999669939,150000.0,2900.0,H1,1250.0
1,76,8,known,3,100.0,300.0,150.0,2901.635888743427,86.75433992347233,2900.3386897650935,1368.768206831915,50.896946079221706,1367.82159103944,1.0,1.0,37.0,2672.418756829173,94.24425029435929,46.56800961372091,882.0,882.0,2297.3436001341643,144.5843828859557,2292.789343420561,2815.9348110933265,-518.5912109591623,38.03558356418351,-521.1289591764239,0.04308390022675737,0.007936507936507936,9.843018223316179,9.106462490206923,9.813379460498428,9.070788147861625,2.522761832714651,0.5492910000029951,150000.0,2900.0,H1,1250.0
1,77,8,known,3,100.0,300.0,150.0,2164.661117338545,112.65596508202623,2161.727639285022,842.8227077107061,45.11159313929286,841.6145559561344,1.0,1.0,16.0,2391.042562452364,105.23885677759297,73.6004290587494,882.0,882.0,2276.893050553506,134.81696845928434,2272.898226642429,2987.524899392644,-710.631848839138,27.098803711668083,-712.6840987129499,0.06235827664399093,0.017006802721088437,9.548626013905116,8.670110547829578,9.52227774839966,8.636429191939488,2.6261407371829755,0.4812493000063114,150000.0,2900.0,H1,1250.0
1,78,8,known,3,100.0,300.0,150.0,593.6726698340509,53.16030508413666,591.2877648584076,543.7611675557798,50.65303070063119,541.396784089512,1.0,1.0,43.0,1308.11476977687,192.680655674517,76.18345481353192,882.0,882.0,2194.594754837292,113.49821844064135,2191.657886708177,2754.292441579869,-559.6976867425769,3.040814223486663,-560.4187865692234,0.048752834467120185,0.01473922902494331,9.562905857227374,9.584941717764979,9.532835922145882,9.554268350016239,2.2896276466342758,0.545713400002569,150000.0,2900.0,H1,1250.0
1,79,8,known,3,100.0,300.0,150.0,1429.6533562943869,46.66344048572117,1428.8916132743732,1185.4184691452263,33.62178385922936,1184.9415692939187,1.0,1.0,32.0,1393.279583027401,181.65049231040175,56.12829257172201,882.0,882.0,2896.413899323166,113.41642627217458,2894.192493674889,2710.8326471535606,185.58125216960525,6.229097895546758,185.4797888076746,0.046485260770975055,0.01473922902494331,9.255539567724387,11.118075917566989,9.226483196151952,11.088824101869443,2.6051395230596692,0.5501409000135027,150000.0,2900.0,H1,1250.0
1,80,8,known,3,100.0,300.0,150.0,3747.8802970963966,150.95318342981068,3744.8390963799475,1620.084125276582,52.8696065725801,1619.2212256742587,1.0,1.0,35.0,3014.8106887363174,83.7169345867443,64.93407356349717,882.0,882.0,2845.4948231004396,150.2456760445244,2841.525475008332,2676.6789666542886,168.81585644615097,43.060519627814,166.99343504818307,0.04421768707482993,0.009070294784580499,9.211232706723447,8.611006786615365,9.180269599003575,8.578604516596904,3.304485635202812,0.6021015000296757,150000.0,2900.0,H1,1250.0
1,81,8,known,3,100.0,300.0,150.0,1621.6073089711629,122.11436636264686,1617.0028899283222,882.2205948715088,68.95665368925442,879.5215505758907,1.0,1.0,21.0,2118.754652245684,119.32528773057766,80.48969494713846,882.0,882.0,1828.1586540177766,125.11341425996586,1823.8724456036673,2765.8805885706965,-937.72193455292,17.264359270464865,-939.9046820913379,0.07029478458049887,0.01927437641723356,9.801080554462843,8.372123618597504,9.771623468927185,8.339647785597819,2.1836259679166434,0.5513869000133127,150000.0,2900.0,H1,1250.0
1,82,8,known,3,100.0,300.0,150.0,2569.6801939273487,92.23587124448426,2568.0243073456813,1198.1566991037919,42.219304858262994,1197.4126297582548,1.0,1.0,102.0,765.8796386020398,328.8090378437071,51.81004074612726,882.0,882.0,3764.423263209148,168.72286380460775,3760.640251316228,2796.1987122356295,968.2245509735185,62.162866504146336,966.4727178129992,0.03968253968253968,0.005668934240362812,9.570953384555231,7.1551429926297025,9.544709094934479,7.114968330248029,5.261143302218792,0.7228870000108145,150000.0,2900.0,H1,1250.0
1,83,8,known,3,100.0,300.0,150.0,1890.2694642638826,36.271072471705764,1889.921441973242,1056.987733150769,40.11866282714189,1056.2260936580592,1.0,1.0,43.0,809.6186940796267,310.4736330824167,70.02676009697092,882.0,882.0,3689.785658249395,137.4708122914053,3687.2238852002006,2777.519207684815,912.2664505645803,28.266833938356385,911.85229923735,0.030612244897959183,0.006802721088435374,9.470152118511105,7.448932447806056,9.438397926357048,7.411842315651838,4.953442233640006,0.5693545999820344,150000.0,2900.0,H1,1250.0
1,84,8,known,3,100.0,300.0,150.0,1854.2393411119706,96.48594743431217,1851.727300677683,918.5723100677436,45.612609888773,917.439141655906,1.0,1.0,29.0,993.7238134819993,253.36559707063574,57.62813950373691,882.0,882.0,3385.572619465897,137.30335914333756,3382.7872751985346,2797.016946651335,588.5556728145621,27.098980980534222,587.9422356858772,0.02834467120181406,0.003401360544217687,9.383647310226706,6.758798816220142,9.355149306077355,6.7166283840747125,5.009133592408478,0.5067492999951355,150000.0,2900.0,H1,1250.0
1,85,8,known,3,100.0,300.0,150.0,3746.1605547694076,149.3506333967524,3743.182241143787,1596.1028569043376,50.37912135214078,1595.3075797318759,1.0,1.0,32.0,1252.549706941956,201.44134077188653,59.32669052267044,882.0,882.0,4444.857960823014,203.74252396123302,4440.185950590541,2782.2616671493943,1662.5962936736196,96.73302679723233,1659.9829090833869,0.013605442176870748,0.0022675736961451248,9.936094965532511,5.781998019624264,9.907392163175153,5.727970100530855,7.687408307192499,0.5444258999777958,150000.0,2900.0,H1,1250.0
1,86,8,known,3,100.0,300.0,150.0,1047.2042780824781,109.58680977424082,1041.4545266874347,680.8924540485353,63.93483972479253,677.8841126989199,1.0,1.0,26.0,1268.1250743211356,199.59941915003705,83.64340420530905,882.0,882.0,2239.21941840179,123.02475594948504,2235.8373181363663,2699.071854463985,-459.852436062195,11.23617353777638,-460.91854556394946,0.0691609977324263,0.017006802721088437,9.653049948984862,7.863615435859672,9.622304943162735,7.825962839876372,2.847569844515155,0.5043422000017017,150000.0,2900.0,H1,1250.0
1,87,8,known,3,100.0,300.0,150.0,2438.5692620444397,62.92855205705016,2437.757174766176,1653.6152151166073,31.6283556477117,1653.3127129445793,1.0,1.0,47.0,927.6292970293075,270.8814953824217,76.5345891639807,882.0,882.0,3422.8859106975024,135.65581533476498,3420.1966986442944,2643.2509868036555,779.6349238938469,25.93813567674067,779.2238078313353,0.030612244897959183,0.0045351473922902496,9.43580057956946,6.995531941534722,9.40603373020966,6.949448191908283,4.892960162721477,0.634245400025975,150000.0,2900.0,H1,1250.0
1,88,8,known,3,100.0,300.0,150.0,1844.8325853448137,77.00228534777978,1843.2248685391721,504.693247472138,31.969324724935138,503.67969615679806,1.0,1.0,31.0,2172.698213827445,115.72785950864139,60.54444254169572,882.0,882.0,2443.06025902669,139.43638679574485,2439.0778838062765,2779.766737895497,-336.70647886880715,27.462884792967188,-338.4327015847866,0.03741496598639456,0.012471655328798186,9.59071273509999,11.003144348799998,9.564510524466769,10.977532974219281,2.2203291909854204,0.5656836999696679,150000.0,2900.0,H1,1250.0
1,89,8,known,3,100.0,300.0,150.0,4640.037346880286,225.68331706482402,4634.545675774752,1459.2948919975931,66.67318579674918,1457.7709930253034,1.0,1.0,26.0,1975.4324872882132,127.48683360545792,76.31957536709,882.0,882.0,4239.397736507039,193.68288833818428,4234.97108692208,2693.074684985471,1546.3230515215678,86.63535076737153,1544.0247694327063,0.013605442176870748,0.0045351473922902496,9.69348433018789,4.418664270419876,9.663440644756617,4.34570069302314,9.59429700257403,0.5678682000143453,150000.0,2900.0,H1,1250.0
1,90,8,known,3,100.0,300.0,150.0,4822.079196916941,228.4996662871078,4816.66229705237,1692.285741306651,74.08067212210992,1690.6635041449667,1.0,1.0,28.0,1939.8596352229338,130.10692898284873,78.80483393474616,882.0,882.0,5559.1393801345575,263.28107266034095,5552.901378967725,2660.8765012879103,2898.2628788466473,151.3775924603707,2894.378976160984,0.011337868480725623,0.0011337868480725624,9.760841847761766,4.573396231958058,9.731347602227167,4.501109445072993,12.155385403277123,0.6668107000296004,150000.0,2900.0,H1,1250.0
1,91,8,known,3,100.0,300.0,150.0,5842.295939513995,282.9253621332384,5835.441293023476,1306.1103215601927,64.82523685309548,1304.5006173831464,1.0,1.0,43.0,2493.410530456463,101.081137067893,68.94997611062905,882.0,882.0,5144.794727148399,265.9776374796311,5137.914818372792,2719.5988929627074,2425.1958341856916,149.07328236832444,2420.8297055432377,0.01020408163265306,0.0022675736961451248,9.839587231810654,3.5975640325177243,9.808827945568757,3.5084964975833146,14.30077319165285,0.6248861000058241,150000.0,2900.0,H1,1250.0
1,92,8,known,3,100.0,300.0,150.0,2907.4658370979546,92.05792656529214,2906.0080750142815,692.7073994375775,52.636615089179685,690.7046604646048,1.0,1.0,39.0,2817.2967299513693,89.78993617617269,101.8369269993591,882.0,882.0,2707.306597800539,157.78418730020888,2702.704786826031,3021.9681337267134,-314.66153592617457,47.89754385806927,-317.2648035593975,0.03968253968253968,0.01020408163265306,9.984102381764785,9.159834322149962,9.954574244834717,9.121360164522049,2.955628347178544,0.5755187000031583,150000.0,2900.0,H1,1250.0
1,93,8,known,3,100.0,300.0,150.0,5789.62477916792,361.92802486269943,5778.3010641860965,1942.6768147876157,69.86139520551026,1941.4202513040022,1.0,1.0,32.0,2533.6145550485,99.77809759514152,66.71533596928423,882.0,882.0,5297.894461949103,253.77524885837113,5291.8129079756645,2540.7847333543605,2757.1097285947426,141.0045597149895,2753.532026568582,0.022675736961451247,0.005668934240362812,9.585457715850527,3.837735134544227,9.555902083771171,3.7535058772235104,13.804742318618311,0.5754538000328466,150000.0,2900.0,H1,1250.0
1,94,8,known,3,100.0,300.0,150.0,2586.273384013491,106.00047965820848,2584.1002138401723,1869.7664785754137,42.30297904499612,1869.2878703849285,1.0,1.0,39.0,1681.6573736560572,150.28068786370483,86.5927501206634,882.0,882.0,2569.2571526451584,123.71272212038294,2566.2769684513537,2966.45275868052,-397.19560603536183,19.424334392556588,-398.34204613861493,0.04308390022675737,0.009070294784580499,9.529734278876205,9.092201303006409,9.501717925275347,9.056222229969542,2.8257812019577844,0.6374605000019073,150000.0,2900.0,H1,1250.0
1,95,8,known,3,100.0,300.0,150.0,1086.9711355647057,108.36659562846361,1081.555791673607,750.9498339295112,92.55254316148519,745.2245834868183,1.0,1.0,40.0,1018.8412931401089,247.28689441571657,74.27470400054229,882.0,882.0,2700.1315959990143,128.29310489163032,2697.0820371189025,2740.401940826587,-40.2703448275729,20.79874281980875,-41.21081781990006,0.047619047619047616,0.012471655328798186,9.68205485459682,9.077500887706346,9.652315070953389,9.042674595159394,2.9745318996947727,0.5735700000077486,150000.0,2900.0,H1,1250.0
1,96,8,known,3,100.0,300.0,150.0,2004.2482123529464,50.373352612701794,2003.615088300779,1267.4249137393704,40.50799230708396,1266.7774131734823,1.0,1.0,37.0,680.376744328901,370.2219884598164,73.24776745520664,882.0,882.0,3506.7890143555533,121.46848885396939,3504.684664477009,2637.9709635695813,868.818050785972,8.328947574704145,869.141030075305,0.027210884353741496,0.003401360544217687,9.764557560566079,7.122448762267371,9.73462094079024,7.085321496655538,4.923572118810436,0.5389258000068367,150000.0,2900.0,H1,1250.0
1,97,8,known,3,100.0,300.0,150.0,2609.238677361859,120.89007895313911,2606.436660318406,1398.7930003919976,60.11716968959,1397.5005487849226,1.0,1.0,35.0,2526.813239649727,100.16332158079356,56.751790190013224,882.0,882.0,2237.0703311305774,129.04163153414893,2233.3454555342923,2824.287250717072,-587.2169195864944,25.001729932637488,-589.0248556470283,0.06235827664399093,0.022675736961451247,9.943280734499051,8.924298990296425,9.912373398333322,8.890644510108284,2.50671826836258,0.5538534000515938,150000.0,2900.0,H1,1250.0
1,98,8,known,3,100.0,300.0,150.0,2762.340096028751,93.94548226435957,2760.742119881943,1552.8631344144326,36.98971994369583,1552.4225181444328,1.0,1.0,44.0,1041.254831075641,242.9535015545172,67.3002018555706,882.0,882.0,3163.0009423552774,146.5228811731986,3159.605356153372,2510.6133501183904,652.387592236887,38.025495385930455,651.3374854764752,0.02947845804988662,0.0022675736961451248,9.565176612572508,7.223728085657768,9.533760191729279,7.183157456303606,4.378626804399248,0.5843603000394069,150000.0,2900.0,H1,1250.0
1,99,8,known,3,100.0,300.0,150.0,1404.6044169599897,93.32501229328159,1401.5006279784436,647.4734560950726,51.19215415031599,645.4465428686935,1.0,1.0,19.0,1950.5463861597611,129.2577865700754,48.87638098171827,882.0,882.0,2169.349154321154,128.65261599358683,2165.5309413055984,2839.2110246896373,-669.8618703684833,17.55670609802192,-671.5057065936949,0.05782312925170068,0.006802721088435374,9.532588256278817,9.092363159496605,9.503704528824045,9.061135683251408,2.385902450514591,0.6666259999619797,150000.0,2900.0,H1,1250.0
2,0,8,known,3,100.0,300.0,150.0,872.1582137686157,60.71883855382814,870.0420521381346,552.9160086944138,44.34452768028937,551.1348977658492,1.0,1.0,84.0,1126.4722308605362,224.69900103817588,70.09950097706376,882.0,882.0,2740.723313660929,116.70884281381493,2738.2372665738085,3605.8553097524214,-865.1319960914925,5.8724864539810255,-865.914203186946,0.047619047619047616,0.01020408163265306,10.673589866478856,8.987224308660934,10.650008867408559,8.956764642852228,3.0495770657684713,0.8083480999921449,150000.0,2900.0,H2,883.8834764831844
2,1,8,known,3,100.0,300.0,150.0,3819.8782500614184,206.93346992216277,3814.2690498073493,1510.2809031378833,66.16523606407203,1508.8308612696012,1.0,1.0,32.0,1709.7022278735053,147.77641887896573,68.49529279863702,882.0,882.0,3616.8390006515465,169.2873406785474,3612.8750535992885,4096.494708411645,-479.65570776009827,58.889832771274044,-482.1318189581275,0.034013605442176874,0.007936507936507936,10.797574487918903,5.538312982300045,10.772349785497276,5.481561238346772,6.530578918545487,0.6485266000381671,150000.0,2900.0,H2,883.8834764831844
2,2,8,known,3,100.0,300.0,150.0,1106.9786862266758,72.4060349375848,1104.6081558022079,600.0738115634664,41.96700969477952,598.604501671667,1.0,1.0,43.0,1619.9235613387264,155.72677542483942,89.05732516464053,882.0,882.0,2212.388661906369,118.846806873066,2209.194203284974,3593.1884438591765,-1380.7997819528073,10.125671067635324,-1382.3490454748548,0.05782312925170068,0.01473922902494331,10.512964121953964,11.557592332643777,10.48337908493879,11.533369413412512,1.9142297099869154,0.6773070000344887,150000.0,2900.0,H2,883.8834764831844
2,3,8,known,3,100.0,300.0,150.0,1197.0071733822754,64.14490966041302,1195.287247356585,1119.3131196537674,57.65312007677312,1117.827346943374,1.0,1.0,25.0,1609.0571277471986,156.56076191567635,79.11817353461322,882.0,882.0,1794.9299153612183,115.1785017420717,1791.230670180444,3703.423753282672,-1908.4938379214536,4.94472951912546,-1910.5521451451407,0.08616780045351474,0.022675736961451247,11.025263508490587,9.230380804224833,11.002134946933916,9.197880667298438,1.9445892357330066,0.47261029999936,150000.0,2900.0,H2,883.8834764831844
2,4,8,known,3,100.0,300.0,150.0,2084.820095666875,130.89284205069816,2080.707066166771,1044.8477712875158,67.74654717408136,1042.649159837804,1.0,1.0,32.0,1225.342979289012,205.85298145044595,66.83360176968272,882.0,882.0,2993.080546987923,143.54304502618714,2989.6365255632886,4054.216716089857,-1061.1361691019342,32.68001269077229,-1063.0641257411994,0.047619047619047616,0.017006802721088437,10.810757600503518,6.913452246475442,10.787518904698999,6.870159583462262,4.329357374984155,0.5867037000134587,150000.0,2900.0,H2,883.8834764831844
2,5,8,known,3,100.0,300.0,150.0,2786.148098479273,177.92679047354022,2780.460984062077,872.9553471708833,79.3373292102278,869.3426403599592,1.0,1.0,41.0,2612.1926187956806,96.91743794034551,65.02324536171042,882.0,882.0,2824.8615930721503,198.74440748253554,2817.861543885459,3999.2420158889427,-1174.3804228167924,89.39554015581454,-1179.885262362508,0.030612244897959183,0.0045351473922902496,10.85403950467967,8.957967206152281,10.829580194347031,8.920953793583628,3.1534627533934834,0.5308286999934353,150000.0,2900.0,H2,883.8834764831844
2,6,8,known,3,100.0,300.0,150.0,284.13262515244713,49.47026746170915,279.7928542927571,96.36063347953376,37.875832986202184,88.60470055351668,1.0,1.0,71.0,1191.0059062869548,211.82535612846885,95.38339738908714,882.0,882.0,3745.085850444255,110.6339465925388,3743.4513696666513,3883.115817572744,-138.02996712848926,3.5640452115614067,-138.1880377103289,0.032879818594104306,0.009070294784580499,10.766430033501878,11.53020713265579,10.740689793999804,11.50828513315448,3.248064676858617,0.6268861999851651,150000.0,2900.0,H2,883.8834764831844
2,7,8,known,3,100.0,300.0,150.0,1560.4839191625358,82.39866219418971,1558.306941020759,771.1863619125135,44.880190298123566,769.8793238674891,1.0,1.0,104.0,759.1443105577634,332.4575483387869,75.44477032384547,882.0,882.0,3526.992760646613,126.16827410633952,3524.7353801757436,3890.9753917924995,-363.98263114588644,18.994060491296977,-364.7637119273504,0.046485260770975055,0.009070294784580499,10.882947379326513,7.3907136364455335,10.858388100959363,7.350749442402753,4.772195127753419,0.8328544999822043,150000.0,2900.0,H2,883.8834764831844
2,8,8,known,3,100.0,300.0,150.0,4005.724429074695,186.45267555197884,4001.382711196881,1417.3619607425526,64.38910141558858,1415.8986444583052,1.0,1.0,50.0,1442.5647762261854,174.8243354089726,62.77024848552672,882.0,882.0,4519.165593863192,213.54382853769016,4514.1174882860905,4172.9542967245725,346.21129713861956,102.6129319092876,342.6379068036058,0.02040816326530612,0.0022675736961451248,10.897128949590936,5.394605328487245,10.87388903033354,5.3370134842453565,8.377194101668335,0.6406888000201434,150000.0,2900.0,H2,883.8834764831844
2,9,8,known,3,100.0,300.0,150.0,1393.1718992928934,73.82829688432467,1391.2143341550675,1098.8142532448387,59.00366281274114,1097.228932770501,1.0,1.0,31.0,1522.8759392649624,165.66129899313742,78.62259238916306,882.0,882.0,2417.4438167078074,123.93183772024055,2414.2650033784807,3867.0937987133284,-1449.649982005521,13.07026290554154,-1451.2393827626966,0.048752834467120185,0.01473922902494331,10.903943651872083,10.983483837773473,10.87859144492981,10.958823655208523,2.2009809022470064,0.5846503000357188,150000.0,2900.0,H2,883.8834764831844
2,10,8,known,3,100.0,300.0,150.0,1639.3699202181217,46.117043060783146,1638.7211335841437,1209.6811372703723,39.5719311598131,1209.0337117434008,1.0,1.0,29.0,1313.5327643934615,192.08709890274,78.94360438364987,882.0,882.0,2747.3331363078355,115.43720477238645,2744.9068497144644,4060.5849128885593,-1313.2517765807238,4.5056732568310025,-1314.162505457211,0.049886621315192746,0.01927437641723356,10.520615376568628,7.623820206726274,10.494649210807163,7.5881802942869445,3.603617427761405,0.5535340000060387,150000.0,2900.0,H2,883.8834764831844
2,11,8,known,3,100.0,300.0,150.0,565.2316379266379,83.09329649194973,559.0906085701412,378.83173497013144,49.09591247900096,375.6368922221754,1.0,1.0,69.0,844.2670620584499,300.7927417271624,42.85207864216454,882.0,882.0,4242.214640525167,125.38701231663902,4240.361205537612,3915.395863867896,326.818776657271,15.081987774962258,326.51941359523835,0.021541950113378686,0.0045351473922902496,10.756312294929868,10.803433736708278,10.732944639243904,10.779091077253586,3.9267280606450377,0.7321576999966055,150000.0,2900.0,H2,883.8834764831844
2,12,8,known,3,100.0,300.0,150.0,1531.8143459770793,63.3063857618206,1530.5056328099427,1141.4841893080313,38.887039002820956,1140.8216129780355,1.0,1.0,47.0,1789.5088406455047,141.09690149006764,88.60486354025964,882.0,882.0,2210.49407759967,115.72949377277163,2207.462514149293,3709.913407242854,-1499.419329643184,6.581677460776234,-1500.8449492947252,0.07596371882086168,0.017006802721088437,10.662256401772499,9.599385165445405,10.638612599483164,9.569663174262555,2.3027454774465284,0.694272099994123,150000.0,2900.0,H2,883.8834764831844
2,13,8,known,3,100.0,300.0,150.0,1487.724904655613,57.441752358320045,1486.6155646361833,1213.4801457008944,41.838421613394495,1212.7586777620531,1.0,1.0,34.0,1549.731708963461,163.3498088263256,68.97994352871235,882.0,882.0,2343.107978452489,118.05905961867228,2340.1318460996304,3932.021507112794,-1588.913528660305,6.761341705190887,-1590.3141782575062,0.05555555555555555,0.009070294784580499,10.875105757926928,10.763282562074902,10.85062191100234,10.73309609328033,2.176945522835734,0.5943594999844208,150000.0,2900.0,H2,883.8834764831844
2,14,8,known,3,100.0,300.0,150.0,721.885461984556,41.80118750154635,720.6741850157506,644.1491168457528,30.520226488773073,643.4256759783816,1.0,1.0,35.0,1081.0673613550111,233.40416952926466,54.54874599713654,882.0,882.0,2911.0381196332087,113.5438676687415,2908.8229104007814,4108.445290700845,-1197.4071710676367,1.7506287079627185,-1198.1011184077151,0.05782312925170068,0.013605442176870748,11.081666049696244,10.068346012127385,11.058829446136418,10.042611695984043,2.891277391665766,0.6406732000177726,150000.0,2900.0,H2,883.8834764831844
2,15,8,known,3,100.0,300.0,150.0,1438.4212448986746,92.88654605477213,1435.4190215187575,895.7213516590382,66.37671644757002,893.2585691341188,1.0,1.0,99.0,585.3378789691418,429.964999436893,63.02002230857682,882.0,882.0,3934.2641187528843,128.94393553062295,3932.150508004021,3786.573865057101,147.6902536957832,18.375306021824798,147.19129901615952,0.031746031746031744,0.0022675736961451248,10.627055552519854,8.011629207399988,10.59843262198305,7.9751557225499585,4.910691716884474,0.7152416000026278,150000.0,2900.0,H2,883.8834764831844
2,16,8,known,3,100.0,300.0,150.0,5828.886565433134,359.0386206507159,5817.818307713649,1770.1267460245379,65.75936516717694,1768.9048597604758,1.0,1.0,78.0,2735.042953094734,92.13861047858572,93.89329915342279,882.0,882.0,5575.996315128041,267.45185256954665,5569.5784771272065,3914.7189784377874,1661.2773366902534,160.61564690360933,1656.3175983587207,0.013605442176870748,0.005668934240362812,10.717708986879078,3.965085824013122,10.691794370582006,3.8837335940681257,14.062738015300997,0.6910791000118479,150000.0,2900.0,H2,883.8834764831844
2,17,8,known,3,100.0,300.0,150.0,860.2648774459619,72.30632325946686,857.220773770569,431.2097900465753,51.1208382908392,428.16882525991235,1.0,1.0,33.0,1421.9618539854678,177.9730681442565,69.0784654318349,882.0,882.0,2910.9777877289753,123.47819019686088,2908.357752615243,3627.74868589974,-716.7708981707647,10.066342380404933,-717.6177410722348,0.04308390022675737,0.012471655328798186,10.730007690916938,12.936157454302796,10.706595279499851,12.913587458815439,2.25026465394539,0.5925996000296436,150000.0,2900.0,H2,883.8834764831844
2,18,8,known,3,100.0,300.0,150.0,1412.5339909452796,74.32614389705483,1410.5771513494728,816.1665169816436,74.82487706556614,812.7293652957732,1.0,1.0,43.0,1774.4802903759692,142.2822546410039,69.16433331436379,882.0,882.0,3016.371665559445,145.8627097332767,3012.8428592774508,3734.090639112579,-717.7189735531342,34.58775410943062,-719.5894288369768,0.046485260770975055,0.011337868480725623,10.779795019020238,11.101224708923716,10.752740868840434,11.075116556257958,2.7171521563154517,0.6063290000311099,150000.0,2900.0,H2,883.8834764831844
2,19,8,known,3,100.0,300.0,150.0,2927.0997540639646,110.97373181258487,2924.995350609794,1179.0161670634614,48.31727813986665,1178.0257055048378,1.0,1.0,39.0,2647.645938951843,95.54986105356107,79.1098722123616,882.0,882.0,2552.8151295332627,140.61125731391908,2548.9396932627747,4102.453327991243,-1549.6381984579803,36.81848710346877,-1552.200437139803,0.05442176870748299,0.007936507936507936,10.804027461211055,8.625263485710803,10.778376328913676,8.58653233723575,2.959695241498917,0.6441154999774881,150000.0,2900.0,H2,883.8834764831844
2,20,8,known,3,100.0,300.0,150.0,2328.813841404125,124.20292380980173,2325.4994176805403,994.6884098400938,58.32925710380415,992.9767018595818,1.0,1.0,29.0,1067.008797535719,237.0349724679118,82.35316265756146,882.0,882.0,3282.053294522652,151.35567989219737,3278.561465986472,3709.828018860102,-427.77472433745015,41.52879608750881,-429.6405221896339,0.036281179138321996,0.011337868480725623,10.822878377065773,6.268516809048932,10.798154659240355,6.2200690691761835,5.235773300926363,0.6333294999785721,150000.0,2900.0,H2,883.8834764831844
2,21,8,known,3,100.0,300.0,150.0,1379.431733485632,61.28475105760192,1378.0696958553958,983.5146459741164,49.59032601833902,982.2636399719713,1.0,1.0,32.0,1524.8263834416946,165.42383883475594,66.48346377903427,882.0,882.0,2621.525148775255,118.0804710581199,2618.8644691957265,3976.0088263255334,-1354.4836775502786,8.787667161630836,-1355.6419492209038,0.05215419501133787,0.011337868480725623,10.440242553413352,11.38400777292211,10.416110825611668,11.35914490650558,2.3028139132255236,0.5649858000106178,150000.0,2900.0,H2,883.8834764831844
2,22,8,known,3,100.0,300.0,150.0,1953.7881687690426,103.06079813359571,1951.0680870512836,950.2057000189533,64.54391135721974,948.0110526018251,1.0,1.0,48.0,1156.3931972971652,218.04804881947027,86.18214020972258,882.0,882.0,3325.7629499860873,134.5357528974711,3323.0406754495903,3687.785462715238,-362.02251272915055,28.495763591238116,-363.21991486165007,0.034013605442176874,0.011337868480725623,10.728777801259245,7.3877017945732,10.705371077179132,7.348883559342761,4.501755813193625,0.6121865999884903,150000.0,2900.0,H2,883.8834764831844
2,23,8,known,3,100.0,300.0,150.0,1907.2337404366906,66.91524123213354,1906.0595193096608,1097.6128095806387,43.92544531270162,1096.7335296276779,1.0,1.0,22.0,2091.1455185965806,120.76838096915354,69.44780163122458,882.0,882.0,1769.043976007119,129.3487907018399,1764.3087823255453,3749.6504392940046,-1980.6064632868856,19.371438055967147,-1983.728490541779,0.07482993197278912,0.015873015873015872,10.638172075310312,9.011876980352275,10.609173448460496,8.979072744746516,1.9630138980636271,0.6109130999539047,150000.0,2900.0,H2,883.8834764831844
2,24,8,known,3,100.0,300.0,150.0,2888.4359699475367,163.00511557458307,2883.832811517215,1216.7129174114714,74.12605339069393,1214.4528198347823,1.0,1.0,31.0,1326.0699608795933,189.86806881431679,65.8381272225108,882.0,882.0,4477.368339257819,188.6062543987676,4473.394117020094,3876.232161067126,601.1361781906926,78.29034301152394,598.7320457955693,0.018140589569160998,0.005668934240362812,10.812114632102528,5.806851423237941,10.78876852549173,5.757299644527821,7.710492335554209,0.7311433000140823,150000.0,2900.0,H2,883.8834764831844
2,25,8,known,3,100.0,300.0,150.0,2999.1290028376648,108.2069748601666,2997.1763422017157,1245.907353383559,58.35325952702113,1244.5400878709356,1.0,1.0,40.0,2292.8083444429626,110.23956019587506,87.08542335351477,882.0,882.0,3376.2316434024065,155.0520118098597,3372.6694150991775,4057.970188084285,-681.7385446818785,46.870330501380664,-683.8585055751128,0.045351473922902494,0.012471655328798186,10.472167065482868,10.378999596029704,10.44792922264633,10.34602917733817,3.252945153494294,0.6344220999744721,150000.0,2900.0,H2,883.8834764831844
2,26,8,known,3,100.0,300.0,150.0,1026.7977556357916,67.1547886784731,1024.5993682099597,426.4418236552686,50.235891879971,423.4725305488599,1.0,1.0,47.0,1550.0374258388606,162.82743491370078,86.2492002565481,882.0,882.0,3377.4506857256774,132.59087242027212,3374.8470772850856,4009.3805739007585,-631.929888175081,17.310909544117706,-632.8758568175263,0.030612244897959183,0.006802721088435374,10.63774674336383,12.576261765971381,10.612074967151152,12.552046732854732,2.6855760070646126,0.6233809000113979,150000.0,2900.0,H2,883.8834764831844
2,27,8,known,3,100.0,300.0,150.0,926.7771228586264,67.20871491900478,924.3369645822077,694.9496874742732,59.34634638963219,692.4110623688733,1.0,1.0,31.0,1261.8530873968132,200.11377946905355,54.87440709060715,882.0,882.0,2703.022181460157,116.44921775335598,2700.512635250992,4093.2256815098262,-1390.2035000496694,6.308043648930749,-1391.2309297269603,0.06802721088435375,0.01473922902494331,10.848504258423404,8.957924417877733,10.824426975148274,8.926048989719769,3.0174648226162906,0.6853802000405267,150000.0,2900.0,H2,883.8834764831844
2,28,8,known,3,100.0,300.0,150.0,2187.3130737416186,111.97362702803098,2184.445098740455,1349.3738904767686,58.88329795560607,1348.0885184298104,1.0,1.0,35.0,1909.4261834551248,131.8747866849986,67.83797694535235,882.0,882.0,3061.813657371032,119.21606309640062,3059.4918536847867,3778.0066529137566,-716.1929955427245,12.733406928139829,-717.0139007654775,0.05102040816326531,0.021541950113378686,10.70199949172467,10.179563134598059,10.678499246086403,10.150165069872738,3.007804575585972,0.6292358000064269,150000.0,2900.0,H2,883.8834764831844
2,29,8,known,3,100.0,300.0,150.0,1843.980480700281,57.59226697173991,1843.0808837348118,687.4489909581303,43.348319652596665,686.0809269704615,1.0,1.0,120.0,808.3713311142366,311.98329568824806,85.06518531049521,882.0,882.0,4613.661977021749,154.26122331529717,4611.082336414901,3865.3499656293525,748.3120113923969,43.949739243644345,747.3067563284044,0.021541950113378686,0.0022675736961451248,10.751831357505958,6.8385105310554,10.724799317759297,6.798706740907914,6.746588977336435,0.7468647999921814,150000.0,2900.0,H2,883.8834764831844
2,30,8,known,3,100.0,300.0,150.0,3603.908987065418,149.78264767121703,3600.795071301266,928.8016652044157,47.130739432855314,927.6051027711134,1.0,1.0,72.0,1424.4821040438435,177.61372428700903,86.22847830316539,882.0,882.0,3963.203758012745,205.9119403796948,3957.850969950159,3826.9167666872527,136.28699132549218,93.03620162661369,132.5992126467313,0.01927437641723356,0.0045351473922902496,10.678252923442965,5.379444359768909,10.651305005039095,5.3234692729494455,7.367310623476729,0.7107671999838203,150000.0,2900.0,H2,883.8834764831844
2,31,8,known,3,100.0,300.0,150.0,2903.5893341151327,171.06003257482882,2898.546098726508,848.5903685064392,74.07163690357837,845.351409845822,1.0,1.0,35.0,2630.8883436581627,95.64676308273475,81.7582008891845,882.0,882.0,2728.108009300043,152.96192734177043,2723.8164327265035,4146.947887688136,-1418.839878388093,44.848991820659435,-1421.7219371808483,0.03741496598639456,0.006802721088435374,10.746612122981514,8.324438249676147,10.722507371601218,8.284874736836237,3.277227756967477,0.6195833000238054,150000.0,2900.0,H2,883.8834764831844
2,32,8,known,3,100.0,300.0,150.0,1739.6999683251004,56.925476807040866,1738.7683772948733,759.9342529245883,37.4084557486941,759.0129618172209,1.0,1.0,161.0,0.05156147281767156,4880371.08182158,72.10242931294312,882.0,882.0,150165081.08686265,4202794.394576147,150106256.02252877,3615.7630143964393,150161465.32384825,4202686.955988165,150102641.85607907,0.0,0.0,10.518714411048702,7.891686282016762,10.490129279933463,7.855489659567663,190282.62873177364,0.9332881000009365,150000.0,2900.0,H2,883.8834764831844
2,33,8,known,3,100.0,300.0,150.0,2771.9283486455724,147.7491254773129,2767.987891220924,1311.6588473846348,80.55508316159431,1309.1828789360247,1.0,1.0,104.0,1114.5946941876819,226.20968455434934,60.29695976707194,882.0,882.0,3619.1675558957068,157.1592138544757,3615.753694480411,3576.28355477042,42.884001125286886,45.749158513116086,41.20590997812678,0.026077097505668934,0.006802721088435374,10.708540535328329,6.532161662136016,10.684157643207293,6.488110398643816,5.540535802832901,0.6776605999912135,150000.0,2900.0,H2,883.8834764831844
2,34,8,known,3,100.0,300.0,150.0,1562.124658947493,74.75314977999254,1560.3350334751158,1396.4315720828447,56.89252962193793,1395.2721510812798,1.0,1.0,43.0,1057.3538144507756,239.85718760094764,74.52978464374674,882.0,882.0,3478.1780182674615,117.47795972868697,3476.1935009054014,4265.952273638834,-787.7742553713729,10.512623841053667,-788.417526830046,0.031746031746031744,0.006802721088435374,10.834888685028085,7.6421560949522025,10.807909642443644,7.607680720206633,4.551304599188791,0.596563300001435,150000.0,2900.0,H2,883.8834764831844
2,35,8,known,3,100.0,300.0,150.0,1775.2524206588525,84.20462929278368,1773.254278850267,994.3625448499415,60.66383489040948,992.5103373450783,1.0,1.0,45.0,577.9542143139751,438.14517865650754,78.27087230086101,882.0,882.0,3545.4592782123696,160.0985425757274,3541.842733680775,3954.402318809259,-408.94304059688966,50.20178329639275,-411.0322202361772,0.02834467120181406,0.0045351473922902496,10.522071477356242,8.451253470813374,10.4961324652581,8.4189858480228,4.195187483675299,0.7155323000042699,150000.0,2900.0,H2,883.8834764831844
2,36,8,known,3,100.0,300.0,150.0,1709.5708173055518,88.8234260700144,1707.2617779250952,695.168060380449,63.041767571215736,692.3036672693655,1.0,1.0,33.0,1866.2895920796275,134.64311986728757,84.78373814612496,882.0,882.0,3162.134850197576,130.05650724083853,3159.459149246649,3749.343838840637,-587.2089886430613,20.318114456666038,-588.278395859917,0.04421768707482993,0.01473922902494331,10.827293788387307,12.340265010694798,10.802600716428756,12.31361543316724,2.5624529517454318,0.5828073000302538,150000.0,2900.0,H2,883.8834764831844
2,37,8,known,3,100.0,300.0,150.0,1660.984139393736,56.33503971183451,1660.028516206338,1410.9642759384071,49.8407571440799,1410.083716274214,1.0,1.0,26.0,1351.6098593718955,186.59108507952018,69.23792696077346,882.0,882.0,1888.8156379545558,116.965529189269,1885.190594916904,3610.1332180312093,-1721.3175800766535,8.786013338815508,-1723.3214314289603,0.05328798185941043,0.02040816326530612,10.730009635785377,8.81277903768818,10.704054241627777,8.776623853842587,2.1432690299813086,0.8713037999696098,150000.0,2900.0,H2,883.8834764831844
2,38,8,known,3,100.0,300.0,150.0,2620.8897336960035,118.89883035449076,2618.1913727482643,1351.5166141931538,56.197608441641,1350.3477282705985,1.0,1.0,37.0,1486.218569836172,169.0162815320383,69.5761988389361,882.0,882.0,2424.2167924345895,131.10944996100125,2420.6687854501643,3849.977027224757,-1425.7602347901675,19.235348453590376,-1427.6824583385683,0.05668934240362812,0.01020408163265306,10.420597381559418,6.297975900050198,10.395335418929996,6.253008468769817,3.8491998554889153,0.8253293000161648,150000.0,2900.0,H2,883.8834764831844
2,39,8,known,3,100.0,300.0,150.0,3827.9587985342696,134.85077575893365,3825.5828093969085,1110.3756517795418,44.74903334401828,1109.4735743043266,1.0,1.0,44.0,1529.3287809356025,165.28811444809472,84.62885168838187,882.0,882.0,5053.155657012969,222.57141595310438,5048.251584341137,3694.033795245552,1359.1218617674167,114.31147880818567,1355.8045005732947,0.013605442176870748,0.006802721088435374,10.614762167636826,4.992642142487927,10.588028069866954,4.929658353395723,10.121205391450081,0.6753031999687664,150000.0,2900.0,H2,883.8834764831844
2,40,8,known,3,100.0,300.0,150.0,2491.8351372228426,105.31342989960612,2489.608690654249,940.3670797738976,63.465962100023255,938.2229566458104,1.0,1.0,24.0,2445.1711046417995,102.68992508903683,64.96634219086391,882.0,882.0,2714.185289295732,154.98721084411952,2709.7565848437603,3930.7529234253807,-1216.5676341296485,43.4284908703121,-1219.412945351518,0.04308390022675737,0.013605442176870748,10.641872253511949,8.935893755812385,10.618265408069085,8.893716370501132,3.0373965531206997,0.6503977000247687,150000.0,2900.0,H2,883.8834764831844
2,41,8,known,3,100.0,300.0,150.0,2098.483229035425,88.8778653070907,2096.600245063755,1072.8661848485476,45.5150884347734,1071.9002879541792,1.0,1.0,43.0,2045.1960945692877,123.1558152849378,64.22482281638977,882.0,882.0,2729.259598980915,130.06096861464363,2726.1588550692504,3972.42523166898,-1243.1656326880648,22.662098636723215,-1244.8142881196854,0.049886621315192746,0.009070294784580499,10.540907952106853,11.09299128128169,10.516443375274932,11.061633799377544,2.460345933550193,0.6788583000306971,150000.0,2900.0,H2,883.8834764831844
2,42,8,known,3,100.0,300.0,150.0,1392.746174896081,47.26135061221439,1391.944062247465,458.5887787102966,48.10937342794817,456.0582815248196,1.0,1.0,65.0,1756.3780604975611,143.92123334094512,73.86981302064068,882.0,882.0,3358.815846395512,131.1382264998916,3356.2548555716176,3677.200385572796,-318.3845391772843,25.751829537327325,-319.4350637485595,0.04308390022675737,0.012471655328798186,10.836922594577427,13.385256574217586,10.812667206137775,13.3635886792472,2.509339905269501,0.5841211999650113,150000.0,2900.0,H2,883.8834764831844
2,43,8,known,3,100.0,300.0,150.0,1014.0086517173495,56.44523069852448,1012.4364087136669,612.2812367020562,46.38119235998287,610.5219879845979,1.0,1.0,46.0,1519.071212167735,166.49630786131004,71.99775774736658,882.0,882.0,2819.029316261691,121.16873333226353,2816.4240490390494,3806.7701334674593,-987.7408172057685,10.9595124742184,-988.7504248448649,0.05555555555555555,0.015873015873015872,10.656463730577737,10.913742799920342,10.632371283420193,10.889775023952676,2.5830087513902806,0.5770069999853149,150000.0,2900.0,H2,883.8834764831844
2,44,8,known,3,100.0,300.0,150.0,1484.6752662415013,105.39982170313499,1480.9292771007736,802.0567433607908,75.45109872533075,798.4999381788692,1.0,1.0,46.0,1136.2983930839898,222.55682165391093,88.4467851784327,882.0,882.0,2639.7411542335,117.92466210461833,2637.105825601529,3377.987142766898,-738.2459885333983,10.094952274418205,-739.1598467614162,0.05215419501133787,0.02040816326530612,10.683918115314842,7.6315312515635885,10.658936810061384,7.591952651497233,3.4589927856125278,0.6177047999808565,150000.0,2900.0,H2,883.8834764831844
2,45,8,known,3,100.0,300.0,150.0,3678.609122303053,121.59326724162037,3676.5989925544977,1646.0166158997592,52.02509994923998,1645.1942404449899,1.0,1.0,39.0,2777.8888738983537,90.88694836344851,85.32243878580408,882.0,882.0,2946.962883172395,155.5293958891986,2942.8558989203148,3837.6641900424197,-890.7013068700248,42.60795068752056,-893.1466014369917,0.034013605442176874,0.009070294784580499,10.578200784479398,7.79373612085568,10.55440648072991,7.739251050190855,3.781194073643907,0.5650946999667212,150000.0,2900.0,H2,883.8834764831844
2,46,8,known,3,100.0,300.0,150.0,694.3865266571842,68.96802008224624,690.9530089730872,595.8045983563242,53.775697113495454,593.3728118329136,1.0,1.0,54.0,1157.315598908189,217.83400375531164,74.87087549061992,882.0,882.0,2860.0978137892425,115.63436139046091,2857.7592968806566,4054.682385714031,-1194.5845719247886,4.62504944351528,-1195.4031945179663,0.04308390022675737,0.01020408163265306,10.680273337060115,10.034669614026049,10.65676093223063,10.00659493435574,2.850216224151033,0.624597400019411,150000.0,2900.0,H2,883.8834764831844
2,47,8,known,3,100.0,300.0,150.0,4060.915869318171,199.57639572305004,4056.008747518964,1598.2396499313836,77.78972472650254,1596.3454317094927,1.0,1.0,86.0,3266.4615615784887,77.13442796030253,75.88839798891725,882.0,882.0,2616.084592238308,158.2348739624873,2611.294759005339,3946.223152458586,-1330.1385602202781,51.95726645304363,-1333.4970275332416,0.045351473922902494,0.006802721088435374,10.657800915706126,7.161606620518638,10.631922007764594,7.11973141040238,3.65292975565426,0.6610995000228286,150000.0,2900.0,H2,883.8834764831844
2,48,8,known,3,100.0,300.0,150.0,3780.1942584954613,168.86223064865743,3776.4208159343693,1533.8823929502682,71.84843086023761,1532.1987463725986,1.0,1.0,38.0,2935.017207316237,86.11312689419086,72.50125316652816,882.0,882.0,2384.5110387438585,157.7233613574687,2379.2890188401693,3792.8553820406746,-1408.344343296816,49.30001593752506,-1412.0163404316022,0.05102040816326531,0.011337868480725623,10.665277434244366,8.75110735170437,10.637844319752208,8.70853800036387,2.724810635855644,0.5707048999611288,150000.0,2900.0,H2,883.8834764831844
2,49,8,known,3,100.0,300.0,150.0,1891.5654815765356,53.05212273210181,1890.8213673865357,1050.0363924644946,50.60400234092698,1048.8163139687183,1.0,1.0,60.0,1858.863136791205,135.61640480385478,82.2370017981134,882.0,882.0,2747.5414220177768,129.28652924461144,2744.4979247686356,3985.4691433708617,-1237.927721353085,14.046567860332303,-1239.30478671965,0.03968253968253968,0.012471655328798186,10.66359800168079,10.893389202673653,10.63870633439784,10.867834228625037,2.522209911809105,0.6574633000418544,150000.0,2900.0,H2,883.8834764831844
2,50,8,known,3,100.0,300.0,150.0,3618.4569215464285,91.17830885264003,3617.3079781906918,1217.1826958226459,62.203122941276916,1215.5922369390303,1.0,1.0,42.0,2930.5203517160003,85.89251322613667,61.991601737915744,882.0,882.0,2962.299425905139,160.51670265030742,2957.9473079972518,3628.743422949706,-666.4439970445674,51.09243834153884,-669.1459028233958,0.04195011337868481,0.013605442176870748,10.708580770685602,7.6659050427122395,10.683425708612294,7.6250432480851105,3.864252699974824,0.6063882999587804,150000.0,2900.0,H2,883.8834764831844
2,51,8,known,3,100.0,300.0,150.0,2624.2728010367164,102.1135470091267,2622.2853692491803,1378.747436514637,57.4363742326889,1377.5505640849215,1.0,1.0,225.0,1953.394700327729,129.31158670212676,79.83749656035283,882.0,882.0,2777.5996425577314,134.85255623695144,2774.3241631815845,3756.435738424754,-978.8360958670228,27.094366340671513,-980.5656660178038,0.048752834467120185,0.017006802721088437,10.617124436008918,9.96119419905958,10.59103453266103,9.92284707251661,2.7884203309879854,0.9386773000005633,150000.0,2900.0,H2,883.8834764831844
2,52,8,known,3,100.0,300.0,150.0,4676.586011017952,247.8010420605931,4670.016205753732,1248.7448644693154,54.737977415305366,1247.544584520718,1.0,1.0,105.0,2017.138541557004,125.40963695326442,64.72663411639489,882.0,882.0,5121.5125071298235,240.48773406708406,5115.86317354662,3831.697193061279,1289.8153140685445,130.5334589506175,1285.7439277923445,0.01473922902494331,0.0045351473922902496,10.560216253477051,4.566672102098243,10.53405827201449,4.4918659351036565,11.214977543004782,0.8889625999727286,150000.0,2900.0,H2,883.8834764831844
2,53,8,known,3,100.0,300.0,150.0,2293.475230667008,96.13955505064199,2291.459320965081,834.7429036779816,41.49839489355877,833.7107402822674,1.0,1.0,35.0,2306.807763236754,109.86564667012341,94.55897535298345,882.0,882.0,2281.538371631528,131.22715979037238,2277.7613513624287,3799.401691477875,-1517.8633198463467,21.525092998665386,-1520.0562679745722,0.07256235827664399,0.017006802721088437,10.645532879545577,9.323577144241339,10.621918426157933,9.287409923391472,2.447063328092597,0.672959899995476,150000.0,2900.0,H2,883.8834764831844
2,54,8,known,3,100.0,300.0,150.0,1024.301027100307,64.52199222651058,1022.2668470795019,983.4498161036579,44.91523094270352,982.4236167884413,1.0,1.0,35.0,1266.557810425669,199.32436965544636,102.29043254224881,882.0,882.0,1982.9372130811691,116.59976626533515,1979.506121619477,4014.5082639956913,-2031.5710509145222,3.8154767254795985,-2033.4175389704785,0.08503401360544217,0.02040816326530612,10.541354670551849,9.05065699158561,10.516145932820454,9.021402220000503,2.190931790835411,0.6149192999582738,150000.0,2900.0,H2,883.8834764831844
2,55,8,known,3,100.0,300.0,150.0,779.3941238700404,103.4960613743023,772.49191944198,660.0272557551276,80.99372836082563,655.0389257943816,1.0,1.0,100.0,863.8492078101191,291.7625328591898,94.75221811008818,882.0,882.0,3580.307983386577,113.68817589933217,3578.502515656841,3753.9894079720993,-173.68142458552256,6.2682199672133265,-173.94967301049155,0.036281179138321996,0.006802721088435374,10.702035684613964,9.115358217241026,10.678305639570754,9.083478595175098,3.9277754072403748,0.6824974000337534,150000.0,2900.0,H2,883.8834764831844
2,56,8,known,3,100.0,300.0,150.0,1902.6213954471875,61.848836049091716,1901.6158644407592,956.6507661464628,36.66201364371739,955.9480033580289,1.0,1.0,31.0,1917.7966466352716,131.1489306543724,83.4487228496412,882.0,882.0,2699.1540499820576,126.31107118016587,2696.1969695910316,3600.375346820323,-901.2212968382655,14.76515528310513,-902.450018741979,0.04308390022675737,0.011337868480725623,10.766035309770986,11.081025261453252,10.739747082586568,11.05383973801124,2.435834217769908,0.5909735000459477,150000.0,2900.0,H2,883.8834764831844
2,57,8,known,3,100.0,300.0,150.0,1501.92346725905,46.57298357414229,1501.2012052701164,1011.9399570687913,36.3980805463611,1011.2851509069673,1.0,1.0,27.0,755.7135114926214,332.4944214406436,72.57751444910672,882.0,882.0,3320.895454898198,120.16727664928537,3318.7206040861893,4027.6480719029128,-706.7526170047149,9.691454832536664,-707.4120420020099,0.05215419501133787,0.01473922902494331,10.769778483419447,7.567310644147911,10.746429481958167,7.53273403210212,4.388475128170366,0.6565533999819309,150000.0,2900.0,H2,883.8834764831844
2,58,8,known,3,100.0,300.0,150.0,3930.6063308625635,177.45909300920073,3926.5983240618357,1093.6522549232773,52.77103872769905,1092.3783557771403,1.0,1.0,56.0,1631.2505620978573,154.7004828909751,76.55312118462427,882.0,882.0,5298.330683165054,236.3308213195914,5293.057317946092,3939.220069880574,1359.1106132844802,125.46452278506443,1355.3976801918116,0.013605442176870748,0.0011337868480725624,10.820349398834683,5.008243434816661,10.796247544473044,4.94428014363117,10.579219544984063,0.6795537000289187,150000.0,2900.0,H2,883.8834764831844
2,59,8,known,3,100.0,300.0,150.0,2723.128604118315,123.42969613670643,2720.32985218318,1028.280184939487,49.904875310555155,1027.0684700444385,1.0,1.0,39.0,2602.265912613173,97.00030307472299,73.08305655576312,882.0,882.0,2459.884493766163,152.24548841032473,2455.168636556339,4002.147337148411,-1542.2628433822483,43.89681091051919,-1545.5117896122092,0.05442176870748299,0.01020408163265306,10.915729162177277,8.670371886679153,10.892679969120874,8.627087007429509,2.8371153232140376,0.6492982999770902,150000.0,2900.0,H2,883.8834764831844
2,60,8,known,3,100.0,300.0,150.0,4238.483783368644,202.226410017914,4233.656724507816,1197.074771296854,51.14807243381292,1195.9815561962987,1.0,1.0,34.0,1674.4567569056462,150.8642690217209,70.58625163935656,882.0,882.0,4791.73218598604,242.30201080176258,4785.6020601149,3564.272879501855,1227.4593064841852,133.42186105463182,1222.99258494877,0.024943310657596373,0.005668934240362812,10.802179372187355,4.418767975203978,10.77889694129641,4.3416600163715335,10.84404569978546,0.864912600023672,150000.0,2900.0,H2,883.8834764831844
2,61,8,known,3,100.0,300.0,150.0,1006.9169078617208,93.05714797839964,1002.6076134500153,722.8215131092038,63.11171383323932,720.0610053255975,1.0,1.0,58.0,1472.408317950151,171.4589302576051,91.15516353421802,882.0,882.0,2311.823117792782,127.06107320572909,2308.3287486051345,3572.7430201519596,-1260.9199023591777,16.786153711187296,-1262.7120142782883,0.05555555555555555,0.013605442176870748,10.608534334483888,11.354680685721192,10.584840993220151,11.328151495004363,2.0360089215894552,0.7477649000356905,150000.0,2900.0,H2,883.8834764831844
2,62,8,known,3,100.0,300.0,150.0,1536.8334725586533,97.77164143059629,1533.7202575791507,1092.8069571193464,73.44825283358426,1090.3359113980143,1.0,1.0,29.0,1361.696894642965,183.5993127967808,79.83916313376423,882.0,882.0,2972.7727642499876,121.32037667696592,2970.2961593197188,4119.018577765809,-1146.2458135158213,14.308944834235177,-1147.3321140234239,0.04195011337868481,0.006802721088435374,10.487383009917963,7.441511796875762,10.459677788105857,7.3987276208730375,3.9948505698775802,0.5208368999883533,150000.0,2900.0,H2,883.8834764831844
2,63,8,known,3,100.0,300.0,150.0,2658.6571728231047,115.73842591670689,2656.1367772330673,1427.8776046970356,60.756363367269365,1426.5844238269701,1.0,1.0,35.0,2266.81542368515,111.50944259048273,80.36154983453923,882.0,882.0,2628.490716415256,129.24265689427594,2625.311368565659,3672.2219594336643,-1043.7312430184083,17.548963274551724,-1045.2115694027725,0.05215419501133787,0.012471655328798186,10.59571579823493,9.012230685118714,10.567901022756292,8.969821512617706,2.9165817079621634,0.5615819999948144,150000.0,2900.0,H2,883.8834764831844
2,64,8,known,3,100.0,300.0,150.0,3680.172993651354,175.34555621153754,3675.9933622243707,1112.1158626691893,34.363958453128575,1111.5848192377705,1.0,1.0,75.0,1631.1688937379984,154.63691325028734,77.60771929799927,882.0,882.0,4146.1256517155725,185.54562074377924,4141.9718423036975,3851.1159826560024,295.0096690595701,72.35597201075517,292.51961954677654,0.018140589569160998,0.003401360544217687,10.557850351072174,5.103844498247685,10.528233722465089,5.042660700795331,8.123534432013106,0.6235525999800302,150000.0,2900.0,H2,883.8834764831844
2,65,8,known,3,100.0,300.0,150.0,1947.318932657605,89.04310984461542,1945.28207468119,1041.7215990188215,68.17168543412048,1039.4885815473883,1.0,1.0,30.0,955.7899429386878,263.3615132428409,83.51379526993333,882.0,882.0,3537.518386195358,129.2449791238911,3535.156583242314,3896.779230807609,-359.2608446122513,19.183579814171367,-360.0680395535942,0.030612244897959183,0.007936507936507936,10.816314659447269,7.179517073717774,10.79310285357536,7.141456162024442,4.927237235976824,0.5684528999845497,150000.0,2900.0,H2,883.8834764831844
2,66,8,known,3,100.0,300.0,150.0,1049.5798451332325,134.67059809781804,1040.9042613602253,966.1413736646522,70.7719790718103,963.5457855674946,1.0,1.0,55.0,988.0292042508921,255.12429667949576,75.84816653089568,882.0,882.0,3267.2614561584915,124.77199316989845,3264.8781558611518,3393.132703464806,-125.87124730631467,19.37243227468312,-126.61715976077585,0.046485260770975055,0.007936507936507936,10.653157268011668,10.20720001339728,10.62772414550132,10.17984811736169,3.20093801617496,0.6267538000247441,150000.0,2900.0,H2,883.8834764831844
2,67,8,known,3,100.0,300.0,150.0,1352.580320978901,49.43736902346434,1351.676540908891,1163.407872476293,43.035193298922685,1162.611650499658,1.0,1.0,28.0,1053.2614581080331,239.84402012996583,69.87703330820095,882.0,882.0,2909.2265818990595,111.7909183324501,2907.077930741877,3623.85552978729,-714.6289478882304,2.5163066416029807,-715.129677887111,0.03854875283446712,0.0045351473922902496,10.572559673981633,8.131314765412418,10.548736994029316,8.099315698257994,3.577805884816838,0.7105952999554574,150000.0,2900.0,H2,883.8834764831844
2,68,8,known,3,100.0,300.0,150.0,846.8770867460137,65.54443592836388,844.3368563400793,724.9086794079393,65.99836826217553,721.8980598863615,1.0,1.0,44.0,1229.4750997934916,206.1711596748792,100.57151657853754,882.0,882.0,3271.714648761406,113.44378076164315,3269.7472764001923,3793.123906963229,-521.4092582018229,5.58373783885078,-521.8427838142138,0.035147392290249435,0.007936507936507936,10.706056449711037,9.240751432536406,10.681780214758238,9.213044202668637,3.540528789944287,0.7071613000007346,150000.0,2900.0,H2,883.8834764831844
2,69,8,known,3,100.0,300.0,150.0,932.2545256005683,69.02095338883473,929.6959763793952,642.0989958863067,63.76790811102618,638.9247016772375,1.0,1.0,57.0,1497.9772032823764,168.00773339348297,71.97655459164486,882.0,882.0,3078.8098651150294,117.55938667859165,3076.5646387055444,3808.860130325986,-730.0502652109567,12.073422570401291,-730.8345003082591,0.04081632653061224,0.01020408163265306,10.615970739017843,10.805232683323519,10.591354426103933,10.777891126262713,2.8493693336810555,0.5796231000567786,150000.0,2900.0,H2,883.8834764831844
2,70,8,known,3,100.0,300.0,150.0,2297.1369057161005,125.66138138210574,2293.697273144842,1049.355219176212,56.737916769056696,1047.820206339362,1.0,1.0,32.0,1253.5661263177847,201.47219990908712,61.77126685794369,882.0,882.0,3595.9908106273515,140.224649016622,3593.2557601602093,3889.7910410594327,-293.8002304320812,33.58210888470914,-295.0731497624629,0.01473922902494331,0.0011337868480725624,10.655632527070757,6.506826656900156,10.629895890300606,6.461851797514999,5.526489332267654,0.7938657999620773,150000.0,2900.0,H2,883.8834764831844
2,71,8,known,3,100.0,300.0,150.0,2950.7365188036665,124.91874568213258,2948.0911299311606,734.5006594158908,59.033382704004175,732.124496522894,1.0,1.0,162.0,1055.6744086115998,239.20221535752682,83.64328081931978,882.0,882.0,4020.8887132090026,184.62758467006748,4016.6476941587057,4263.079260231309,-242.19054702230596,76.2764511996321,-245.0544083925738,0.022675736961451247,0.0022675736961451248,10.924816487915843,5.986170295479347,10.900423362253386,5.938432150506603,6.716963458666568,0.8279894000152126,150000.0,2900.0,H2,883.8834764831844
2,72,8,known,3,100.0,300.0,150.0,1198.6486494913,58.96664909518832,1197.1973601799339,558.7243901218293,50.20126079002204,556.4645339391382,1.0,1.0,69.0,831.7316260700118,303.2462055897663,69.70225232304692,882.0,882.0,3335.2302364444085,125.66711354064536,3332.8619093306866,4064.3487478110465,-729.1185113666379,16.847875892033514,-730.0298093040592,0.031746031746031744,0.007936507936507936,10.76942282990925,8.398746319929728,10.743536020812222,8.36668398507535,3.9711048642225384,0.565742600010708,150000.0,2900.0,H2,883.8834764831844
2,73,8,known,3,100.0,300.0,150.0,5857.2214623280115,344.4233928584011,5847.086093534778,1640.66517148778,59.32603604660878,1639.592213442118,1.0,1.0,41.0,2621.815218452596,96.35552929909159,64.91835259948162,882.0,882.0,5835.404581172906,305.01153663897173,5827.427784922853,3710.7837801396527,2124.620801033253,196.01459545360837,2118.245135098263,0.012471655328798186,0.0022675736961451248,10.871129701358864,3.653010902916872,10.84804861605797,3.562530617698482,15.97423258855709,0.6096595000126399,150000.0,2900.0,H2,883.8834764831844
2,74,8,known,3,100.0,300.0,150.0,877.1626041976507,69.67644809197333,874.3908890102247,738.6415520624357,51.87279092431393,736.8178580863294,1.0,1.0,38.0,1321.3117491704195,191.22519549556708,72.6700980006922,882.0,882.0,2631.2267135461752,119.2280402529134,2628.5240521053747,4120.63930791312,-1489.412594366945,8.805221310167482,-1490.635462525669,0.049886621315192746,0.015873015873015872,10.594294168358353,11.50923324626998,10.570533335244649,11.486148656226785,2.286187669711992,0.5634958000155166,150000.0,2900.0,H2,883.8834764831844
2,75,8,known,3,100.0,300.0,150.0,1800.0916652004091,90.71264579486899,1797.8045552887213,713.5879102129231,55.6614243237472,711.4137413940629,1.0,1.0,78.0,847.0032800006917,300.1164175423353,79.53883705904073,882.0,882.0,2677.4020766535014,141.13903383802673,2673.6794222935087,3982.2153346692216,-1304.8132580157203,34.70989429698679,-1307.113439678997,0.05442176870748299,0.01020408163265306,10.759193102174413,7.4472158480702255,10.735854003928935,7.409773200446777,3.595171848479843,0.6571196999866515,150000.0,2900.0,H2,883.8834764831844
2,76,8,known,3,100.0,300.0,150.0,3378.0758565699507,128.15032680511732,3375.644232806613,950.5683351506373,54.23963090480112,949.0196110883932,1.0,1.0,65.0,1468.136842919076,171.91958706081058,71.72723433606511,882.0,882.0,3481.659148062785,166.44706291297484,3477.678219521887,3420.682045538867,60.97710252391789,57.08881537064242,58.74469715465057,0.02834467120181406,0.006802721088435374,10.643632777822848,5.610190230138921,10.61936096091914,5.555910213201079,6.205955600861277,0.6423676999984309,150000.0,2900.0,H2,883.8834764831844
2,77,8,known,3,100.0,300.0,150.0,2653.857280581418,183.09477259375603,2647.533714600031,999.5338782345118,77.5356520723178,996.5220501304747,1.0,1.0,19.0,2513.1469459120917,100.14011181848106,53.29741316355223,882.0,882.0,2570.146658894794,148.65603630023665,2565.8439607855303,4143.623991031918,-1573.477332137124,35.88501708139029,-1576.2451831465055,0.04308390022675737,0.009070294784580499,10.850691700132675,8.376303196476641,10.824933275278097,8.343406292045238,3.068354378547192,0.6122576000052504,150000.0,2900.0,H2,883.8834764831844
2,78,8,known,3,100.0,300.0,150.0,2289.5259557365034,71.67895814651784,2288.403642050541,1199.6028298198578,47.90693000704149,1198.645850686979,1.0,1.0,28.0,699.3141039230368,363.08029773229214,46.79679805758151,882.0,882.0,3961.1909099291697,162.01255091777645,3957.8763697531786,4132.6483445361555,-171.45743460698577,54.60946720400638,-173.37609375061948,0.022675736961451247,0.006802721088435374,10.576231455900203,7.32097343896621,10.547512810487866,7.279602423713365,5.410743452292223,0.5835236999555491,150000.0,2900.0,H2,883.8834764831844
2,79,8,known,3,100.0,300.0,150.0,1699.4895898184475,87.45942027350523,1697.2376721327798,1236.0980174790245,69.16948319402454,1234.1612096522263,1.0,1.0,38.0,818.9107615939969,308.16639715434906,54.39076141296741,882.0,882.0,3350.5660432825603,127.76067650969311,3348.1293314231366,3679.7736355836605,-329.20759230110025,18.525139730308908,-330.02259673876415,0.022675736961451247,0.007936507936507936,10.642579116115922,8.241662357873683,10.616953961913566,8.20862154252532,4.065400762361483,0.5313618000363931,150000.0,2900.0,H2,883.8834764831844
2,80,8,known,3,100.0,300.0,150.0,2397.9064739651667,105.1787290630427,2395.598650199307,739.1689439447898,60.00653250121829,736.7292201003269,1.0,1.0,63.0,730.4693626819887,344.6111993186979,65.35831213045617,882.0,882.0,4897.307426388571,189.79588881111442,4893.628260212565,3549.5709528887583,1347.7364734998127,82.3969413570925,1345.6824579662316,0.017006802721088437,0.0045351473922902496,10.88875364580227,7.037531971254336,10.865405771700868,6.9952991950245895,6.958842171363803,0.5778213000157848,150000.0,2900.0,H2,883.8834764831844
2,81,8,known,3,100.0,300.0,150.0,781.6459391398337,83.05223985216536,777.2211394637507,701.6795865459285,60.7573800260569,699.0441924139234,1.0,1.0,40.0,1054.7434186643486,239.31352013747724,79.26111627914436,882.0,882.0,3062.9820577384617,121.14193976386274,3060.585518566339,3577.8893126926696,-514.9072549542079,12.744871264624209,-515.661398163712,0.035147392290249435,0.01020408163265306,10.800736297414929,9.853114138215037,10.774183037308214,9.82409501399479,3.108643637709187,0.6098625999875367,150000.0,2900.0,H2,883.8834764831844
2,82,8,known,3,100.0,300.0,150.0,5118.158937170734,270.5076761539763,5111.005429784088,1372.8328202229152,65.80733923725896,1371.2546613899679,1.0,1.0,41.0,2131.6366629442236,118.19962492511789,77.6224007143558,882.0,882.0,5762.50312911853,288.635342797576,5755.269928681796,3602.775188084657,2159.7279410338724,177.2115921390604,2154.218165145534,0.011337868480725623,0.005668934240362812,10.857259007606647,3.967194503122214,10.832596821615669,3.886791148614811,14.525385948643036,0.6752796999644488,150000.0,2900.0,H2,883.8834764831844
2,83,8,known,3,100.0,300.0,150.0,4047.811456539925,170.21217268557146,4044.2311264275595,1611.537176319047,86.69470833274188,1609.203560214017,1.0,1.0,49.0,3035.6936596057317,82.85914830074032,70.61684138105798,882.0,882.0,2947.5149407632402,164.03653547844044,2942.9468804330736,3961.3348343624953,-1013.819893599255,52.155973020206076,-1016.8077091441346,0.05215419501133787,0.011337868480725623,10.786656864909178,8.229922247357043,10.76218710188758,8.184096943030541,3.581461467281547,0.6836975999758579,150000.0,2900.0,H2,883.8834764831844
2,84,8,known,3,100.0,300.0,150.0,682.3488408550295,65.58641281199651,679.1894898116849,571.3714465477442,62.1706553832682,567.9789956849431,1.0,1.0,29.0,1379.0365511297882,182.91449100084125,64.69697967717553,882.0,882.0,2359.5227002805755,112.0074546478651,2356.8626823051536,3816.256436741714,-1456.7337364611385,4.2946024255114,-1457.8733678611866,0.045351473922902494,0.005668934240362812,11.04541900588822,10.509677970008571,11.020934961889527,10.484520530331439,2.2450951466010056,0.6083814000012353,150000.0,2900.0,H2,883.8834764831844
2,85,8,known,3,100.0,300.0,150.0,1007.2670128142965,60.61975551132221,1005.4412366446802,853.5466713182916,44.672850120084775,852.3768278060379,1.0,1.0,77.0,965.8686522035539,260.4613745107179,94.7935114213269,882.0,882.0,4561.599973473128,123.98470051290552,4559.914704468578,3920.4380108053942,641.1619626677334,13.616953684906562,641.0305320251177,0.024943310657596373,0.011337868480725623,10.68294956476172,11.123620250373323,10.657678204102965,11.09991883157823,4.100823176986857,0.786902999971062,150000.0,2900.0,H2,883.8834764831844
2,86,8,known,3,100.0,300.0,150.0,1578.13796093955,53.1324524744198,1577.2432806173226,1001.202750211314,35.290390905406525,1000.5805991225506,1.0,1.0,31.0,738.327233874812,342.3598713112438,78.57972788070269,882.0,882.0,2869.6891410840435,119.31909084388795,2867.2074778459723,3768.9942358674584,-899.3050947834149,8.017599529668942,-900.1429874058813,0.04308390022675737,0.006802721088435374,10.624424105757576,8.463396246202642,10.59927137359865,8.430293499463346,3.390706351922984,0.5727374000125565,150000.0,2900.0,H2,883.8834764831844
2,87,8,known,3,100.0,300.0,150.0,1100.5416641517368,141.55758184163224,1091.3997459945754,856.2987332237309,76.26464099185864,852.8957879219179,1.0,1.0,47.0,1033.6634391217146,243.75142764113798,84.90159286678916,882.0,882.0,4549.374271017615,129.2964293081943,4547.536551932838,3752.4921136724884,796.8821573451264,22.953450448919,796.5515834183607,0.023809523809523808,0.007936507936507936,11.04572757336243,8.690178140026013,11.022913076465594,8.658309464880531,5.235075964741958,0.6058633999782614,150000.0,2900.0,H2,883.8834764831844
2,88,8,known,3,100.0,300.0,150.0,1142.6896597427397,56.552042500248355,1141.2894133268862,1011.6181919325547,44.38674584074014,1010.6439447414508,1.0,1.0,32.0,1180.9922986001338,214.70516044357805,82.56476262323015,882.0,882.0,2601.4277946841553,118.10596768802108,2598.7453802463497,3713.307124449265,-1111.8793297651096,8.23765278539328,-1112.9360115040422,0.060090702947845805,0.02040816326530612,10.907257638159095,8.391489244615656,10.884206120003622,8.359561066626846,3.100078804669081,0.5887982999556698,150000.0,2900.0,H2,883.8834764831844
2,89,8,known,3,100.0,300.0,150.0,5292.607494218177,364.7799571107243,5280.021749078758,1616.74559075194,82.87747620024098,1614.6199643118866,1.0,1.0,55.0,2449.96300046962,103.19978245514876,62.00038085802988,882.0,882.0,5030.043908002189,253.1834387578966,5023.6679690012015,4036.4092018192478,993.634706182941,145.64552400457748,988.6915327104507,0.013605442176870748,0.0045351473922902496,10.465164412764164,4.084975364895804,10.438779590785586,4.000017722877197,12.313523237441826,0.5764209000044502,150000.0,2900.0,H2,883.8834764831844
2,90,8,known,3,100.0,300.0,150.0,1360.458692010199,74.03215504971301,1358.4428926844134,860.8577551503113,72.28092161867097,857.8178961600119,1.0,1.0,83.0,1600.3541521535547,157.8804015767121,93.0186322371391,882.0,882.0,3429.2597923237,132.16426276968195,3426.7120291752753,3838.2956458836966,-409.03585355999667,25.359421801527077,-410.09734726701936,0.030612244897959183,0.011337868480725623,10.763940504680104,12.648608604766423,10.73815295490807,12.626578349103356,2.7111755130374093,0.7212833000230603,150000.0,2900.0,H2,883.8834764831844
2,91,8,known,3,100.0,300.0,150.0,4496.1028211599305,253.7593604913342,4488.936039353347,1294.6652799392557,61.6770335414758,1293.1953180450798,1.0,1.0,31.0,1976.6590190657935,127.65279481874566,75.64052927190735,882.0,882.0,3612.682934334641,176.5789909554104,3608.36498209174,3884.157410609751,-271.4744762751102,71.26501398627934,-274.3644389018982,0.026077097505668934,0.005668934240362812,10.823914965539917,4.651123720444725,10.799580561622538,4.58273870081157,7.767333555232128,0.645522799983155,150000.0,2900.0,H2,883.8834764831844
2,92,8,known,3,100.0,300.0,150.0,3926.650998654563,165.8789849015073,3923.145705629976,1645.523948204244,62.77957756701744,1644.3259375057585,1.0,1.0,58.0,3109.4902807420617,81.09749061279285,106.56226869467528,882.0,882.0,2948.5005504601113,165.63334218290515,2943.844610712478,4166.4741771217605,-1217.9736266616492,55.5399146521747,-1221.1747776982152,0.04081632653061224,0.007936507936507936,10.816120834017184,7.467423464550455,10.79292256525525,7.403584895253857,3.948484459810414,0.565211699984502,150000.0,2900.0,H2,883.8834764831844
2,93,8,known,3,100.0,300.0,150.0,1435.2266983205152,68.78703730964513,1433.5773502222223,1168.1830048985894,42.040268940400125,1167.426292628925,1.0,1.0,31.0,1133.6792170961423,223.18117445137142,64.43551593247436,882.0,882.0,2793.7285244715463,120.28616985265846,2791.1378156207443,4035.6586236824633,-1241.930099210917,14.585296733784858,-1243.1363263191092,0.045351473922902494,0.012471655328798186,10.66111384631818,9.785994951919323,10.636904494040074,9.75376433604501,2.85482318169765,0.5397530000191182,150000.0,2900.0,H2,883.8834764831844
2,94,8,known,3,100.0,300.0,150.0,2999.059609818711,163.06464243845372,2994.623259382118,1073.8670154039607,62.26544717146823,1072.0603438525034,1.0,1.0,68.0,1114.7575791364368,226.51084058388838,120.7160423571802,882.0,882.0,4347.071486698393,182.43484255577914,4343.241650966224,3802.0250023629087,545.0464843354839,71.24471313237622,542.8428727178834,0.032879818594104306,0.01473922902494331,10.91109283381531,5.807573158532374,10.885065053001245,5.756348562307116,7.48517731595298,0.6168365000048652,150000.0,2900.0,H2,883.8834764831844
2,95,8,known,3,100.0,300.0,150.0,3494.2704150365958,183.3063172179135,3489.4590594342885,1172.6632044866292,69.76835353910336,1170.5859079970562,1.0,1.0,113.0,1438.1311154528494,175.1902397609605,80.3579385267401,882.0,882.0,4083.671249411681,192.13724251665138,4079.148704485981,3974.8514515937895,108.81979781789141,84.10646517572857,105.76558510466793,0.031746031746031744,0.007936507936507936,10.836316369823585,5.754427983412416,10.813070467698942,5.704485628386653,7.096571998438731,0.6606936000171117,150000.0,2900.0,H2,883.8834764831844
2,96,8,known,3,100.0,300.0,150.0,4291.730880321265,195.49682702541392,4287.275934638001,1694.527997932841,78.73413321805164,1692.6978679152057,1.0,1.0,33.0,3337.902775336904,75.4761737342065,77.39218627504708,882.0,882.0,2706.5757546598475,160.6508633852567,2701.8037707809376,3607.3292537149373,-900.7534990550898,53.94104381759732,-903.9468250195273,0.045351473922902494,0.011337868480725623,10.895613804216932,7.60477302911349,10.87236370473516,7.549837669083592,3.559048697835181,0.5626503000385128,150000.0,2900.0,H2,883.8834764831844
2,97,8,known,3,100.0,300.0,150.0,3863.9466743458306,200.81587668504156,3858.7247745672953,1473.162476605616,50.056030641308254,1472.3118135351724,1.0,1.0,38.0,1716.0220156332082,147.23917797928027,88.91962513899242,882.0,882.0,4054.860918609747,177.91988302950838,4050.955638425512,3965.3019124792454,89.55900613050153,71.40441458800595,87.08458702963571,0.02834467120181406,0.0045351473922902496,10.563622027908673,5.509224132248413,10.537491990115173,5.450122976995042,7.360130612356999,0.5516879999777302,150000.0,2900.0,H2,883.8834764831844
2,98,8,known,3,100.0,300.0,150.0,506.36821585754484,64.34926205022796,502.26282214030556,454.8915052681431,52.99320435452776,451.79420299219896,1.0,1.0,34.0,1241.5751549255772,204.3063423733062,59.15970800290674,882.0,882.0,2592.399375337711,113.53240357791458,2589.9121441835,3734.7137456130636,-1142.3143702753528,6.409340317648656,-1143.2649760438403,0.05782312925170068,0.015873015873015872,10.966290033144084,10.497481624061024,10.943338936210617,10.472474074706266,2.469544094648125,0.6640603000414558,150000.0,2900.0,H2,883.8834764831844
2,99,8,known,3,100.0,300.0,150.0,3500.3935147698808,144.65387008972294,3497.403324769836,1683.0403677565373,60.63531188668979,1681.9477514032544,1.0,1.0,37.0,2904.9739334043593,87.02279183655813,95.61788099505696,882.0,882.0,2144.6015972198456,144.36007966295696,2139.7374087017356,3823.615496399015,-1679.0138991791691,35.49050481224806,-1682.3278549972651,0.061224489795918366,0.018140589569160998,10.787090239941719,8.128753374551914,10.76278596237869,8.08769598135231,2.638290889638491,0.7594052000204101,150000.0,2900.0,H2,883.8834764831844
3,0,8,known,3,100.0,300.0,150.0,1462.772103193475,81.22033742055697,1460.5154852552412,1236.4146214773905,57.75143043175523,1235.0651353212772,1.0,1.0,35.0,1199.6167558958323,209.81449659315152,78.52762187568592,882.0,882.0,2199.825353459353,119.3699490621134,2196.5842576562995,3613.4307430167983,-1413.605389557445,7.43280561599417,-1415.112270361531,0.07482993197278912,0.026077097505668934,11.20534428595877,9.292742913232624,11.181736953363338,9.258140194854207,2.367250847246467,0.5667984000174329,150000.0,2900.0,H3,840.2953427223183
3,1,8,known,3,100.0,300.0,150.0,2006.3200037447973,112.64518607733294,2003.155265944237,925.6237164627777,68.12432215252893,923.1133956397898,1.0,1.0,74.0,827.3660792896064,303.45946379902296,82.6052754169257,882.0,882.0,3021.7581757483135,139.00092736016168,3018.5594602218443,3348.406368500382,-326.64819275206855,31.35514061620495,-328.1161430014786,0.036281179138321996,0.012471655328798186,9.811753505650882,6.590934648928891,9.78418565682916,6.55018964189682,4.58471876403658,0.8192212999565527,150000.0,2900.0,H3,890.210508097568
3,2,8,known,3,100.0,300.0,150.0,1819.5557401579783,75.33360513388956,1817.9955829097548,801.8137934394912,43.2605820115658,800.6459151171931,1.0,1.0,39.0,1990.9589346873327,126.55407624062313,79.93776359479996,882.0,882.0,3330.281787804584,137.05083186886944,3327.4605716171823,6250.191149253996,-2919.909361449412,19.73255295470821,-2921.629428026415,0.036281179138321996,0.007936507936507936,11.684653806250303,12.741512319802633,11.662856620074443,12.716300439183861,2.6137256741719104,0.5899542000261135,150000.0,2900.0,H3,252.62591200019557
3,3,8,known,3,100.0,300.0,150.0,3300.51124310763,82.38290450957791,3299.4829175075965,895.1575058327284,56.21103833094222,893.3908883677001,1.0,1.0,78.0,988.1530624789177,256.0136620921022,68.99624658687618,882.0,882.0,5588.886932675512,257.27834820407895,5582.962027255466,3639.4930486622743,1949.3938840132378,144.2829331617533,1945.223486975196,0.011337868480725623,0.0022675736961451248,11.374774590848077,5.6395197829052695,11.35034768711487,5.580276295359818,9.910217798360708,0.6728238000068814,150000.0,2900.0,H3,840.0796546408004
3,4,8,known,3,100.0,300.0,150.0,2945.6563291838934,180.73322909179856,2940.106581327143,1654.7662878231245,92.74586631358673,1652.165146587249,1.0,1.0,19.0,1090.761843502085,231.6519117833701,70.9404920639672,882.0,882.0,4154.250052300001,179.03486637305846,4150.390344733533,4220.911589727282,-66.66153742728147,70.42273015694435,-69.12361449929085,0.009070294784580499,0.0022675736961451248,10.991402384628167,5.367234891720406,10.968410716376138,5.318018384772175,7.740019090106197,0.5048426000284962,150000.0,2900.0,H3,579.4155679030531
3,5,8,known,3,100.0,300.0,150.0,2608.977089422576,86.47619918829652,2607.543541363373,942.8761791676433,40.89915729272256,941.988719770316,1.0,1.0,32.0,2638.7722823697613,95.75244454053167,66.76485335206853,882.0,882.0,3059.8328661518876,164.91671558875433,3055.3853514250363,4921.924245799765,-1862.0913796478776,46.03457301634997,-1865.1029696228838,0.047619047619047616,0.011337868480725623,12.794843263396338,9.373831259477015,12.774668273568711,9.340956379900867,3.2642286611020155,0.6252166999620385,150000.0,2900.0,H3,309.20200157308074
3,6,8,known,3,100.0,300.0,150.0,4562.443703533828,247.14163556005812,4555.745115772849,1503.8377712078984,54.761240414279925,1502.8403936079935,1.0,1.0,32.0,2058.1213702609016,122.5173503733064,77.62546180676445,882.0,882.0,4969.985497793119,232.18035750404545,4964.559208012653,4121.060646031327,848.9248517617916,112.74147110378006,845.2297479325771,0.011337868480725623,0.003401360544217687,11.479181164469573,4.6744193288907425,11.454721949007816,4.602627664411635,10.632305636500343,0.5900087999762036,150000.0,2900.0,H3,701.4736796441641
3,7,8,known,3,100.0,300.0,150.0,2395.111659421716,133.13750021889902,2391.408427503196,1128.894386343449,56.026575321039054,1127.5032409601083,1.0,1.0,27.0,2172.178345829929,116.71953554019308,74.63720668166444,882.0,882.0,2666.663276800339,143.0267272160956,2662.8248885605253,5227.366580595972,-2560.7033037956326,28.183023475019027,-2563.2799986037817,0.048752834467120185,0.01473922902494331,9.91033981381496,10.793682281558564,9.884761867944622,10.763878664088566,2.470577887359571,0.5920137999928556,150000.0,2900.0,H3,416.9504820068098
3,8,8,known,3,100.0,300.0,150.0,3959.2857434985,200.92064987301163,3954.184428061629,1164.055438337408,55.457159120780226,1162.733661259167,1.0,1.0,40.0,1433.165762812068,176.07856152640923,62.39983792410963,882.0,882.0,3785.4977790682574,194.31845204460362,3780.5070790207096,3871.5585022162613,-86.06072314800394,76.92347884820664,-89.2711648004065,0.027210884353741496,0.005668934240362812,11.552525587270072,5.538810438415125,11.530369718306499,5.482267346927362,6.8344960008261975,0.6577596999704838,150000.0,2900.0,H3,816.0705573272897
3,9,8,known,3,100.0,300.0,150.0,1240.7696269468552,69.6949896236768,1238.8106697858207,1170.142651794181,59.87364066771429,1168.6098462280345,1.0,1.0,37.0,1112.5386182733669,227.05528229592443,66.83795116382099,882.0,882.0,2422.856963916947,121.7250820191687,2419.7972791141556,4603.443767461306,-2180.5868035443596,10.233263058548047,-2182.296167838351,0.05668934240362812,0.005668934240362812,11.927840282147823,9.197220828397704,11.906709608678572,9.166555507870202,2.6343359685743737,0.49267649999819696,150000.0,2900.0,H3,452.95164342927336
3,10,8,known,3,100.0,300.0,150.0,2994.0889020243335,93.39889143455939,2992.6317849518464,1411.1662547157969,32.17611513935338,1410.7993819332173,1.0,1.0,56.0,2497.9669284787205,100.69778389522767,59.356180118682786,882.0,882.0,2688.4451681901915,144.43866452076094,2684.562328305425,4432.76129578525,-1744.3161275950583,34.288062760372995,-1746.830178609704,0.04421768707482993,0.01020408163265306,10.581048628302648,9.964838560437975,10.556752096351822,9.926771211120272,2.6979314836707484,0.5612155999988317,150000.0,2900.0,H3,721.693171550527
3,11,8,known,3,100.0,300.0,150.0,3552.5645994912898,87.93193716656741,3551.476201241512,921.3945406256682,41.587378224567715,920.455533671884,1.0,1.0,190.0,922.4203232160291,272.74479475844385,98.45014819173703,882.0,882.0,5773.553590842041,239.08915444154175,5768.600995263362,4311.42227781866,1462.1313130233802,124.05454972096831,1458.713630448845,0.015873015873015872,0.0022675736961451248,13.245246299107748,5.943808599856012,13.224585341266096,5.890834953836415,9.713559065448212,0.8548352000070736,150000.0,2900.0,H3,541.172742389353
3,12,8,known,3,100.0,300.0,150.0,2486.3206960818356,103.00074876573407,2484.1862751248273,1381.076385017548,51.679729991335684,1380.1091213238035,1.0,1.0,32.0,1307.9541325461155,192.44694866722998,89.20158601303118,882.0,882.0,3314.5899689917983,138.4340307166355,3311.697854829241,5630.7799392558845,-2316.1899702640862,31.16782729700438,-2318.060282598196,0.024943310657596373,0.007936507936507936,9.852926651247675,6.5846534179968295,9.827227040377085,6.538742767855352,5.033810830396228,0.5169586999691091,150000.0,2900.0,H3,370.1165982924059
3,13,8,known,3,100.0,300.0,150.0,975.1524213134688,46.33242602506787,974.051102916142,580.9420874191152,34.72293779257572,579.9034631091038,1.0,1.0,53.0,780.1558013554823,322.87510865813016,60.672949461476584,882.0,882.0,3351.5364824158414,130.17947275602077,3349.0073302155247,3560.449976167146,-208.9134937513045,14.50237986543496,-209.56300672725,0.03968253968253968,0.006802721088435374,10.395428676097438,8.808675070113196,10.365869321456266,8.777510605494587,3.8048133865071407,0.672414899978321,150000.0,2900.0,H3,881.1746362256414
3,14,8,known,3,100.0,300.0,150.0,4522.52299067894,217.0044178948776,4517.313724309358,1960.4545888239336,54.10822683244151,1959.7077574551436,1.0,1.0,27.0,1838.0198113054805,137.62400466207092,41.575689525975264,882.0,882.0,5084.598721235506,220.13063880765918,5079.831361162284,4977.866794278676,106.73192695682974,91.71879993530527,103.62113437124844,0.012471655328798186,0.003401360544217687,11.889610358031247,4.398666495354982,11.865573191597335,4.3271121710057905,11.559409486045082,0.6756894999998622,150000.0,2900.0,H3,793.9997463988623
3,15,8,known,3,100.0,300.0,150.0,1490.0233473943354,91.70411809039416,1487.1986856185301,1201.4554372665477,65.76839273376822,1199.6539860537155,1.0,1.0,29.0,1560.543506730668,162.55786333099013,82.9235932954271,882.0,882.0,2502.173168408233,126.17738943542128,2498.9897621033497,3326.846232788533,-824.6730643803003,7.332829702097797,-825.7330575074893,0.034013605442176874,0.007936507936507936,13.952707662717195,8.956758590204396,13.934278180791212,8.92688298901577,2.793614613153409,0.6186843999894336,150000.0,2900.0,H3,643.809074450023
3,16,8,known,3,100.0,300.0,150.0,2950.3453212635627,98.3686621658754,2948.704990500998,856.4274516916873,43.19237663943163,855.3375933579413,1.0,1.0,46.0,2584.5290018714313,97.23091010459187,67.49226136631047,882.0,882.0,3065.7792512025285,163.95177126538093,3061.392205158117,6505.1715137527735,-3439.392262550245,44.142461716427405,-3442.675918154089,0.03854875283446712,0.007936507936507936,10.464163596732337,9.884744739579878,10.439648881822077,9.847705242036675,3.101525969534374,0.6069414000376128,150000.0,2900.0,H3,260.16858669692397
3,17,8,known,3,100.0,300.0,150.0,1956.6592031339108,62.21956259561911,1955.6696968657668,971.6391670752229,73.06524415197174,968.8880952368263,1.0,1.0,38.0,1060.709166636312,236.96827208824826,70.749907921453,882.0,882.0,3908.8761831789793,139.20145585832245,3906.3968014156967,3591.396417578338,317.47976560064126,27.88826792805436,316.7258412318356,0.027210884353741496,0.009070294784580499,10.098262932279273,6.8216615246928,10.071007726010293,6.781937928586624,5.730094008666031,0.539020900032483,150000.0,2900.0,H3,872.5128452264482
3,18,8,known,3,100.0,300.0,150.0,2464.384276919896,115.7774422579946,2461.6631467758125,1198.2649940356616,82.46374384493531,1195.4240782594106,1.0,1.0,34.0,1013.3543667675712,248.76458750811327,71.620734606626,882.0,882.0,2566.1342162116525,142.094966718794,2562.1970720546415,4808.07564299246,-2241.941426780808,19.289790912761035,-2244.3100045585416,0.03968253968253968,0.005668934240362812,10.831375704144314,5.980434764574268,10.803013724858062,5.932153599656992,4.290882381014199,0.529537700000219,150000.0,2900.0,H3,763.8577209043608
3,19,8,known,3,100.0,300.0,150.0,4867.750052322698,268.6474246806525,4860.331175249284,1367.3603788533123,48.33024212867744,1366.5059799919127,1.0,1.0,34.0,2060.5915578471067,122.42329761462372,63.67967942109092,882.0,882.0,4198.944988380258,204.30568201582372,4193.971650326184,4658.062533874438,-459.11754549417947,79.46117913627913,-462.4175537229694,0.026077097505668934,0.003401360544217687,12.47823684547307,4.69663907995344,12.456345015816442,4.621132682863156,8.940318634026026,0.5456931999651715,150000.0,2900.0,H3,831.4055082830824
3,20,8,known,3,100.0,300.0,150.0,2984.8292738940104,83.81369864624341,2983.652301829736,1505.618133734682,46.06372637949257,1504.9133190130062,1.0,1.0,33.0,2472.692075282849,102.01918092984842,78.50264025810083,882.0,882.0,2530.23596923207,139.57055285157438,2526.383605229511,4448.541917822974,-1918.3059485909039,26.555926715980988,-1920.7225199835511,0.045351473922902494,0.01020408163265306,11.016875548536149,8.308989531952705,10.993408218209904,8.266459614116247,3.045178910747089,0.513848299975507,150000.0,2900.0,H3,531.3385500942463
3,21,8,known,3,100.0,300.0,150.0,980.824077707392,90.95445525988569,976.5977465051482,913.1089360913726,71.41011024882592,910.312322955242,1.0,1.0,29.0,1329.5700301658758,189.50798847589317,80.91129113598657,882.0,882.0,1984.6719956872582,111.75906867836939,1981.5228590741485,3915.060752139815,-1930.388756452557,4.756425226250286,-1932.0753736574425,0.07029478458049887,0.021541950113378686,10.57816108026632,8.509110677534098,10.551542882559083,8.474269304237946,2.332408251460665,0.4970302999718115,150000.0,2900.0,H3,709.6863720983483
3,22,8,known,3,100.0,300.0,150.0,1219.0722651891215,73.5411345110108,1216.8520408365878,858.3785307080142,48.59677215528141,857.0017827965919,1.0,1.0,29.0,1394.025325184795,181.34729954191977,82.43117580294862,882.0,882.0,2531.1851126739457,115.27703465530723,2528.5587357036607,5397.602139243307,-2866.417026569361,-2.5959012461080704,-2867.7561943709266,0.04308390022675737,0.013605442176870748,9.552113398013823,8.898281411210494,9.523611118449168,8.866062353228276,2.8445775040167125,0.49237340001855046,150000.0,2900.0,H3,429.52470095730604
3,23,8,known,3,100.0,300.0,150.0,1302.1738665379955,53.768573773570495,1301.0633032903777,324.3063821131034,48.55858945421111,320.65042159571163,1.0,1.0,135.0,0.6202393923072977,406006.02223212086,101.88303538730369,882.0,882.0,5229592.155261341,146336.381711987,5227544.334939532,9002.291019246342,5220589.864242095,146177.66825030927,5218543.443115258,0.0,0.0,10.856343826990258,7.854185784666154,10.832169111993295,7.816350147510399,6658.350462591747,0.7498526999843307,150000.0,2900.0,H3,660.0050996886612
3,24,8,known,3,100.0,300.0,150.0,1033.5143812420124,78.3421596761849,1030.540868792369,821.2036578193748,51.97119076195331,819.5574677511673,1.0,1.0,33.0,1423.3261916211582,177.76459352942766,60.44343938048691,882.0,882.0,2728.965972203404,118.44768799717274,2726.3942162959843,5480.505105934708,-2751.539133731304,7.926878612922295,-2752.99638548351,0.05328798185941043,0.013605442176870748,10.705179500157032,10.337570254150897,10.681598806568145,10.309098286964861,2.6398524073948892,0.6280673000146635,150000.0,2900.0,H3,220.9380979440164
3,25,8,known,3,100.0,300.0,150.0,1523.8938575723078,107.87359434813884,1520.07097754974,1137.4373222091697,56.875182741991786,1136.0144697768737,1.0,1.0,28.0,1240.61468406215,203.8582193279637,59.20411487133617,882.0,882.0,2474.203787949956,124.6080394217845,2471.06398557734,6035.699446473355,-3561.495658523399,17.249197177983547,-3563.6805729893963,0.03968253968253968,0.007936507936507936,9.809099754623263,8.12849139323584,9.78211613590523,8.094981688740376,3.043865913432443,0.5561369999777526,150000.0,2900.0,H3,240.6318476932143
3,26,8,known,3,100.0,300.0,150.0,1884.6704822898855,100.09649966035272,1882.0104987939187,905.5860420055142,54.343179775529855,903.9540354946691,1.0,1.0,48.0,596.2929100542024,423.89258582980176,66.01623018066063,882.0,882.0,3580.427909194213,144.24854488881635,3577.520981103298,3283.7751307130366,296.6527784811765,30.820704244818415,295.70544179334775,0.03741496598639456,0.009070294784580499,11.257512896847146,7.624059800317164,11.234444067290308,7.588476527127254,4.696222226700354,0.5571207999601029,150000.0,2900.0,H3,940.0733017505834
3,27,8,known,3,100.0,300.0,150.0,886.0058252364369,59.400720189934916,884.0123736655595,844.0720146632426,47.20014775863455,842.751275281876,1.0,1.0,28.0,1362.0712927070665,184.8449418523681,61.8020313080363,882.0,882.0,2298.7844234196227,120.44820162835708,2295.6267240301027,4924.086422680569,-2625.301999260946,0.02541505598925653,-2626.986956780252,0.060090702947845805,0.017006802721088437,13.326588068415527,10.314796537501046,13.306877656199642,10.288871436490531,2.228627986080031,0.5027030999772251,150000.0,2900.0,H3,557.6661447186349
3,28,8,known,3,100.0,300.0,150.0,1932.9334385235697,111.93392219691381,1929.6897353782463,844.7129016126047,68.7399863254679,841.9113376304897,1.0,1.0,69.0,2186.429513386338,115.7031462055269,91.36477467143006,882.0,882.0,2804.940214841914,143.4139178531597,2801.271507191584,5491.88056269138,-2686.940347849466,19.93481930435182,-2689.220731860299,0.04195011337868481,0.01020408163265306,12.024715427338558,9.900717493368619,11.997312504425631,9.87268199218057,2.8330676203220917,0.5670600000303239,150000.0,2900.0,H3,678.9106904569037
3,29,8,known,3,100.0,300.0,150.0,3286.1346615031675,163.20650242815208,3282.079318221561,1188.244520355547,64.42210666718253,1186.4968741330697,1.0,1.0,65.0,1120.1608211625091,225.1010031803228,58.1654569657209,882.0,882.0,4420.783668390171,206.43113877844095,4415.961325424839,4797.8106527011005,-377.02698431092904,80.84393340535807,-380.20536402818016,0.02834467120181406,0.01020408163265306,11.718247633566682,5.9752649430516485,11.696372341267468,5.924737998937163,7.398473056045641,0.5458867000415921,150000.0,2900.0,H3,808.6646869218672
3,30,8,known,3,100.0,300.0,150.0,1716.8809608328982,88.62897257793519,1714.5918286549354,631.2647635978589,71.21170974939838,627.2352781491392,1.0,1.0,66.0,0.09258555013633973,2718809.706136595,82.00054705418665,882.0,882.0,35580093.5523149,995793.3511249922,35566156.002488315,4595.531975006658,35575498.02033989,995687.6095061353,35561561.687213615,0.0,0.0,10.48111648423435,7.869060612338588,10.457200302905377,7.8339898603608855,45215.17282066141,0.5425580000155605,150000.0,2900.0,H3,778.5241178845989
3,31,8,known,3,100.0,300.0,150.0,3612.037331440013,181.07623007777374,3607.495680193825,1255.8447123267088,73.98038453450518,1253.6637683936951,1.0,1.0,32.0,3299.72847089594,76.51996426370252,57.45485209199489,882.0,882.0,2635.069273687376,158.8311669792404,2630.278072281965,3687.2271237833343,-1052.157850095958,43.52911167997627,-1055.1458244234445,0.048752834467120185,0.007936507936507936,12.867123676029758,7.4451536770988636,12.84263314212767,7.39324702752161,3.5393081029244486,0.4751683000358753,150000.0,2900.0,H3,606.0135820105762
3,32,8,known,3,100.0,300.0,150.0,946.8160876137216,59.724814663002334,944.9305002367236,582.2515796222161,41.28346769373498,580.7861717256586,1.0,1.0,197.0,1031.442278959869,243.85148976009205,83.12803461861773,882.0,882.0,7112.427814751757,147.45554730696568,7110.899119072275,6172.916917705065,939.5108970466918,34.60781126508017,939.0137781606645,0.02040816326530612,0.003401360544217687,9.9930304215756,13.376261723079967,9.96747005586976,13.356237722557431,5.317201443868038,0.9032766000018455,150000.0,2900.0,H3,426.97582286821444
3,33,8,known,3,100.0,300.0,150.0,2203.049572638143,51.37298167464051,2202.4505071067915,837.3413840634248,40.950524123931075,836.3394335072495,1.0,1.0,91.0,484.68416420633736,517.8324397261842,72.43539401246801,882.0,882.0,4781.600330154842,166.38385712604153,4778.704649737704,4186.390854920586,595.2094752342555,56.84763487153022,593.7470387006542,0.01927437641723356,0.005668934240362812,10.937071766746067,7.398069183765104,10.913249724840043,7.359656959706037,6.4633084814183075,0.8481678999960423,150000.0,2900.0,H3,548.9707860166361
3,34,8,known,3,100.0,300.0,150.0,3055.863277423588,95.79352234512959,3054.3614670472034,1205.968717239321,48.068760028255745,1205.0103490299157,1.0,1.0,49.0,2794.8728480914488,90.06573388604974,90.67411168681753,882.0,882.0,2842.9862208686395,161.43393660732826,2838.3991502536087,4452.528824795219,-1609.54260392658,46.4522794948051,-1612.644789560955,0.048752834467120185,0.01020408163265306,11.734359222288766,8.921159489584788,11.710422159203187,8.882998965799636,3.1867900402271125,0.7164452000288293,150000.0,2900.0,H3,658.5948750300481
3,35,8,known,3,100.0,300.0,150.0,2874.3313736399896,187.61408349977407,2868.20184107808,1563.5148709041257,80.58241013729402,1561.4369108980386,1.0,1.0,29.0,1535.8105382762203,164.13073388356807,56.449289594108,882.0,882.0,3930.061778557297,158.05498989039666,3926.8822497558663,3747.2292141763082,182.83256438098897,49.05787066262731,181.23859190793337,0.026077097505668934,0.0045351473922902496,10.313159631669986,5.5489352738792626,10.288376592708843,5.49816460512659,7.082551128425381,0.9200241999933496,150000.0,2900.0,H3,951.7656773215101
3,36,8,known,3,100.0,300.0,150.0,940.3487934111798,79.95985138732695,936.9430481283151,907.2817591286147,46.27296996450877,906.1009892380524,1.0,1.0,50.0,1480.680939298903,170.29976733147637,77.34726144688163,882.0,882.0,2445.2640053862406,119.70908074368018,2442.3320396754134,3745.543508118844,-1300.2795027326033,3.5402075171770377,-1301.4095331504277,0.06349206349206349,0.015873015873015872,11.699628528294205,10.584640096450052,11.67342836323867,10.55827713985866,2.310200425431895,0.8399699999717996,150000.0,2900.0,H3,686.0735609627801
3,37,8,known,3,100.0,300.0,150.0,1846.7562907621423,86.67564362966301,1844.7211524430813,560.8590605540224,57.239833609216134,557.9305398111219,1.0,1.0,163.0,0.2732829594789215,924246.4935625221,97.26516512940567,882.0,882.0,22236739.372341946,622524.2175528418,22228023.787822943,4527.410363003747,22232211.961978942,622411.4771790712,22223497.78139308,0.0,0.0,11.666476122102996,7.859712282292125,11.642299698452856,7.8237440967059335,28292.052652412178,1.1316555999801494,150000.0,2900.0,H3,517.7178068134716
3,38,8,known,3,100.0,300.0,150.0,1404.5148603833948,88.01697291795803,1401.7542600313886,1220.5924414298293,60.35938989116424,1219.0991149728547,1.0,1.0,37.0,1659.2887203750015,151.55061393386103,86.80499101811732,882.0,882.0,3160.8257566279867,118.803013628343,3158.592298432279,4188.826745873306,-1028.0009892453195,6.112630673080901,-1028.7183402155092,0.05782312925170068,0.017006802721088437,13.057151219336049,10.035034293982918,13.035243494789494,10.008578780198308,3.14979068733551,0.7892323999549262,150000.0,2900.0,H3,475.208740652662
3,39,8,known,3,100.0,300.0,150.0,2403.018028712275,102.99790595643198,2400.809671274426,1143.5186902379073,83.24551261484473,1140.4846248647593,1.0,1.0,44.0,2196.3753371896623,114.70099313870193,61.86175806491688,882.0,882.0,2368.005928271848,124.85562734682387,2364.712064639255,5795.558362017327,-3427.5524337454794,-4.951587775441368,-3429.3924230664306,0.06462585034013606,0.011337868480725623,10.262797350325906,9.660243258886819,10.237191325612336,9.629182951208476,2.4512901640374642,0.7021325000096112,150000.0,2900.0,H3,438.24671152856155
3,40,8,known,3,100.0,300.0,150.0,3183.3067553708247,160.39449386517938,3179.263358881623,1311.7132081473933,67.13943034403685,1309.993831024179,1.0,1.0,29.0,2905.2370048256844,86.87166583290933,75.62094721042392,882.0,882.0,2655.312292068309,152.36432221926077,2650.9372836270045,6499.705984460704,-3844.3936923923948,16.92061412216964,-3847.357330067514,0.047619047619047616,0.007936507936507936,12.263609912993573,8.223484220264503,12.240722899822018,8.177755736256987,3.228938271110226,0.5362470999825746,150000.0,2900.0,H3,749.8431741387388
3,41,8,known,3,100.0,300.0,150.0,1028.659234089054,92.33486670753348,1024.5067555984106,683.4382839116331,60.27542199902473,680.7751180962165,1.0,1.0,68.0,738.6671206643206,341.0885615401791,72.1437050686153,882.0,882.0,3491.2861101177164,131.94298964525913,3488.792018762994,6577.2843480069905,-3085.998237889274,-8.351608712989218,-3086.9959051446226,0.03968253968253968,0.006802721088435374,12.425849288462778,9.752455114154838,12.404426161527649,9.72508485214772,3.5799048231972064,0.5713766000117175,150000.0,2900.0,H3,688.7998264642263
3,42,8,known,3,100.0,300.0,150.0,2779.957828982581,112.20854031099054,2777.6923469676804,1158.5101449981173,55.57633969229251,1157.1763160944686,1.0,1.0,46.0,2459.217196815873,102.87942534874801,102.49108438333111,882.0,882.0,2667.496947707229,144.2918691498947,2663.5915269659145,5147.7033752306015,-2480.2064275233724,20.532228942265704,-2482.6239359559604,0.045351473922902494,0.007936507936507936,10.865047680596795,9.781753360821234,10.841304828225105,9.746084741888833,2.727013091938435,0.6979823999572545,150000.0,2900.0,H3,647.3193835688335
3,43,8,known,3,100.0,300.0,150.0,3110.577849030585,156.0465341897224,3106.6612358039806,1591.4531562501843,78.72440266595733,1589.5048338912222,1.0,1.0,38.0,2897.623469689928,87.03941048793114,70.1016495890639,882.0,882.0,2897.6937943453618,155.988340459095,2893.492174419768,3829.4542039054163,-931.7604095600545,39.42560647163771,-934.1876226445365,0.03741496598639456,0.011337868480725623,13.863196512499812,8.800686708719141,13.84134614503294,8.762465231462105,3.2925769207015603,0.5738736999919638,150000.0,2900.0,H3,729.2879038757557
3,44,8,known,3,100.0,300.0,150.0,1832.1933120044437,77.78934805955659,1830.5412177501717,727.1871956857595,44.25889021152944,725.8390787265198,1.0,1.0,35.0,2279.449890874284,110.9683813327105,88.86664728942291,882.0,882.0,2893.6487306864956,132.99582621451844,2890.590785084095,6493.451303112968,-3599.8025724264726,4.59556619444723,-3601.5909128604626,0.046485260770975055,0.01473922902494331,13.901503703137596,10.44775975711513,13.881787078764539,10.418781112829588,2.769635594574104,0.7089759000227787,150000.0,2900.0,H3,260.1002592519778
3,45,8,known,3,100.0,300.0,150.0,2458.6256820294384,128.2544093257343,2455.278202327229,1297.9372515817201,81.81717881132845,1295.3559581423417,1.0,1.0,39.0,1468.9937175894584,172.55708513063243,79.11196889215331,882.0,882.0,3547.89700927176,142.40536627717262,3545.0379264621365,4577.504156535017,-1029.6071472632566,34.95994362514631,-1031.2050505055945,0.023809523809523808,0.005668934240362812,10.0986755670324,6.386149778385283,10.07306178305987,6.338463285117557,5.55561196087204,0.6734597000177018,150000.0,2900.0,H3,739.4226690954096
3,46,8,known,3,100.0,300.0,150.0,1510.9409906338349,40.79994742179254,1510.3900295843896,898.7346892315288,43.03974036140529,897.7035269941383,1.0,1.0,22.0,1919.1365540016793,131.15925384169634,72.2548168263628,882.0,882.0,2168.6500826376177,119.6331391214606,2165.347799534313,4106.968604980534,-1938.3185223429164,6.403083346600241,-1940.0596195612598,0.060090702947845805,0.01473922902494331,11.881742144077913,10.11789798351608,11.860227575581447,10.08833857659868,2.1433800638934573,0.7249171999865212,150000.0,2900.0,H3,426.2478773138413
3,47,8,known,3,100.0,300.0,150.0,1251.7196878063373,70.14937913070226,1249.7524720717986,966.1877336548772,51.79961440582739,964.7981843953457,1.0,1.0,34.0,1348.3241666066701,187.68726020959988,68.33642283945767,882.0,882.0,4105.483808626596,133.15303096539512,4103.3239664008825,4830.945720886716,-725.4619122601198,22.193888687998268,-726.3473088412256,0.03741496598639456,0.013605442176870748,11.644987890361385,11.665395514176865,11.621776803180538,11.64093234639703,3.519369577857205,0.5690366000053473,150000.0,2900.0,H3,385.42347718117855
3,48,8,known,3,100.0,300.0,150.0,1808.167099129353,58.32428283714877,1807.2261995681092,1032.0024367005133,34.16087634740169,1031.436892826204,1.0,1.0,68.0,788.5543033720522,319.4963476583391,69.0503790597934,882.0,882.0,4155.785724183978,132.44443975154218,4153.674693053159,8184.486967041812,-4028.7012428578337,-12.157063804845563,-4029.534782381679,0.035147392290249435,0.007936507936507936,11.7024765872643,7.989895578819727,11.680482466657606,7.9525786034318005,5.201301673078778,0.7381568000419065,150000.0,2900.0,H3,673.5452866234889
3,49,8,known,3,100.0,300.0,150.0,1225.5212918064124,64.83461921040657,1223.805094295125,787.4864528395108,40.44148448701227,786.4473280126533,1.0,1.0,93.0,1232.7618325938884,204.6814554184945,77.00398559690736,882.0,882.0,5072.963215719785,139.92986643340498,5071.032973717085,6176.591838715278,-1103.628622995493,25.867210181797233,-1104.5055819501858,0.02947845804988662,0.005668934240362812,10.47760460815883,13.835987904651242,10.450978745994375,13.815714090580414,3.666498735528966,0.7296185999875888,150000.0,2900.0,H3,301.23646862702935
3,50,8,known,3,100.0,300.0,150.0,5001.250437550523,282.47445156252525,4993.266878839318,1390.248266023156,72.53614886942967,1388.3546910957532,1.0,1.0,41.0,1991.1848171277027,126.49095142216177,84.1457251118624,882.0,882.0,4361.864302537585,241.3654830439683,4355.181155514273,3924.8967079618515,436.96759457573353,124.95496023137757,432.0111670549054,0.022675736961451247,0.009070294784580499,12.341890395751806,4.5886664712643235,12.321046857290137,4.51913890056927,9.505734029380768,0.5316554000019096,150000.0,2900.0,H3,748.426717150897
3,51,8,known,3,100.0,300.0,150.0,1987.6923941435177,81.18440187838556,1986.0337727812278,840.8597445651063,53.91238226190214,839.1296473542943,1.0,1.0,60.0,2172.6799141644565,116.11470478405091,81.69757140169685,882.0,882.0,3340.1375372439074,159.86782876026217,3336.309494791104,5436.033196506357,-2095.8956592624495,38.07839213109317,-2098.359239055023,0.05102040816326531,0.01020408163265306,13.647708445143103,10.65267703803482,13.627444285004954,10.610945758151109,3.13549122471105,0.7468391999718733,150000.0,2900.0,H3,273.3287034226554
3,52,8,known,3,100.0,300.0,150.0,1151.3487133845572,66.04194157610578,1149.4530533106313,875.0351858609902,43.97876274567512,873.9293134585528,1.0,1.0,62.0,1305.413173288389,193.4844433666531,89.56863356896714,882.0,882.0,2928.762660468542,123.62287846006286,2926.152440539628,6426.806318730323,-3498.0436582617813,-15.080088538232147,-3499.156964105247,0.04195011337868481,0.017006802721088437,10.847950906209157,10.680195573290458,10.823772795635396,10.652929461425135,2.7422369191374467,0.8226636999752373,150000.0,2900.0,H3,596.5900797983974
3,53,8,known,3,100.0,300.0,150.0,1671.4811164241346,64.45700688244257,1670.237832413764,620.775755421319,47.10944863897102,618.9856527964452,1.0,1.0,57.0,2020.0865298107806,125.17276325085895,88.38087795142162,882.0,882.0,2685.3924182335268,136.64581383905283,2681.9135633846167,4402.190985642146,-1716.7985674086194,26.2167021918294,-1718.8921452748532,0.05102040816326531,0.007936507936507936,10.445761306393479,11.254247253146765,10.421743054845233,11.22415634024765,2.3861146443914074,0.7802643000031821,150000.0,2900.0,H3,572.5351328557339
3,54,8,known,3,100.0,300.0,150.0,3009.6176726093213,63.91809169461697,3008.9388516280064,1457.5298593759524,53.02236989534325,1456.5651098605806,1.0,1.0,33.0,2357.9972976316194,106.53127230221462,69.30447344882074,882.0,882.0,2148.3393647256917,123.3742430116136,2144.7938880440934,4570.030097460159,-2421.690732734467,16.13851882231934,-2423.9778934251135,0.049886621315192746,0.009070294784580499,9.555029734607384,9.052338313731877,9.524767205638524,9.013807366061563,2.3732424598700477,0.6792728999862447,150000.0,2900.0,H3,370.6281644621074
3,55,8,known,3,100.0,300.0,150.0,1947.7695699643448,70.0520846880872,1946.5094407965098,932.9262675106477,56.84908003842903,931.1925701540648,1.0,1.0,32.0,1985.0975728570627,127.53904711263476,52.522492677751494,882.0,882.0,2607.675622076599,131.88581647326473,2604.338357699659,3675.625767675784,-1067.950145599185,21.56867681439111,-1069.631554085096,0.05895691609977324,0.012471655328798186,11.834151438260772,10.855535213892544,11.811096674497223,10.827565993839489,2.402162187949411,0.6405201999587007,150000.0,2900.0,H3,718.8115713913684
3,56,8,known,3,100.0,300.0,150.0,1380.550749109092,61.54877509739592,1379.178059261996,1178.767756634669,43.68630055890938,1177.9579496845406,1.0,1.0,30.0,1427.463163200944,176.60685308494732,79.80030916194754,882.0,882.0,2198.489484894719,120.49614356748323,2195.184888472498,4201.670384434211,-2003.1808995394917,4.921670764891587,-2004.8956536918945,0.049886621315192746,0.018140589569160998,11.527734331694676,9.407360899552929,11.504458731685144,9.377834441637932,2.336988564985531,0.6944071000325494,150000.0,2900.0,H3,806.5960746316712
3,57,8,known,3,100.0,300.0,150.0,2361.3803008720965,102.8450479788114,2359.1396358530856,1438.4340808023396,48.8819613245458,1437.6032688717487,1.0,1.0,35.0,2280.63255955993,110.70338384170451,93.73636618352685,882.0,882.0,2460.574096741288,131.97905065669863,2457.032033926697,4536.853219991702,-2076.2791232504137,10.205465162761257,-2078.186630440548,0.05442176870748299,0.015873015873015872,12.08358019439251,9.769070067643959,12.057736056249103,9.7370904440127,2.5187393269815224,0.7643548999913037,150000.0,2900.0,H3,664.4832436590438
3,58,8,known,3,100.0,300.0,150.0,2041.0187292173305,25.180271732111617,2040.863397420666,1030.2334255794306,33.60316813065666,1029.6852617536636,1.0,1.0,109.0,835.7523597107986,302.01258119617626,92.79843018925173,882.0,882.0,3461.5627395579954,128.40717790362902,3459.180278123573,5142.262079073528,-1680.6993395155328,4.641465080805489,-1681.5921675510126,0.035147392290249435,0.005668934240362812,13.27464349211904,7.982655744362974,13.25382681428962,7.946836718989424,4.3363547801775235,0.960035500000231,150000.0,2900.0,H3,420.8372426722045
3,59,8,known,3,100.0,300.0,150.0,2518.381984158903,113.68034991897566,2515.8148970419966,783.3026623941348,58.31007720563452,781.12930799581,1.0,1.0,104.0,681.9572263445534,370.2136053143292,56.34776671935994,882.0,882.0,4757.995643067778,190.76542399217823,4754.169863652438,6680.298171120712,-1922.3025280529346,68.91605928746836,-1925.0169421944975,0.02834467120181406,0.006802721088435374,11.643818212369059,6.797382595316302,11.620153330622767,6.75480067165334,6.9997467059545055,0.7689777999767102,150000.0,2900.0,H3,298.11944750013015
3,60,8,known,3,100.0,300.0,150.0,4219.508413878044,172.89345945410417,4215.964789519191,1356.3860043957288,68.15392112781898,1354.672667457166,1.0,1.0,194.0,1567.7796010969475,160.72029030574524,91.6723553126037,882.0,882.0,5051.4318534735885,228.16902445292058,5046.276118740216,6054.526124624479,-1003.0942711508906,95.59180176360266,-1006.7982962809883,0.01473922902494331,0.0045351473922902496,12.863179647277333,4.9517502982014285,12.842320525815115,4.889951078028176,10.201305698529197,1.0374526000232436,150000.0,2900.0,H3,853.4120412184781
3,61,8,known,3,100.0,300.0,150.0,1235.9851475313922,56.19321190394535,1234.7070939514826,598.6279179159728,53.88652827923018,596.1976401986378,1.0,1.0,218.0,440.1927889835696,572.4451966757862,92.89306497268262,882.0,882.0,5894.529676815471,163.59936988740552,5892.258934995199,6758.509971643237,-863.9802948277656,34.100874024160646,-865.0102750015603,0.027210884353741496,0.007936507936507936,11.88344419276364,8.455808700225237,11.860873711455241,8.422772780390577,6.970982771474547,1.202194400015287,150000.0,2900.0,H3,388.83196988298005
3,62,8,known,3,100.0,300.0,150.0,947.2874528837001,115.72615260618505,940.1919889011277,932.0482609414653,59.38806676534827,930.1542980870884,1.0,1.0,61.0,966.9562515397588,261.6476293024955,82.10476403802129,882.0,882.0,2880.148848395003,143.4503442175874,2876.5742451143024,7698.512209052875,-4818.363360657871,-7.477810818870836,-4820.458360049422,0.03854875283446712,0.006802721088435374,11.259620900958005,9.28675491561812,11.236492993619738,9.259055631390398,3.1013511980931847,0.7588629000238143,150000.0,2900.0,H3,719.5839557641735
3,63,8,known,3,100.0,300.0,150.0,3557.583033365971,168.16019261405302,3553.6065045124833,1439.245495518417,46.772019130725,1438.4853056588688,1.0,1.0,93.0,1515.7502913751491,165.94823651986218,64.03316321303393,882.0,882.0,4187.334798811103,188.86419381775485,4183.0733956778695,7466.4541531749455,-3279.119354363843,62.016179767994245,-3282.3031656748826,0.021541950113378686,0.006802721088435374,10.56603515877422,5.232439940996996,10.54185843700178,5.167954884576714,8.002642832080442,0.6298094000085257,150000.0,2900.0,H3,206.5669578573706
3,64,8,known,3,100.0,300.0,150.0,2280.895358945409,65.6123793962828,2279.9514587220197,930.9440072358851,47.51929609315078,929.7304238902905,1.0,1.0,50.0,2313.5867602831804,109.04369512928855,84.96517185916413,882.0,882.0,2979.271337015323,145.30283006116966,2975.7259260787587,4029.762106486861,-1050.490769471538,34.802654429116956,-1052.520881908893,0.03968253968253968,0.013605442176870748,11.46999507350368,9.524306532146548,11.447878560920842,9.493089674185837,3.1280716627080953,0.49798260000534356,150000.0,2900.0,H3,748.5930051095133
3,65,8,known,3,100.0,300.0,150.0,1571.9868861230998,66.76000532368299,1570.5686460107947,1171.585677315675,47.098376994844344,1170.6386044273784,1.0,1.0,32.0,1093.4386191212363,230.78904408547868,75.33045161879149,882.0,882.0,2658.8123898517324,114.13426696881717,2656.3615517343587,3204.542656171134,-545.7302663194014,-2.38433853649488,-546.0620694924528,0.03854875283446712,0.013605442176870748,12.231142055788581,7.990301102699894,12.208638763905654,7.956586679193313,3.3275496826437863,0.5345451000030152,150000.0,2900.0,H3,951.1298794083436
3,66,8,known,3,100.0,300.0,150.0,5702.585204836726,331.05611924250763,5692.967579771978,1737.8052258166292,67.75338015077452,1736.4839424405081,1.0,1.0,49.0,2687.5203351726914,93.85350478307895,78.6888319859387,882.0,882.0,5546.274915102833,278.3488386640611,5539.285816593445,8650.789681049462,-3104.5147659466293,136.1523966380416,-3110.3351160039474,0.01020408163265306,0.0022675736961451248,10.17005766872552,3.6546769001404638,10.144335179186154,3.563514136350971,15.17582830616208,0.5194014000007883,150000.0,2900.0,H3,83.58922292542134
3,67,8,known,3,100.0,300.0,150.0,1241.4509825810144,116.86893712165329,1235.9377790517697,734.5851731183269,51.52072668988742,732.7762218348984,1.0,1.0,97.0,735.1263985067254,344.5965508419627,56.08085356256514,882.0,882.0,3778.0288666283905,130.04468012931312,3775.790049545587,4541.542283786983,-763.5134171585923,18.51953562879754,-764.3826847861401,0.02947845804988662,0.006802721088435374,10.59208850797947,8.072743815788996,10.568042368703065,8.036781663289739,4.679981122699781,0.6171161000384018,150000.0,2900.0,H3,510.3837063521323
3,68,8,known,3,100.0,300.0,150.0,1482.942508999315,119.23525481975791,1478.1412107796907,878.6999629797225,64.97802200076669,876.2941752616148,1.0,1.0,39.0,805.2472697260441,312.86780015582224,78.5650158630617,882.0,882.0,3567.685439598753,136.8434929208683,3565.060063220557,4769.147678701844,-1201.4622391030907,18.85399017954572,-1202.627852164639,0.02947845804988662,0.006802721088435374,13.62120145316856,8.568634086819078,13.600205012481062,8.538085038520375,4.163657128371063,0.5152217000140809,150000.0,2900.0,H3,274.6929424293365
3,69,8,known,3,100.0,300.0,150.0,1026.2806770753868,100.86697981663508,1021.3118429358318,551.719699911234,61.716513517982335,548.2569645971921,1.0,1.0,94.0,1495.4104248499532,168.72054402122882,92.94101017312589,882.0,882.0,4656.034750538261,138.2414621984505,4653.982047274045,6971.409311296549,-2315.3745607582887,3.389197578986284,-2316.1228767826387,0.03968253968253968,0.011337868480725623,12.090556651190905,13.628754644036992,12.068675689354222,13.606810545473465,3.416331772158964,0.6553669999702834,150000.0,2900.0,H3,491.76939994692293
3,70,8,known,3,100.0,300.0,150.0,1267.6090321947966,119.2437292719117,1261.9879522131564,347.49828505612726,67.78546300199066,340.8228119163317,1.0,1.0,413.0,284.3845995602378,886.014965886835,60.929256448889404,882.0,882.0,19965.068634699943,406.13072968152744,19960.937438374174,7008.764108807835,12956.304525892108,274.5628575997948,12953.408328341968,0.0045351473922902496,0.0011337868480725624,11.466321456572082,8.683802158855599,11.44016998802961,8.65171490755301,22.991160173242655,0.9055020000087097,150000.0,2900.0,H3,437.5180129791668
3,71,8,known,3,100.0,300.0,150.0,2936.479002797798,122.54811906303652,2933.920737236516,1601.827204264341,52.74160505458787,1600.9586863556412,1.0,1.0,42.0,2461.0395195090023,102.89388845450024,74.00645163596054,882.0,882.0,2484.0201705910818,137.001414516597,2480.2392667490367,5548.607906082072,-3064.5877354909903,14.399071305988812,-3067.0139599277254,0.061224489795918366,0.023809523809523808,10.389799275681042,8.737648549823502,10.364967386493564,8.695451999023158,2.84289320682423,0.41070140001829714,150000.0,2900.0,H3,641.5659470295992
3,72,8,known,3,100.0,300.0,150.0,1412.1623050606743,96.34444914096575,1408.8719327724577,986.1349286049015,77.92660220679885,983.0511390986217,1.0,1.0,109.0,1358.3221832976842,185.70918475792323,78.81265492460741,882.0,882.0,3504.2188620834604,134.86868586282014,3501.622519769248,5965.534498648448,-2461.3156365649875,13.277376893854353,-2462.6726949353374,0.03968253968253968,0.007936507936507936,10.686009610525907,12.237941670991145,10.662096761396196,12.213938070810556,2.863405429027229,0.5618931999779306,150000.0,2900.0,H3,373.56746244702805
3,73,8,known,3,100.0,300.0,150.0,2123.2825200580533,106.12424152354355,2120.6287523621686,1292.7212776002625,56.330313915452365,1291.4933980840326,1.0,1.0,27.0,1178.9026615016298,213.21256520094414,77.73265616551545,882.0,882.0,2583.229489486152,121.30326836997537,2580.37983878995,4462.902037119077,-1879.6725476329252,8.49572685723173,-1881.09626800469,0.049886621315192746,0.009070294784580499,12.131973736838983,7.666956033663006,12.110830911287916,7.628887627990084,3.369302599550678,0.49292220000643283,150000.0,2900.0,H3,560.8408365144423
3,74,8,known,3,100.0,300.0,150.0,2490.6302376817803,119.21851978563718,2487.7752964033793,838.6462833372206,49.05028903984811,837.2106411772612,1.0,1.0,38.0,840.0646773140074,300.58544715801037,68.49213102705541,882.0,882.0,4343.835574042471,187.75055046553322,4339.776172237086,7439.484869871677,-3095.6492958292056,48.92959158911742,-3098.4133837251875,0.023809523809523808,0.01020408163265306,10.422123598753048,5.641662872062119,10.396811147115606,5.591107067078152,7.6995660190073165,0.7728673000237904,150000.0,2900.0,H3,445.51043243632085
3,75,8,known,3,100.0,300.0,150.0,1666.3007295502898,49.80483480858236,1665.5562433401997,460.47514361888545,42.376776893137226,458.52106458807594,1.0,1.0,177.0,0.02956395023908297,8559992.651732063,65.99266675787426,882.0,882.0,254548533.66750243,7124419.535025317,254448813.39586663,6602.2248643456915,254541931.4426381,7124282.243757194,254442212.59862182,0.0,0.0,11.31124141542433,7.905963109922383,11.286521360023631,7.86877804872009,321970.3028313289,0.8014824999845587,150000.0,2900.0,H3,765.0052124307227
3,76,8,known,3,100.0,300.0,150.0,2711.2519131098325,132.9053745529158,2707.9924478765956,1472.1853783474223,55.67420974531031,1471.1322750144457,1.0,1.0,43.0,2607.208002068978,96.78543464295598,97.36942636781549,882.0,882.0,2409.189379091925,138.36342519918387,2405.2128859825452,4468.634523379297,-2059.4451442873724,29.16096043879554,-2062.087117960281,0.05668934240362812,0.01473922902494331,11.897081413710488,9.241965442902547,11.874026526367075,9.206473297978292,2.6067933211566854,0.4302929000114091,150000.0,2900.0,H3,491.9432946258619
3,77,8,known,3,100.0,300.0,150.0,2656.8873792060795,72.12785848133505,2655.908153121159,1311.3639240107555,54.42603997725521,1310.2340048133694,1.0,1.0,31.0,2585.4899487312864,97.41975693127787,72.15299091916985,882.0,882.0,2443.0138816879767,134.76671582703355,2439.293905708238,3987.138664995076,-1544.1247833070993,29.187968097079192,-1546.4466606014275,0.06349206349206349,0.018140589569160998,12.16532034706286,9.42685521706514,12.144422025252405,9.393452349100922,2.59154704876072,0.5093124000122771,150000.0,2900.0,H3,491.8796615862289
3,78,8,known,3,100.0,300.0,150.0,2144.6673684755333,53.53423386937981,2143.999115486708,1086.2057382956693,50.967079432854895,1085.009337619048,1.0,1.0,81.0,2117.148768563674,119.61531706988333,104.27839542152314,882.0,882.0,3107.9035760409815,145.58162886962717,3104.4920079304416,4245.608841594069,-1137.7052655530879,19.210946672233575,-1139.23570323373,0.05555555555555555,0.015873015873015872,12.714423192041632,10.62940803136672,12.693572955933911,10.596107598424243,2.9238726812158795,0.5549068000400439,150000.0,2900.0,H3,976.6228836388336
3,79,8,known,3,100.0,300.0,150.0,1185.486190256233,78.68961292413307,1182.8716972292843,966.4761776608732,48.168237686161255,965.2751021673465,1.0,1.0,47.0,1295.3670878409284,194.95081672957863,48.170503168205414,882.0,882.0,2794.0376170660293,128.7729282375042,2791.068565716929,4948.885842317327,-2154.8482252512977,3.62600541126902,-2156.234672209366,0.045351473922902494,0.006802721088435374,12.667616337296003,10.71099836183766,12.644285639781788,10.685174913626138,2.6085688025319267,0.4548138999962248,150000.0,2900.0,H3,687.9716842356532
3,80,8,known,3,100.0,300.0,150.0,590.1538459378258,63.537111922651334,586.7236123454854,483.7429128149069,54.2145682729908,480.69531543964916,1.0,1.0,69.0,1103.5862957924999,228.70652515098172,97.07761764385438,882.0,882.0,4182.990673627113,120.21488525067214,4181.26289020621,4940.3136347740365,-757.3229611469233,14.887590867596302,-757.927830042624,0.03968253968253968,0.01473922902494331,10.31420813048323,11.486078778159492,10.28756058147363,11.462708728092913,3.6417917327721723,0.5319590999861248,150000.0,2900.0,H3,487.53469827105727
3,81,8,known,3,100.0,300.0,150.0,1090.5342726259676,39.23209320544039,1089.8283546662603,545.5449359189627,32.01710599214099,544.6046107321467,1.0,1.0,47.0,1655.090898174664,152.42065110165058,65.56887969276112,882.0,882.0,3251.3235508737826,122.28786038878707,3249.023008793264,3690.9293741353013,-439.6058232615187,10.826773469054388,-440.2229942482081,0.047619047619047616,0.006802721088435374,10.276068998320632,12.87403532208333,10.251404032789292,12.853312023343221,2.525489071244555,0.44365919998381287,150000.0,2900.0,H3,730.1871792761982
3,82,8,known,3,100.0,300.0,150.0,5865.63533104703,352.4891985738702,5855.034517551195,1568.724198589525,68.99789760965358,1567.2060813325716,1.0,1.0,30.0,2828.52825432251,89.21276249734355,54.923025286900206,882.0,882.0,5266.231504755383,264.99931487512407,5259.559831848465,4694.706906663013,571.5245980923701,160.3325890615115,566.0198228598501,0.015873015873015872,0.0011337868480725624,9.470222125469267,3.4495546416745886,9.441648638025438,3.3594186108776896,15.266409875446667,0.47696659999201074,150000.0,2900.0,H3,599.0059116082822
3,83,8,known,3,100.0,300.0,150.0,1079.3139694653123,99.84016348735476,1074.686273494636,850.3424042469308,84.81822086965549,846.101692392207,1.0,1.0,36.0,960.2234180963219,263.7954885891661,86.62438799523126,882.0,882.0,3063.2864219285066,126.74608714866213,3060.663185024457,3634.5148554470247,-571.2284335185182,12.013440086922685,-572.0403060635936,0.03741496598639456,0.009070294784580499,11.601644096507473,9.148279272728711,11.57927143432105,9.1173490806828,3.348483720933458,0.48332709999522194,150000.0,2900.0,H3,903.7069145342468
3,84,8,known,3,100.0,300.0,150.0,1991.550897533016,43.895656285686115,1991.0670879766485,1187.4535511732022,22.245705198198145,1187.2451578313908,1.0,1.0,71.0,1943.5899790211774,129.41047625363788,69.6194729430732,882.0,882.0,3131.2600068506285,146.48197430349185,3127.831878747058,3984.4308160092855,-853.170809158657,31.991921187416622,-854.9536986223666,0.047619047619047616,0.013605442176870748,12.217909617609811,11.84145260810468,12.194239657952407,11.810927669469017,2.644320853598224,0.5462121000164188,150000.0,2900.0,H3,830.8558904745881
3,85,8,known,3,100.0,300.0,150.0,823.7673270420922,80.77872993093864,819.7971736306596,533.0491739275983,55.13213387408658,530.190408852692,1.0,1.0,63.0,869.784213996553,290.92881426874686,67.42789264327628,882.0,882.0,5185.319167173785,145.0229649369136,5183.290769877834,6124.377785579843,-939.0586184060576,18.989820953778022,-939.7900647283514,0.024943310657596373,0.003401360544217687,13.26533290099593,11.055673459723389,13.245459414677612,11.031731166447965,4.690188423223853,0.49863260000711307,150000.0,2900.0,H3,529.4998582053081
3,86,8,known,3,100.0,300.0,150.0,1060.8062119312908,38.75699724433138,1060.097973980055,792.2681076537664,34.99351021845691,791.4949201655503,1.0,1.0,35.0,740.0670126222188,340.0544908303527,65.76216220185897,882.0,882.0,3049.7389465372307,115.50884432961116,3047.550713098579,7193.995146581191,-4144.25620004396,-14.894817979072045,-4145.262439895889,0.046485260770975055,0.015873015873015872,10.485559494091719,7.8348249744722125,10.45925820764866,7.80033567472409,3.8925425347394875,0.40996180003276095,150000.0,2900.0,H3,319.0181023268244
3,87,8,known,3,100.0,300.0,150.0,3369.7780503773542,186.3750042984251,3364.6201073193633,1314.8223173426195,85.87992325239057,1312.0146207128867,1.0,1.0,31.0,2878.2111381850154,87.54891044835402,58.53269795040251,882.0,882.0,2981.170662537458,175.29771577791462,2976.012303404855,4889.789113070361,-1908.618450532903,54.473721520269535,-1912.283834587713,0.04308390022675737,0.006802721088435374,10.774832591730718,8.049369619751781,10.747830973014022,8.011825418843452,3.70360761570965,0.4231073000119068,150000.0,2900.0,H3,697.8410673569925
3,88,8,known,3,100.0,300.0,150.0,1362.9762470645965,65.98596758035875,1361.378015888598,1298.8206974781294,49.988552069338574,1297.8583701080736,1.0,1.0,32.0,1165.8853511335092,217.17140260346815,66.49490368907627,882.0,882.0,3308.115230328187,113.34480537483759,3306.1729132372757,6035.104462259064,-2726.9892319308774,-1.7349015495069011,-2727.834257079435,0.02947845804988662,0.006802721088435374,10.492114639261,7.589074111720402,10.465541233161336,7.553610180696232,4.3590498414282255,0.5361038999981247,150000.0,2900.0,H3,354.14599163166434
3,89,8,known,3,100.0,300.0,150.0,3641.6091213986515,142.23987007832034,3638.830143385915,1130.8572544123679,58.9641939011212,1129.3189778333974,1.0,1.0,31.0,3100.8740184873363,81.71814660258462,57.59316599882561,882.0,882.0,2664.1552915771554,166.19181237397945,2658.966660027615,3724.234290494117,-1060.0789989169616,57.38550599644195,-1063.6778621077847,0.05102040816326531,0.01020408163265306,11.915393542475421,7.622868296582973,11.893676850974057,7.567979395350181,3.4949512282291297,0.4420100999996066,150000.0,2900.0,H3,796.966853099445
3,90,8,known,3,100.0,300.0,150.0,925.4978722970052,54.38045475734855,923.8988460684793,750.5373129899173,50.64070897461952,748.8269338002425,1.0,1.0,43.0,1094.5713540286895,229.6919323629296,87.2122060839558,882.0,882.0,2989.713818788593,114.63033033709847,2987.5154569679266,6993.296774665655,-4003.582955877062,-5.01150376612928,-4004.757822165368,0.05328798185941043,0.011337868480725623,9.8107457960989,10.569090387793334,9.782354671207006,10.542838436951811,2.8287333243374784,0.44308999995701015,150000.0,2900.0,H3,146.25624822191585
3,91,8,known,3,100.0,300.0,150.0,1432.3954466155412,54.715059707794815,1431.3500542236718,995.2041790259196,40.43228162049847,994.3825162147689,1.0,1.0,100.0,1225.3030348133577,205.89905870514423,103.22293317201327,882.0,882.0,4270.733255882373,142.37170610149153,4268.359502221128,4235.385615102801,35.34764077957152,21.193318205404367,34.70775615997627,0.031746031746031744,0.006802721088435374,11.713137244384573,12.593161914832493,11.690680158665394,12.569291180576037,3.3913113201952982,0.5508901000139304,150000.0,2900.0,H3,778.7940749737885
3,92,8,known,3,100.0,300.0,150.0,1780.1286535788101,87.54730121254903,1777.974548001941,1274.094129682216,57.93116810965702,1272.7764261849502,1.0,1.0,34.0,1015.414385881824,248.44940150454642,77.71575938484574,882.0,882.0,3751.5673668375466,124.1306998149698,3749.5132053753127,4364.980769687947,-613.4134028504004,17.27730064520253,-614.1594989909822,0.024943310657596373,0.005668934240362812,10.096484057798856,8.198784812080383,10.07125764916658,8.1615755330991,4.5757602532876005,0.45885930000804365,150000.0,2900.0,H3,732.6817210047915
3,93,8,known,3,100.0,300.0,150.0,2789.162471911493,106.27236768866948,2787.137147430186,1159.2903306653868,61.81585828511156,1157.6410801447644,1.0,1.0,36.0,2496.4189610217395,100.70601078201263,62.32388702773212,882.0,882.0,2481.9840040367076,145.395391203409,2477.7216906890276,6220.627551598633,-3738.643547561925,12.96334395677124,-3741.496016432188,0.07256235827664399,0.024943310657596373,11.690367052773839,8.79269920527862,11.66764140246051,8.758017222946041,2.8227782460096784,0.4817128000431694,150000.0,2900.0,H3,606.8798737901365
3,94,8,known,3,100.0,300.0,150.0,1825.199402605236,59.48620862830779,1824.2297690404953,1327.173091715641,45.843892791468434,1326.3810737747194,1.0,1.0,40.0,1748.4271156139878,144.62803393656353,87.04881344500728,882.0,882.0,2217.4623739916174,113.71641201967626,2214.5446389056847,4951.138820625118,-2733.6764466335003,5.781221481078461,-2735.417544358393,0.03968253968253968,0.013605442176870748,10.205539902095122,9.911847833163804,10.180862787108854,9.884148022874465,2.2371836324729135,0.4588005999685265,150000.0,2900.0,H3,300.51051003627765
3,95,8,known,3,100.0,300.0,150.0,2890.971148487215,117.97296510271111,2888.5630616087233,1102.1033433309815,59.8340164129783,1100.477927930051,1.0,1.0,36.0,2834.1752950616296,88.64537434723934,81.22073492536198,882.0,882.0,2595.4305178415907,154.98108168560006,2590.7991889112186,5737.386828224875,-3141.9563103832843,13.769083981419243,-3144.8495789608774,0.05328798185941043,0.013605442176870748,13.809700607734289,7.547508774813298,13.790038220550255,7.500832838377018,3.4387909908800256,0.45201429998269305,150000.0,2900.0,H3,854.2906921066166
3,96,8,known,3,100.0,300.0,150.0,3016.442022314277,114.95407695521004,3014.2508246950547,1264.2099986190783,58.813500337315624,1262.8411985624014,1.0,1.0,32.0,2921.2633573178723,86.78004524367175,55.309490969511636,882.0,882.0,2359.1956595551515,161.24436274152404,2353.6789108856688,4951.993376886639,-2592.797717331488,34.70752777619843,-2596.6975226925,0.036281179138321996,0.011337868480725623,13.57777819726376,7.387675704553774,13.5568878835523,7.345191320046761,3.1934207102525356,0.465732799959369,150000.0,2900.0,H3,626.3051030282163
3,97,8,known,3,100.0,300.0,150.0,2383.5912288785785,74.82769882444616,2382.4164123585806,685.1757854966474,43.78990284185306,683.7750371577255,1.0,1.0,297.0,513.006522934601,491.05024978366765,67.12794729489462,882.0,882.0,5095.749537977662,191.0910278908123,5092.165312797611,5818.781521724168,-723.0319837465058,67.26055737413947,-725.2984311487362,0.03741496598639456,0.011337868480725623,12.652327287723914,6.8955789072121405,12.632098236159589,6.8562362550234415,7.389879235009517,0.934796700021252,150000.0,2900.0,H3,289.3065513270192
3,98,8,known,3,100.0,300.0,150.0,2112.78057849976,42.44439240765848,2112.354195308856,644.6119822763276,23.825099477762038,644.1715395211831,1.0,1.0,35.0,755.1323099556752,333.30762801550156,84.26368724239947,882.0,882.0,3403.8427270458565,128.1621623448886,3401.4290776974985,3321.092017412937,82.75070963291955,16.120136332678612,82.22755134646832,0.02947845804988662,0.007936507936507936,10.35758176095434,6.494322215526581,10.332896948105144,6.452001980473714,5.2412593864036685,0.47637240000767633,150000.0,2900.0,H3,841.7341026997137
3,99,8,known,3,100.0,300.0,150.0,2166.62090520195,113.14130366797605,2163.664759675682,1202.1375569365096,51.75583474013513,1201.0229137562828,1.0,1.0,28.0,1271.9941339408438,197.9498770138371,63.757043970033735,882.0,882.0,3233.784173884932,135.36812337729583,3230.949636630376,4852.119155077437,-1618.3349811925054,27.26875208924656,-1619.965207086891,0.04195011337868481,0.013605442176870748,10.114890297549463,6.780654392617544,10.089304622235383,6.74003747207001,4.769132869248908,0.5268032999592833,150000.0,2900.0,H3,554.3244879288503
4,0,8,known,3,100.0,300.0,150.0,2039.5350903066942,48.43228372948451,2038.959955096,796.1534654359206,42.65404742235485,795.0100457001263,1.0,1.0,27.0,1814.2161180847593,139.4516058672243,60.07834890224126,882.0,882.0,2083.1075524060066,131.08705127203848,2078.9788983728877,2284.412557253897,-201.30500484789036,19.21443263946098,-202.69269257520045,0.06802721088435375,0.011337868480725623,8.241761249399978,9.878219612358476,8.208508139128567,9.849677829361138,2.1087884600174966,0.46174790000077337,150000.0,2900.0,H4,2043.5150286948497
4,1,8,known,3,100.0,300.0,150.0,2436.5718108298715,100.29133901349581,2434.5068980493033,819.404446237644,78.97534998429138,815.5896888809219,1.0,1.0,49.0,1654.922017660406,152.16812917254165,73.42515543608754,882.0,882.0,2387.2734562419787,131.5058179982991,2383.6486265198823,3351.5737215422523,-964.3002653002736,2.3896373741225148,-965.4371327334707,0.05328798185941043,0.01473922902494331,7.31036758082403,9.352044946959868,7.270635534934387,9.321502648723376,2.5526753451051643,0.4642492000130005,150000.0,2900.0,H4,649.8024686922952
4,2,8,known,3,100.0,300.0,150.0,2133.9140124324435,160.20691008204415,2127.891622808242,1381.9807836554332,77.81056041430175,1379.7885356390295,1.0,1.0,22.0,1853.690207213304,136.16541490005005,71.29640944624231,882.0,882.0,2021.9772706013182,126.17797113521817,2018.0364720263497,2218.3656377589637,-196.38836715764546,17.53860594391159,-197.6673870488121,0.06689342403628118,0.013605442176870748,8.214366060627864,6.247106158752458,8.182603572356939,6.202865821464632,3.236662254840096,0.47482190001755953,150000.0,2900.0,H4,1891.8002283636813
4,3,8,known,3,100.0,300.0,150.0,2947.8227543320636,156.4506386166262,2943.668151921056,1629.4440123454347,55.11575694815497,1628.5116034908751,1.0,1.0,32.0,1355.7070049787567,186.1076534275952,73.4009656008614,882.0,882.0,3807.032623880381,158.2244106090026,3803.7432136222037,5267.803557640072,-1460.7709337596907,-13.414653829952272,-1461.2633726456538,0.032879818594104306,0.003401360544217687,8.84094262289748,5.268991781037336,8.80717657712052,5.211719453738546,7.225353126534711,0.49461400002473965,150000.0,2900.0,H4,1047.5167429997298
4,4,8,known,3,100.0,300.0,150.0,3994.2974538964154,117.27553313993565,3992.575434419509,1471.982196373164,76.95260741405406,1469.9693475211457,1.0,1.0,29.0,2612.0225752469214,96.53825009841947,64.84469427332229,882.0,882.0,2406.348930302817,176.3380336488917,2399.8791786792835,4334.99999330133,-1928.6510629985128,47.43352472721264,-1933.2038541625961,0.03741496598639456,0.0045351473922902496,7.967207287612626,8.256119380737594,7.928115422674093,8.214758804590133,2.914624679382768,0.4932824000134133,150000.0,2900.0,H4,894.0529636819748
4,5,8,known,3,100.0,300.0,150.0,3395.739730936014,83.30239625793592,3394.7178131672563,1435.6659355615104,66.75459156562945,1434.1131416442056,1.0,1.0,43.0,2379.782998321745,105.83343461394036,79.75129711048439,882.0,882.0,2938.9253698470834,159.64011829179148,2934.586403935417,2783.3391221705397,155.58624767654373,41.283779679142654,153.7648623554328,0.04421768707482993,0.009070294784580499,9.502211300322596,9.449308317873824,9.474038045687276,9.415399276552126,3.1102015840545323,0.465489299967885,150000.0,2900.0,H4,1517.4393446904817
4,6,8,known,3,100.0,300.0,150.0,3726.0624231477145,237.2176384991519,3718.5035932722058,949.2175537367184,64.99049136394733,946.9900740526232,1.0,1.0,23.0,2142.2793376404466,117.47608199042902,89.66509449654086,882.0,882.0,4223.489038115684,204.0975156237397,4218.5547121258915,2869.468979548806,1354.0200585668777,81.26551739674281,1351.7159435858066,0.022675736961451247,0.006802721088435374,7.369630951447109,3.699960605085262,7.3329283581248985,3.610818442242386,11.414956776325887,0.459885900025256,150000.0,2900.0,H4,955.2934867523662
4,7,8,known,3,100.0,300.0,150.0,3304.5530703789004,145.41246878183873,3301.3521788614717,1298.6456925225664,52.096562058384905,1297.6003170965676,1.0,1.0,64.0,1299.847693738093,194.4068161284602,86.91678255200736,882.0,882.0,3747.027363193172,184.95982208993618,3742.4596089645156,3330.9384924633173,416.08887072985453,73.3109506975694,413.3928072781018,0.031746031746031744,0.009070294784580499,9.596490931389939,5.85960545640002,9.570011089583868,5.807938282303342,6.394675189437144,0.45442010002443567,150000.0,2900.0,H4,974.6439975627973
4,8,8,known,3,100.0,300.0,150.0,1609.6277624659858,100.12102366061377,1606.5109132285427,595.8591642894609,53.943043551959,593.4124128463156,1.0,1.0,40.0,924.2502508739029,273.4823141704519,80.49428705203731,882.0,882.0,2179.9310573499574,126.32597160904164,2176.267714160171,2328.890493900623,-148.9594365506655,20.363057288477066,-150.2109110090737,0.049886621315192746,0.01473922902494331,8.098207020839967,5.977373830437418,8.064809821063978,5.931071327222334,3.6469712606053153,0.47014230000786483,150000.0,2900.0,H4,1502.8437828174751
4,9,8,known,3,100.0,300.0,150.0,3326.0250253716613,95.21327510626782,3324.66192290917,1108.257417917467,65.7111404725246,1106.3076201431911,1.0,1.0,59.0,2226.2168961815096,113.56355196563402,66.83522079774013,882.0,882.0,3042.5257682843303,141.97922835617726,3039.2112380335693,4702.086204725992,-1659.5604364416613,6.907266703751219,-1660.9345301155254,0.047619047619047616,0.015873015873015872,8.543787139038976,10.631298068535468,8.512042821157012,10.59904627141477,2.861857271492585,0.612017699982971,150000.0,2900.0,H4,860.7109274684182
4,10,8,known,3,100.0,300.0,150.0,2909.2956066134784,123.54296930747073,2906.67130260633,749.2725033264584,37.800768701726035,748.3183721696644,1.0,1.0,41.0,1037.394573556151,243.1642482917987,68.86531031918433,882.0,882.0,5134.867076472425,212.0734310251863,5130.485820357919,4037.0157977969284,1097.8512786754964,103.43590175339196,1094.9320245455415,0.017006802721088437,0.0022675736961451248,10.186779574015812,5.878191665703616,10.161630613083446,5.828429272936585,8.735453636926934,0.4169705000240356,150000.0,2900.0,H4,738.9813083521819
4,11,8,known,3,100.0,300.0,150.0,545.959445986298,74.77033570072501,540.8152305185814,268.97641446904515,60.37906019245443,262.1119620141353,1.0,1.0,39.0,298.3770090274131,850.2125076153825,66.01825910354137,882.0,882.0,17086.45469179673,361.8820165686114,17082.622027689624,8627.3213383083,8459.13335348843,104.7542713480131,8459.13324431039,0.0045351473922902496,0.0011337868480725624,7.848138804460886,8.816728906576298,7.8112977534392725,8.786151825888922,19.379584960417848,0.40516540000680834,150000.0,2900.0,H4,721.0852128830312
4,12,8,known,3,100.0,300.0,150.0,1135.258066387531,100.1434449637741,1130.8325109089953,659.2701693304887,54.154712073175375,657.0421777400007,1.0,1.0,53.0,882.6381109714935,285.4021753849692,98.94314359484814,882.0,882.0,2748.269779592469,134.02248890849626,2744.999955170858,2368.409898932905,379.85988065956417,24.160067910294757,379.1394990543549,0.032879818594104306,0.005668934240362812,7.352437543176544,5.912123443979545,7.315255537435224,5.866348271017977,4.648532469989438,0.5013481000205502,150000.0,2900.0,H4,1210.1610892862413
4,13,8,known,3,100.0,300.0,150.0,2262.1380380972414,78.61568912231552,2260.7715667068755,563.2182269527908,60.27884188141147,559.9832429575739,1.0,1.0,38.0,2039.19717972515,124.00694441477695,95.18757080482803,882.0,882.0,2823.91313028496,138.4485905232788,2820.5172141254375,4521.462018173845,-1697.5488878888846,19.365882061084193,-1699.3763786855702,0.04195011337868481,0.005668934240362812,9.78842173149089,11.779477987191804,9.761096826036205,11.753547589477503,2.39731602143617,0.42681039997842163,150000.0,2900.0,H4,760.0430254591153
4,14,8,known,3,100.0,300.0,150.0,1408.5334342752492,69.856267218043,1406.8001057014424,1235.1632429517276,57.47821578458336,1233.8251462218013,1.0,1.0,35.0,990.0059565777426,255.06668672123752,69.57040082896476,882.0,882.0,3849.8503097590406,131.51122869749045,3847.6034364625284,4015.2691449523463,-165.41883519330577,-4.536845772344009,-165.36021000119172,0.022675736961451247,0.0045351473922902496,7.806342285573466,7.384110578158314,7.771458309159982,7.345461160343577,5.213695365216537,0.4745595999993384,150000.0,2900.0,H4,1031.8778183991471
4,15,8,known,3,100.0,300.0,150.0,5228.214067825069,296.1598788912848,5219.819121879517,1690.5584694016643,69.02592656717567,1689.1487086480104,1.0,1.0,39.0,2281.151899491102,110.75774286179187,75.2278918404356,882.0,882.0,4991.713389531572,248.29765691825045,4985.534157620193,2977.875969977969,2013.837419553603,131.1783927547517,2009.962217549842,0.018140589569160998,0.007936507936507936,10.994754292773436,4.309627367520573,10.97059784418284,4.2322132489264614,11.582703013145702,0.5318216999876313,150000.0,2900.0,H4,1274.9350358154702
4,16,8,known,3,100.0,300.0,150.0,4749.544416473643,167.56138377819266,4746.587758245105,1362.2756331913902,75.81203256543368,1360.1644887679213,1.0,1.0,36.0,2922.6798025035478,86.34215980825458,94.25537007929182,882.0,882.0,2820.7023754983106,181.89040138132287,2814.831748617873,6995.998768693681,-4175.296393195371,-56.40974935337414,-4177.107310736357,0.035147392290249435,0.007936507936507936,8.361846168900968,7.604141681082986,8.328570012257519,7.552257013227912,3.709429010923669,0.4978834999492392,150000.0,2900.0,H4,1305.0000618465779
4,17,8,known,3,100.0,300.0,150.0,1424.1338462528681,73.76793695596353,1422.2220303174358,763.1278201096666,72.61899337133474,759.6647626598628,1.0,1.0,30.0,1822.0858328230418,138.1415428817213,98.05420555179458,882.0,882.0,2224.0195444568662,130.2048686375617,2220.2048613380707,2510.462432600558,-286.44288814369156,17.022857849699577,-287.70491732876326,0.05668934240362812,0.017006802721088437,9.169404379877111,9.199524341518941,9.13879746614985,9.1589598164635,2.4175375398698673,0.48201669997069985,150000.0,2900.0,H4,1792.1928498391057
4,18,8,known,3,100.0,300.0,150.0,2659.1610134203906,57.51802098531068,2658.5388792637377,1636.0543649055642,66.99785585343916,1634.6819789297217,1.0,1.0,39.0,1703.031661770355,147.29338820678413,87.18189017938087,882.0,882.0,2133.519392266646,123.25040441123652,2129.9564162184884,5030.561018369283,-2897.0416261026376,-40.52115900464803,-2897.938076961825,0.06575963718820861,0.018140589569160998,9.185348115703613,9.787359406990397,9.155375720749966,9.760745309388627,2.1798723266899023,0.4321775999851525,150000.0,2900.0,H4,1202.0044621067098
4,19,8,known,3,100.0,300.0,150.0,3675.525795059731,81.08313727773012,3674.631327765912,1304.4379650995209,85.8431570665933,1301.6102938966867,1.0,1.0,34.0,2212.653549413976,113.73081354649338,77.72259542517922,882.0,882.0,2365.5868415531713,135.9173926205457,2361.678972111312,4321.238302232646,-1955.6514606794744,0.6037399836621375,-1957.4402297737843,0.049886621315192746,0.013605442176870748,7.423695486313257,9.709533083905534,7.3858029243572165,9.677382337079155,2.436354890714935,0.4444004000397399,150000.0,2900.0,H4,688.9351816834812
4,20,8,known,3,100.0,300.0,150.0,3822.922998858923,145.93768883395245,3820.1364433986264,1201.9742691422466,78.05340720042973,1199.4372886084716,1.0,1.0,25.0,2500.295645540269,101.23184067589297,65.99496616314995,882.0,882.0,2737.011794694649,173.97686808995394,2731.4768191707635,4368.249551344591,-1631.2377566499422,10.481932804856427,-1633.7120139678827,0.034013605442176874,0.007936507936507936,9.17780164231783,8.72566325483486,9.147992518373204,8.689709316704572,3.136737821251674,0.43859360000351444,150000.0,2900.0,H4,1482.4461139640027
4,21,8,known,3,100.0,300.0,150.0,1070.2503304186157,117.67171522446198,1063.7617859263835,546.9854977289564,80.42676090548969,541.0403597293324,1.0,1.0,84.0,1054.3199722872582,240.1195329790712,75.86787935274612,882.0,882.0,5979.395081089237,131.95692678154433,5977.938850910783,4831.523983147816,1147.8710979414209,9.30846604575251,1147.971837067762,0.024943310657596373,0.01020408163265306,9.628144620490247,11.4729280877675,9.59750112732624,11.450855258764243,5.211742839619557,0.5385640000458807,150000.0,2900.0,H4,839.7071712972182
4,22,8,known,3,100.0,300.0,150.0,2577.779384887633,68.07548717589034,2576.8803397126203,1077.9931450271422,58.091687520563426,1076.4267632154647,1.0,1.0,34.0,1437.9103183808536,174.90187635192814,66.09755084977546,882.0,882.0,2642.5993835500476,128.0672724346295,2639.4943219621155,14792.92551717213,-12150.326133622082,-331.92498767170747,-12146.277638853615,0.05555555555555555,0.017006802721088437,7.191786180677314,10.07385219220417,7.153537268794176,10.046190553119821,2.6232262823898393,0.460925999970641,150000.0,2900.0,H4,373.05925853033307
4,23,8,known,3,100.0,300.0,150.0,2604.4959631579513,134.2584387541635,2601.0332357986817,1540.4234782413262,51.285648168370905,1539.569509508764,1.0,1.0,34.0,1420.1541144166845,177.90355893653768,95.46422110631778,882.0,882.0,3215.5182496305147,160.54747589837424,3211.507764538263,3649.3813150173796,-433.86306538686495,42.492482490915506,-435.9635514462152,0.034013605442176874,0.005668934240362812,7.973288777264429,5.700711007209024,7.936714890625057,5.651367120359998,5.640556494732366,0.4628452999750152,150000.0,2900.0,H4,886.1948997070332
4,24,8,known,3,100.0,300.0,150.0,1922.9881158805406,65.3058885989123,1921.878881389797,1156.176469740436,48.13810909886076,1155.1739053639687,1.0,1.0,33.0,1195.1965524001891,211.54397425821463,70.0354545258839,882.0,882.0,2352.818433809487,137.69704856950494,2348.785666102587,2398.3937031658215,-45.5752693563345,27.082615277284745,-47.055898469850035,0.060090702947845805,0.01473922902494331,7.347375559646327,10.041453762070896,7.309969560323067,10.009783141161037,2.343105380514399,0.4726525000296533,150000.0,2900.0,H4,1371.076523106806
4,25,8,known,3,100.0,300.0,150.0,937.2292097266926,58.25448043069008,935.4170230836464,792.4694943972946,42.610598155511035,791.3230923429022,1.0,1.0,79.0,1246.4494032242753,202.46941874546695,86.59870391813493,882.0,882.0,3295.628490813971,114.68115703161689,3293.632551103214,5404.134116153773,-2108.505625339802,2.27660772954448,-2109.332446254562,0.06235827664399093,0.018140589569160998,10.216216932810703,9.895062337386545,10.190202464574654,9.865738041040414,3.3305788063225106,0.5814435999491252,150000.0,2900.0,H4,253.97197545452636
4,26,8,known,3,100.0,300.0,150.0,3900.941033217768,176.42973675135852,3896.94925456208,1469.0839820367237,62.78633675711788,1467.7416742034336,1.0,1.0,30.0,1637.7448568597747,154.28688396278352,56.22896918454214,882.0,882.0,3410.174437066402,151.35355579817784,3406.8140237424755,2897.2639973050927,512.9104397613091,46.78753570963859,511.43760304634634,0.021541950113378686,0.0045351473922902496,9.827196386113677,4.711120280285632,9.800837661646842,4.645214661626094,7.238563726204939,0.47343420004472136,150000.0,2900.0,H4,1194.661377441583
4,27,8,known,3,100.0,300.0,150.0,4086.0017915927747,276.6224907589291,4076.6273607610606,1125.4194022145284,63.6010545121069,1123.6208153758341,1.0,1.0,44.0,2247.67676563512,112.09109884175058,91.13722439066878,882.0,882.0,5109.528380661387,248.22740970496847,5103.495216599634,3069.568496048626,2039.959884612761,122.20089203130252,2036.514931567258,0.018140589569160998,0.0022675736961451248,7.6412779453452515,3.575307860104298,7.606463005751374,3.4853159316351787,14.291156399920016,0.4418352000066079,150000.0,2900.0,H4,1134.7104329252072
4,28,8,known,3,100.0,300.0,150.0,2415.3896059086414,120.23752248281798,2412.395051918051,799.3247848529896,63.68689814878903,796.7835908729948,1.0,1.0,44.0,1974.7195766811385,127.52480174330341,90.36712925241132,882.0,882.0,2595.706455746259,149.53865356310877,2591.3954147318655,2840.718178734504,-245.01172298824486,33.324738037275935,-246.94461014725948,0.031746031746031744,0.01020408163265306,8.917701323367616,10.254399118661274,8.887835867941774,10.22763367057675,2.5313101486585516,0.46591650001937523,150000.0,2900.0,H4,1469.5060819195326
4,29,8,known,3,100.0,300.0,150.0,3952.3386428639974,107.77391622202019,3950.868958958041,1239.945247484376,30.70495037475555,1239.565013535625,1.0,1.0,63.0,2617.8364253231,96.57960859080428,66.41213440131747,882.0,882.0,2612.142551042752,139.38681344186,2608.420982741601,2947.8013623768165,-335.65881133406447,28.30535637241499,-337.2867050519353,0.046485260770975055,0.013605442176870748,9.440628916890141,9.198966663223915,9.413373330000239,9.159827406720062,2.839604323696166,0.5051317000179552,150000.0,2900.0,H4,1389.6705112355612
4,30,8,known,3,100.0,300.0,150.0,1259.1788285675232,93.36495717515803,1255.712668998908,1013.0689898163107,76.46568194092372,1010.1790819516852,1.0,1.0,28.0,1102.5894989999704,229.03502969491987,63.65825584191779,882.0,882.0,2257.963866015444,122.64518616311139,2254.630563649492,4410.378244589528,-2152.4143785740835,4.843257227850813,-2154.1741457800076,0.0691609977324263,0.018140589569160998,12.629013775715993,8.922697447179427,12.608231333340662,8.890121957029155,2.5305843657505322,0.40662879997398704,150000.0,2900.0,H4,646.3972450317323
4,31,8,known,3,100.0,300.0,150.0,2420.6124681463934,129.76100903627463,2417.1319371270697,1036.9148027247472,65.76302636962653,1034.8272959641183,1.0,1.0,35.0,2305.3066046065783,109.71296979753384,80.21139988662308,882.0,882.0,2973.677924335809,153.11628498704493,2969.7332878482357,5106.0710854932095,-2132.3931611574003,24.87232365169811,-2134.727057427337,0.034013605442176874,0.012471655328798186,11.6531444271605,9.64632983167632,11.629651775291089,9.612778315623196,3.082703967441521,0.4632001999998465,150000.0,2900.0,H4,761.4998473447104
4,32,8,known,3,100.0,300.0,150.0,2035.8244654842886,144.68710838747523,2030.676462396425,852.2238732103326,76.80769052036773,848.7556236906761,1.0,1.0,41.0,1935.8886310033618,129.9569912256178,78.54035353145001,882.0,882.0,2371.4202972730054,144.29243227937997,2367.0263877501,4214.74569491744,-1843.3253976444348,38.02539012621486,-1846.3794304185121,0.06349206349206349,0.015873015873015872,9.397551729649013,10.123674479080186,9.37048106953112,10.094962197379107,2.3424501668572684,0.4502084999694489,150000.0,2900.0,H4,1007.2459439973686
4,33,8,known,3,100.0,300.0,150.0,727.8289694237924,82.83462396913025,723.0998781664898,708.9567454597566,60.29586087452389,706.3880492295224,1.0,1.0,33.0,906.2886143218662,278.51112523270905,79.63464867253876,882.0,882.0,2272.4891973419662,117.98423855588187,2269.424348042543,3234.1005870103763,-961.6113896684101,7.163225661254742,-962.7769622105593,0.06575963718820861,0.021541950113378686,8.476541630358533,7.879667662089467,8.444004681603612,7.844825541308866,2.8839911717030025,0.4404314999701455,150000.0,2900.0,H4,814.410412566176
4,34,8,known,3,100.0,300.0,150.0,706.1788135899995,45.67073407862296,704.700433384356,661.7433169837107,39.69670810237425,660.5515793171936,1.0,1.0,132.0,566.4658865583217,447.0122531007696,48.0603313135657,882.0,882.0,4987.261033590298,143.0377153029425,4985.209406752046,3035.237971413465,1952.0230621768333,17.007166036268444,1952.5891133816958,0.024943310657596373,0.009070294784580499,8.187205574419231,8.426739709078372,8.153853137355169,8.395248323409167,5.918375558957133,0.58201569999801,150000.0,2900.0,H4,1588.9087769881507
4,35,8,known,3,100.0,300.0,150.0,2326.5171214392826,124.00485487803249,2323.210001768416,1293.4026008192052,67.16440632148813,1291.6575514931835,1.0,1.0,17.0,1271.079492321724,198.83788676091655,57.08325279203308,882.0,882.0,3246.253468212016,150.98585545874715,3242.7403305429707,2579.022165248126,667.2313029638899,44.01348868563116,665.9376136885953,0.021541950113378686,0.0045351473922902496,8.153749800765453,6.088382681679286,8.119376519852132,6.0400200818471035,5.3318814501926814,0.48742409999249503,150000.0,2900.0,H4,1232.6241294059962
4,36,8,known,3,100.0,300.0,150.0,1217.5691899379183,88.74635491425805,1214.330604397135,699.7773931983859,52.0859533589248,697.836265533843,1.0,1.0,36.0,995.283910369318,253.005969404603,73.75748287771336,882.0,882.0,2106.1285087715805,122.65208886711437,2102.5541040736466,1900.1462397222597,205.98226904932085,11.297306227289027,205.673547814534,0.05102040816326531,0.011337868480725623,7.46353993235307,6.037791109728774,7.4271420602925105,5.989265970243045,3.4882434163347376,0.5661852000048384,150000.0,2900.0,H4,1620.8642636814645
4,37,8,known,3,100.0,300.0,150.0,1954.2292386621777,89.7217373669632,1952.168519130971,1344.6046187133843,56.73197055043295,1343.4072592415266,1.0,1.0,32.0,994.7130835123739,253.42335766315176,101.64995300620787,882.0,882.0,2686.3703352002876,112.53259932164893,2684.012293551208,3568.3535731630504,-881.9832379627628,-20.157557989654933,-881.8733671589348,0.05102040816326531,0.017006802721088437,9.13142337564081,6.720248290131073,9.102230366388227,6.679162573418246,3.997427206886566,0.41731459996663034,150000.0,2900.0,H4,1301.29181102658
4,38,8,known,3,100.0,300.0,150.0,1151.7908922369702,49.913312614205616,1150.7088774594174,906.2058172974658,47.889111656182095,904.9395649923533,1.0,1.0,190.0,1092.8615268525039,230.87842740940962,87.84980764702924,882.0,882.0,5566.187500724214,145.18405907426617,5564.293745140456,3327.188325086249,2238.9991756379654,32.95512027688885,2238.9987483188734,0.021541950113378686,0.0022675736961451248,9.484264001969365,13.545407999192973,9.457411189684661,13.522886925637973,4.109280060855933,0.7012466000160202,150000.0,2900.0,H4,881.865148988687
4,39,8,known,3,100.0,300.0,150.0,1267.4406623590498,72.57362660799025,1265.3611742589983,1004.18933792446,68.93909837967136,1001.8201570719983,1.0,1.0,35.0,1133.9757815731148,222.6640500169078,82.30552047611086,882.0,882.0,2506.243746244565,114.73250849306272,2503.616218010436,3509.6206234598035,-1003.3768772152384,1.4130841281530309,-1004.1744867888096,0.05215419501133787,0.015873015873015872,10.019164793498568,9.000320844239603,9.993063442963777,8.972092440760346,2.784616003826813,0.4507568999542855,150000.0,2900.0,H4,961.3426271126966
4,40,8,known,3,100.0,300.0,150.0,1451.4714348141076,68.38932395652486,1449.8593816126079,740.4936559597171,38.012713257857136,739.5173345820663,1.0,1.0,36.0,893.6277980232318,284.2691604159196,80.25523715720304,882.0,882.0,3065.5697939672755,164.82349911459644,3061.1356349930306,4487.673729708147,-1422.1039357408717,10.040019569601384,-1423.8679969756863,0.049886621315192746,0.017006802721088437,10.363198763995703,7.159955912323842,10.33538896116922,7.119209415542564,4.281548422233666,0.4728055000305176,150000.0,2900.0,H4,1605.9523603025978
4,41,8,known,3,100.0,300.0,150.0,3708.746156662301,169.40525065396028,3704.875155198655,929.9240052201837,62.92837135147378,927.7923666229419,1.0,1.0,25.0,2915.091348010713,86.59286547892017,83.67771120608907,882.0,882.0,2609.9547511780333,165.85384382288342,2604.679693491306,2642.6471458210044,-32.69239464297107,45.526996407390385,-35.226628162352426,0.048752834467120185,0.009070294784580499,8.376094317894902,8.716891406179135,8.34522012908472,8.670568578279873,2.9941347546533814,0.43186439998680726,150000.0,2900.0,H4,1395.6626308530958
4,42,8,known,3,100.0,300.0,150.0,1497.2094753549923,66.22059160577037,1495.7443118194208,645.3958613055441,54.16397873610153,643.1190256848263,1.0,1.0,161.0,405.3686165347606,624.1742394375043,90.57920591256423,882.0,882.0,6315.981837784626,235.8774860223009,6311.575745153745,4244.775229896399,2071.206607888227,97.07587022371752,2069.0704871966345,0.01927437641723356,0.005668934240362812,10.422382306539243,7.59628081203388,10.396309860072101,7.553891233968231,8.314571293598007,0.5870986999943852,150000.0,2900.0,H4,1177.79392350515
4,43,8,known,3,100.0,300.0,150.0,878.0861281290796,59.40642592588829,876.0742690956232,416.34700746279776,32.62143859198751,415.0670697217694,1.0,1.0,40.0,812.627035217179,311.8474341605952,86.36503349204021,882.0,882.0,2959.450633654717,122.5563249496766,2956.9119026873514,2961.9401716706793,-2.489538015962353,11.901952322195143,-2.9605929406188807,0.03854875283446712,0.013605442176870748,8.240463252208018,7.037714818551927,8.208165978407937,6.990809114654461,4.205130088325531,0.4636105999816209,150000.0,2900.0,H4,1295.7102790677898
4,44,8,known,3,100.0,300.0,150.0,2953.9416094628573,98.21051629006433,2952.3085419051404,850.7957026312557,69.3137417826892,847.9675305198276,1.0,1.0,58.0,2359.4270437118917,106.64819422484406,93.47029772258814,882.0,882.0,3505.7310320916276,171.92075673113956,3501.513004798814,9345.238565984722,-5839.507533893095,14.610391265424227,-5842.401448153182,0.04081632653061224,0.009070294784580499,10.209894023165623,10.495664122991471,10.182417718726331,10.459182285648204,3.340170751474491,0.45671579998452216,150000.0,2900.0,H4,192.0353604398661
4,45,8,known,3,100.0,300.0,150.0,2907.3562608464144,129.5994439021519,2904.466286880104,797.2435053245753,75.18698641764887,793.6901938764572,1.0,1.0,24.0,2687.083756257211,93.95474144416043,57.81253951463681,882.0,882.0,2744.7351218105637,149.56021700956472,2740.657335455949,4195.376511901515,-1450.6413900909515,21.27675116267551,-1452.7574340374326,0.05668934240362812,0.01473922902494331,11.923318813987311,8.556177879739234,11.89911812018497,8.521690572026943,3.2078986206095736,0.439922799996566,150000.0,2900.0,H4,986.5679563202693
4,46,8,known,3,100.0,300.0,150.0,1829.5818378325557,78.21752090650538,1827.9091117312132,625.0325217703772,53.65126660238278,622.7256176379748,1.0,1.0,38.0,1289.6046713325602,195.3491834288043,97.5118011389927,882.0,882.0,3505.2155476561115,158.12560421985907,3501.647087988771,3319.872577290858,185.34297036525368,33.28410817171671,184.12262985552297,0.02834467120181406,0.0045351473922902496,7.5021190280734995,5.384046739789436,7.4642296695066666,5.325773959108807,6.510373548118931,0.4873581999563612,150000.0,2900.0,H4,1299.6407899663438
4,47,8,known,3,100.0,300.0,150.0,2253.6434471733505,77.52647740141562,2252.3095773647797,558.9224945533683,44.723674916412406,557.1302790368974,1.0,1.0,919.0,378.74124069929184,667.9854941432595,77.17903880743954,882.0,882.0,13501.601508089301,521.4190319414798,13491.52939723175,3866.01320958957,9635.588298499732,409.20486807398845,9627.145084285046,0.012471655328798186,0.006802721088435374,10.330422827033152,6.984374526557442,10.30563583764663,6.943123808358216,19.33115335775695,1.6462328999768943,150000.0,2900.0,H4,1032.9767794032152
4,48,8,known,3,100.0,300.0,150.0,3333.802002843599,149.2336318921208,3330.460196020406,1203.2528766474263,74.27584820547742,1200.958193915868,1.0,1.0,45.0,2632.0590507962233,96.12270043290873,96.2602659615423,882.0,882.0,2577.9807556851943,152.15606124690274,2573.486605698393,10552.39070936944,-7974.409953684246,-18.544954850720842,-7977.523338676113,0.046485260770975055,0.01020408163265306,10.829384304360584,9.003900742622017,10.804962402660795,8.959309753731066,2.8631821133719684,0.4597673999960534,150000.0,2900.0,H4,544.7924688365741
4,49,8,known,3,100.0,300.0,150.0,1082.3672661760445,46.55743302685577,1081.3654813796093,772.0315948678515,41.2413235816498,770.9292682882342,1.0,1.0,39.0,1051.9989940701248,239.0769740155837,84.36595966471242,882.0,882.0,2345.57780518334,114.72028918160193,2342.7706877581477,2740.693507627338,-395.1157024439981,-1.1500946555835583,-395.47235421239066,0.06689342403628118,0.023809523809523808,9.874061995454799,8.233575488639135,9.844289813559186,8.198374539142115,2.848796137740911,0.49670810002135113,150000.0,2900.0,H4,1328.0335313283254
4,50,8,known,3,100.0,300.0,150.0,945.724399899628,100.28856830272122,940.3918564265123,434.32517354039834,76.40819132179485,427.5513357128347,1.0,1.0,38.0,733.706155720291,344.41692435135377,68.02991813932668,882.0,882.0,2464.4089983124663,136.56597387243008,2460.622166392827,2408.672239158058,55.736759154408446,15.58313007574354,54.99021050315696,0.05668934240362812,0.012471655328798186,9.767223701489382,7.88861753966575,9.73923376926475,7.854687201442276,3.124006184760335,0.4841608999995515,150000.0,2900.0,H4,1667.3261006481498
4,51,8,known,3,100.0,300.0,150.0,2878.029379060801,96.61921585172554,2876.407105029693,1689.2128979053032,44.44356531961627,1688.628136669324,1.0,1.0,77.0,936.6559395010261,270.39230051812046,75.69237213636359,882.0,882.0,3841.0602659582546,163.72887222227266,3837.56912942609,2420.490799268565,1420.5694666896898,52.216549381077314,1419.6483881282415,0.027210884353741496,0.006802721088435374,8.341988174986977,6.643957014227604,8.307000325736592,6.599979820815134,5.781284041622895,0.5017217000131495,150000.0,2900.0,H4,1818.254055620573
4,52,8,known,3,100.0,300.0,150.0,985.2215163042814,95.10119662987353,980.6208230445004,802.6068916405316,64.0477052386966,800.0473198271045,1.0,1.0,71.0,755.2421492949322,334.1916385592392,85.18435399812131,882.0,882.0,3506.519022420756,132.7544086559005,3504.0051257926316,3525.6850779413658,-19.166055520609916,-6.624440641783735,-18.923883595276948,0.01927437641723356,0.0045351473922902496,8.062510148628741,7.364722796233764,8.025222859158841,7.32892743103185,4.761236939174344,0.5167426000116393,150000.0,2900.0,H4,1022.5447046526416
4,53,8,known,3,100.0,300.0,150.0,2884.382233817351,49.6467199471338,2883.9549361873983,1149.0085394005744,51.674782910817676,1147.8459567496682,1.0,1.0,41.0,1866.7166592519052,135.2434244385839,76.04286550266426,882.0,882.0,2596.525428483163,133.16727987455704,2593.1083232928167,19106.2929702451,-16509.767541761936,-323.8316320162564,-16507.718440472356,0.046485260770975055,0.009070294784580499,8.630832590806897,11.173461722237867,8.59778734019931,11.14902453338086,2.3238325713466716,0.47301159997005016,150000.0,2900.0,H4,718.2272878652593
4,54,8,known,3,100.0,300.0,150.0,3351.927170734038,71.24994351139586,3351.1698261136685,1248.6794787810786,54.050628014324175,1247.5091063155585,1.0,1.0,26.0,2189.9613464540953,115.14856587934231,76.28270702997045,882.0,882.0,2114.7565237860344,148.6227154695635,2109.527540313718,5635.535672195104,-3520.7791484090694,-8.803921797220568,-3523.8088748546847,0.04195011337868481,0.011337868480725623,8.047081143224986,9.777451688091983,8.013693543032154,9.748275546859213,2.1628913046551888,0.47820000001229346,150000.0,2900.0,H4,743.8756444315228
4,55,8,known,3,100.0,300.0,150.0,2369.9063089834285,58.60040693057032,2369.18169536805,1129.1768715381468,53.8226251891431,1127.8934046417796,1.0,1.0,78.0,706.3998763827993,356.3063024514418,101.2276776344517,882.0,882.0,4059.336320338312,174.1756507052317,4055.5978849386925,3407.5115749854886,651.8247453528234,37.523779468509474,650.8274962417413,0.01927437641723356,0.0022675736961451248,9.920457261038983,6.672883147677728,9.892418247625228,6.626854203659871,6.083331942881432,0.5206268999609165,150000.0,2900.0,H4,1882.6977096614291
4,56,8,known,3,100.0,300.0,150.0,3554.987143606192,142.78758129481096,3552.118423959608,985.929736172315,33.2311983218331,985.3695408966656,1.0,1.0,47.0,1568.1249576046098,161.0549471053333,92.18036078604162,882.0,882.0,4018.9615708100814,206.64988100492766,4013.645217795027,1764.6077315749005,2254.353839235181,96.37864531256359,2252.4863093166364,0.030612244897959183,0.003401360544217687,7.741022174292487,4.326241216557254,7.7071456965111995,4.256104410678244,9.289730668342852,0.4682943999650888,150000.0,2900.0,H4,1900.8635354475807
4,57,8,known,3,100.0,300.0,150.0,1342.5096056847358,86.33948784959416,1339.7303960848446,780.86641011561,54.68493174903046,778.94923370297,1.0,1.0,30.0,1632.6981197851906,154.43260894687822,59.32551671459198,882.0,882.0,2620.5878588947135,143.7418128461744,2616.6426996107193,3646.7595684247117,-1026.1717095299982,35.74925811957456,-1028.5175105886638,0.04081632653061224,0.01020408163265306,10.25762055382505,11.09861314734136,10.228500102506224,11.074202112719803,2.361184973387839,0.4797019999823533,150000.0,2900.0,H4,1122.3619136204218
4,58,8,known,3,100.0,300.0,150.0,3873.9294953992576,125.07742292102004,3871.9097837630184,1182.948523120103,47.61275374410063,1181.9899466716865,1.0,1.0,55.0,2667.8864877259484,94.43576907167449,85.63195339587335,882.0,882.0,3078.1622655376277,162.1677991625401,3073.88752850434,4097.721912729811,-1019.5596471921835,53.9885332112714,-1022.4061768449615,0.04308390022675737,0.009070294784580499,9.046955275184114,8.82244692635958,9.015654359999218,8.779714638748263,3.4890119387862097,0.46009319997392595,150000.0,2900.0,H4,953.003488586905
4,59,8,known,3,100.0,300.0,150.0,3006.4583250180185,74.72778781760813,3005.5294737862805,1545.251600479818,74.2415331358393,1543.4671047816598,1.0,1.0,39.0,2149.41930379523,117.83751774125815,82.68034855114843,882.0,882.0,2681.588462563945,133.16589833199689,2678.2799566284134,3495.0651874212363,-813.4767248572912,-5.507796242321547,-814.0330692552848,0.04081632653061224,0.009070294784580499,10.086829739619343,10.319298233605949,10.058663584965732,10.285573631745052,2.598615140156578,0.46461609995458275,150000.0,2900.0,H4,1553.8261979042434
4,60,8,known,3,100.0,300.0,150.0,1126.2910191986637,82.05798061026724,1123.2978001161266,960.8465187735234,66.00276487422379,958.5768971074552,1.0,1.0,33.0,1009.0834232484382,251.00592971485358,79.96619999225348,882.0,882.0,2266.1946409698794,112.38545135020213,2263.406207706742,3976.3698125953047,-1710.1751716254253,-9.169255307650872,-1711.1052515557099,0.061224489795918366,0.015873015873015872,7.7833982154839205,7.542993364993927,7.745716399564905,7.507629298224494,3.0043704552187473,0.44945040001766756,150000.0,2900.0,H4,720.4675674569746
4,61,8,known,3,100.0,300.0,150.0,2507.715184496465,90.94913429802537,2506.065382531864,1099.3125096305723,46.53590614843901,1098.3270930233903,1.0,1.0,31.0,1099.8255940174786,229.43076317264578,71.76945843014225,882.0,882.0,3606.1258543870003,174.08780923944212,3601.921308461997,2333.2525030598013,1272.873351327199,59.78280067223733,1271.4703632474702,0.021541950113378686,0.003401360544217687,8.09087801992526,5.686928080944089,8.057927749321413,5.631913646726529,6.341078703756609,0.4640720000024885,150000.0,2900.0,H4,1480.689989533453
4,62,8,known,3,100.0,300.0,150.0,3601.4193925006216,189.0150227069025,3596.4558890483636,1243.6733893525463,67.91629064334516,1241.8175698744558,1.0,1.0,17.0,3017.657279624415,83.38637075213362,61.1679804110214,882.0,882.0,2584.797939302015,157.51874136846365,2579.9938436239804,2151.0534817329685,433.7444575690465,48.84992606441287,431.6870289776316,0.03741496598639456,0.006802721088435374,8.521700300704389,8.133142054766452,8.491603403892803,8.091124739826398,3.178104995457674,0.5431036000372842,150000.0,2900.0,H4,1704.4252743342636
4,63,8,known,3,100.0,300.0,150.0,3139.359808724057,132.56061656411433,3136.5598498303984,975.9233852987021,54.39474852316858,974.4063142785869,1.0,1.0,33.0,2758.394800726896,91.87823556792573,86.50868155204134,882.0,882.0,2666.0912067862705,166.62765238466926,2660.8790931502026,2875.8086924973422,-209.71748571107173,55.73471843573027,-212.79075445642002,0.04195011337868481,0.009070294784580499,9.764159597807172,9.37457283636477,9.737871684086505,9.330138317967087,2.8439602031190954,0.5335258999839425,150000.0,2900.0,H4,1172.4508497542301
4,64,8,known,3,100.0,300.0,150.0,3058.2578486402463,182.97468684499663,3052.779280056723,766.0456060522281,68.80711753311063,762.9491799122077,1.0,1.0,59.0,1232.059456344572,205.19967830797637,71.78435057572956,882.0,882.0,5790.541069052566,275.37102000113686,5783.98968478748,4286.29844827854,1504.2426207740264,135.94225255502724,1499.9595720871175,0.01473922902494331,0.0,11.22600939473788,5.642128049794808,11.201488045048901,5.588138521154794,10.263044400885505,0.5285138000035658,150000.0,2900.0,H4,1600.5387052936278
4,65,8,known,3,100.0,300.0,150.0,2686.7412594033967,111.63866282634221,2684.420869376279,1232.6559124484595,66.65193369114033,1230.852598091817,1.0,1.0,38.0,2157.370835917013,117.18961922979729,69.94811230158147,882.0,882.0,2401.3645536861936,147.52348927471127,2396.8288507552447,3567.103183279318,-1165.7386295931242,30.863371258365092,-1168.3661701413475,0.060090702947845805,0.012471655328798186,9.190526397889233,9.223577146035097,9.16219921899497,9.185054438065876,2.603506769299868,0.466946900007315,150000.0,2900.0,H4,1337.6045807867727
4,66,8,known,3,100.0,300.0,150.0,1751.4235308304876,77.20952809288926,1749.7208557705442,617.589263639748,27.991269772455624,616.9546072278023,1.0,1.0,90.0,677.0728624063843,371.5399964562791,65.5424604901758,882.0,882.0,4031.184482676396,152.75099056911972,4028.2893972815705,2528.0875430085707,1503.0969396678252,45.68997582596336,1502.4698146040432,0.026077097505668934,0.005668934240362812,8.09014738863316,6.1701397982434045,8.058341314204675,6.126220645899496,6.533376251578685,0.5395462000160478,150000.0,2900.0,H4,1468.051031721824
4,67,8,known,3,100.0,300.0,150.0,1356.6837449552663,86.8234688333339,1353.902680803016,899.0226221444594,67.7329499626089,896.4674688001021,1.0,1.0,36.0,1011.5923380569794,249.599080049056,73.719792639331,882.0,882.0,2711.861210428604,120.57445908697899,2709.179400564528,15938.110699512388,-13226.249489083784,-271.2899200422083,-13224.113259092515,0.05442176870748299,0.018140589569160998,8.792625677709726,9.559049282794629,8.760966540008232,9.532693585774515,2.8369570343252586,0.44634069997118786,150000.0,2900.0,H4,684.168629495204
4,68,8,known,3,100.0,300.0,150.0,1216.2505605011197,100.01284603886393,1212.1315343420838,787.8688930264402,76.76644549470909,784.1200835617055,1.0,1.0,44.0,565.587960115354,448.49464834001265,57.48085411952409,882.0,882.0,3922.8388584713357,131.12331113301968,3920.646807200338,6209.171675588783,-2286.332817117447,-26.12190945146864,-2286.5334574236367,0.034013605442176874,0.011337868480725623,9.741611126095181,8.180035364651086,9.714664521869853,8.146123434820428,4.795625793286117,0.46964560000924394,150000.0,2900.0,H4,990.1563586101036
4,69,8,known,3,100.0,300.0,150.0,1112.2212464930199,64.0425697125089,1110.3759050047445,722.5565927062107,49.91757642548501,720.8302610372393,1.0,1.0,17.0,1342.0887546570568,186.99389190128755,79.46616655165205,882.0,882.0,2113.5334978908827,116.07763477639165,2110.3435335062363,3182.7019173851154,-1069.1684194942327,4.133951301094839,-1070.3891032705287,0.0782312925170068,0.02040816326530612,7.854792204233906,7.841166205546427,7.821281956732552,7.808182808964217,2.6954325957226626,0.4300008999998681,150000.0,2900.0,H4,1127.5160428135966
4,70,8,known,3,100.0,300.0,150.0,2397.9783808400225,103.17702672605336,2395.757670577746,1306.6700992181661,44.39941396761794,1305.915556316772,1.0,1.0,35.0,1257.194298890203,200.32584778640415,81.67631489825341,882.0,882.0,3588.79479848781,158.90592811510848,3585.2750259447375,2692.4947603573655,896.3000381304446,39.74841537199967,895.418241335426,0.02834467120181406,0.007936507936507936,7.768441171800518,4.659152239067409,7.732968264400178,4.599150660204294,7.702677685428358,0.46448749996488914,150000.0,2900.0,H4,1785.453292285478
4,71,8,known,3,100.0,300.0,150.0,1736.2452738165564,138.5099102268388,1730.7116038263803,1069.6052324252075,81.48770150158055,1066.496651535002,1.0,1.0,35.0,1216.6132722971042,207.9018047676377,93.28119144637539,882.0,882.0,3292.5654082897076,152.50130310559445,3289.031821131724,4637.129939897446,-1344.5645316077384,21.00283394500525,-1346.2332448706197,0.047619047619047616,0.012471655328798186,8.468825833773744,6.365182143609564,8.43717236662811,6.3196712376790325,5.172774846035374,0.45464509999146685,150000.0,2900.0,H4,883.047827139889
4,72,8,known,3,100.0,300.0,150.0,1551.8827717430956,71.40800589096871,1550.2390247725375,628.8197796626354,35.456907558614816,627.8193394610787,1.0,1.0,31.0,746.6594673896979,337.1214858474268,69.02533685768454,882.0,882.0,3392.4845949214487,135.19220459848904,3389.7897861954725,2580.9813334167816,811.5032615046671,18.354240111000465,811.4543670732269,0.027210884353741496,0.0045351473922902496,8.127892994598774,6.046624296104175,8.092726909897,6.003212685743964,5.610543054754068,0.4373368000378832,150000.0,2900.0,H4,1318.8423393734336
4,73,8,known,3,100.0,300.0,150.0,3230.066135449979,184.08453448616163,3224.8162929915516,1571.2322317948915,82.91517708496002,1569.0429565949191,1.0,1.0,25.0,2369.0847657601157,106.44779867043233,86.42856007780138,882.0,882.0,2401.8132405652414,132.0993237537266,2398.1777688941897,2684.351167777042,-282.5379272118007,21.258076012338137,-283.8840144629912,0.05895691609977324,0.018140589569160998,7.737036395830952,8.215025131229172,7.700917461635264,8.177979461704311,2.923683375519839,0.47033009998267516,150000.0,2900.0,H4,1228.6793857481516
4,74,8,known,3,100.0,300.0,150.0,2222.43343179885,117.92789904085681,2219.3024510879595,979.1743428283964,72.17686003261745,976.5105706182878,1.0,1.0,103.0,1468.9011332200844,171.89399566916094,75.53534089192038,882.0,882.0,4518.724461073957,136.53078493293944,4516.661388666824,3462.0514958675517,1056.6729652064055,13.447051701421387,1056.7985366663947,0.02947845804988662,0.009070294784580499,7.908946272694196,13.791911781481897,7.874009433486214,13.7731179615623,3.2763582980143124,0.6226178999640979,150000.0,2900.0,H4,790.383868953473
4,75,8,known,3,100.0,300.0,150.0,3347.6181699216204,120.82902836115187,3345.436856001721,1400.475337147245,64.58917650509657,1398.9851351019006,1.0,1.0,46.0,2393.8772072964734,105.16351291439875,104.60574440202838,882.0,882.0,2939.7708168400054,147.77447420276863,2936.0543524121354,3424.47295338335,-484.70213654334475,35.46891361052573,-486.57657561883616,0.05102040816326531,0.015873015873015872,9.127010188134214,9.018443796153255,9.09889465537481,8.985369246781392,3.2597318154756825,0.5894179999595508,150000.0,2900.0,H4,1177.7492685919322
4,76,8,known,3,100.0,300.0,150.0,2375.0087736056935,95.71909836272441,2373.079124031192,1139.943650423354,60.97792875870196,1138.3115647066143,1.0,1.0,34.0,2068.495443690451,121.97499955740551,65.73824995740955,882.0,882.0,2454.0964578364606,132.616613555401,2450.5106117245364,3960.9364113613437,-1506.8399535248832,2.206739179335983,-1508.2784101246075,0.05895691609977324,0.006802721088435374,10.513114258433745,8.913379275900997,10.487562947987895,8.87888862566719,2.753272784511227,0.5960126999998465,150000.0,2900.0,H4,1162.6063802292704
4,77,8,known,3,100.0,300.0,150.0,3328.41809047409,103.70039358350101,3326.8022504149258,1736.9289953383668,56.07091424238606,1736.0237289343631,1.0,1.0,29.0,2218.6568569037327,114.01951987590431,59.33487621805492,882.0,882.0,2451.4050760667506,137.53636528009247,2447.5437882071433,5103.052649829133,-2651.6475737623823,23.09906818573036,-2654.2255570261227,0.049886621315192746,0.009070294784580499,8.950212356458781,8.363617032037368,8.919246294553417,8.318840067050917,2.9310345830954323,0.5347477999748662,150000.0,2900.0,H4,616.3336641429087
4,78,8,known,3,100.0,300.0,150.0,2878.9070552667026,112.02135457858897,2876.726794289436,953.3619144389598,82.27030548444249,949.8055257463051,1.0,1.0,31.0,2036.8283218646861,123.90086765061955,82.36123547914154,882.0,882.0,3002.195143489233,147.43768980752068,2998.5726283041,2720.6230266452144,281.57211684401864,34.08770894659686,280.3118911872584,0.032879818594104306,0.005668934240362812,7.939255342528803,11.118163559649084,7.906072177869891,11.08868717262379,2.7002617180278197,0.440508299972862,150000.0,2900.0,H4,1443.0003021261496
4,79,8,known,3,100.0,300.0,150.0,1912.9570657896804,113.14851656423902,1909.607852087432,1538.5110388509395,71.87305735549018,1536.831311592971,1.0,1.0,24.0,1009.6444068945124,250.15601732436184,71.7395216799959,882.0,882.0,2746.9678647065584,133.14262105174342,2743.7393265742244,4011.9415745115275,-1264.973709804969,25.375332623688593,-1266.754584260063,0.04421768707482993,0.01020408163265306,9.919021244502876,8.282590785548184,9.893646510446823,8.250745139660635,3.3165562996298026,0.45354749995749444,150000.0,2900.0,H4,962.7443389135235
4,80,8,known,3,100.0,300.0,150.0,1508.183761815378,94.02097778235554,1505.250250005106,930.1176045018042,54.9840820697965,928.4909848367492,1.0,1.0,30.0,1482.7514303950209,170.91177562969372,64.5953838433809,882.0,882.0,2509.2970710953114,135.85991743635535,2505.6164658306534,2435.1480910686423,74.14898002666905,16.93895679002965,73.37387296410134,0.05895691609977324,0.013605442176870748,8.307353113612738,9.912719338747873,8.274646510672177,9.880143632745643,2.531391221061519,0.4790280000306666,150000.0,2900.0,H4,1442.9459467801612
4,81,8,known,3,100.0,300.0,150.0,1536.2853844251613,64.4148512305369,1534.9343664597886,995.9534466578208,33.15893579636514,995.4013024335688,1.0,1.0,164.0,597.4560970078466,422.9846657661194,73.22080937985262,882.0,882.0,4651.030084745259,203.76792629580234,4646.564266360533,4024.661267796281,626.3688169489778,85.53492649922642,623.6400465598826,0.02947845804988662,0.005668934240362812,8.223681568958469,7.70732211675691,8.190749931779527,7.6716324447917925,6.034560401508586,0.6500552000361495,150000.0,2900.0,H4,701.2308071790491
4,82,8,known,3,100.0,300.0,150.0,592.4924675687582,50.504906603724805,590.3359878363042,574.3103062371985,46.085781985758544,572.4582330170698,1.0,1.0,154.0,1074.9558675906994,234.79990590892345,87.05955662146678,882.0,882.0,3210.592949842219,111.20727581562923,3208.6663945293885,3774.80734337915,-564.2143935369313,5.7396064567035125,-564.6672841093232,0.04308390022675737,0.011337868480725623,9.108319419074551,8.51726055447509,9.076864885713938,8.487196233733862,3.769513600420886,0.5996199999935925,150000.0,2900.0,H4,882.5220618340816
4,83,8,known,3,100.0,300.0,150.0,2934.5812226320068,106.199972126525,2932.658950192588,1449.3107024671697,57.60347588182601,1448.1655125890177,1.0,1.0,38.0,2226.360270925909,112.95958710214697,95.2120734165322,882.0,882.0,2393.983984972407,134.51351953025866,2390.2019649744975,10510.298134312323,-8116.314149339916,-64.2453448053183,-8118.216649925516,0.06689342403628118,0.01927437641723356,10.318214056346797,10.980922212596083,10.29105013393757,10.950193097103382,2.180130173608094,0.4624979999498464,150000.0,2900.0,H4,485.4002350611278
4,84,8,known,3,100.0,300.0,150.0,975.789016746838,116.00740465095325,968.8686635813499,372.8700557115008,59.921737173470675,368.0237273062856,1.0,1.0,295.0,1159.4684593128818,218.4388610528623,68.21174983104942,882.0,882.0,4756.396773481339,132.28715554376834,4754.556801139495,6768.115087387669,-2011.71831390633,-8.868214873045616,-2012.0861625114667,0.01927437641723356,0.005668934240362812,9.45335793827888,12.133764425349824,9.425203996776919,12.1109472555943,3.9199679561474667,0.832784200028982,150000.0,2900.0,H4,403.0470134998596
4,85,8,known,3,100.0,300.0,150.0,1439.2314732371992,50.097709160715986,1438.3592920732174,1138.2074590057566,38.361846041584535,1137.5608065086556,1.0,1.0,32.0,1557.2142024850334,161.30881713609736,61.831741088378436,882.0,882.0,2079.803668182334,119.32265209019816,2076.3779528021514,3157.6503850640006,-1077.8467168816665,7.445524152385559,-1079.2898786622468,0.06802721088435375,0.01927437641723356,10.286604161455877,8.537429444104488,10.259903046710901,8.502504949198116,2.436100563757561,0.48558469995623454,150000.0,2900.0,H4,981.3751094173455
4,86,8,known,3,100.0,300.0,150.0,3676.5991402528866,239.04193670155243,3668.81999975554,1346.4867970046114,49.28045770657168,1345.5846799796616,1.0,1.0,31.0,2126.5103162002815,118.71316555195091,75.02122959921188,882.0,882.0,4324.778950868906,204.42783149284838,4319.944702839364,2733.4070092991915,1591.3719415697142,84.33693815129452,1589.1770349806761,0.022675736961451247,0.003401360544217687,8.402673798044708,4.6599821464634354,8.369640215632991,4.589830607748423,9.2806770818877,0.45648829999845475,150000.0,2900.0,H4,1591.2336408574783
4,87,8,known,3,100.0,300.0,150.0,2451.070004866224,141.02700363633102,2447.009512241477,1603.120441513037,82.62045544006416,1600.9900094441039,1.0,1.0,44.0,1195.4645542951077,210.96388082275777,62.492245722447144,882.0,882.0,3034.856950402006,150.14326553963787,3031.1406614039633,4521.973886876693,-1487.1169364746866,28.66123008056745,-1489.2011341525867,0.03741496598639456,0.005668934240362812,8.755560014936304,6.45368362120845,8.724936288347514,6.408283508201267,4.702518946588414,0.43486909999046475,150000.0,2900.0,H4,648.0530580685839
4,88,8,known,3,100.0,300.0,150.0,1364.1783700567357,51.744032482664714,1363.1966770914185,1068.0880937207162,41.929157339500364,1067.2647851928557,1.0,1.0,32.0,829.8235150155126,303.5460096545303,62.80324965684821,882.0,882.0,3267.7560321003743,129.41490618181666,3265.1923783119323,4724.972492502629,-1457.216460402255,-13.943013294257696,-1457.6048396331703,0.04308390022675737,0.01473922902494331,8.05475301898787,7.291932854866182,8.020978679835837,7.254881725206162,4.481330392283683,0.44020850001834333,150000.0,2900.0,H4,553.7461258902265
4,89,8,known,3,100.0,300.0,150.0,1706.6901264776955,59.391450504767185,1705.6564259613926,1180.36609899285,63.06749947275713,1178.680032138431,1.0,1.0,34.0,1426.392412114786,177.44237188510522,69.7912019721739,882.0,882.0,3265.052861624577,119.14677961540325,3262.8782131900225,4161.19943838268,-896.1465767581026,-24.558698950379394,-895.8390772045177,0.03741496598639456,0.012471655328798186,10.371451744821698,12.38929898050519,10.341175121229757,12.366926986343643,2.6353814422932262,0.4585393000161275,150000.0,2900.0,H4,1467.311022595195
4,90,8,known,3,100.0,300.0,150.0,919.9660906805033,79.69193338756038,916.5079398209929,824.1732014154437,52.60740657565787,822.4925086009994,1.0,1.0,31.0,1029.71931846111,246.53250352690617,73.39147026390775,882.0,882.0,2856.994060490447,131.41505030921604,2853.9700675077015,4182.522697294667,-1325.5286368042198,18.350444007205923,-1327.024133419492,0.034013605442176874,0.0045351473922902496,10.00119659412372,10.739723952616968,9.97263066567448,10.7108402065321,2.6602118202435525,0.41985700000077486,150000.0,2900.0,H4,725.7175615799523
4,91,8,known,3,100.0,300.0,150.0,3464.067306032331,173.10482389905542,3459.7394440427106,1067.499374480811,68.65183085797261,1065.289557180005,1.0,1.0,24.0,2931.2386062442433,85.73481156979041,68.10251266661089,882.0,882.0,2506.370760621639,157.59113479511853,2501.411486327885,3612.5664420018697,-1106.1956813802308,28.93344940020063,-1108.8632259158899,0.05668934240362812,0.01473922902494331,11.162642037006798,8.58181268088541,11.135881437352307,8.550152319651687,2.9205610211047506,0.4336229999898933,150000.0,2900.0,H4,1421.4705462528239
4,92,8,known,3,100.0,300.0,150.0,2110.234249552988,73.41292733508962,2108.9568819884757,1093.7374105035533,66.63987585839578,1091.7053861187073,1.0,1.0,49.0,1417.724199346831,178.03832626064363,85.00863739183916,882.0,882.0,2463.531762448066,131.5796390079383,2460.0153542587927,4756.805741041602,-2293.2739785935364,-37.03496690687251,-2293.80100448694,0.049886621315192746,0.012471655328798186,9.033503742322917,10.174874389766728,9.00232906121409,10.149210848473153,2.421191326868602,0.6663050999632105,150000.0,2900.0,H4,1361.523525766237
4,93,8,known,3,100.0,300.0,150.0,2116.1592501649893,115.27254158078142,2113.0173244004313,1108.834448085994,45.34017473308863,1107.9070817615275,1.0,1.0,32.0,942.1897470036009,267.0972231598738,75.41155599454048,882.0,882.0,4507.576783828855,219.07427003238874,4502.249984876747,3514.261080995538,993.3157028333167,94.13328520230266,990.2105922005176,0.02040816326530612,0.003401360544217687,7.557514041430821,6.288363037429788,7.520134748413808,6.237409755073049,7.168124290850763,0.6832716999924742,150000.0,2900.0,H4,823.2079931294777
4,94,8,known,3,100.0,300.0,150.0,1823.1095429618845,52.78656400460371,1822.3451880198984,1301.5326764106112,56.07373792076454,1300.3242071422658,1.0,1.0,26.0,1570.35363536192,160.965863047355,69.16034749743271,882.0,882.0,2046.4701813283937,118.7849608282176,2043.0199059596325,4532.153730321429,-2485.6835489930354,-1.7781071277294416,-2487.529948297739,0.06689342403628118,0.01473922902494331,9.425057397114106,9.960117330291133,9.395713870712765,9.931190368257264,2.0546647328185395,0.5189106999896467,150000.0,2900.0,H4,880.7731845647722
4,95,8,known,3,100.0,300.0,150.0,1091.159472059726,72.32188575669429,1088.760092171942,561.5063266070827,43.5456052879541,559.8152687091389,1.0,1.0,82.0,1521.3754777485651,166.27052104450706,53.35124960968479,882.0,882.0,3589.9275146921264,134.82639413312876,3587.394793466234,3244.7328954211052,345.1946192710211,20.174112078201617,344.688143636894,0.03741496598639456,0.012471655328798186,10.501244934204674,13.492533470239852,10.475578792207632,13.467478143316168,2.6606771238406344,0.5541398999630474,150000.0,2900.0,H4,910.5928638112096
4,96,8,known,3,100.0,300.0,150.0,791.5085580050941,69.57199628042112,788.4450105929142,636.4453590511863,59.897907952412346,633.6204981538381,1.0,1.0,419.0,178.58886492166252,1411.8916143027118,71.8805095895771,882.0,882.0,22328.81777710523,543.4306785448878,22322.20388807491,3401.581021968496,18927.23675513673,415.6584686565203,18923.02344105588,0.009070294784580499,0.0022675736961451248,8.974244314380499,8.423229483739398,8.944552947778114,8.390914815480391,26.508618600751458,1.0819131000316702,150000.0,2900.0,H4,1094.7779138692654
4,97,8,known,3,100.0,300.0,150.0,1757.2609543401388,129.1594744611367,1752.5078863746485,1026.3528836619212,74.06758457937725,1023.6768214215451,1.0,1.0,31.0,823.791442656373,305.9775710393148,79.9047211393173,882.0,882.0,2868.3693561951145,170.18415526280276,2863.316279571061,9035.149747564108,-6166.780391368993,-24.482790454558796,-6169.736124857511,0.045351473922902494,0.007936507936507936,10.32343556292729,7.142498233511619,10.294435840432259,7.104794053050478,4.015918887787917,0.41403270000591874,150000.0,2900.0,H4,988.1542973609052
4,98,8,known,3,100.0,300.0,150.0,1090.8241207801548,51.01864924778831,1089.6303776532338,402.805231711213,40.43848001306306,400.77023845110693,1.0,1.0,32.0,1366.594128974523,184.13257751619074,82.62859633525188,882.0,882.0,2996.5453690770296,121.14510816953121,2994.0955248127248,3153.584518714094,-157.03914963706438,8.833098692023341,-157.4884149230279,0.04081632653061224,0.011337868480725623,8.55111815448986,10.608308178661002,8.519686774617952,10.582689033834004,2.8247156083801275,0.4435031999601051,150000.0,2900.0,H4,1072.0132480309485
4,99,8,known,3,100.0,300.0,150.0,1344.1589217413896,66.4145425355001,1342.5171564776279,1002.0572426218329,33.90388195408228,1001.4835217213084,1.0,1.0,34.0,1494.4807463619838,169.20855565283335,67.33777384744722,882.0,882.0,2402.292305587648,116.34583636369923,2399.4732688334852,3490.5325085165973,-1088.2402029289492,11.267170774746873,-1089.4772420005697,0.05442176870748299,0.017006802721088437,9.369934309376436,7.895679318108355,9.342858780554163,7.857627942444772,3.0425403677149196,0.451160800002981,150000.0,2900.0,H4,866.8950482275341
