condition_id,trial_id,n_anchors,gauge,dof,sigma_r_mm,sigma_deploy_mm,sigma_v_mm,rmse_anchor_abs_mm,rmse_anchor_abs_h_mm,rmse_anchor_abs_v_mm,rmse_anchor_shape_mm,rmse_anchor_shape_h_mm,rmse_anchor_shape_v_mm,converged,rigidity_ok,iterations,rigidity_min_singular,rigidity_cond,rms_residual_mm,tag_positionable,tag_total,rmse_tag_mm,rmse_tag_h_mm,rmse_tag_v_mm,rmse_tag_trueanchor_mm,delta_rmse_tag_mm,delta_rmse_tag_h_mm,delta_rmse_tag_v_mm,coverage,coverage_100mm,pdop_true,pdop_est,vdop_true,vdop_est,pdop_overconfidence,compute_time_s,r_max_mm,known_z_max_mm,height_pattern,unknown_z_std_mm
0,0,8,known,3,100.0,1000.0,150.0,2535.554335248675,116.42425286655143,2532.880016965434,1726.4815970131153,69.46415771200942,1725.0836025011422,1.0,1.0,28.0,1293.0508315438958,195.9667856089596,64.97381713117176,882.0,882.0,2451.8463884834628,119.14071673952549,2448.95002038306,5525.778617147289,-3073.932228663826,4.620296792238378,-3075.641765363404,0.05442176870748299,0.013605442176870748,11.805074341698706,7.661249963560282,11.781732134738974,7.619093900082122,3.2003216187245482,0.38324429997010157,150000.0,2900.0,H0,0.0
0,1,8,known,3,100.0,1000.0,150.0,2052.360075240236,103.74231601407558,2049.736424594182,1607.877779486941,67.15607253740035,1606.4747167911507,1.0,1.0,33.0,1089.6343289510708,232.05337188360454,97.8565888025447,882.0,882.0,2287.1597312686395,115.28324226980989,2284.2524839405546,5790.092785495027,-3502.9330542263874,3.018159898964612,-3504.751835968166,0.049886621315192746,0.01927437641723356,11.825767199645295,8.313037077576395,11.80039288309767,8.279959000360588,2.751292590090846,0.47628549998626113,150000.0,2900.0,H0,0.0
0,2,8,known,3,100.0,1000.0,150.0,1434.9828619749615,54.05741682067613,1433.964298665949,357.39848824648857,43.502644543305,354.74103134344955,1.0,1.0,215.0,333.32394748238625,744.3541033492854,80.9019645666032,882.0,882.0,11233.629369163733,262.4343097036122,11230.563522674556,5787.832771448631,5445.796597715102,143.8317262967767,5443.946063617497,0.01473922902494331,0.0022675736961451248,11.883266406583044,8.507674836012193,11.861658052513066,8.476179456108202,13.204112270032734,0.921085599984508,150000.0,2900.0,H0,0.0
0,3,8,known,3,100.0,1000.0,150.0,1167.80822033884,69.15672464410365,1165.7587172856433,1135.8805887981612,42.03309151661906,1135.1026082368116,1.0,1.0,37.0,1323.0153445937203,191.37098364410164,73.42002186177147,882.0,882.0,2176.5234438761877,121.825840930877,2173.111310132121,5619.668574721556,-3443.1451308453684,9.345668570191677,-3445.4314814232407,0.060090702947845805,0.01927437641723356,11.333375704331411,9.47126984114821,11.310947821451734,9.442714488948145,2.298027065410192,0.7014766999636777,150000.0,2900.0,H0,0.0
0,4,8,known,3,100.0,1000.0,150.0,3172.1876495766146,108.86200879348345,3170.3191554113055,1368.9776261466848,56.323433555444815,1367.818486394572,1.0,1.0,39.0,1277.1863203659298,199.06177654010196,79.2077458632829,882.0,882.0,3918.4302559709154,150.69232098572584,3915.5315725076493,5884.139164788735,-1965.7089088178195,32.424045712548434,-1967.4189054128115,0.022675736961451247,0.005668934240362812,11.968333178104604,6.049949799476259,11.94688057878346,5.998830909956253,6.47679796667095,0.7475869000190869,150000.0,2900.0,H0,0.0
0,5,8,known,3,100.0,1000.0,150.0,3539.294569084556,173.10227201936837,3535.0589316407677,1463.12096042616,56.459301215172935,1462.0312213303325,1.0,1.0,39.0,1393.9948227229047,181.75398421712356,86.32621208144182,882.0,882.0,4270.733904342442,172.10605946140092,4267.264649163056,6136.871413356294,-1866.1375090138527,56.67086162249501,-1868.5209940263785,0.018140589569160998,0.0045351473922902496,11.449784274884166,5.438625825476435,11.427359652821401,5.386549815371723,7.852597404912144,0.62902509997366,150000.0,2900.0,H0,0.0
0,6,8,known,3,100.0,1000.0,150.0,1911.5805637536607,106.70417619960624,1908.6001337373755,1244.8243456690786,64.71931458260588,1243.1408053355854,1.0,1.0,25.0,2000.0835676641325,124.62086227191593,61.50257801080435,882.0,882.0,2626.809673512473,132.74049190093376,2623.4536440860934,5793.202824071899,-3166.393150559426,17.924534170451153,-3168.6112948355226,0.046485260770975055,0.007936507936507936,11.272167301541874,9.309884709490506,11.24954717875434,9.280200409102125,2.8215276080000224,0.5076889999909326,150000.0,2900.0,H0,0.0
0,7,8,known,3,100.0,1000.0,150.0,2000.5968436266671,54.59249940524103,1999.8518419467157,1217.9021135289827,31.873185133890072,1217.48497247719,1.0,1.0,60.0,2066.1026198001096,122.8878991317431,66.66328193835898,882.0,882.0,2165.792339319988,129.5281291494246,2161.9155674577573,6205.555544659943,-4039.7632053399548,10.694449422811743,-4042.502066327254,0.061224489795918366,0.015873015873015872,11.631872782071689,9.332100972405723,11.610109504625639,9.299842219749731,2.3207982272417143,0.8782796000014059,150000.0,2900.0,H0,0.0
0,8,8,known,3,100.0,1000.0,150.0,2314.7183205783945,68.7732189603424,2313.6964251982354,1219.5541886938813,43.40996087443383,1218.7813562972117,1.0,1.0,86.0,852.8861640595561,297.4559672063881,94.37376021361992,882.0,882.0,3061.3969200906167,121.81668470709836,3058.972343396927,6160.282280821546,-3098.8853607309293,6.1540405629746715,-3100.224027247014,0.04195011337868481,0.007936507936507936,11.49028823228691,6.192375806771656,11.46817050569511,6.149314170893099,4.943816421385204,0.7378688000026159,150000.0,2900.0,H0,0.0
0,9,8,known,3,100.0,1000.0,150.0,2858.3285135546057,140.70287937936735,2854.8633226712686,1622.4519215782202,72.28888869655991,1620.8406937154175,1.0,1.0,37.0,2416.8057044838215,104.65994738918438,67.72300573151978,882.0,882.0,2576.2129545716493,147.98265260199108,2571.959237980195,5911.505483695259,-3335.2925291236093,30.157485127717308,-3338.3719129510937,0.06462585034013606,0.01927437641723356,11.766907032786069,9.21202590085861,11.744542403628682,9.165926652639158,2.7965758914459116,0.672234199999366,150000.0,2900.0,H0,0.0
0,10,8,known,3,100.0,1000.0,150.0,1648.844443912017,68.54990997204841,1647.4188629678708,991.4004997192728,40.130268005563956,990.5879629964345,1.0,1.0,46.0,1863.8395056286388,135.91249274699123,66.48359341990827,882.0,882.0,2673.757726110221,123.86154054322495,2670.8872489695927,7076.563781435666,-4402.806055325445,-0.7850396907977881,-4404.578684999917,0.05668934240362812,0.02040816326530612,11.439050261152545,11.135336710179411,11.416523483850106,11.108967997255135,2.4011467238938495,0.6101489000138827,150000.0,2900.0,H0,0.0
0,11,8,known,3,100.0,1000.0,150.0,1295.120707255138,70.65940013481845,1293.1917473961996,1053.248102927598,45.54544865209989,1052.2628846574714,1.0,1.0,50.0,1639.5064251921362,154.95709083134392,72.84283956623186,882.0,882.0,2717.3480058876303,122.94082059645093,2714.565478991537,6082.841432655441,-3365.493426767811,-1.3135824571649266,-3367.0067468519974,0.046485260770975055,0.009070294784580499,12.745779557263898,11.164775927556894,12.722963963059168,11.137162012155176,2.4338580760771684,0.5735080000013113,150000.0,2900.0,H0,0.0
0,12,8,known,3,100.0,1000.0,150.0,707.8586153017166,45.71088325091427,706.3811537755554,525.339859211473,38.04311638297734,523.9605795975509,1.0,1.0,107.0,983.311590935197,257.31996205231974,61.50804794893954,882.0,882.0,6092.020364009202,146.31112295412615,6090.263144627062,6594.5493702974845,-502.5290062882823,21.006898010586497,-503.0956540810939,0.021541950113378686,0.009070294784580499,11.879495199057585,12.412873969799676,11.85788992785822,12.390930541168855,4.907824230577859,0.8624763999832794,150000.0,2900.0,H0,0.0
0,13,8,known,3,100.0,1000.0,150.0,1255.0830704271764,26.500570072926024,1254.8032648422295,1037.0229694314419,28.557833408753662,1036.629677985057,1.0,1.0,130.0,880.3526216370631,291.07119410277517,93.57603698626407,882.0,882.0,3249.3730114217574,112.65925910108145,3247.4194152734403,5856.374888247355,-2607.0018768255973,-3.228812706204806,-2607.8087430912706,0.032879818594104306,0.006802721088435374,11.136488575655488,8.015497344715314,11.111361654525815,7.980755778101731,4.053863249750931,0.8813423999818042,150000.0,2900.0,H0,0.0
0,14,8,known,3,100.0,1000.0,150.0,1702.819563625233,127.8127414632277,1698.0160097550565,1074.8436426349344,79.40160364379463,1071.906824985982,1.0,1.0,40.0,985.0139873907892,258.7984472184173,90.8877460079469,882.0,882.0,3147.15960383577,124.83181996240226,3144.682907502853,5837.814876129508,-2690.6552722937377,5.848405696701562,-2691.9193125468105,0.04195011337868481,0.015873015873015872,11.84829650214872,7.765343478279082,11.827003021900667,7.7305615513679555,4.052827299447711,0.7547184999566525,150000.0,2900.0,H0,0.0
0,15,8,known,3,100.0,1000.0,150.0,1234.6708831505414,56.45540322653443,1233.3794943756227,913.5689328484946,34.53557803254198,912.9159265320633,1.0,1.0,80.0,1471.6776030008841,170.3826699666317,83.82537718762444,882.0,882.0,2800.650896723219,116.68302971463791,2798.2191686665974,5756.10034804026,-2955.4494513170407,3.3153994150026023,-2956.764671198589,0.04421768707482993,0.011337868480725623,11.800224008858486,10.430273612263072,11.778827471123819,10.399637675873318,2.685117381226165,0.7273776000365615,150000.0,2900.0,H0,0.0
0,16,8,known,3,100.0,1000.0,150.0,4152.962711763925,207.9660649152703,4147.752331220517,1567.8011727137052,65.55569362477766,1566.430007435967,1.0,1.0,62.0,1670.1627844691404,148.48392660734552,64.26133260331953,882.0,882.0,4231.597623972254,199.66691644753203,4226.884381395352,6252.428039529742,-2020.8304155574879,81.22656583549121,-2024.421743955144,0.024943310657596373,0.009070294784580499,11.624138117146405,4.992289682731544,11.602232553129422,4.934546585745178,8.47626618825718,0.7725288000074215,150000.0,2900.0,H0,0.0
0,17,8,known,3,100.0,1000.0,150.0,1826.7060933448145,52.76782218649605,1825.943785663942,1581.2842231111565,50.07128075466587,1580.4912720745538,1.0,1.0,37.0,1854.00603739044,138.24680597883062,107.42351626281004,882.0,882.0,2352.62112040918,116.85784383403131,2349.717085210432,5860.763786347237,-3508.1426659380572,2.42427441760789,-3509.9294158636576,0.048752834467120185,0.013605442176870748,11.767504818361552,9.016194691604511,11.745657944609821,8.984581753901907,2.6093282153721002,0.7695623000035994,150000.0,2900.0,H0,0.0
0,18,8,known,3,100.0,1000.0,150.0,2881.7358722428344,98.86458004768227,2880.0394844833572,918.9050651643439,32.88597374743377,918.3164114374579,1.0,1.0,77.0,2701.162180850805,93.47961034965522,91.09084086877532,882.0,882.0,2699.810730274225,160.13374031239448,2695.0575438230267,5903.855868074688,-3204.045137800463,42.12219840850419,-3207.618746384442,0.03968253968253968,0.012471655328798186,11.551783492838888,9.253820122296135,11.529742146110166,9.209277325778718,2.9175094118906704,0.9030258999555372,150000.0,2900.0,H0,0.0
0,19,8,known,3,100.0,1000.0,150.0,2461.7949474547213,145.68577751005725,2457.4804205822034,1110.4117237536623,89.64208105869417,1106.7874653938966,1.0,1.0,41.0,2425.5797593403977,103.72110061370218,65.04070985416057,882.0,882.0,2807.88971303741,150.13589398085088,2803.873009592246,5911.294922638363,-3103.4052096009527,34.57148470577651,-3106.2921767387584,0.049886621315192746,0.012471655328798186,11.491446835116015,9.684068806598084,11.467423236514954,9.649442604075116,2.899493765600157,0.6025390999857336,150000.0,2900.0,H0,0.0
0,20,8,known,3,100.0,1000.0,150.0,1391.0808341368652,54.868615309127435,1389.9983173216347,1080.1958500321427,39.06275549932841,1079.4893123877896,1.0,1.0,26.0,1233.5904104383462,206.6302121193043,70.56684635524013,882.0,882.0,3856.0881252745453,136.69440453843907,3853.664524793413,5868.06097964442,-2011.9728543698743,14.830205587140796,-2013.130918874227,0.03854875283446712,0.007936507936507936,11.565772867646102,11.280405450306649,11.543870067150374,11.256027597800877,3.4183949701645884,0.5952076999819838,150000.0,2900.0,H0,0.0
0,21,8,known,3,100.0,1000.0,150.0,2953.232118845797,86.32380813010667,2951.9702146079235,1120.6201456223137,48.65363946660081,1119.5634569515164,1.0,1.0,34.0,2674.0415091601253,94.25591722253874,76.49231681572633,882.0,882.0,2706.1025453391635,152.32140664067998,2701.8122020173987,6506.627468506562,-3800.5249231673984,34.155908309336326,-3803.742188572861,0.04081632653061224,0.007936507936507936,11.117685941215468,8.589449938544327,11.095051105954182,8.554732127716395,3.15049574152099,0.648500100011006,150000.0,2900.0,H0,0.0
0,22,8,known,3,100.0,1000.0,150.0,940.5665364810715,84.0998934298358,936.7991340053048,639.4167592953766,58.809831107180365,636.7065225305505,1.0,1.0,227.0,1317.7424625163417,191.3791838996774,85.50469645235077,882.0,882.0,4687.130039684155,138.71714231851018,4685.076900472027,6070.528800023456,-1383.3987603393007,21.92697550666169,-1384.3283396524348,0.02947845804988662,0.007936507936507936,11.911999704371013,14.162031449189605,11.89053732293896,14.135915434366426,3.30964526981923,1.0339901000261307,150000.0,2900.0,H0,0.0
0,23,8,known,3,100.0,1000.0,150.0,434.20060118003454,53.92759100756173,430.83869022317924,351.3032312482456,35.23379688709635,349.531886731922,1.0,1.0,194.0,1055.8709189726346,239.11028847037565,93.08783623060222,882.0,882.0,5001.119152419393,106.8573184780516,4999.97742896743,6355.140092275717,-1354.0209398563238,-10.946971816232292,-1354.070709159827,0.032879818594104306,0.01020408163265306,12.38229336469225,10.927198929041536,12.361475204352274,10.902851073346135,4.576762247027252,0.8682371999602765,150000.0,2900.0,H0,0.0
0,24,8,known,3,100.0,1000.0,150.0,2097.4579927964924,100.65879667335744,2095.04124976053,1513.3381172027562,52.53012488423002,1512.4261446293601,1.0,1.0,39.0,1427.0772964313157,179.8686080515953,93.03656065805015,882.0,882.0,2483.167686973602,122.77007311237914,2480.1308979120054,6182.344010841194,-3699.176323867592,4.692641702156465,-3701.0854215978966,0.03968253968253968,0.011337868480725623,11.524815777854458,8.06771198555511,11.501023758963736,8.032823522005685,3.077908199275837,1.0344887000392191,150000.0,2900.0,H0,0.0
0,25,8,known,3,100.0,1000.0,150.0,1535.6194340713553,46.9543956634176,1534.9014075912214,952.5093735481327,53.9092789128118,950.9825951846631,1.0,1.0,56.0,1894.5689835718142,133.84742126097493,75.87485763890164,882.0,882.0,2523.2989571387197,123.45771351758158,2520.2769332099915,5439.193042691489,-2915.894085552769,8.89049478052236,-2917.709395207389,0.06349206349206349,0.018140589569160998,11.963272245465884,11.006681062154147,11.94181278979405,10.979286187738172,2.292515739204019,0.6744010999682359,150000.0,2900.0,H0,0.0
0,26,8,known,3,100.0,1000.0,150.0,2524.9986942784763,113.33703162758816,2522.4537901356803,1187.3926548657812,65.6035569820701,1185.5789683275038,1.0,1.0,33.0,828.5941991560371,300.0642829775055,80.86960126717645,882.0,882.0,3565.022843672811,147.3362525735637,3561.976965757437,5612.658348483516,-2047.6355048107052,31.290161325558557,-2049.481582740251,0.02947845804988662,0.006802721088435374,11.562404725313392,7.340973771891159,11.540484862425558,7.301347836976996,4.856335078220012,0.6488047000020742,150000.0,2900.0,H0,0.0
0,27,8,known,3,100.0,1000.0,150.0,2031.6006508861474,99.05124784077466,2029.1845788351052,1101.7439489395535,52.05314924235111,1100.513606766802,1.0,1.0,33.0,619.0073913917298,406.46800722900224,79.18721173336084,882.0,882.0,4151.269928082988,154.28817777222633,4148.40176140232,6026.662056862203,-1875.3921287792145,38.11812811181592,-1877.1405434184217,0.021541950113378686,0.0045351473922902496,11.473664450820442,7.663776232332605,11.451589716557805,7.627715784733091,5.4167420893230815,0.6564492000034079,150000.0,2900.0,H0,0.0
0,28,8,known,3,100.0,1000.0,150.0,1232.5779333017329,69.23182132260624,1230.6320801030363,348.29876255714015,36.562078848581976,346.37442513717025,1.0,1.0,105.0,1753.716841087479,142.58176337298283,83.78334364792458,882.0,882.0,3350.7851207617036,134.75298055601294,3348.0744555265337,5237.521701442125,-1886.7365806804214,23.57098169123907,-1888.2670283919524,0.047619047619047616,0.01473922902494331,11.177335100545854,13.590349803358556,11.154529773254499,13.568068344738478,2.4655620857776825,1.0639756000018679,150000.0,2900.0,H0,0.0
0,29,8,known,3,100.0,1000.0,150.0,2133.630389816581,56.35970663452661,2132.8858909507853,1426.2791831018508,43.74334608353625,1425.608230834509,1.0,1.0,32.0,2034.3291893586359,125.05756149503824,69.11080294790894,882.0,882.0,2269.3494174987727,126.52704359871662,2265.819429244128,6195.925856120377,-3926.576438621604,9.403297090787959,-3928.999312458083,0.05328798185941043,0.015873015873015872,11.52871067468297,9.286939050271112,11.506529933218498,9.257204882831271,2.4435924530295305,0.715383299975656,150000.0,2900.0,H0,0.0
0,30,8,known,3,100.0,1000.0,150.0,2514.4973117197774,122.02542520251475,2511.5346954103848,1160.7710109428406,40.622138571595144,1160.059990562184,1.0,1.0,32.0,990.7629180977035,255.86223814020377,78.04852315131754,882.0,882.0,4155.123618529113,149.62769531137675,4152.428667425158,6054.83876110003,-1899.7151425709171,33.759588682864035,-1901.30134016402,0.023809523809523808,0.0045351473922902496,11.382345517285621,6.364841355045339,11.35997932766117,6.321713218023733,6.528243811191605,0.5453267999691889,150000.0,2900.0,H0,0.0
0,31,8,known,3,100.0,1000.0,150.0,1515.1784011063833,98.92883510105509,1511.9453273067927,1091.0411939360351,70.673157409082,1088.749829707082,1.0,1.0,27.0,1739.3240535573234,142.8550804638856,84.16791071332163,882.0,882.0,3025.229132210128,127.87261967463488,3022.525416851013,6553.535418018426,-3528.306285808298,1.3463366378730228,-3529.788493129404,0.05215419501133787,0.01473922902494331,11.742702093847855,10.725816784468758,11.721165053833822,10.696074237799408,2.820511661723266,0.5003043999895453,150000.0,2900.0,H0,0.0
0,32,8,known,3,100.0,1000.0,150.0,2952.7858385036347,107.97591288561836,2950.810975020957,1032.5516014357106,62.52737548005561,1030.656653276457,1.0,1.0,136.0,2714.8922547399593,93.24502008397356,87.80341104051132,882.0,882.0,2410.6662771353663,151.6373345111055,2405.8923538886884,6379.99505523399,-3969.3287780986234,34.79090262312654,-3973.0326195033967,0.047619047619047616,0.007936507936507936,11.717347847087716,8.684178649474768,11.695659389633926,8.649653003217347,2.775928932877454,0.8570965999970213,150000.0,2900.0,H0,0.0
0,33,8,known,3,100.0,1000.0,150.0,2147.635490719974,90.81164619997804,2145.714670200694,1074.9303920833806,54.22725178526443,1073.561713637529,1.0,1.0,22.0,2261.523458965453,111.88876894789887,60.489756045943935,882.0,882.0,2246.0426564062163,129.11581172478014,2242.3284151878697,6468.532570846584,-4222.489914440368,9.07591340752235,-4225.090238565349,0.06802721088435375,0.01473922902494331,11.654579975204218,10.467537698939093,11.63153154363008,10.435206525541915,2.1457220609139602,0.7982043999945745,150000.0,2900.0,H0,0.0
0,34,8,known,3,100.0,1000.0,150.0,1780.2265969973857,83.89200736809488,1778.2488205413335,1298.7630656039726,62.920440083613755,1297.238034747946,1.0,1.0,34.0,1123.8743845274248,223.83564833214572,73.10435586441844,882.0,882.0,2978.349061291354,128.98315924962816,2975.5548181011673,6022.6160119272745,-3044.2669506359207,10.192945059413958,-3045.889569430402,0.046485260770975055,0.02040816326530612,11.27230730424455,8.690882709727298,11.249821599163246,8.660485753364409,3.426981079790465,0.805637699959334,150000.0,2900.0,H0,0.0
0,35,8,known,3,100.0,1000.0,150.0,2757.9772219378874,129.15339707190708,2754.9514980763297,1140.5423133124,57.978183594094396,1139.0677322631566,1.0,1.0,28.0,2618.580072201447,95.8863359322991,61.73270930845011,882.0,882.0,2260.9537163016635,143.76332275861122,2256.378473192763,6100.290014842013,-3839.3362985403496,27.00995686531708,-3842.794168791866,0.04421768707482993,0.011337868480725623,11.572828029031117,8.947371664930996,11.54919787397505,8.916243583137348,2.5269473550131107,0.703017899999395,150000.0,2900.0,H0,0.0
0,36,8,known,3,100.0,1000.0,150.0,2588.629719557674,96.76245522684167,2586.82060689096,1405.2254965982913,52.14007119420481,1404.257849992578,1.0,1.0,30.0,2313.0940696003113,108.83283815562449,66.29283470498322,882.0,882.0,2673.105400079855,139.80755489268043,2669.4468205100115,5821.987415181634,-3148.882015101779,29.468418582548153,-3151.494919237231,0.04421768707482993,0.013605442176870748,10.976078230793508,10.822073479706567,10.951698538053922,10.789768289105357,2.4700492055357346,0.8903083999757655,150000.0,2900.0,H0,0.0
0,37,8,known,3,100.0,1000.0,150.0,2800.6571975650336,130.87411362437922,2797.597666687592,606.0395086064004,49.79961251079865,603.9899706002258,1.0,1.0,63.0,2664.253877163706,95.00000436022972,94.98088942695952,882.0,882.0,2998.4344870518776,168.67169450804084,2993.6865621861357,6648.831506446484,-3650.3970193946066,47.51700933854217,-3654.041015217808,0.04308390022675737,0.009070294784580499,11.795671187110646,9.184427276500783,11.773779601450697,9.155012181520515,3.264694026946735,0.5740593000082299,150000.0,2900.0,H0,0.0
0,38,8,known,3,100.0,1000.0,150.0,2704.6617501156734,111.2242580286656,2702.373835531411,1389.516681978488,73.84574369722583,1387.553031647551,1.0,1.0,34.0,942.9474607333917,269.2912417233224,68.7143084340917,882.0,882.0,4878.370885203408,167.9859723170591,4875.477741381349,5496.85688729049,-618.4860020870819,54.65110225825174,-620.2106455799831,0.013605442176870748,0.005668934240362812,11.726641997632605,6.485005097824081,11.704890741564409,6.440413060233317,7.522539784649131,0.5043743000132963,150000.0,2900.0,H0,0.0
0,39,8,known,3,100.0,1000.0,150.0,2109.9750927591717,48.08753793654862,2109.4270503526013,913.1578895942306,43.80785949820122,912.1064646050783,1.0,1.0,63.0,567.6521512872897,449.6238812439677,78.30299171665355,882.0,882.0,3995.449985823218,128.7286171848665,3993.375706383313,5859.011532307124,-1863.561546483906,14.99374752958208,-1864.5318138095731,0.02947845804988662,0.007936507936507936,11.3673634006957,7.460058188723954,11.343289202295002,7.4220736205654525,5.355789304515655,0.6501072999672033,150000.0,2900.0,H0,0.0
0,40,8,known,3,100.0,1000.0,150.0,1154.814241159047,76.76216945012199,1152.260170675467,852.1931192703299,66.5745118639812,849.5886927812583,1.0,1.0,64.0,749.1762960507428,334.9633269979802,72.99595453826778,882.0,882.0,6697.702889464986,155.20331523013792,6695.904414378179,6478.535078545238,219.16781091974735,33.22631512331279,218.51772101286042,0.009070294784580499,0.006802721088435374,11.757415389009676,8.446308928760553,11.7341246491087,8.414949097499367,7.929739423404958,0.6517314999946393,150000.0,2900.0,H0,0.0
0,41,8,known,3,100.0,1000.0,150.0,2151.472968077478,117.56177276281169,2148.258634790741,1650.496549655767,71.72961370350046,1648.9371494825198,1.0,1.0,30.0,1394.3703888127002,179.64406454486715,72.1735095077886,882.0,882.0,2692.746356013446,117.45547638700612,2690.1834786665377,5513.902074169483,-2821.155718156037,0.31943534766418225,-2822.4742498179858,0.048752834467120185,0.007936507936507936,11.768630761081962,7.103715234418228,11.745189347965251,7.066830931589831,3.7906169759829536,0.5979847999988124,150000.0,2900.0,H0,0.0
0,42,8,known,3,100.0,1000.0,150.0,2108.9908461642353,50.30228601573611,2108.390872022104,991.648910621952,47.777489613103086,990.4972859245876,1.0,1.0,41.0,709.586159904582,351.36830923816166,60.549744582715135,882.0,882.0,4314.063118579491,131.05427046942677,4312.072050566818,5717.5847527318,-1403.5216341523092,14.971082417824789,-1404.3341717133071,0.022675736961451247,0.0022675736961451248,11.65808451412338,7.707434207642736,11.636190368425545,7.671724726990739,5.59727530894995,0.5735500000300817,150000.0,2900.0,H0,0.0
0,43,8,known,3,100.0,1000.0,150.0,3682.429619560541,195.86026609414492,3677.2172439471565,1410.8600455624799,53.93785906046702,1409.8286333893689,1.0,1.0,81.0,1403.4886866693862,177.57672735995172,62.196856458890004,882.0,882.0,4337.049089574804,188.024539401828,4332.971449013295,6247.931780645823,-1910.8826910710186,73.33087903237687,-1913.9075237118159,0.017006802721088437,0.0011337868480725624,11.71399063926371,5.716895050115335,11.692250988230164,5.6613594515021735,7.586371713238478,0.5923482999787666,150000.0,2900.0,H0,0.0
0,44,8,known,3,100.0,1000.0,150.0,661.6978634518566,34.69786973737367,660.7875001333183,566.0873657668301,29.10501127076025,565.338663103593,1.0,1.0,54.0,962.6259499291153,264.50180512411293,92.93020929380094,882.0,882.0,3483.927483291534,111.54079089966407,3482.1414906346863,5765.444020937058,-2281.516537645524,-6.37683784315314,-2282.096550198685,0.04308390022675737,0.01927437641723356,11.634226727957515,9.905603607027945,11.611372585610528,9.879761719463517,3.5171279020490136,0.8497672000085004,150000.0,2900.0,H0,0.0
0,45,8,known,3,100.0,1000.0,150.0,1927.9800244580986,82.8188625951164,1926.200407721871,1312.646522299386,50.3502524527728,1311.6805040034005,1.0,1.0,76.0,1771.3991079135428,142.42276287836643,66.13721647242097,882.0,882.0,2809.9643789679976,132.33954175609986,2806.846283065175,5928.198962347126,-3118.2345833791287,14.518909451450071,-3120.1817441822814,0.05895691609977324,0.018140589569160998,11.416868624095855,10.605485040704,11.394448006803401,10.569992884013228,2.6495387699697988,1.0905629000044428,150000.0,2900.0,H0,0.0
0,46,8,known,3,100.0,1000.0,150.0,3148.640146861888,151.76770638023015,3144.9803398003196,980.075968577098,60.24631606558921,978.2225133285688,1.0,1.0,32.0,2839.322316328369,90.73718800956189,80.45016394421259,882.0,882.0,2694.0950190407743,155.01700237193307,2689.631517623916,5861.101943143921,-3167.0069241031465,43.437843582961506,-3170.40825009519,0.049886621315192746,0.011337868480725623,10.899215265176515,7.893883351115344,10.876063388748658,7.8470287092126565,3.4128893210210913,0.7680007999879308,150000.0,2900.0,H0,0.0
0,47,8,known,3,100.0,1000.0,150.0,1928.4786554452867,97.2049457654443,1926.0272903120551,1103.3081205898936,60.184111256636214,1101.665412778241,1.0,1.0,40.0,886.666472886821,283.4804895517426,79.42235090721405,882.0,882.0,3120.415336233218,128.0704825128802,3117.786044953756,5649.544191394623,-2529.128855161405,9.781001140805046,-2530.5196451729266,0.061224489795918366,0.01927437641723356,12.02792947310595,8.15355438876148,12.006745665961784,8.120996559170527,3.8270614108299426,0.5863220000173897,150000.0,2900.0,H0,0.0
0,48,8,known,3,100.0,1000.0,150.0,1883.487554577935,70.46236342607604,1882.169074124421,767.8453097044511,53.50419578940937,765.9789296501915,1.0,1.0,34.0,2039.802985290458,123.21819079500553,79.64388359114913,882.0,882.0,2996.972833670655,138.73824264233497,2993.759820992397,6187.6025572578865,-3190.6297235872316,23.042673253020396,-3192.761005918963,0.048752834467120185,0.012471655328798186,11.071447920800344,12.501682984503766,11.048399932489312,12.47617580866186,2.397255503427417,0.5834823000477627,150000.0,2900.0,H0,0.0
0,49,8,known,3,100.0,1000.0,150.0,1074.4333147687125,54.694425569364526,1073.0402917395602,645.1233952733328,51.00080550833431,643.1042784545083,1.0,1.0,40.0,1644.894759675578,153.94969783980838,63.51551807964181,882.0,882.0,3114.9031920069256,119.95347174506387,3112.5926588924613,6213.387675467887,-3098.484483460961,0.9758449196267236,-3099.6557851067973,0.04421768707482993,0.011337868480725623,12.196918632988009,12.687821257112972,12.175776744564747,12.666008567456476,2.4550339486069497,0.5411957000032999,150000.0,2900.0,H0,0.0
0,50,8,known,3,100.0,1000.0,150.0,1623.452073216982,68.16121346803324,1622.0205556684791,1238.9828199291453,51.70975920922682,1237.9032792920862,1.0,1.0,27.0,884.1524533222633,284.139114986007,65.99038828166523,882.0,882.0,2637.4974441227664,109.30106831910109,2635.2316870094037,5482.189265061374,-2844.691820938607,-0.08541454916978353,-2845.86617156965,0.035147392290249435,0.003401360544217687,10.913149269975758,8.118643049963007,10.890087987950274,8.083332298717746,3.248692457460344,0.5593305000220425,150000.0,2900.0,H0,0.0
0,51,8,known,3,100.0,1000.0,150.0,2065.5543210082697,92.82077231290008,2063.4677020159947,1301.458713646744,50.00413690436457,1300.4977391827665,1.0,1.0,46.0,1691.418122039727,149.03070791364493,48.037953800508184,882.0,882.0,2593.693414492003,137.91412233380984,2590.024174257854,5944.346940107339,-3350.653525615336,19.112611076667307,-3353.1354858292366,0.049886621315192746,0.013605442176870748,11.097921735198828,10.070735756359149,11.075090258755642,10.038992484311063,2.5754755930858573,0.6028844999964349,150000.0,2900.0,H0,0.0
0,52,8,known,3,100.0,1000.0,150.0,1659.6479264093632,185.11308425411966,1649.2920862214874,1385.1191440351379,103.00247254453905,1381.2840163494054,1.0,1.0,35.0,1080.464540998099,234.50859128812678,84.95607413207179,882.0,882.0,2986.063322561212,138.14058292623994,2982.8662969858547,6287.359313388189,-3301.295990826977,19.91603336465505,-3303.3813987011486,0.04195011337868481,0.01020408163265306,11.993593710705163,8.94622264563502,11.972408939418262,8.9163568178517,3.337792318435258,0.4885046999552287,150000.0,2900.0,H0,0.0
0,53,8,known,3,100.0,1000.0,150.0,1973.5931016569243,134.6939474080869,1968.99143508534,1147.5961952660766,92.22075613557361,1143.884766716892,1.0,1.0,35.0,2063.562073900771,124.70944638077675,63.11794656731808,882.0,882.0,2335.190142847958,132.8885893060778,2331.405933355774,6131.898386802275,-3796.708243954317,16.339472430023605,-3799.384727678394,0.03968253968253968,0.01020408163265306,11.70888294587921,10.104956917418086,11.687268723272682,10.074995520643228,2.3109352785292447,0.6762956000166014,150000.0,2900.0,H0,0.0
0,54,8,known,3,100.0,1000.0,150.0,1873.6596268745836,27.06857832907978,1873.4640881124587,590.9772855733098,30.354686257586383,590.197208639452,1.0,1.0,59.0,2122.5629561083233,118.86333731741922,78.78378029394328,882.0,882.0,3700.5143563157435,157.39186676601304,3697.1657119440606,6264.801944884746,-2564.2875885690028,35.9620670481613,-2566.4592937832294,0.04195011337868481,0.01020408163265306,11.992799335878411,11.261055508392374,11.97107689664784,11.232521402383007,3.2861167885709395,0.8216664000065066,150000.0,2900.0,H0,0.0
0,55,8,known,3,100.0,1000.0,150.0,1915.2998265640574,83.44892594489444,1913.4810431240105,1266.911429557061,59.321548867271886,1265.5218386824872,1.0,1.0,34.0,864.6891879542932,290.3187422247873,74.77533236660672,882.0,882.0,3286.142091789805,121.7415073167171,3283.8862423703,6957.729180543891,-3671.587088754086,-0.474048348083997,-3672.7694705240433,0.032879818594104306,0.01020408163265306,11.400473908586878,8.141406195242944,11.377989590164278,8.108628042631214,4.0363323153067965,0.53841730003478,150000.0,2900.0,H0,0.0
0,56,8,known,3,100.0,1000.0,150.0,4841.53573087064,266.9694722951436,4834.16958061667,1505.1722897522486,57.53355155594341,1504.0723095261699,1.0,1.0,57.0,1989.801688472086,128.25102339312895,51.4219110819561,882.0,882.0,5648.666634681153,287.0841452808836,5641.36662904375,5882.374679359585,-233.7080446784321,171.07924421875327,-239.86408665686304,0.013605442176870748,0.0045351473922902496,11.49227628426396,4.4303997409659805,11.469489794913404,4.353908679994222,12.74979000754805,0.6035557999857701,150000.0,2900.0,H0,0.0
0,57,8,known,3,100.0,1000.0,150.0,5240.6989212938515,245.1051876446619,5234.9640524687675,1135.568636861269,74.60456320643104,1133.11530224057,1.0,1.0,147.0,2079.7204739485105,121.93664182119323,75.10734581474902,882.0,882.0,5366.767722038772,283.40021142953424,5359.2798119223935,5911.373563165135,-544.605841126363,163.1253449704107,-550.8700474116231,0.01927437641723356,0.0045351473922902496,11.48158169841433,3.90794249394333,11.459508843491388,3.82863406142776,13.732975166232313,0.7692187000066042,150000.0,2900.0,H0,0.0
0,58,8,known,3,100.0,1000.0,150.0,3253.4694219428616,232.57472780109933,3245.145955963377,1355.1346490407182,91.77841504564523,1352.0231653201877,1.0,1.0,33.0,1354.9332213191842,185.86922087586342,68.89674423177657,882.0,882.0,5219.377678685831,212.0868957379985,5215.066874108146,5067.242213982159,152.13546470367146,99.58204263938369,149.07375200542538,0.017006802721088437,0.003401360544217687,11.383096579782851,5.937035031046021,11.360918280195065,5.88870827065592,8.791219272570556,0.9006112000206485,150000.0,2900.0,H0,0.0
0,59,8,known,3,100.0,1000.0,150.0,1548.2743825109526,64.53247350002985,1546.928932887235,975.1654027271493,45.78041584394112,974.0901992121464,1.0,1.0,91.0,655.1575743738188,385.4095028962421,73.45158474683547,882.0,882.0,3759.1351120526415,134.71223432926482,3756.720565145755,5535.54360401961,-1776.4084919669685,16.925056745177812,-1777.569739202147,0.02947845804988662,0.0045351473922902496,11.988495560891641,8.872703060917413,11.967283766662032,8.842364364269415,4.23674170795924,0.8727111000334844,150000.0,2900.0,H0,0.0
0,60,8,known,3,100.0,1000.0,150.0,3030.9448806138766,126.73583933919262,3028.29405711309,1388.6784703589371,59.74929907811444,1387.3924878339624,1.0,1.0,33.0,2646.2654851434495,95.40227420960257,55.70199000662344,882.0,882.0,2687.8604667923255,157.85213890123075,2683.2213086492447,6093.238135437376,-3405.37766864505,37.11205788275913,-3408.820451547742,0.032879818594104306,0.011337868480725623,11.293521116716212,9.274285228310315,11.271044134225813,9.237555818930016,2.898186114211227,0.8053270000382327,150000.0,2900.0,H0,0.0
0,61,8,known,3,100.0,1000.0,150.0,3022.5433050261695,133.25145486641227,3019.604623213858,1304.8567882175291,79.24217095453336,1302.4484312631262,1.0,1.0,33.0,1162.5024691880433,216.09038137233895,54.40481255516608,882.0,882.0,3167.4246190581625,159.60333434034408,3163.400937769854,6055.012235490266,-2887.5876164321035,38.73537106043034,-2890.4048162488016,0.046485260770975055,0.012471655328798186,11.940005633638528,6.3754853158306215,11.918683611790527,6.324470740069913,4.968130992621537,0.5528763000038452,150000.0,2900.0,H0,0.0
0,62,8,known,3,100.0,1000.0,150.0,1415.506804765084,68.14248789262109,1413.8656639440896,804.3442562934608,52.01709974152013,802.6605160133151,1.0,1.0,25.0,1719.3638799009486,147.45625223244758,68.79876538998839,882.0,882.0,3838.119877777402,137.62323823714914,3835.6517100079795,5857.237900696115,-2019.1180229187125,18.334246746977527,-2020.3713399688809,0.03854875283446712,0.01020408163265306,11.979027948633309,12.476995467208166,11.957819716223694,12.45389455678266,3.0761571468585407,0.563008599972818,150000.0,2900.0,H0,0.0
0,63,8,known,3,100.0,1000.0,150.0,1974.3313584568878,98.41524449123186,1971.8769618406598,1138.708241027684,59.11347700639445,1137.1728342783151,1.0,1.0,40.0,854.7905975348219,293.5070210814292,78.05930406757182,882.0,882.0,3863.2457860353566,141.53024197511607,3860.6524311217668,5401.821213858468,-1538.575427823111,26.112060524100983,-1539.9355988877346,0.034013605442176874,0.007936507936507936,11.552124674113571,7.816286043993122,11.530256469167137,7.781482664086588,4.942559374479766,0.5383872000384144,150000.0,2900.0,H0,0.0
0,64,8,known,3,100.0,1000.0,150.0,1369.5821696316075,77.55840505198422,1367.3843692168684,1082.9213390383038,44.938592731631054,1081.9885163105075,1.0,1.0,28.0,1449.0281050973358,174.50999936431631,56.060049206658455,882.0,882.0,2826.094930599663,121.4602422667644,2823.483657878971,6272.957470754588,-3446.8625401549252,-2.2404318614778305,-3448.2540258189065,0.04081632653061224,0.007936507936507936,11.952134196167727,9.928827179960543,11.9306174921121,9.899427650756401,2.8463532292148264,0.5917868000105955,150000.0,2900.0,H0,0.0
0,65,8,known,3,100.0,1000.0,150.0,3013.7015030196017,121.73737380590394,3011.2417307684627,1306.4912759369477,60.74132106049985,1305.0785210151835,1.0,1.0,46.0,1011.6323068402781,249.64257199954625,68.80259092575099,882.0,882.0,3335.861185163795,146.9559693553955,3332.6226593710267,5962.751480145416,-2626.890294981621,32.15862844660248,-2629.023655573917,0.034013605442176874,0.006802721088435374,11.470419012957525,6.574621020225887,11.447851893918912,6.530826544045352,5.073845587299241,0.6662968000164255,150000.0,2900.0,H0,0.0
0,66,8,known,3,100.0,1000.0,150.0,1672.8536888322149,88.38852742391704,1670.5169656305138,1124.838567946166,57.549274346935086,1123.3654280603987,1.0,1.0,33.0,856.1112115315751,295.66629596316915,74.6580211449864,882.0,882.0,3223.9735709316146,122.73702812875935,3221.6364177218493,6244.031504164317,-3020.0579332327025,5.559607682087105,-3021.295495821176,0.03741496598639456,0.012471655328798186,11.396338698546302,8.523058288558232,11.370614313683074,8.48978735178714,3.782648741543436,0.5957576999790035,150000.0,2900.0,H0,0.0
0,67,8,known,3,100.0,1000.0,150.0,1797.9482596184664,38.707047128759534,1797.5315598808395,762.9328212510235,35.19943523231573,762.1203904248804,1.0,1.0,37.0,2016.473620235894,125.79189636869263,74.27386963138358,882.0,882.0,2545.4512280343897,130.56158320675877,2542.1006328019994,6430.598450612806,-3885.1472225784164,12.703829439464855,-3887.4176993050605,0.045351473922902494,0.007936507936507936,11.249944222565883,11.330417027660964,11.227075196954917,11.297154440859753,2.2465644660917383,0.5331282999832183,150000.0,2900.0,H0,0.0
0,68,8,known,3,100.0,1000.0,150.0,2819.686226670423,122.11386603995226,2817.040755934437,759.8623082461029,51.125645065132474,758.140419651775,1.0,1.0,60.0,2689.8876990480276,93.26889599088314,99.05883212442613,882.0,882.0,2872.1600522457957,160.61576524181103,2867.665590976807,5965.8027728844545,-3093.642720638659,44.757407471061555,-3097.012067194715,0.048752834467120185,0.006802721088435374,11.268640325090853,8.416838940792623,11.244276299174068,8.369968729072914,3.4123975431271845,0.5941054999711923,150000.0,2900.0,H0,0.0
0,69,8,known,3,100.0,1000.0,150.0,1399.0589348431095,59.654471114618424,1397.786552818552,1320.2750661805633,39.300033405854705,1319.6900233586634,1.0,1.0,28.0,1480.9332215177126,170.12165261465034,75.21858547006835,882.0,882.0,2214.2290434537204,114.42208017993664,2211.270640252177,6454.916525258763,-4240.687481805042,-6.670076478731659,-4242.509960113349,0.05895691609977324,0.01473922902494331,11.839774573348352,9.135670177672782,11.818149467572125,9.1047197349673,2.4237182389368748,0.9242947999737225,150000.0,2900.0,H0,0.0
0,70,8,known,3,100.0,1000.0,150.0,695.414638461653,49.44379925920947,693.6546908235873,496.31018523144934,47.604706149375154,494.02185368352605,1.0,1.0,59.0,1297.1220493702929,196.615476357064,102.07692752024795,882.0,882.0,3819.748540942831,114.74738792162219,3818.0246139856213,6219.68495672472,-2399.936415781889,0.4566102580157434,-2400.610170197225,0.03741496598639456,0.0022675736961451248,11.013988554801555,12.33529942153297,10.991064933494144,12.309751508693854,3.096599774688024,0.889385599992238,150000.0,2900.0,H0,0.0
0,71,8,known,3,100.0,1000.0,150.0,3469.6176334974493,179.1218687420395,3464.9908915918963,1690.8027569432218,61.38643937748889,1689.6880386471796,1.0,1.0,39.0,1426.8574976256677,177.29743626456246,58.99854721556047,882.0,882.0,4836.931407859511,194.70712067404966,4833.010922964753,6098.6257131869415,-1261.6943053274308,75.10101375283233,-1264.441821315605,0.011337868480725623,0.0022675736961451248,11.906568441167357,5.222264175991512,11.885302814727357,5.16663869330816,9.262134669663967,0.8214345999876969,150000.0,2900.0,H0,0.0
0,72,8,known,3,100.0,1000.0,150.0,1739.3121840867072,54.96396828477693,1738.4435095518238,419.0076937007793,40.22449103144441,417.0724609725597,1.0,1.0,140.0,0.0337961732347344,7455008.661042146,82.70238463097877,882.0,882.0,188928182.64742786,5287771.064253293,188854170.39512765,6053.612067258039,188922129.0353606,5287653.106585551,188848117.93240166,0.0,0.0,11.282607267926778,7.860645011112277,11.26010502650717,7.822888461462041,240346.92112459944,0.8723675000364892,150000.0,2900.0,H0,0.0
0,73,8,known,3,100.0,1000.0,150.0,1927.9358547539848,96.94426868648642,1925.4969407440824,1261.1801940663297,75.36246439747218,1258.926519247698,1.0,1.0,39.0,2043.314098357709,124.4419722483906,64.70766002547079,882.0,882.0,2831.0249717607285,138.4852622477687,2827.635800960406,5987.053368984987,-3156.0283972242587,21.201213335492582,-3158.268683321417,0.036281179138321996,0.005668934240362812,11.530036859789691,10.310651788975967,11.507697111183191,10.280674629277337,2.7457284269726077,0.5671986000379547,150000.0,2900.0,H0,0.0
0,74,8,known,3,100.0,1000.0,150.0,1399.5694284047472,45.06901133393224,1398.843582800655,1097.2192881249541,32.76338968203856,1096.7300153319295,1.0,1.0,32.0,1667.4695077271701,151.13099718861707,66.30190469506884,882.0,882.0,2337.6369754248126,120.62610926241294,2334.522642990956,5334.522227292406,-2996.885251867593,6.389191061208436,-2998.7762723143383,0.05555555555555555,0.005668934240362812,11.391450672666991,10.900994358280732,11.369219975334744,10.876659935170586,2.144425452022247,0.8902389000286348,150000.0,2900.0,H0,0.0
0,75,8,known,3,100.0,1000.0,150.0,1113.2319875896087,67.67175800844788,1111.1732499303414,653.6556542439372,55.28766567819267,651.3132797271417,1.0,1.0,72.0,644.1877445503628,398.29180303393565,81.83476710142298,882.0,882.0,4894.45393777943,124.57122710874397,4892.868418261541,5613.316885635219,-718.8629478557887,9.586707392669524,-719.2706586665363,0.031746031746031744,0.007936507936507936,11.727177937480107,8.743898162214968,11.705582568052536,8.713532433321504,5.597565121389276,0.649890000000596,150000.0,2900.0,H0,0.0
0,76,8,known,3,100.0,1000.0,150.0,2909.3979473537656,134.56140520779837,2906.2845084910055,1473.135855969533,60.076410373114854,1471.9103488527314,1.0,1.0,27.0,2605.816453400067,96.76507762512037,80.72090951162255,882.0,882.0,2717.059519964007,139.07340657073644,2713.497931197267,5645.803824470787,-2928.74430450678,25.296595310441603,-2931.1593357790375,0.049886621315192746,0.01473922902494331,11.823614988139074,8.648037276614401,11.802261123009368,8.60912683641958,3.141822165026215,0.7812171000405215,150000.0,2900.0,H0,0.0
0,77,8,known,3,100.0,1000.0,150.0,4558.718607910436,222.23384622809576,4553.298525651435,1924.8351414086624,56.887821983498206,1923.994308024761,1.0,1.0,39.0,1928.5929091699243,131.13505109225568,65.50409081362015,882.0,882.0,4440.189877617492,187.30070919533037,4436.237661986987,5746.5279084549875,-1306.3380308374954,74.19592116196792,-1309.1770584292835,0.01927437641723356,0.005668934240362812,11.418060086929874,5.103143260052077,11.396013546493098,5.037223477196083,8.700892080329684,0.6704901999910362,150000.0,2900.0,H0,0.0
0,78,8,known,3,100.0,1000.0,150.0,2456.442882802703,135.57266665593394,2452.6988581005726,1340.936097781057,72.31650171500222,1338.9846682886223,1.0,1.0,69.0,2195.901498182792,115.58941698273424,78.38226095400489,882.0,882.0,3201.953136990254,160.17379010267442,3197.944378572878,5664.661495897953,-2462.7083589076988,46.05182537953121,-2465.5674330398215,0.04195011337868481,0.0045351473922902496,11.558919529158725,9.490687870085804,11.536901162840344,9.456605142219066,3.3737840510830175,0.6162481000064872,150000.0,2900.0,H0,0.0
0,79,8,known,3,100.0,1000.0,150.0,2105.486972836218,120.0824683230392,2102.05984538606,1327.554489235852,67.44543882981331,1325.840124099176,1.0,1.0,34.0,797.901137895014,318.07337100935274,66.20546606234217,882.0,882.0,4498.543830277208,157.87236683959094,4495.772782149204,6093.634000805733,-1595.090170528525,41.246442563023976,-1596.7450659627175,0.01927437641723356,0.0022675736961451248,11.71514789306126,7.210808394467362,11.692150921112232,7.172920198198454,6.238612349939581,0.5901137000182644,150000.0,2900.0,H0,0.0
0,80,8,known,3,100.0,1000.0,150.0,1447.833464662442,79.07275270181243,1445.6725912794395,848.1991687559232,39.909331721739,847.259744777104,1.0,1.0,34.0,1798.0033230733463,142.3517632992958,66.15292831452872,882.0,882.0,2815.046730591003,130.7617650650703,2812.0080825289538,5966.333661457838,-3151.2869308668355,13.11617364444922,-3153.1655842358446,0.036281179138321996,0.012471655328798186,11.684193477149964,11.885512159356475,11.662495117777713,11.862844309339843,2.368469017445707,0.586824500001967,150000.0,2900.0,H0,0.0
0,81,8,known,3,100.0,1000.0,150.0,873.7322230510372,83.78857363221249,869.7053940998564,784.121945116613,72.30846481370011,780.7808339923224,1.0,1.0,161.0,963.5502891439098,260.54082978748454,78.38570451197022,882.0,882.0,5337.854702608348,125.06857955511946,5336.389292074381,6206.3012041398515,-868.4465015315036,8.566820001480423,-868.8183576766469,0.02947845804988662,0.013605442176870748,12.16081181846379,11.095415288410841,12.13947088677362,11.071411293093265,4.81086517616311,0.7918515999917872,150000.0,2900.0,H0,0.0
0,82,8,known,3,100.0,1000.0,150.0,2037.1338332092373,132.7022547681458,2032.8070164147925,1410.1884580805918,67.96404911983511,1408.5497418731627,1.0,1.0,36.0,1862.8607561330434,137.40758682562443,72.87049768597802,882.0,882.0,2909.8350344224946,133.81133431064316,2906.7566899144767,5629.409471140237,-2719.574436717742,20.78690083831151,-2721.5180431810622,0.04081632653061224,0.0045351473922902496,11.328105946329277,10.278570543623502,11.305862571860809,10.244108376388443,2.830972480144784,0.5501608000486158,150000.0,2900.0,H0,0.0
0,83,8,known,3,100.0,1000.0,150.0,3983.9248651723065,238.26268204598924,3976.793711733415,1679.7027815935357,92.35503170370886,1677.161883245642,1.0,1.0,38.0,3290.408566114142,76.60273370893053,102.32525638628728,882.0,882.0,2868.05280538853,147.5524898719312,2864.254729808369,5845.067131434455,-2977.0143260459254,33.00632021359961,-2979.689909388004,0.05102040816326531,0.006802721088435374,12.016644986269542,8.112396288108883,11.993965036979631,8.075115992512327,3.5353953425481817,0.5655159999732859,150000.0,2900.0,H0,0.0
0,84,8,known,3,100.0,1000.0,150.0,2570.1715273752193,146.86598154059737,2565.971953002679,995.6997464940355,70.50421052793001,993.2004538189257,1.0,1.0,44.0,822.1110223206623,307.5865516537799,51.06508676090261,882.0,882.0,3755.7174328513192,156.71607351961418,3752.4463364216012,5875.916348278876,-2120.198915427557,40.31350467199728,-2122.3169246755338,0.022675736961451247,0.005668934240362812,11.804296903359809,6.910604216786057,11.782707056157388,6.866694386243001,5.434716437281378,0.5439254000084475,150000.0,2900.0,H0,0.0
0,85,8,known,3,100.0,1000.0,150.0,2391.1537785690116,119.1318532503935,2388.184246306383,1333.8351814606895,54.221740170371106,1332.7326416784301,1.0,1.0,27.0,1110.6017832391942,228.70982421936588,59.36207476541534,882.0,882.0,3494.785273275605,136.06964260177847,3492.1353293746033,5786.733772127606,-2291.948498852001,20.272535284926022,-2293.439731016477,0.021541950113378686,0.0,11.82657830799209,7.5047059663060836,11.805193901687169,7.4657243820931285,4.6567917370329495,0.7934182999888435,150000.0,2900.0,H0,0.0
0,86,8,known,3,100.0,1000.0,150.0,1642.3626963351094,53.71748161257422,1641.4839805743866,427.91541247561725,36.73871694426782,426.3353925156421,0.0,1.0,2000.0,74.38218006997197,3392.076360709081,68.2140077356365,882.0,882.0,56170.435021646954,1497.1583786543567,56150.47895886808,6000.342944250769,50170.092077396184,1382.679882324106,50151.22816210204,0.0022675736961451248,0.0011337868480725624,11.259481739464638,8.143100550968784,11.23701218865342,8.107720607750402,68.97917405055789,4.400175100017805,150000.0,2900.0,H0,0.0
0,87,8,known,3,100.0,1000.0,150.0,1441.0793109855736,52.49094402029754,1440.1230091025259,1354.2356114121549,44.99206775248835,1353.488014374789,1.0,1.0,40.0,1575.7682951623924,160.46406777314422,77.66210164486496,882.0,882.0,2149.080785991908,115.13313738956862,2145.994544586363,6601.902492182605,-4452.821706190696,-7.427941339673453,-4454.770206430569,0.06349206349206349,0.018140589569160998,12.562917211969923,9.816300131664306,12.541155752111614,9.787501864430235,2.1892981644475675,0.9200549999950454,150000.0,2900.0,H0,0.0
0,88,8,known,3,100.0,1000.0,150.0,2362.2554896929228,102.02725814090647,2360.0511513907068,1242.2837484698416,69.26049524487053,1240.351520945057,1.0,1.0,76.0,2305.347872842478,109.1208876953153,84.12383796669275,882.0,882.0,2853.123856325818,152.6179581894274,2849.039048236018,5859.8979070766945,-3006.7740507508765,30.16142449690082,-3009.5792085475587,0.047619047619047616,0.01020408163265306,11.993582957885106,10.39171943873233,11.972105948116795,10.353612954396109,2.745574371158991,1.1402335000457242,150000.0,2900.0,H0,0.0
0,89,8,known,3,100.0,1000.0,150.0,2435.672725354288,134.414450287998,2431.961015433545,858.7030440874211,56.412621633147154,856.8480227236793,1.0,1.0,29.0,711.0279490040514,354.66489683603504,48.72036191936005,882.0,882.0,6281.841194309256,224.1545247686791,6277.840674909366,5642.511150086032,639.3300442232239,106.8430036713042,636.5491485066559,0.015873015873015872,0.0045351473922902496,11.894434725492813,7.025956898472602,11.872965064817794,6.982588326645443,8.940904826323212,0.7188654000055976,150000.0,2900.0,H0,0.0
0,90,8,known,3,100.0,1000.0,150.0,2818.950205677295,121.6510004889227,2816.324075131998,660.0468461265286,56.14957575289492,657.654213264347,1.0,1.0,30.0,2701.707498926747,93.9523641826281,69.94741140435232,882.0,882.0,2565.650555237978,158.0761230939869,2560.7761930517318,5613.811881257395,-3048.1613260194167,41.44131460877692,-3051.823931631685,0.05442176870748299,0.015873015873015872,11.80614725102364,9.166329950262543,11.784553772348772,9.132263688511577,2.7989943294202413,0.7340690999990329,150000.0,2900.0,H0,0.0
0,91,8,known,3,100.0,1000.0,150.0,1913.679839922645,46.98258485589469,1913.1030203432902,801.8181462574623,52.96318198099685,800.0670228313382,1.0,1.0,91.0,544.8886677378893,465.47379061989335,81.70851473230874,882.0,882.0,5621.486152761674,158.8912681375551,5619.240173778025,5943.2187466363575,-321.7325938746835,44.677520216459655,-322.88102072446145,0.013605442176870748,0.0011337868480725624,11.22145413420212,7.277635922880076,11.197787173886223,7.239324268851233,7.724330005418858,0.8293540000449866,150000.0,2900.0,H0,0.0
0,92,8,known,3,100.0,1000.0,150.0,1161.303687492993,116.01382686132885,1155.4942866850588,759.5158133553139,72.06505350319762,756.089213519387,1.0,1.0,53.0,1588.2128738276506,159.1456882273328,74.55821843696897,882.0,882.0,2841.3024536470884,134.36566181177534,2838.123588222833,6422.036469768164,-3580.734016121076,9.829999178716236,-3582.705274764008,0.046485260770975055,0.011337868480725623,11.301812216682269,11.40327264643581,11.279221535646007,11.375704811098982,2.491655283306027,0.7725200999993831,150000.0,2900.0,H0,0.0
0,93,8,known,3,100.0,1000.0,150.0,2294.652848636944,70.99555679780376,2293.5542999180575,846.0343089300039,61.61133865105175,843.7879442349805,1.0,1.0,118.0,585.8949352197571,425.78548739837385,92.7866275675952,882.0,882.0,4348.1030767396405,148.7345868790189,4345.558466827785,5625.57305064403,-1277.46997390439,32.368708013479306,-1278.8109316353211,0.027210884353741496,0.007936507936507936,11.786068684617272,7.10643982037033,11.764350859881766,7.068097112762047,6.118539221673241,0.9645553000154905,150000.0,2900.0,H0,0.0
0,94,8,known,3,100.0,1000.0,150.0,2341.9804788796355,70.70514957524934,2340.912929879458,840.6449824189424,40.14707388393362,839.6857739206387,1.0,1.0,57.0,2253.5115840479566,111.72279471481194,74.46592005167174,882.0,882.0,3361.7014414008463,160.25542310433784,3357.8795065460845,6539.917158531241,-3178.2157171303943,44.3871439115906,-3181.011147252023,0.04308390022675737,0.01473922902494331,11.05632691281717,10.31969335143077,11.033465387154074,10.289617627398442,3.2575594321654573,0.6629321999498643,150000.0,2900.0,H0,0.0
0,95,8,known,3,100.0,1000.0,150.0,1699.9273625413387,112.02084021893828,1696.232404263459,1309.4656684534932,51.943697322510616,1308.4350152632041,1.0,1.0,27.0,1259.7045682388007,202.58883641335575,67.17065601406786,882.0,882.0,2697.626157454621,121.86945330608842,2694.871930488397,6080.268421891483,-3382.6422644368618,3.845335667824031,-3384.250900143211,0.048752834467120185,0.015873015873015872,12.081940437315485,8.438192605382302,12.060802105314497,8.403062338378323,3.1969241324664006,0.676763299969025,150000.0,2900.0,H0,0.0
0,96,8,known,3,100.0,1000.0,150.0,1576.4771111703283,100.73284250899347,1573.2555343884865,1457.9214563453859,73.22126866492442,1456.0815975374971,1.0,1.0,86.0,1175.4434496402703,215.64605128533572,90.96855924735401,882.0,882.0,2198.056023723608,118.2132626862044,2194.874918521035,6053.5878233922795,-3855.5317996686713,1.7177440545612797,-3857.5918785512144,0.05895691609977324,0.015873015873015872,11.634219171614891,9.0161381342785,11.612046073221343,8.985306218127693,2.437912985568409,0.7579253999865614,150000.0,2900.0,H0,0.0
0,97,8,known,3,100.0,1000.0,150.0,1596.4672836341301,96.32818933159716,1593.5584920718265,689.4624344447777,54.391173990473455,687.3136465271568,1.0,1.0,29.0,1968.8049861215927,129.16047947631407,68.87096342621223,882.0,882.0,3399.6817470838705,141.82613089238737,3396.722144958479,5973.440370680377,-2573.7586235965064,21.76374949296232,-2575.5115147911815,0.04308390022675737,0.013605442176870748,12.01941770545904,11.944573093074833,11.998312349945024,11.9180894228364,2.846214528215263,0.7116657000151463,150000.0,2900.0,H0,0.0
0,98,8,known,3,100.0,1000.0,150.0,2320.535349110313,84.79776200191904,2318.985477753146,1420.1011602180458,72.00016344819245,1418.2747553686745,1.0,1.0,28.0,2331.324509244828,108.95646572799586,72.46932941495194,882.0,882.0,2700.9087322111686,140.12349987773882,2697.271470304121,6106.6622493270015,-3405.753517115833,21.38720999811926,-3408.2363317399595,0.034013605442176874,0.01020408163265306,11.923198904185503,8.703544035307738,11.901799845957887,8.667234058034264,3.1032286632369184,0.5778402999858372,150000.0,2900.0,H0,0.0
0,99,8,known,3,100.0,1000.0,150.0,2613.3659269438654,146.10817573108145,2609.278419236955,1371.7127349494729,77.17071458379894,1369.5402542580443,1.0,1.0,26.0,2323.951739433713,108.35116849787035,77.6506487952342,882.0,882.0,3016.1133504623695,136.1072974771539,3013.0407475523466,5280.262424390778,-2264.149073928408,26.381185691406316,-2266.0814759641303,0.048752834467120185,0.01473922902494331,11.290775799347813,8.967744771813091,11.268437397750809,8.932231205877823,3.3632908018774645,0.4918906000093557,150000.0,2900.0,H0,0.0
1,0,8,known,3,100.0,1000.0,150.0,2423.2142158529473,65.58021574801492,2422.326644202689,1211.2194720965447,35.219600340305874,1210.7073095251806,1.0,1.0,26.0,2387.1283875100066,106.31810550332884,70.30315374123478,882.0,882.0,2479.830198559086,133.07949886757726,2476.256784072837,2607.0125040383355,-127.18230547924941,23.895247645809278,-128.4683445150863,0.07142857142857142,0.023809523809523808,9.608574873519627,9.450051551603952,9.579090472201377,9.416627156805152,2.6241446250504166,0.6447017000173219,150000.0,2900.0,H1,1250.0
1,1,8,known,3,100.0,1000.0,150.0,3328.4371964004636,151.4996348217084,3324.9875234399105,1490.8747956560953,47.67073296668835,1490.1124647290965,1.0,1.0,42.0,2776.881233618484,90.66274678998535,79.08123554515134,882.0,882.0,2525.078545714849,148.77272946176376,2520.692035334327,2815.7058858809946,-290.6273401661456,41.15270146027231,-292.9564084762774,0.05215419501133787,0.01473922902494331,9.488844517541448,7.657307717108275,9.461044730088865,7.616025934263668,3.2976062070396015,0.8306679000379518,150000.0,2900.0,H1,1250.0
1,2,8,known,3,100.0,1000.0,150.0,742.0398131350971,47.32778678523364,740.5289763915935,728.0565635816663,42.642430302209554,726.806702577973,1.0,1.0,30.0,1479.0377499828048,169.53949158114293,77.53921098498732,882.0,882.0,2201.5796489883487,115.74002268000879,2198.5352391967003,2888.3114291734914,-686.7317801851427,3.547525133585424,-687.5963855544151,0.05328798185941043,0.012471655328798186,9.664544207560347,8.188409179877185,9.638532137080414,8.153580612948396,2.6886536818392965,0.7896907000103965,150000.0,2900.0,H1,1250.0
1,3,8,known,3,100.0,1000.0,150.0,3473.3764084114146,125.17223088939039,3471.120220782212,1244.5085236437917,37.37969689504278,1243.9470341144292,1.0,1.0,29.0,1119.0220328658932,224.6289285055873,102.7667025643143,882.0,882.0,4776.396707191865,181.5408078283834,4772.945467902006,2778.452439050759,1997.944268141106,75.62647483509565,1996.5124847140996,0.01473922902494331,0.005668934240362812,9.555286900096064,4.823845564892615,9.526766466731273,4.766854307927621,9.901636864069452,0.7118218999821693,150000.0,2900.0,H1,1250.0
1,4,8,known,3,100.0,1000.0,150.0,2345.816136055182,118.37844569069163,2342.82732777572,727.4353053796593,65.3243759155678,724.4962728848506,1.0,1.0,33.0,2419.5279743916276,103.19671949552644,60.490663257050315,882.0,882.0,2927.6314426429176,143.27193405942137,2924.123632280674,2741.8369763181213,185.7944663247963,35.4410413593137,184.407861751768,0.05668934240362812,0.018140589569160998,9.831480614629754,10.851087013920868,9.801854517734276,10.818466689953683,2.698007525777885,0.6872236999915913,150000.0,2900.0,H1,1250.0
1,5,8,known,3,100.0,1000.0,150.0,1259.5043946015585,72.25795613068112,1257.4299613880905,918.1924656813077,57.38013385238101,916.3977980511532,1.0,1.0,25.0,1634.1296000164327,152.81232865496156,82.02122182124056,882.0,882.0,2171.976812848403,120.42420712676513,2168.63581218447,2586.9458630702793,-414.9690502218764,9.667866030039889,-415.9380272256749,0.06462585034013606,0.015873015873015872,9.868118199439206,8.900625096716476,9.838034689500507,8.8678937216632,2.440251992693935,0.8071352000115439,150000.0,2900.0,H1,1250.0
1,6,8,known,3,100.0,1000.0,150.0,1470.6727193215006,48.69154852184284,1469.8664498719065,1392.162360737409,44.320290376038955,1391.4567009127302,1.0,1.0,31.0,1282.968629145205,197.3549815723229,81.62569984134487,882.0,882.0,2119.1379511624446,111.16380062632669,2116.2202781107817,2551.4868554269724,-432.34890426452785,1.7748231021236052,-432.9206016784915,0.07029478458049887,0.01927437641723356,9.612665384112663,9.685291629226626,9.586029836022583,9.658594249023462,2.1879960173503403,1.065840199997183,150000.0,2900.0,H1,1250.0
1,7,8,known,3,100.0,1000.0,150.0,3325.405433993486,89.12788949359064,3324.210811568337,1142.1543492793671,52.49908885794155,1140.9471518203025,1.0,1.0,95.0,996.6252353649546,252.96523156669068,97.08910098020341,882.0,882.0,5369.2239617596715,241.37348278572242,5363.795744931207,2753.2846177273555,2615.939344032316,131.73190919237038,2612.6950721905596,0.017006802721088437,0.0045351473922902496,9.466790316667698,5.691941945638394,9.437723216728784,5.639853354337392,9.433026571667664,1.0359048999962397,150000.0,2900.0,H1,1250.0
1,8,8,known,3,100.0,1000.0,150.0,1311.6320017920734,70.14196734427047,1309.7551727487687,1162.9409758857328,64.41542962195105,1161.1556165392649,1.0,1.0,35.0,1138.182348933594,220.34743854380804,76.7731015525199,882.0,882.0,2509.072296848289,109.11013996984444,2506.6987789056966,2969.5276019740973,-460.4553051258081,-0.9210147905996848,-460.7896075699973,0.05895691609977324,0.017006802721088437,9.503370002850332,7.570153462009419,9.476935487565441,7.532041599157115,3.314427256250472,0.8479729000246152,150000.0,2900.0,H1,1250.0
1,9,8,known,3,100.0,1000.0,150.0,1749.0070176825363,90.64078914896888,1746.6567479746018,460.27013527765854,57.06626096475574,456.71877483634995,1.0,1.0,36.0,2200.675143907968,114.40569533319376,107.80969668799186,882.0,882.0,2658.0146774228906,137.6621064686773,2654.447432110517,2772.0686819977013,-114.05400457481073,26.04035493852369,-115.37302457937722,0.03968253968253968,0.011337868480725623,9.839476337505491,10.168697789581149,9.809757447356155,10.138741456063535,2.6139184509409783,0.8151109999744222,150000.0,2900.0,H1,1250.0
1,10,8,known,3,100.0,1000.0,150.0,1468.4851615909379,87.3305515131885,1465.8860953652454,1024.3584287385559,50.94586154661456,1023.0907631872142,1.0,1.0,26.0,1818.8505973247907,140.97022448712374,47.770829049300346,882.0,882.0,1975.6067621653322,114.34486986760396,1972.2949397715213,2632.7286798881228,-657.1219177227906,11.823281883945981,-658.4368264682009,0.07029478458049887,0.009070294784580499,9.764847913700802,9.034578714415218,9.735705722676098,8.998429730693136,2.1867170840109367,0.6823160999920219,150000.0,2900.0,H1,1250.0
1,11,8,known,3,100.0,1000.0,150.0,1710.4567025956421,85.24449812834342,1708.3312052974984,1054.100058080024,61.49658732524311,1052.3046622493216,1.0,1.0,69.0,1158.9619015974915,214.80728005024153,62.832276124705565,882.0,882.0,2599.6756446595805,128.64879685735406,2596.4905053751613,2770.1672360952216,-170.4915914356411,19.154589667117335,-171.5119394444273,0.06349206349206349,0.015873015873015872,9.473212231823506,7.568129740540665,9.44218941047147,7.532465491737099,3.4350304946990247,0.6112079999875277,150000.0,2900.0,H1,1250.0
1,12,8,known,3,100.0,1000.0,150.0,1270.4292433182407,66.42366274836351,1268.691593455734,531.8119822923966,34.16119323503036,530.7136679854093,1.0,1.0,25.0,1870.5643463375704,136.1725529643146,86.58473191520572,882.0,882.0,2260.379960414726,126.21209174524982,2256.8535781795345,2557.9156856044137,-297.5357251896876,16.354909271615597,-298.7019493173839,0.05102040816326531,0.012471655328798186,9.31461175921699,9.81241386830964,9.28641134954447,9.786071317398516,2.3035921545409868,0.5678104999824427,150000.0,2900.0,H1,1250.0
1,13,8,known,3,100.0,1000.0,150.0,3005.684366500711,107.79119955677898,3003.7509164917274,1273.84309968411,52.34109971095844,1272.7673204061568,1.0,1.0,32.0,2487.557646099109,101.79438681177568,64.74560395639249,882.0,882.0,3162.4204234914664,158.94575358958758,3158.4235280170683,2948.399734371885,214.02068911958122,49.28303267838983,212.0638959818757,0.03968253968253968,0.013605442176870748,9.366370933555675,9.141496371053144,9.337217295033792,9.104776075101682,3.4594122177911455,0.6133573999977671,150000.0,2900.0,H1,1250.0
1,14,8,known,3,100.0,1000.0,150.0,1456.0566593292785,75.12018244181289,1454.117585811769,830.385965300315,51.533670763227185,828.7853353826932,1.0,1.0,69.0,1793.6887312157053,140.89674228313032,80.95171202499962,882.0,882.0,3277.15381897571,138.78225067384193,3274.2138965139375,2827.7826003915147,449.37121858419505,29.588212293978728,448.54033131584583,0.035147392290249435,0.009070294784580499,9.55507182947569,12.034122260982326,9.524633115452328,12.009875354164805,2.7232179862432284,0.5999818000127561,150000.0,2900.0,H1,1250.0
1,15,8,known,3,100.0,1000.0,150.0,1581.1836829446904,91.19338307152871,1578.55174324268,660.4063803995131,43.954316945692796,658.9420348514914,1.0,1.0,20.0,2052.038429522132,126.11688097178337,56.156302019127345,882.0,882.0,1997.7817582593834,121.40624241462218,1994.089385643662,2451.1299194225394,-453.34816116315596,14.75865386954689,-454.71933978710695,0.06575963718820861,0.015873015873015872,9.24649891099526,9.610101598643203,9.219315211138476,9.582349607375306,2.078835210796772,0.7415669999900274,150000.0,2900.0,H1,1250.0
1,16,8,known,3,100.0,1000.0,150.0,1762.9927548258343,90.66138743036389,1760.6600939413563,507.59413756635297,65.70522104807633,503.32358619356705,1.0,1.0,33.0,2095.0913196379433,120.32312981325272,61.70079598660412,882.0,882.0,2646.6619370301964,137.11760875718164,2643.1076728527623,2778.23797599548,-131.57603896528371,26.724287480375324,-132.93619673592593,0.047619047619047616,0.005668934240362812,9.229756673310504,10.641799354513672,9.201665269833413,10.612446530498,2.487043636946252,0.8471033999812789,150000.0,2900.0,H1,1250.0
1,17,8,known,3,100.0,1000.0,150.0,5614.255225652536,320.4882566216335,5605.100268160636,2089.280612005216,70.07095080852753,2088.10525059291,1.0,1.0,25.0,2359.635922281787,107.54271527466224,42.72121885191822,882.0,882.0,5663.60838706605,287.25822847676494,5656.318826959569,2674.089948895004,2989.5184381710465,180.8968010453293,2984.34496826708,0.015873015873015872,0.003401360544217687,9.797604058876505,4.267241933064904,9.76745944151164,4.18855043524321,13.272292679684604,0.8090521999984048,150000.0,2900.0,H1,1250.0
1,18,8,known,3,100.0,1000.0,150.0,1081.6020526359882,101.66764129844101,1076.8132108119748,764.5459524223369,64.35272925277712,761.8328160450276,1.0,1.0,101.0,987.1908533496814,256.96255561899216,92.0522854591193,882.0,882.0,3538.4652776919766,116.9567464723468,3536.5318662336917,2526.124908069867,1012.3403696221094,8.456109939072917,1012.7381617002034,0.027210884353741496,0.007936507936507936,9.252178397760163,8.009760260255858,9.220735236523652,7.97442413558636,4.417691869318129,0.9056515999836847,150000.0,2900.0,H1,1250.0
1,19,8,known,3,100.0,1000.0,150.0,1520.3113172291035,52.96615159608329,1519.388392768614,1162.4029316095716,41.38147050379674,1161.66610922135,1.0,1.0,34.0,1730.6678125363667,145.56851953374465,57.55739511830166,882.0,882.0,2710.4079353685743,128.80060830395536,2707.3458551521394,2772.7762008066857,-62.36826543811139,17.800346240852377,-63.207663836779375,0.046485260770975055,0.012471655328798186,9.51417226797609,11.153336354051984,9.483760282326593,11.127219982380796,2.4301319796420278,0.6311777000082657,150000.0,2900.0,H1,1250.0
1,20,8,known,3,100.0,1000.0,150.0,2550.7865336162304,154.34999928311055,2546.112334088818,1041.414080112812,87.35385945541725,1037.743990344178,1.0,1.0,26.0,2640.622849639,97.5424776147194,70.71847363631075,882.0,882.0,2422.0275014110803,132.35267300853113,2418.4085650565944,2738.6119504159333,-316.584449004853,24.227241530693703,-318.0680575420156,0.05895691609977324,0.009070294784580499,9.359250242385848,8.041531075073777,9.328011525170604,8.005297247518426,3.0118984541620506,0.6952715999796055,150000.0,2900.0,H1,1250.0
1,21,8,known,3,100.0,1000.0,150.0,2041.530785900659,132.52128765870881,2037.225087735138,472.8603839897357,60.62638882761103,468.9577632630082,1.0,1.0,33.0,2305.616602504399,109.27838195864643,82.57012303665391,882.0,882.0,2917.1896795876096,164.0888241003678,2912.57111235036,3002.046995477826,-84.85731589021634,51.17745612049852,-87.35175099768867,0.035147392290249435,0.0045351473922902496,9.801886643541618,10.533181016874758,9.773049153304562,10.496463311461218,2.769523921514408,0.636532399978023,150000.0,2900.0,H1,1250.0
1,22,8,known,3,100.0,1000.0,150.0,1540.6557574165038,181.15948515866646,1529.9677786795605,402.36623874592203,77.07714112714146,394.9148065066782,1.0,1.0,17.0,2049.673761535359,124.85258475307172,67.23631426898811,882.0,882.0,2611.496783614665,152.0468112888862,2607.0667843395618,2622.0207809230355,-10.523997308370326,46.09389825038498,-12.812402915244093,0.03741496598639456,0.007936507936507936,9.570842902426442,10.549807059174958,9.540657063911937,10.519059238376746,2.4753976721721167,0.629733599955216,150000.0,2900.0,H1,1250.0
1,23,8,known,3,100.0,1000.0,150.0,3812.6004259564843,170.33374037111565,3808.793565539455,1988.2366478153301,58.87009102549393,1987.3649086412368,1.0,1.0,34.0,1526.9602572263325,167.57756315013785,49.11491849650536,882.0,882.0,3743.179434599683,158.3620227830017,3739.828037403602,2930.4478318869287,812.7316027127545,45.53988850372359,811.5528349290344,0.031746031746031744,0.005668934240362812,9.7613496248233,5.798945436908019,9.732651231136972,5.744250476224391,6.4549312893613555,0.74470989999827,150000.0,2900.0,H1,1250.0
1,24,8,known,3,100.0,1000.0,150.0,2030.004854339921,69.61577172607979,2028.8108223712297,1307.52687376888,41.24896225195689,1306.876064797637,1.0,1.0,39.0,913.4741144509463,277.3507953796992,91.45851815933678,882.0,882.0,3241.430140695871,128.56473284700058,3238.879507866823,2776.9091412366993,464.5209994591719,15.920455966367356,464.255993663503,0.05328798185941043,0.022675736961451247,9.765066101754233,7.920099817873739,9.737354887710266,7.883267919296532,4.092663243183819,0.621819099993445,150000.0,2900.0,H1,1250.0
1,25,8,known,3,100.0,1000.0,150.0,3976.390915614545,175.80625031151223,3972.5025961141027,949.2345417888815,68.14905153127283,946.7850453511271,1.0,1.0,34.0,3361.445395332645,75.11111455338721,90.81852684635244,882.0,882.0,2826.355895638992,168.4848862165685,2821.329561027899,2784.2257630677964,42.130132571195645,58.11021824121147,39.29244186507549,0.047619047619047616,0.007936507936507936,9.325706677411594,7.472313161317422,9.298713626999891,7.42238859626025,3.7824376931502766,0.7152634999947622,150000.0,2900.0,H1,1250.0
1,26,8,known,3,100.0,1000.0,150.0,1382.925216720348,43.80475766323192,1382.2312752383689,661.9678595755034,27.201884299277094,661.4087273400179,1.0,1.0,35.0,1877.1883062246052,136.10097624726592,69.84715159818393,882.0,882.0,1973.8378740667908,113.2369743410605,1970.587054850049,2695.9308981957483,-722.0930241289575,5.990244887251123,-723.2098095901777,0.05555555555555555,0.021541950113378686,9.283766299926988,9.72777398726217,9.253210005126958,9.701222301177378,2.029074561817936,0.6647889000014402,150000.0,2900.0,H1,1250.0
1,27,8,known,3,100.0,1000.0,150.0,3358.544095455675,119.94488656742935,3356.401594759856,1855.2339385280545,64.45148596494337,1854.1140667777772,1.0,1.0,42.0,2565.1288304594295,98.76943588861236,79.25641875637885,882.0,882.0,2569.3172253073726,142.22139701617124,2565.377960163364,2617.713969324417,-48.39674401704451,33.601506526410645,-50.081491746794654,0.05442176870748299,0.015873015873015872,9.404271327033614,8.760915099478838,9.374228664834153,8.726524148396855,2.9327041708921637,0.7419290999532677,150000.0,2900.0,H1,1250.0
1,28,8,known,3,100.0,1000.0,150.0,1705.6636919605412,90.68524598268239,1703.2512487103963,1460.643357942257,65.97579703811653,1459.1525668366612,1.0,1.0,40.0,1704.0387056286809,149.89328397270987,85.22882851527514,882.0,882.0,2922.446363015902,122.85119319333631,2919.86306682965,2591.4334260266924,331.0129369892097,13.104740664000118,330.7545488865212,0.05555555555555555,0.011337868480725623,9.798738173190682,11.152756761643138,9.767775734798573,11.128015427444012,2.62038025707407,0.7481700999778695,150000.0,2900.0,H1,1250.0
1,29,8,known,3,100.0,1000.0,150.0,2585.5371119294227,116.33364749122573,2582.918628146409,1976.743784483314,58.98574262205647,1975.8635255656545,1.0,1.0,34.0,2006.7594724143569,124.54892368641524,70.79825614929341,882.0,882.0,2425.9496267772465,125.45327198642886,2422.703669087196,2843.7524740787353,-417.8028473014888,16.44319732632259,-418.9586854953336,0.05328798185941043,0.005668934240362812,9.381076687181306,8.830895429324416,9.352932744792707,8.799040991744413,2.7471162422799034,0.7176591000170447,150000.0,2900.0,H1,1250.0
1,30,8,known,3,100.0,1000.0,150.0,3912.5056603933604,186.60513942230276,3908.053104110955,1449.7019216339936,60.62461316666301,1448.4337464543162,1.0,1.0,32.0,1397.5239426352398,179.24442876164753,75.4763526467847,882.0,882.0,4324.598536311117,213.63250160479248,4319.31865628392,3204.2485060023705,1120.3500303087462,100.89375387033007,1117.0540727465618,0.022675736961451247,0.0022675736961451248,9.473674202524128,5.2116476538632455,9.446224514320942,5.1533244108729175,8.297948793804999,0.5985883999965154,150000.0,2900.0,H1,1250.0
1,31,8,known,3,100.0,1000.0,150.0,1401.000772867214,58.84655552992399,1399.764354624304,530.7150944151799,43.31753830859672,528.9443281811391,1.0,1.0,34.0,885.6439990255112,284.3965559593876,82.45233819296493,882.0,882.0,2792.7475160147296,119.94074188796773,2790.170766573581,2741.884819493233,50.86269652149667,10.455664781931333,50.47272093816355,0.045351473922902494,0.02040816326530612,9.752877532938534,7.600162692312477,9.723215997694039,7.565439670449505,3.6745891227296736,0.5938305999734439,150000.0,2900.0,H1,1250.0
1,32,8,known,3,100.0,1000.0,150.0,973.3679261207647,125.71681889342061,965.2152097060826,673.2020915166969,72.9492480514041,669.2379720482019,1.0,1.0,23.0,1634.5389563194617,153.68797360931765,60.685684943714136,882.0,882.0,2564.754301145618,126.48810734148016,2561.633342995464,2530.6195237334123,34.134777412205494,11.719996410111293,33.61762812857114,0.03741496598639456,0.01020408163265306,9.495147429107757,8.399013542024615,9.464581647618743,8.365187074949674,3.0536375353043823,0.6171766999759711,150000.0,2900.0,H1,1250.0
1,33,8,known,3,100.0,1000.0,150.0,2094.9701024126916,65.92080815242865,2093.932705952026,941.2717946725343,48.104719595839214,940.0417689649004,1.0,1.0,54.0,2180.645598208018,116.32278610150846,39.29727982082761,882.0,882.0,3088.0083971669296,140.5377187466179,3084.808747812896,2918.8765898897886,169.13180727714098,30.073477957014077,168.023154301879,0.04308390022675737,0.012471655328798186,9.882924488105129,11.114622114097287,9.853300343733943,11.087906970067083,2.7783296323230267,0.63834720000159,150000.0,2900.0,H1,1250.0
1,34,8,known,3,100.0,1000.0,150.0,4271.043279556989,176.6945582297176,4267.38675642845,1368.593757238076,46.90666866841312,1367.7896902614325,1.0,1.0,35.0,1641.4627478481184,155.28807447882238,69.39838273804513,882.0,882.0,4953.150568219661,233.49985516438582,4947.643718892153,2899.5885241309,2053.562044088761,123.82468093370468,2050.1301355885157,0.01473922902494331,0.0022675736961451248,9.907223578134943,4.84218212320171,9.878413620712077,4.7741956963469985,10.229170324854648,0.6161106999497861,150000.0,2900.0,H1,1250.0
1,35,8,known,3,100.0,1000.0,150.0,3573.2779201954704,139.1394366203767,3570.5679257134198,1436.5713131176738,62.20183014236309,1435.2240487114123,1.0,1.0,48.0,2919.1087834489417,86.59988798191134,55.85047089427737,882.0,882.0,2764.3907724152336,165.99649047017778,2759.402382358556,2696.1920583327983,68.19871408243534,56.18356710885712,65.44753171987259,0.049886621315192746,0.01927437641723356,10.004956470118053,7.73200125069825,9.976241259756883,7.688944865547185,3.575259085952154,0.5500040000188164,150000.0,2900.0,H1,1250.0
1,36,8,known,3,100.0,1000.0,150.0,2262.3944562666247,61.56900047132358,2261.556529014236,1586.8867321086748,64.73255522403609,1585.5658916729749,1.0,1.0,35.0,1570.8332005294906,162.06576453260453,54.23813396324771,882.0,882.0,2553.882785963746,132.30699198031914,2550.4533213362406,2810.990151492841,-257.1073655290952,23.3553244645708,-258.42459803570773,0.05668934240362812,0.013605442176870748,9.447771807661471,9.227010808665005,9.421141937319153,9.187921386683634,2.7678333090987786,0.5030131000094116,150000.0,2900.0,H1,1250.0
1,37,8,known,3,100.0,1000.0,150.0,1496.4851125736125,106.68268180400126,1492.6776268027747,1107.8158379902777,59.63310596482107,1106.2096652873224,1.0,1.0,36.0,1221.955132218521,206.84453733481988,91.55828363633233,882.0,882.0,2126.2896830182212,125.22365486952694,2122.5990795180433,2553.250245016098,-426.96056199787654,15.349704985524951,-428.2859686194947,0.061224489795918366,0.015873015873015872,9.55833901549964,7.528066947295157,9.527670626166975,7.482697543425482,2.8244829620998515,0.5745303999865428,150000.0,2900.0,H1,1250.0
1,38,8,known,3,100.0,1000.0,150.0,1412.9550093042133,89.19903121196305,1410.1366569055344,1085.5457242035297,50.38330454117175,1084.3758766959352,1.0,1.0,33.0,1639.9086757327239,151.65559987096427,73.89450328079984,882.0,882.0,2950.0524384686582,128.6530736385967,2947.2457950361413,2562.540261210467,387.51217725819106,18.86520960386747,387.0584551652282,0.049886621315192746,0.013605442176870748,9.326731555329099,11.027147364548904,9.295610495939505,10.994947027186406,2.6752634574856233,0.7131347999675199,150000.0,2900.0,H1,1250.0
1,39,8,known,3,100.0,1000.0,150.0,4922.616370196544,231.49708678819758,4917.17002217084,1889.042696534432,55.193340178482124,1888.23621523633,1.0,1.0,31.0,1885.0365056947012,133.5941939634929,74.47259230983907,882.0,882.0,5421.802705813675,262.377512878137,5415.450361835512,2661.7522260721157,2760.0504797415592,152.3655150148806,2755.972542163763,0.01927437641723356,0.005668934240362812,9.679527586743303,4.7127645992799545,9.649250852505622,4.642633775500948,11.504505670922013,0.674444800009951,150000.0,2900.0,H1,1250.0
1,40,8,known,3,100.0,1000.0,150.0,1546.3727122832718,100.72717627664848,1543.088656316822,589.1489939972673,63.44089268346337,585.7233052077725,1.0,1.0,30.0,933.7667439218217,272.97695799476935,72.22108484637141,882.0,882.0,2516.4284700242033,140.2946486595054,2512.5146081776043,2405.2302370217053,111.198233002498,28.65962351941836,109.87645101671751,0.03968253968253968,0.01020408163265306,9.338013085636906,6.788983426164947,9.308722222512085,6.748916018459386,3.706635164737348,0.7585022000130266,150000.0,2900.0,H1,1250.0
1,41,8,known,3,100.0,1000.0,150.0,1823.7186461141043,90.1134954533271,1821.4909437385204,1477.1772670466667,45.23542028631363,1476.4844851981952,1.0,1.0,47.0,1178.0070041822921,214.65197221108772,84.37139260138916,882.0,882.0,2158.351526034968,124.33230820120795,2154.7674554519417,2617.2565006078366,-458.90497457286847,12.846864825574116,-460.1135334057376,0.06575963718820861,0.017006802721088437,9.749415815072659,8.831767840348169,9.720293471785844,8.794201076021285,2.4438499347486027,0.7590521000092849,150000.0,2900.0,H1,1250.0
1,42,8,known,3,100.0,1000.0,150.0,785.7405715998372,88.7197880726177,780.7157261528608,600.3286020536382,49.68860814215794,598.2687294724425,1.0,1.0,26.0,1426.8936067823033,175.7583450452038,52.49165913364669,882.0,882.0,2367.7974686280595,121.45897292755315,2364.6802258099992,2600.057010939396,-232.25954231133665,12.07016540432764,-233.07467966583363,0.06462585034013606,0.013605442176870748,9.399638431628517,9.03059931924539,9.372836915569872,9.002040020757843,2.621971571235558,0.5669111000024714,150000.0,2900.0,H1,1250.0
1,43,8,known,3,100.0,1000.0,150.0,4214.084443444773,190.20083256025785,4209.789940101124,983.9852095732233,45.41984792950601,982.936381498274,1.0,1.0,20.0,1609.964516072428,158.78357357211732,67.61715369073313,882.0,882.0,5289.518224447218,248.90865873656608,5283.658536124871,2646.7019104996243,2642.8163139475937,139.25305599092553,2639.229173893985,0.013605442176870748,0.003401360544217687,9.718312511591346,4.273403019924105,9.688427512875485,4.199815676249926,12.37776591579504,0.8062598999822512,150000.0,2900.0,H1,1250.0
1,44,8,known,3,100.0,1000.0,150.0,3583.6599189459753,136.36080723556378,3581.0646663960065,1207.3908031960937,57.155371892609914,1206.037236202235,1.0,1.0,97.0,1108.3422799448065,226.55632903920025,103.43197379451496,882.0,882.0,4380.509013188661,219.283980070121,4375.0170000483095,2590.6060584638444,1789.9029547248165,106.95804304473414,1786.8472540654566,0.02834467120181406,0.0045351473922902496,9.465715898856299,5.595170171099538,9.43788959583857,5.540069771529867,7.829089874361808,0.9133913000114262,150000.0,2900.0,H1,1250.0
1,45,8,known,3,100.0,1000.0,150.0,929.0429968523155,52.16092807911244,927.5775587961673,651.490956158099,38.078964485470614,650.3771662808499,1.0,1.0,17.0,1139.9180786833792,219.34370163513577,58.85534587275051,882.0,882.0,2331.05288471881,115.34050699120861,2328.1976116307005,2637.296702953036,-306.2438182342257,0.4303373938929127,-306.5945153368275,0.05215419501133787,0.01927437641723356,9.595098939556223,7.5494485636769495,9.568812495878163,7.514674158237636,3.0877127846586374,0.7764784999890253,150000.0,2900.0,H1,1250.0
1,46,8,known,3,100.0,1000.0,150.0,3449.5292217954693,142.27394143385848,3446.593967616396,1300.615259423774,97.50485710819756,1296.95522508924,1.0,1.0,57.0,2600.305600140841,97.34080263687231,38.0318758930756,882.0,882.0,3206.5917989697195,161.13938389061394,3202.540407891712,2636.3712177363095,570.22058123341,47.45404534558729,568.6214946545688,0.032879818594104306,0.007936507936507936,9.384703980439808,8.251607285656243,9.354378409767692,8.201117238189177,3.886020853832602,0.5929995000478812,150000.0,2900.0,H1,1250.0
1,47,8,known,3,100.0,1000.0,150.0,1869.2304924210655,78.41293208497424,1867.5850839730267,538.9172712607307,55.87829326562546,536.0125386638197,1.0,1.0,35.0,809.258361481988,314.08136488292934,86.38342354474088,882.0,882.0,3420.9423028881797,131.34601093817207,3418.419878408811,2713.427124862115,707.5151780260649,23.24164373732593,707.1470762493555,0.034013605442176874,0.013605442176870748,9.582769603597106,6.465504596158215,9.55243536518972,6.4208513349807825,5.2910677767067,0.5584846999845468,150000.0,2900.0,H1,1250.0
1,48,8,known,3,100.0,1000.0,150.0,2560.8314589969245,141.37450052513796,2556.9260865323395,816.1431839976937,50.39350720003226,814.5859016813226,1.0,1.0,26.0,2537.263066872539,100.66731712203575,62.576451267475115,882.0,882.0,2386.234036713639,140.58074465449673,2382.08940474598,2805.096692064388,-418.86265535074926,35.46405765734565,-421.0370522561502,0.05215419501133787,0.012471655328798186,9.395857278367883,9.728220985307274,9.366812419633717,9.694651436761509,2.452898675222958,0.568878100020811,150000.0,2900.0,H1,1250.0
1,49,8,known,3,100.0,1000.0,150.0,1626.9271677612626,112.47471758585603,1623.0346413751201,415.9387499044425,91.88458387198229,405.6627502233142,1.0,1.0,61.0,2060.6291296060385,123.0646597015845,88.5686404900483,882.0,882.0,3477.513077469438,139.35631971075895,3474.7197038218255,2742.9319709614933,734.5811065079447,27.932582755036506,734.0518019837491,0.03854875283446712,0.01473922902494331,9.782022517424878,11.827650357452118,9.752510862763646,11.796470982293219,2.9401554597683885,0.8895964000257663,150000.0,2900.0,H1,1250.0
1,50,8,known,3,100.0,1000.0,150.0,1518.5082350922983,110.29999656762358,1514.497002572243,944.8224537314884,65.19341697713577,942.5705742585199,1.0,1.0,21.0,1951.70253922252,128.83086079509334,61.17101798822905,882.0,882.0,2335.9034326916403,125.20194949129478,2332.5456734443956,2735.7793154811043,-399.87588278946396,16.60659452528661,-401.0774739360304,0.05555555555555555,0.013605442176870748,9.464801657302235,8.217598510812033,9.436665946377598,8.186292755306319,2.8425621300654353,0.6837326999520883,150000.0,2900.0,H1,1250.0
1,51,8,known,3,100.0,1000.0,150.0,1504.6764374296065,39.03503457858404,1504.1700194563448,997.9080708637842,41.86305296540854,997.0295896770039,1.0,1.0,29.0,1809.0838789402062,139.2632838159651,67.6847953466687,882.0,882.0,2515.491148412039,127.86562913875191,2512.2392598286233,2834.964061878723,-319.4729134666841,16.72492053731554,-320.5454081324765,0.048752834467120185,0.011337868480725623,9.650248591581102,10.768107945696642,9.621822814666377,10.734011385332114,2.336056771623772,0.598638299969025,150000.0,2900.0,H1,1250.0
1,52,8,known,3,100.0,1000.0,150.0,3745.493807679185,173.9735331992287,3741.4511988143445,1932.9376609006345,73.85439902018126,1931.5262174439633,1.0,1.0,46.0,1423.6975631758673,179.0290945598038,85.90075569679674,882.0,882.0,3712.4561482951194,168.28391032753436,3708.640071311734,2761.0953802266704,951.360768068449,58.329108720052446,949.7349188440885,0.02834467120181406,0.011337868480725623,9.949225188635596,6.139754037285949,9.919372469578665,6.089439510843921,6.046587739101343,0.6053361999802291,150000.0,2900.0,H1,1250.0
1,53,8,known,3,100.0,1000.0,150.0,1444.1963717438935,136.16115863457705,1437.7632972911485,330.3520033173522,64.84450261463623,323.92535648888054,1.0,1.0,33.0,2011.887396084045,126.2971402160155,51.71266994814751,882.0,882.0,2762.9513651385523,157.70813102561067,2758.446735307644,2730.2320725358463,32.71929260270599,50.30331280927396,30.328084125606438,0.04421768707482993,0.011337868480725623,9.804631849241362,10.981616894126336,9.774549870342208,10.955021805703339,2.515978650299077,0.6256138000171632,150000.0,2900.0,H1,1250.0
1,54,8,known,3,100.0,1000.0,150.0,1937.8696392444533,98.78470655122995,1935.3501803180259,995.886152286236,53.73314466475141,994.4355069485003,1.0,1.0,44.0,2225.530306425373,112.79628619122627,90.57595597199803,882.0,882.0,2052.3235005703095,127.27758878274685,2048.373053519993,2669.411757409721,-617.0882568394113,18.120295091465607,-618.8059460657582,0.061224489795918366,0.01473922902494331,9.509723817012507,9.191437291031601,9.48123175728707,9.162564174858867,2.2328646060315633,0.5694895999622531,150000.0,2900.0,H1,1250.0
1,55,8,known,3,100.0,1000.0,150.0,1801.4483438474033,70.79394902037723,1800.056763641817,1345.7581193024123,40.877000575489845,1345.1371627058397,1.0,1.0,21.0,1744.9531000721747,146.8008259063411,60.11476906514082,882.0,882.0,2044.8983807143466,115.19887726872669,2041.650951099179,2691.534081837202,-646.6357011228554,9.401875645294623,-647.8030284547972,0.0782312925170068,0.017006802721088437,9.557771687041416,8.81634917271953,9.530903859510882,8.785570983652725,2.3194389657817602,0.5331504000350833,150000.0,2900.0,H1,1250.0
1,56,8,known,3,100.0,1000.0,150.0,2166.991842101119,58.44930233657023,2166.2034352269798,1450.8585202558556,51.267563488548525,1449.9524415417766,1.0,1.0,48.0,958.065462380288,263.79741181289137,77.01933252823864,882.0,882.0,2862.599045917963,119.57398138608715,2860.100585760212,2451.195413624546,411.4036322934171,8.36546284575509,411.4291865769583,0.027210884353741496,0.009070294784580499,9.127022619143803,6.283434599317047,9.0968743904821,6.240233590396818,4.555787126723817,0.5712851999560371,150000.0,2900.0,H1,1250.0
1,57,8,known,3,100.0,1000.0,150.0,3392.118961640792,180.74658020030583,3387.3000640139485,1739.9827054770994,79.66220039254814,1738.1581484974329,1.0,1.0,24.0,2774.00576646714,90.64549032679793,81.44870560088172,882.0,882.0,2733.3448489400776,145.84315872440263,2729.4511969039754,2669.245580014853,64.09926892522435,33.73305769260378,62.56100574959055,0.045351473922902494,0.013605442176870748,9.601908709998014,9.154539930959375,9.571133768743564,9.114832119293855,2.9857806831955442,0.6285277000279166,150000.0,2900.0,H1,1250.0
1,58,8,known,3,100.0,1000.0,150.0,3005.70351986986,106.40539980830852,3003.8194919551506,1621.998405873574,31.40663563333604,1621.6943151823066,1.0,1.0,61.0,1120.9701013913752,228.88869888674486,69.05151011929568,882.0,882.0,3485.8297069234577,142.68535889003695,3482.9082149876567,2846.3506635734143,639.4790433500434,34.30247985146697,638.6217927797729,0.03854875283446712,0.006802721088435374,9.713577487276535,5.9145294157944415,9.684711001012007,5.866946831720446,5.893672111283666,0.6938722000340931,150000.0,2900.0,H1,1250.0
1,59,8,known,3,100.0,1000.0,150.0,2094.619609166309,68.78953715993764,2093.4897436293645,626.8484989947714,53.14325829568125,624.5917344871899,1.0,1.0,30.0,941.0354967640411,272.3532424186542,75.852570478881,882.0,882.0,3025.477394449512,132.31340833703453,3022.582774102182,3019.5127762459615,5.964618203550344,22.417744707230923,5.070495912089882,0.04308390022675737,0.01020408163265306,9.597337043630457,6.006991170317873,9.567373616059285,5.960941466415139,5.036593710007755,0.513033399998676,150000.0,2900.0,H1,1250.0
1,60,8,known,3,100.0,1000.0,150.0,1931.7240634513946,53.29015664358577,1930.988870118642,1047.635194803507,43.88829958818501,1046.7154907376882,1.0,1.0,35.0,895.9515870111182,282.50213517192105,52.37207061534183,882.0,882.0,3102.3964668105664,136.77108935186206,3099.380181003323,2899.5995323035577,202.7969345070087,23.569281095988515,201.99121879224094,0.04421768707482993,0.007936507936507936,9.638563144217937,7.309655307031612,9.608316646472003,7.269091609181551,4.2442445457396305,0.5883534000022337,150000.0,2900.0,H1,1250.0
1,61,8,known,3,100.0,1000.0,150.0,2627.0983491849856,109.3888121759139,2624.819960313701,1562.0826213074142,71.93058958361328,1560.4256169624991,1.0,1.0,39.0,950.025900495422,266.05583599780425,89.59258627872437,882.0,882.0,3452.2710538435467,142.34969702295368,3449.3350073548245,2530.460918334252,921.8101355092949,29.924926085826,921.3727588042734,0.032879818594104306,0.005668934240362812,9.448722884684996,7.024520260638931,9.42013505552906,6.983605582439374,4.914600464871516,0.5699742999859154,150000.0,2900.0,H1,1250.0
1,62,8,known,3,100.0,1000.0,150.0,2566.16529612081,136.07858318961905,2562.5547694072634,1286.030793522222,50.34847810777644,1285.044836820734,1.0,1.0,22.0,1322.4031435645072,192.49972659558037,47.783072559438764,882.0,882.0,3758.631529249585,150.2508796405934,3755.6271973980993,2492.5580980435325,1266.0734312060526,38.1170491307122,1265.5926843486163,0.027210884353741496,0.011337868480725623,9.393909962448038,6.310088652091314,9.363625971179442,6.2643137518855685,5.956543143025233,0.5045237999875098,150000.0,2900.0,H1,1250.0
1,63,8,known,3,100.0,1000.0,150.0,1761.2443189312835,72.32841809219137,1759.7585490356346,780.0295485911308,53.574377148403215,778.1875627305052,1.0,1.0,198.0,236.6783529640308,1054.763661193042,84.34072763953355,882.0,882.0,11275.393749449042,283.87740160637566,11271.819632427221,2753.8016761149047,8521.592073334137,175.05340825397042,8520.169035086765,0.006802721088435374,0.0011337868480725624,9.749569051056145,8.132633495348912,9.720622197353231,8.099355271968623,13.864382006022389,0.8022715000552125,150000.0,2900.0,H1,1250.0
1,64,8,known,3,100.0,1000.0,150.0,1252.2873692318676,101.7378060364475,1248.1478574113573,531.3639664315529,71.09635061529733,526.5861503600898,1.0,1.0,25.0,1867.0948750909868,134.06838815872396,70.81943062253113,882.0,882.0,2357.7748227672364,126.46505084322635,2354.3807478380154,2586.627849704873,-228.8530269376365,13.534497087901102,-229.7806873082818,0.03854875283446712,0.009070294784580499,9.699457667107467,10.008728170113512,9.669700862797303,9.978520881777687,2.355718711401966,0.5270317000104114,150000.0,2900.0,H1,1250.0
1,65,8,known,3,100.0,1000.0,150.0,3792.2854798581366,172.09028317973937,3788.378821498449,1524.1817328659322,58.18653469749023,1523.0706753076477,1.0,1.0,31.0,1361.2448415178383,186.55068921602836,51.984134882536466,882.0,882.0,4314.450996402392,199.43924291135014,4309.838905196404,2769.0977998310063,1545.3531965713855,86.83133161256016,1543.0317049488253,0.02834467120181406,0.007936507936507936,9.223065920488775,5.440982273112901,9.193406508243704,5.38091637524008,7.9295442988716145,0.5695128999650478,150000.0,2900.0,H1,1250.0
1,66,8,known,3,100.0,1000.0,150.0,3230.419880326698,156.3129843378162,3226.6358415751483,1821.4078365869896,83.49729896436278,1819.492981092852,1.0,1.0,55.0,1599.7207198184333,157.4029798129659,98.12764719922677,882.0,882.0,4366.424327183297,176.10782236151053,4362.871467270288,2642.9833730897426,1723.440954093554,65.15005866497674,1722.218236513872,0.01020408163265306,0.0022675736961451248,9.349224381210409,5.998287277722701,9.318861463174152,5.945508998071965,7.279451825190082,0.64328870002646,150000.0,2900.0,H1,1250.0
1,67,8,known,3,100.0,1000.0,150.0,1222.7866552860212,86.2155299422842,1219.7434511987944,664.4621085125077,61.23540541745162,661.6344298570382,1.0,1.0,170.0,885.5897837189985,285.2247642200173,68.80350141118124,882.0,882.0,2983.8389583987178,116.28897630967542,2981.572035629324,2685.891597423414,297.9473609753036,5.700831400101109,297.9580664983023,0.046485260770975055,0.009070294784580499,9.474102764798559,7.82282576809531,9.444580539512947,7.788950397672606,3.814272549144628,0.7822047999943607,150000.0,2900.0,H1,1250.0
1,68,8,known,3,100.0,1000.0,150.0,647.9036205310616,60.61509014031176,645.0619445793866,389.06904627138266,56.045540157123305,385.01119489570635,1.0,1.0,24.0,1152.63873567859,216.81708275915958,80.88278689802,882.0,882.0,2242.028439607382,125.84300702771867,2238.493927083684,2636.207256921892,-394.17881731451007,17.01956843470508,-395.4662397868101,0.04421768707482993,0.011337868480725623,9.596085182007595,8.421983066468021,9.565272191412406,8.38877877490124,2.6621146372687203,0.5938277999521233,150000.0,2900.0,H1,1250.0
1,69,8,known,3,100.0,1000.0,150.0,1515.1387476188643,79.19355290423765,1513.067680480442,1038.2853894459113,43.94797442937285,1037.3548695988288,1.0,1.0,72.0,1465.7694225711348,172.81886107323794,51.69667915271488,882.0,882.0,3958.0221352257768,141.1601866621591,3955.504142917654,2698.7064846552207,1259.315650570556,29.639574676721097,1259.1028665082003,0.03854875283446712,0.01473922902494331,9.243202368187486,13.164705585592959,9.215971491795713,13.14232592366856,3.0065405637003475,0.6642689000000246,150000.0,2900.0,H1,1250.0
1,70,8,known,3,100.0,1000.0,150.0,1922.7201100260522,95.09779987305684,1920.3668998287537,820.9139239520697,49.3299503578618,819.430428124362,1.0,1.0,28.0,2027.2891806671919,125.23445917192959,88.59465829501885,882.0,882.0,3174.967421105727,142.47403308196004,3171.7691080815,3150.2165563252856,24.75086478044159,34.255839292383214,23.41188974066108,0.03741496598639456,0.006802721088435374,9.42649763968379,12.177513712568842,9.399812209266317,12.15085218476854,2.607237812287356,0.5367113999673165,150000.0,2900.0,H1,1250.0
1,71,8,known,3,100.0,1000.0,150.0,5070.168274102721,282.1971465933063,5062.3088702856085,1513.1909428314984,48.68519605356024,1512.4075446626498,1.0,1.0,35.0,2173.372199630834,116.19167338155609,99.79164619926283,882.0,882.0,4963.398795586575,247.90434623207815,4957.203953757553,2868.900435453107,2094.498360133468,137.38804411843302,2090.4329731052526,0.021541950113378686,0.0022675736961451248,9.882682984161114,4.15205222836828,9.852664062715077,4.08027581079009,11.954085648718218,0.5661919999984093,150000.0,2900.0,H1,1250.0
1,72,8,known,3,100.0,1000.0,150.0,904.0582301217659,106.35643670145917,897.7803694796785,745.7153653937047,68.80511653631817,742.5343508031735,1.0,1.0,30.0,1619.4185678607473,155.70293910228398,76.64038453394834,882.0,882.0,2253.6795027208223,121.21476986591051,2250.4173569696636,2851.0335927835063,-597.354090062684,10.794141352659935,-598.4771359834826,0.047619047619047616,0.011337868480725623,9.607648875248476,8.45187116430191,9.57956986692874,8.42197544192867,2.666485869116969,0.5168547000503168,150000.0,2900.0,H1,1250.0
1,73,8,known,3,100.0,1000.0,150.0,3615.9506251733105,152.9151282858088,3612.715860295768,1442.77638741747,71.3125945658668,1441.0129138719367,1.0,1.0,19.0,3103.246730331811,80.52957708208562,44.68970832771513,882.0,882.0,2703.2592607515785,156.58397108439183,2698.7204543706657,2625.4603634495165,77.79889730206196,48.66444532978126,75.4790442054923,0.04308390022675737,0.01020408163265306,9.699990288383084,6.926390282738246,9.671504511405418,6.865285446066513,3.902839935959954,0.5484021999873221,150000.0,2900.0,H1,1250.0
1,74,8,known,3,100.0,1000.0,150.0,4611.677058304469,235.8002578471795,4605.644746231625,1214.0572879342944,87.5573767270017,1210.8958684243087,1.0,1.0,35.0,1715.6020580705444,147.80873549816596,54.605432822336034,882.0,882.0,5032.430125172008,248.04981775643745,5026.313186884572,2531.7533943037106,2500.6767308682975,136.8231472286738,2497.0042145896355,0.018140589569160998,0.005668934240362812,9.689366482327168,4.471916283292647,9.660338603844181,4.401352689182419,11.253408620312223,0.534943500009831,150000.0,2900.0,H1,1250.0
1,75,8,known,3,100.0,1000.0,150.0,3397.047153665175,205.8134764534738,3390.8067148002997,1087.4576559114146,60.613162542428526,1085.767101144142,1.0,1.0,35.0,1415.1074860248318,180.19803244896144,56.65993402305541,882.0,882.0,4311.853622057757,198.45250644324332,4307.28432550476,2758.002923684205,1553.850698373552,87.1224480526364,1551.5293028023848,0.022675736961451247,0.005668934240362812,9.832142473506043,5.145377415356192,9.8029237585128,5.082952953677783,8.38005315059919,0.5911274999962188,150000.0,2900.0,H1,1250.0
1,76,8,known,3,100.0,1000.0,150.0,2887.4606820372337,86.23750096941002,2886.1726011688,1351.2972023982256,50.68876242805592,1350.3461699034006,1.0,1.0,31.0,2669.037223936671,93.87716592429831,46.54717028083223,882.0,882.0,2290.756669955299,144.28562280838668,2286.20816637407,2804.514948574702,-513.758278619403,37.58984966566271,-516.2764649437249,0.04081632653061224,0.005668934240362812,9.804156197911599,9.138636959125852,9.775922921076303,9.109173167143592,2.506672143998178,0.5567290000035428,150000.0,2900.0,H1,1250.0
1,77,8,known,3,100.0,1000.0,150.0,2156.791533815083,112.64870730081007,2153.8477172446233,839.8624226852127,45.33698032186046,838.637852266382,1.0,1.0,19.0,2393.8443966528803,104.4078995630016,73.5584851110544,882.0,882.0,2276.4101894084915,134.5851706172058,2272.428256797724,2972.9995341506187,-696.5893447421272,26.801116107693744,-698.6168165145759,0.061224489795918366,0.018140589569160998,9.524967636106794,8.627843268527979,9.495381931724713,8.594094858192637,2.6384463863781757,0.5534757999703288,150000.0,2900.0,H1,1250.0
1,78,8,known,3,100.0,1000.0,150.0,594.9329576028389,53.24528780871172,592.5454947666286,539.9117312296485,50.837754753184434,537.5129767838645,1.0,1.0,36.0,1304.6555700624044,192.7481996535461,76.01001010262908,882.0,882.0,2208.96043773773,113.60094218779267,2206.037407077339,2761.7588603433123,-552.7984226055823,3.1476443430251067,-553.5118444635727,0.05215419501133787,0.011337868480725623,9.581966011789698,9.609411240329532,9.551469536944472,9.580540261217205,2.2987469081008745,0.6154511999920942,150000.0,2900.0,H1,1250.0
1,79,8,known,3,100.0,1000.0,150.0,1428.8402468770016,46.356774198772825,1428.088057712624,1182.7024134581566,33.33971427563192,1182.2324061925249,1.0,1.0,25.0,1390.2097430160125,183.2159226511459,56.21091833423811,882.0,882.0,2908.3787774401458,113.27693502338936,2906.1719579295277,2728.2248418243876,180.1539356157582,6.151732941661336,180.05109145521556,0.048752834467120185,0.013605442176870748,9.272123498195349,11.138035721379925,9.2449984436571,11.110816320800303,2.61121336849135,0.59562979999464,150000.0,2900.0,H1,1250.0
1,80,8,known,3,100.0,1000.0,150.0,3758.683068078854,151.7630233137407,3755.6179772465334,1617.0610294176615,53.02186115169439,1616.1915279759753,1.0,1.0,42.0,3021.3247091334774,83.50380990061805,64.89311483695961,882.0,882.0,2844.403754430783,150.26087279472821,2840.4320777527664,2677.3168496646686,167.08690476611446,43.14263961110352,165.25896230435455,0.047619047619047616,0.011337868480725623,9.211920821944812,8.61276344350307,9.181029721817268,8.577013874898999,3.3025448488039264,0.5298304000170901,150000.0,2900.0,H1,1250.0
1,81,8,known,3,100.0,1000.0,150.0,1627.5512194673558,122.41609370272566,1622.9409329954813,879.9857561602864,69.0765250125551,877.2704057114778,1.0,1.0,19.0,2122.815218483408,119.63549821325897,80.48967888267309,882.0,882.0,1829.8924235613256,125.37052789150447,1825.5926469350568,2772.6704683639605,-942.7780448026349,17.528044222135932,-944.9797713304622,0.0691609977324263,0.015873015873015872,9.83895905244687,8.411690932776704,9.808825147797254,8.378880132874745,2.1754156663448367,0.5397972000064328,150000.0,2900.0,H1,1250.0
1,82,8,known,3,100.0,1000.0,150.0,2561.4488746428196,91.70533061227712,2559.8067250763793,1193.8776593958603,41.981381996339906,1193.1393167481385,1.0,1.0,106.0,764.5751553613529,327.8100590333775,51.95403750025942,882.0,882.0,3760.6179400376236,168.70982132852447,3756.8316820320974,2790.4682339255037,970.1497061121199,62.036403625390776,968.4031377615343,0.03854875283446712,0.007936507936507936,9.56188690608652,7.14179836094551,9.533193188194964,7.103632907024974,5.265645639902597,0.7152872000006028,150000.0,2900.0,H1,1250.0
1,83,8,known,3,100.0,1000.0,150.0,1878.1890116837196,36.48862916859649,1877.834535722161,1056.1724381206934,40.44697773214056,1055.397679094542,1.0,1.0,36.0,809.3116636853674,307.2210209814701,69.90536840950121,882.0,882.0,3688.2918482982527,137.9706417982789,3685.7103603274513,2759.0614760447647,929.230372253488,28.401241820060818,928.8253835497244,0.02947845804988662,0.007936507936507936,9.37446095297779,7.444369630563962,9.345327287865494,7.408400669229396,4.954471676359842,0.5831153999897651,150000.0,2900.0,H1,1250.0
1,84,8,known,3,100.0,1000.0,150.0,1850.1582455406142,96.56504758341771,1847.6365240834398,912.3738791837259,45.78570652091778,911.2243217205851,1.0,1.0,25.0,983.5606704543312,254.73875151064334,57.58778734883751,882.0,882.0,3389.060386477829,137.25564967109847,3386.2798451732565,2787.0192409346314,602.0411455431977,26.97681189730102,601.4432562009142,0.027210884353741496,0.003401360544217687,9.362688852240353,6.723702808358872,9.335778227387532,6.68395870561402,5.0404672589998585,0.6069446000037715,150000.0,2900.0,H1,1250.0
1,85,8,known,3,100.0,1000.0,150.0,3730.7893942769233,148.38699095442257,3727.8372825761408,1592.1699013074235,50.31617297152908,1591.3746502212448,1.0,1.0,28.0,1245.3038090562422,202.78866435840206,59.23686393894079,882.0,882.0,4429.746812685041,202.94285065486355,4425.095594883952,2790.1281037135304,1639.6187089715104,95.95442365773148,1637.0194998641728,0.012471655328798186,0.0022675736961451248,9.941027525463603,5.786431371326447,9.911809758477503,5.727654665768215,7.655403699481866,0.6041744999820367,150000.0,2900.0,H1,1250.0
1,86,8,known,3,100.0,1000.0,150.0,1052.6142573979178,109.63489752156892,1046.8891842610683,680.3183613190616,63.874721778829034,677.31314225071,1.0,1.0,31.0,1269.82648706824,200.6673375115842,83.65899016332095,882.0,882.0,2242.283538881108,123.21272816590275,2238.895730567884,2703.598790076237,-461.3152511951289,11.330086403068421,-462.38705584561194,0.0691609977324263,0.018140589569160998,9.671810577581201,7.87833325190143,9.640538060551545,7.845306749120964,2.846139490659315,0.5738574999850243,150000.0,2900.0,H1,1250.0
1,87,8,known,3,100.0,1000.0,150.0,2424.4464680357733,62.69798603205588,2423.6356242056395,1652.0712831762416,31.634561724832555,1651.7683794043494,1.0,1.0,51.0,923.1468735533059,269.16410960167894,76.57691317789237,882.0,882.0,3405.0182042017805,135.17882877841652,3402.333854164757,2631.611654868525,773.4065493332555,25.378469860358436,773.0138311889837,0.02947845804988662,0.0045351473922902496,9.36425091203547,7.000532181561468,9.334398357635166,6.95501325075281,4.863941934543456,0.6125751999788918,150000.0,2900.0,H1,1250.0
1,88,8,known,3,100.0,1000.0,150.0,1836.5472311282385,76.95783752996965,1834.934119636863,505.4259470052921,31.967614081923884,504.4139763687219,1.0,1.0,22.0,2173.2524525523413,114.76589954211666,60.509804831979075,882.0,882.0,2436.2483276037433,139.75352810010958,2432.2365972774132,2768.7623956634816,-332.5140680597383,27.676937421470058,-334.25649714050587,0.04081632653061224,0.009070294784580499,9.563387115131102,10.942015660355276,9.5370936022099,10.913854208742105,2.226507805532277,0.5375179999973625,150000.0,2900.0,H1,1250.0
1,89,8,known,3,100.0,1000.0,150.0,4667.644273948507,226.65589505143296,4662.137940190393,1457.6761787577018,66.61517418029523,1456.1532407980226,1.0,1.0,29.0,1971.8256404530687,127.01634400085135,76.28935750839119,882.0,882.0,4253.858566713004,194.84832191367053,4249.3937022880145,2694.4857963105414,1559.3727704024623,88.03317038454868,1557.0259283902765,0.013605442176870748,0.003401360544217687,9.677583295261734,4.436418808016745,9.646865266844326,4.366379028056123,9.588496376911374,0.6329582000034861,150000.0,2900.0,H1,1250.0
1,90,8,known,3,100.0,1000.0,150.0,4812.669268159417,229.00714203852147,4807.217616624137,1694.7539749524974,73.98018637721033,1693.1384962964144,1.0,1.0,31.0,1936.4064515487416,130.4061906152873,78.77435055927664,882.0,882.0,5542.401387664965,261.9035382390931,5536.209865842187,2651.12722771308,2891.274159951885,150.05920393049507,2887.442903196227,0.012471655328798186,0.0,9.71525164358987,4.627681872212373,9.685877376649456,4.558474101594646,11.976625750670472,0.6311239000060596,150000.0,2900.0,H1,1250.0
1,91,8,known,3,100.0,1000.0,150.0,5835.51269975299,283.98556012826145,5828.598516849232,1310.1390461826682,64.86115387262268,1308.532518147999,1.0,1.0,40.0,2502.278823592681,100.347520229768,68.92678390493435,882.0,882.0,5147.388836173279,266.10228351288566,5140.505948393653,2711.972901992743,2435.4159341805357,149.03997917705465,2431.060721405935,0.01020408163265306,0.0022675736961451248,9.761530679097705,3.5941141819575817,9.732155956726238,3.5027700862735625,14.321717607117549,0.6029458999983035,150000.0,2900.0,H1,1250.0
1,92,8,known,3,100.0,1000.0,150.0,2884.7335457082304,91.72024585956407,2883.275052129755,693.5612089449625,52.71529142891643,691.5549498071446,1.0,1.0,46.0,2817.5050578176188,90.21891768583428,101.86301594402725,882.0,882.0,2706.0930493248375,157.61826973975394,2701.4988566809434,3021.287511124007,-315.1944617991694,47.350258320326134,-317.77575662131494,0.04195011337868481,0.012471655328798186,9.950508018219857,9.095184886490463,9.921394835325241,9.060601004341637,2.975302957660964,0.5758577000233345,150000.0,2900.0,H1,1250.0
1,93,8,known,3,100.0,1000.0,150.0,5759.590093554927,360.42661248016077,5748.301549396319,1946.351364559125,69.6320844209743,1945.1053974374647,1.0,1.0,33.0,2530.01370612207,100.3085103921138,66.79257436650116,882.0,882.0,5279.435814025014,252.02464943490918,5273.416927428286,2539.8888323755586,2739.5469816494556,139.2058663176971,2736.0349689911977,0.023809523809523808,0.005668934240362812,9.648869235809418,3.8261840747262,9.619501794167626,3.742980811107768,13.798175181633958,0.6078831999911927,150000.0,2900.0,H1,1250.0
1,94,8,known,3,100.0,1000.0,150.0,2598.3463217488397,106.86352900925708,2596.1478759719007,1874.1114493984776,42.378513405969784,1873.6322441631821,1.0,1.0,41.0,1687.0835835505302,150.26179624199173,86.57785863245836,882.0,882.0,2565.202539948472,123.64767837801926,2562.2207794391597,2970.8384544594132,-405.63591451094135,19.466420578645355,-406.79040073819624,0.04308390022675737,0.012471655328798186,9.539565060000632,9.152577209231897,9.511067376026311,9.11494788910974,2.8027106259874413,0.6985763999982737,150000.0,2900.0,H1,1250.0
1,95,8,known,3,100.0,1000.0,150.0,1087.3239278874291,108.05386738684719,1081.941627768935,755.3283346134157,92.58410666150364,749.6326275340257,1.0,1.0,37.0,1030.339414151416,243.59665167831287,74.59500988905344,882.0,882.0,2713.0901891504504,128.23007295471945,2710.058195473753,2734.2604013283044,-21.170212177853955,20.710163451186418,-22.08737373231952,0.05782312925170068,0.013605442176870748,9.592092558369172,9.18225865614577,9.565878443557262,9.146247406980429,2.9547089564227798,0.7049003999563865,150000.0,2900.0,H1,1250.0
1,96,8,known,3,100.0,1000.0,150.0,2008.4905417225696,50.53957127095911,2007.8545783808072,1263.9687957880542,40.662372435544256,1263.3145642292804,1.0,1.0,35.0,675.9175644799452,371.2216201787459,73.27050140010716,882.0,882.0,3510.5440651359377,121.66251930280167,3508.4352444726765,2638.5666187839142,871.9774463520234,8.57957452611123,872.2929779473266,0.027210884353741496,0.003401360544217687,9.71276285395186,7.127532580842127,9.683342402623882,7.090215708978797,4.925328681866457,0.6389654999948107,150000.0,2900.0,H1,1250.0
1,97,8,known,3,100.0,1000.0,150.0,2633.5677024096562,121.73699403787475,2630.752543942113,1404.603155014078,60.104974499494624,1403.3165769404698,1.0,1.0,29.0,2536.2278180272897,100.3878498568916,56.71955583584812,882.0,882.0,2229.031945705139,129.02360636077807,2225.2946600339687,2834.097356273586,-605.0654105684466,24.894934275437777,-606.8891342291563,0.06349206349206349,0.01927437641723356,9.971282842958486,8.941375736862987,9.94062937938486,8.909923856392837,2.4929406964919445,0.6390413999906741,150000.0,2900.0,H1,1250.0
1,98,8,known,3,100.0,1000.0,150.0,2783.2776340943497,94.80839645240745,2781.6624087786004,1558.4506035399816,37.09368361406614,1558.0090957083892,1.0,1.0,41.0,1043.7606591170775,243.78354886075067,67.28046750932155,882.0,882.0,3178.8811173466925,147.08238863718992,3175.4766459818497,2516.2335088569653,662.6476084897272,38.62547130023121,661.5816266589663,0.030612244897959183,0.0022675736961451248,9.525658213194632,7.202688793806026,9.495927421359957,7.161986235937332,4.413464482986383,0.58092310000211,150000.0,2900.0,H1,1250.0
1,99,8,known,3,100.0,1000.0,150.0,1400.5673610496335,93.34486215200376,1397.4532799157753,648.1438866444158,51.41877678192712,646.1010812471836,1.0,1.0,19.0,1941.9195824270637,129.3696776253735,48.87680970057804,882.0,882.0,2175.7264255829077,128.7350547599894,2171.914538985298,2843.2134797960734,-667.4870542131657,17.72869870355791,-669.1311277735399,0.06575963718820861,0.01020408163265306,9.586863458891505,9.117798154522562,9.559842154550239,9.089053181875874,2.386241051523734,0.5720819000271149,150000.0,2900.0,H1,1250.0
2,0,8,known,3,100.0,1000.0,150.0,897.8994322754485,60.9464745955233,895.8286207277316,565.9122766137491,44.139507353438994,564.1882741716211,1.0,1.0,70.0,1127.52383998992,226.16607371144943,70.10261847289155,882.0,882.0,2731.597467384465,116.65305354204163,2729.10549244996,3627.2340990302387,-895.6366316457738,5.996379412486121,-896.4403022736833,0.047619047619047616,0.009070294784580499,10.709526574562032,8.98835222136099,10.685965143092098,8.958679414258636,3.0390414172831046,0.6661950999987312,150000.0,2900.0,H2,883.8834764831844
2,1,8,known,3,100.0,1000.0,150.0,3817.907141386728,207.27528119909297,3812.2764718807603,1507.5158723209129,66.4549338094501,1506.0504131906955,1.0,1.0,21.0,1713.4697557684822,147.93280776799918,68.39937430649535,882.0,882.0,3618.6945871402954,169.33401527024722,3614.730488746143,4104.302145078853,-485.6075579385574,58.94923589620218,-488.08699422594464,0.036281179138321996,0.007936507936507936,10.812775545917912,5.531156259723324,10.787510821414589,5.472839387729321,6.5423835762710985,0.6479612999828532,150000.0,2900.0,H2,883.8834764831844
2,2,8,known,3,100.0,1000.0,150.0,1105.0582100228885,72.3760256583983,1102.685521102406,599.2713933363401,41.93895168631492,597.8020802930778,1.0,1.0,29.0,1621.3259980173395,155.42699238520171,89.04513604250789,882.0,882.0,2212.5107094527684,118.7989009553437,2209.3190038052435,3593.8977468747685,-1381.387037422,10.052956323928058,-1382.933121883843,0.05555555555555555,0.01473922902494331,10.517204807392346,11.553012001425508,10.489046955459678,11.528779449192509,1.9150942708098724,0.6063884999603033,150000.0,2900.0,H2,883.8834764831844
2,3,8,known,3,100.0,1000.0,150.0,1197.0402887214248,63.904552149796,1195.3332845013585,1117.2454410995904,57.632582368296525,1115.7579760447063,1.0,1.0,22.0,1610.1973656245543,155.6290829050431,79.09884127353638,882.0,882.0,1798.1605239661042,115.26181727858554,1794.4625890298444,3694.2932296005106,-1896.1327056344064,4.945633724537814,-1898.1831841141543,0.0873015873015873,0.022675736961451247,11.036005377398466,9.23691930039811,11.012028615317712,9.207105400931887,1.9467102239256369,0.5564984999946319,150000.0,2900.0,H2,883.8834764831844
2,4,8,known,3,100.0,1000.0,150.0,2056.2390319537676,129.68923467128414,2052.1451359347234,1031.0031670396784,67.24920245989674,1028.8075987347463,1.0,1.0,31.0,1215.7356189861455,207.27609607727697,67.11456467999113,882.0,882.0,2999.9268196596645,143.20300311242855,2996.5069369539146,4051.6221705372623,-1051.6953508775978,32.33423539586218,-1053.598040590999,0.047619047619047616,0.015873015873015872,10.78258934196511,6.901914591718535,10.758788970211686,6.862484927766086,4.346513970571608,0.6112943000043742,150000.0,2900.0,H2,883.8834764831844
2,5,8,known,3,100.0,1000.0,150.0,2781.647811822429,178.2158161820297,2775.9329372085126,874.7895697785619,79.44714109112896,871.1744619568506,1.0,1.0,24.0,2606.977321290677,97.94767735852659,64.97260711315757,882.0,882.0,2836.618522553302,199.8588967205523,2829.569059749933,4017.301611714453,-1180.6830891611512,90.57344548630127,-1186.2457927590904,0.02947845804988662,0.0045351473922902496,10.890315906663528,8.975742870315482,10.86412821314805,8.942518899614182,3.160316158269805,0.5466012000106275,150000.0,2900.0,H2,883.8834764831844
2,6,8,known,3,100.0,1000.0,150.0,291.94114583998606,49.986918749295484,287.6298673439797,95.63515264725763,38.1778201755866,87.68430001148919,1.0,1.0,72.0,1196.1732777021773,210.64064909562623,95.22878451789839,882.0,882.0,3760.0494357514654,110.87198496867734,3758.414447908056,3871.812920311638,-111.76348456017286,3.766379544976857,-111.91676261888824,0.04081632653061224,0.01020408163265306,10.767324595225375,11.540929073921232,10.741554137273072,11.518579754748107,3.2580127749402443,0.6726997999940068,150000.0,2900.0,H2,883.8834764831844
2,7,8,known,3,100.0,1000.0,150.0,1575.3397449812132,82.57002995351118,1573.1743394395137,774.9431767897053,44.889457480854645,773.6419481000206,1.0,1.0,134.0,760.7458190492481,331.77434537322637,75.4235866946894,882.0,882.0,3527.158538561652,126.34176832941405,3524.8950500296837,3892.189266701462,-365.03072813981,19.346664367173915,-365.8233072347143,0.046485260770975055,0.011337868480725623,10.864802157176136,7.418885539096338,10.841352849597083,7.380460384945945,4.754297016680056,0.8748054000316188,150000.0,2900.0,H2,883.8834764831844
2,8,8,known,3,100.0,1000.0,150.0,4040.173056184332,187.6696466740847,4035.811991115923,1417.6164887849002,64.26854197952308,1416.158911911603,1.0,1.0,71.0,1461.4107209701074,172.21450464340893,62.760582754954775,882.0,882.0,4520.565645758451,214.77367495631012,4515.460776726699,4164.603624560021,355.9620211984302,103.62791534183094,352.34055628888655,0.017006802721088437,0.003401360544217687,10.90231097236023,5.375706606568087,10.879192365460824,5.317870552861183,8.409249195696772,0.654978199978359,150000.0,2900.0,H2,883.8834764831844
2,9,8,known,3,100.0,1000.0,150.0,1382.400154019009,73.15355672714982,1380.4632349215055,1081.726647744774,58.473189270365,1080.1450951505074,1.0,1.0,33.0,1522.058631244055,165.50528861641106,78.7688098497572,882.0,882.0,2435.0128135080663,124.2627962604209,2431.8400768582646,3859.4118819473283,-1424.399068439262,13.140129468313901,-1425.971715782899,0.05102040816326531,0.012471655328798186,11.116569691308868,11.034096647137204,11.08878642950501,11.009705280162759,2.206807581425191,0.6262506999773905,150000.0,2900.0,H2,883.8834764831844
2,10,8,known,3,100.0,1000.0,150.0,1633.3838706101203,46.006434848984,1632.7358257604888,1207.0153384124612,39.52656868315737,1206.3679693738077,1.0,1.0,35.0,1303.0185739968422,193.6076579728738,78.9503979577006,882.0,882.0,2747.0828153993784,115.4390184443636,2744.656231239748,4045.1575506824,-1298.0747352830217,4.303971659579659,-1298.9743912601575,0.047619047619047616,0.02040816326530612,10.531070478075238,7.654961161384952,10.507099398045938,7.619683364207418,3.5886306376796435,0.5931467000045814,150000.0,2900.0,H2,883.8834764831844
2,11,8,known,3,100.0,1000.0,150.0,568.134413603441,83.3946540918912,561.9804654873865,375.6806093871774,49.13832459403123,372.45314514125477,1.0,1.0,42.0,840.7028618349461,306.4882926717802,42.91898348622455,882.0,882.0,4316.615245475554,125.41520050447296,4314.792950415396,3943.4071344705853,373.2081110049685,15.392606260296787,372.92095135843874,0.026077097505668934,0.0045351473922902496,10.84000807569139,10.835827083630175,10.81680477393479,10.80935847521272,3.9836509129946536,0.5716185999917798,150000.0,2900.0,H2,883.8834764831844
2,12,8,known,3,100.0,1000.0,150.0,1558.705171179087,64.252085407525,1557.380326118579,1143.2767606264586,39.13790114790594,1142.6066585147598,1.0,1.0,46.0,1803.110998587,140.24021964685056,88.61941989988884,882.0,882.0,2210.613796593158,115.94293021795818,2207.5711980863693,3715.621557404252,-1505.0077608110942,7.04487487293585,-1506.454215314739,0.07256235827664399,0.018140589569160998,10.723024982032978,9.664360332036276,10.696072534585237,9.637746446918506,2.287387597982269,0.529849800048396,150000.0,2900.0,H2,883.8834764831844
2,13,8,known,3,100.0,1000.0,150.0,1483.1825651396618,57.28324529657658,1482.0759600447473,1209.9110581599798,41.76120403761363,1209.1901300023626,1.0,1.0,35.0,1545.2545412146674,164.92274729149042,69.02851981307255,882.0,882.0,2350.743571123023,117.88501042816326,2347.7858636367528,3955.7334248502916,-1604.9898537272688,6.723345556826629,-1606.3853532860612,0.05442176870748299,0.009070294784580499,10.859305759870466,10.742320591041285,10.835058703882648,10.717099355668784,2.1883014486492423,0.5712121000397019,150000.0,2900.0,H2,883.8834764831844
2,14,8,known,3,100.0,1000.0,150.0,709.7877749654749,41.782710564976966,708.5569070923541,636.30329434531,30.611787985909768,635.5665195957067,1.0,1.0,36.0,1086.9421011249271,232.39215245947454,54.544440245684065,882.0,882.0,2916.455407017071,113.38663865632203,2914.2504372983,4112.167218443003,-1195.7118114259315,1.7867502739228627,-1196.4021504729285,0.05328798185941043,0.01473922902494331,11.068750897155091,10.05888905375171,11.04586116696819,10.033879954360364,2.899381225334529,0.6133413000497967,150000.0,2900.0,H2,883.8834764831844
2,15,8,known,3,100.0,1000.0,150.0,1429.2893955650059,92.9565321727654,1426.2633906123347,893.7094131387958,66.24660926531604,891.2507514127208,1.0,1.0,87.0,595.5103201571676,419.710899716129,63.03587375849436,882.0,882.0,3913.9848920568284,128.9386302452001,3911.860499158884,3764.2560649855373,149.7288270712911,18.164529801597652,149.234711035474,0.03854875283446712,0.005668934240362812,10.590489838671365,7.987380807095028,10.566754991852466,7.954385845714373,4.900210703088195,0.699117100040894,150000.0,2900.0,H2,883.8834764831844
2,16,8,known,3,100.0,1000.0,150.0,5832.393765395226,360.02726898968484,5821.271115504322,1771.2856169781473,65.94255943232702,1770.057715377996,1.0,1.0,59.0,2747.2565610726288,91.40841130139547,93.51006168824424,882.0,882.0,5575.031272306759,267.5582989746044,5568.607208615825,3893.7435430960763,1681.2877292106828,160.43921841740934,1676.3373975694517,0.015873015873015872,0.005668934240362812,10.713153992233572,3.951743271258297,10.686364094738448,3.862446608270071,14.107776972393202,0.6953185999882407,150000.0,2900.0,H2,883.8834764831844
2,17,8,known,3,100.0,1000.0,150.0,865.7489471162595,72.42186882825769,862.7145022244233,426.5180065025391,51.22629835478895,423.430603792128,1.0,1.0,33.0,1418.9969258912658,180.09825996263123,69.06425519478888,882.0,882.0,2926.9088599397064,123.92031634707375,2924.2843961540393,3641.681355903944,-714.7724959642378,10.293028720291673,-715.623835854698,0.04308390022675737,0.011337868480725623,10.775389943810175,12.956336552842671,10.752021336865555,12.93574848163577,2.2590559051953085,0.6169447000138462,150000.0,2900.0,H2,883.8834764831844
2,18,8,known,3,100.0,1000.0,150.0,1415.3047570181855,74.22983998392867,1413.3568148540076,811.1188912224724,74.7261021345883,807.6694035047657,1.0,1.0,41.0,1774.1114835805195,142.6175130522589,69.12061622395264,882.0,882.0,3022.30782225401,146.08319945284083,3018.7752932762983,3736.838955768816,-714.5311335148062,34.90023344566005,-716.4092710285536,0.046485260770975055,0.011337868480725623,10.78041621751905,11.13889002869791,10.753345762511254,11.114041441847636,2.71329352787165,0.6095638999831863,150000.0,2900.0,H2,883.8834764831844
2,19,8,known,3,100.0,1000.0,150.0,2917.8779377021838,110.49147420590947,2915.7851932981885,1170.6256021268146,48.36475840655363,1169.6260729391436,1.0,1.0,34.0,2641.456305065872,96.1875163198787,79.08212489485703,882.0,882.0,2552.1849152216673,140.3472084726208,2548.323076566033,4110.140282764998,-1557.9553675433308,36.66108812037321,-1560.509158078482,0.05668934240362812,0.006802721088435374,10.873263968877172,8.654972251275911,10.848522569402549,8.621146304904391,2.948807738633045,0.7098249000264332,150000.0,2900.0,H2,883.8834764831844
2,20,8,known,3,100.0,1000.0,150.0,2325.6727663144284,124.54806643939733,2322.335375246825,991.7126733433263,58.504418166897494,989.9854845020303,1.0,1.0,40.0,1070.3241359172782,237.37536894914817,82.32646537031239,882.0,882.0,3289.835783641491,151.44527386749425,3286.3480966494135,3722.947026331677,-433.1112426901859,41.615228757293906,-434.97853804189936,0.036281179138321996,0.011337868480725623,10.840410041638933,6.268316795888378,10.817240510090786,6.218337235078902,5.248355963437293,0.6659073000191711,150000.0,2900.0,H2,883.8834764831844
2,21,8,known,3,100.0,1000.0,150.0,1347.0653265238789,61.104594234542446,1345.6787218672653,979.9347221450258,49.319317485443875,978.6928346464068,1.0,1.0,34.0,1504.065472252978,167.51961812923238,66.59639805928798,882.0,882.0,2615.941073018758,117.49861905671645,2613.300934072901,3971.60903738325,-1355.667964364492,8.337365589906696,-1356.8076496519652,0.05895691609977324,0.01473922902494331,10.462947084544234,11.417555753281977,10.438883418561613,11.39373771532009,2.291156819853326,0.6442477999953553,150000.0,2900.0,H2,883.8834764831844
2,22,8,known,3,100.0,1000.0,150.0,1929.5937933556079,101.9256172465518,1926.8999392561602,938.7111864983483,64.49531328168007,936.492950438942,1.0,1.0,42.0,1154.5087550258036,217.88536350908615,86.22593432400022,882.0,882.0,3321.1513764088595,134.60942963677604,3318.422330939105,3678.2024445513143,-357.0510681424548,28.23043181748075,-358.24147364328064,0.034013605442176874,0.01020408163265306,10.658565304272708,7.362893563507937,10.633663406356032,7.3233102162515085,4.51066058168923,0.7114148999680765,150000.0,2900.0,H2,883.8834764831844
2,23,8,known,3,100.0,1000.0,150.0,1920.1090079596095,67.51372289990935,1918.9217023286358,1096.6716113375214,44.334145692848736,1095.7751168188302,1.0,1.0,22.0,2106.940586153703,120.24497430437802,69.41474100656013,882.0,882.0,1769.314830330021,129.56391736250475,1764.5645808933807,3756.3738348343627,-1987.0590045043416,19.58642412462619,-1990.198971983062,0.07142857142857142,0.017006802721088437,10.631809393388128,9.005450966445466,10.603748083794185,8.971382975234548,1.9647154117240015,0.6002217000350356,150000.0,2900.0,H2,883.8834764831844
2,24,8,known,3,100.0,1000.0,150.0,2884.169116270771,162.57600153012322,2879.5833960794744,1215.2159851017495,74.33639913862437,1212.9402253243638,1.0,1.0,33.0,1325.3805567766938,189.16414932845396,65.7778496168927,882.0,882.0,4474.049256233529,188.64934499970772,4470.070264753674,3872.8968355852157,601.1524206483136,78.268457474513,598.7467237983165,0.018140589569160998,0.0045351473922902496,10.807343679204402,5.799764498909766,10.781957829230098,5.744673970191373,7.71419125220439,0.5785453999997117,150000.0,2900.0,H2,883.8834764831844
2,25,8,known,3,100.0,1000.0,150.0,3008.175403664281,107.76905276852662,3006.2443497620307,1240.5213007623724,58.01840038657324,1239.1638159911513,1.0,1.0,40.0,2293.672903673125,110.4878155370612,87.21663916975089,882.0,882.0,3385.283284144584,155.0186422514803,3381.732120447042,4066.12144289453,-680.8381587499462,46.74258648777791,-682.9474344643845,0.04081632653061224,0.012471655328798186,10.507934226363233,10.463787624730873,10.48046016461129,10.428018743273102,3.235236995964597,0.6561490999883972,150000.0,2900.0,H2,883.8834764831844
2,26,8,known,3,100.0,1000.0,150.0,1024.635857528325,67.22925315255661,1022.4279280484054,426.4218901717707,50.20885383076009,423.4556640483948,1.0,1.0,45.0,1551.0098243112723,162.78138589078665,86.25004210142782,882.0,882.0,3371.7305712232355,132.46964253779242,3369.127311148582,4016.2228219855924,-644.4922507623569,17.23548124381655,-645.4420111958198,0.031746031746031744,0.007936507936507936,10.638252484513515,12.55025364676598,10.61258143769752,12.52842409238971,2.686583607090747,0.6676906999782659,150000.0,2900.0,H2,883.8834764831844
2,27,8,known,3,100.0,1000.0,150.0,914.6891851153828,67.16343289944557,912.2200275417135,687.2979575583846,59.37931987368048,684.7281057728435,1.0,1.0,36.0,1271.534603722935,198.75724198919912,55.19269535686896,882.0,882.0,2706.883345167712,116.37558079520423,2704.380551723614,4095.4832248319176,-1388.5998796642057,6.3898751956972575,-1389.6255534798725,0.07256235827664399,0.017006802721088437,10.836505683101604,9.037270545029328,10.813235827831088,9.006581818264861,2.9952443402909408,0.6460961999837309,150000.0,2900.0,H2,883.8834764831844
2,28,8,known,3,100.0,1000.0,150.0,2189.8093611658433,112.65397608110169,2186.9097191980004,1339.0514652402096,59.39793927040477,1337.7334231349614,1.0,1.0,33.0,1918.8704709045876,130.63459790888814,68.09779989458764,882.0,882.0,3073.325667365853,119.63285400523027,3070.9963591532196,3764.272355984482,-690.9466886186292,12.956141313063654,-691.7641233912323,0.049886621315192746,0.022675736961451247,10.66119954809572,10.179269621716953,10.634268902397604,10.151971135187194,3.0192005729065956,0.6798710999428295,150000.0,2900.0,H2,883.8834764831844
2,29,8,known,3,100.0,1000.0,150.0,1877.858652233527,58.29656029441234,1876.9535499916235,699.561016968746,43.518310216435154,698.2061107855275,1.0,1.0,141.0,819.8813293755564,307.3358289897983,84.93127500385376,882.0,882.0,4557.599334690339,154.22089428812504,4554.98930968392,3871.43267882756,686.166655862779,43.73318182748348,685.1335692086818,0.02040816326530612,0.0022675736961451248,10.766074283592221,6.785763406896084,10.73904000785608,6.7444459877975405,6.716413557918396,0.7782969999825582,150000.0,2900.0,H2,883.8834764831844
2,30,8,known,3,100.0,1000.0,150.0,3604.073746712668,149.49404665695883,3600.971966255446,930.2183544185045,47.13674345206547,929.023312040018,1.0,1.0,101.0,1418.8841284318864,179.0653676940942,86.1792075321565,882.0,882.0,3947.800750613271,204.93387514912342,3942.4780117787677,3846.1458256898563,101.65492492341446,92.30215805245162,97.98171073029835,0.02040816326530612,0.0045351473922902496,10.78053344725842,5.462848107000281,10.753271404994635,5.401726420970721,7.226634666181591,0.7882807000423782,150000.0,2900.0,H2,883.8834764831844
2,31,8,known,3,100.0,1000.0,150.0,2892.260513110694,169.8077251559648,2887.2714129739675,848.7183972854036,73.93838228326902,845.4915928121566,1.0,1.0,31.0,2625.2342695652624,95.10317265566133,81.68233110573729,882.0,882.0,2723.6730105826455,152.65937435934123,2719.3914363321337,4121.379905188234,-1397.7068946055888,44.19710078008673,-1400.5610219007767,0.035147392290249435,0.007936507936507936,10.730393768880095,8.288232343501402,10.70692463049327,8.254649673509835,3.286192878893182,0.6075136999716051,150000.0,2900.0,H2,883.8834764831844
2,32,8,known,3,100.0,1000.0,150.0,1738.6488613167128,56.95334576788255,1737.7157936106082,760.5108519166246,37.213104194926515,759.5998556866158,1.0,1.0,183.0,0.024096444954421415,10365588.610367475,72.17709195852336,882.0,882.0,323167097.4481323,9044950.997083832,323040495.5025159,3598.476142880273,323163498.9719894,9044843.4461021,323036898.6339699,0.0,0.0,10.52251233031048,7.85850962405139,10.493923253458705,7.822418641672602,411232.0438713494,1.1101216999813914,150000.0,2900.0,H2,883.8834764831844
2,33,8,known,3,100.0,1000.0,150.0,2848.7939228653795,151.62768828056807,2844.7558522835325,1301.9378859646865,80.71644612757214,1299.4333819918327,1.0,1.0,64.0,1141.782472918977,220.83409842280932,60.220333653738216,882.0,882.0,3738.881570583696,162.69369223558803,3735.340166752843,3575.820329949344,163.0612406343521,51.31094461907779,161.2549809168322,0.026077097505668934,0.007936507936507936,10.727070262666931,6.436230576569992,10.703427560280875,6.392033063821755,5.80911688309375,0.9086250000400469,150000.0,2900.0,H2,883.8834764831844
2,34,8,known,3,100.0,1000.0,150.0,1564.8240619569658,74.34585351714867,1563.0569531991805,1406.2315924167274,56.46088487118355,1405.0976691997064,1.0,1.0,33.0,1064.6562658521843,240.84522687698802,74.58039749159421,882.0,882.0,3476.910262234136,117.15792224498325,3474.9358257217195,4305.192734105669,-828.2824718715328,10.51928835794746,-828.935998526646,0.030612244897959183,0.005668934240362812,10.862985251342177,7.638944886238119,10.837761148611207,7.60440009524207,4.551558250535275,0.6871388999861665,150000.0,2900.0,H2,883.8834764831844
2,35,8,known,3,100.0,1000.0,150.0,1792.0295892924073,84.0421844749165,1790.0578091581842,997.8195479717734,60.54583041164043,995.9809499856707,1.0,1.0,36.0,574.7193886833849,444.4749303966029,78.2489264168172,882.0,882.0,3549.235728531178,160.43815945034473,3545.607684681771,3992.7125117088035,-443.4767831776253,50.68386060826231,-445.5960428973799,0.031746031746031744,0.006802721088435374,10.60074219379494,8.41925251143262,10.572579513753832,8.386642711540478,4.215618576247263,0.6843861000379547,150000.0,2900.0,H2,883.8834764831844
2,36,8,known,3,100.0,1000.0,150.0,1685.0197551934893,88.58183729873522,1682.6897615107507,687.0228370706847,63.0830856931083,684.1205324766158,1.0,1.0,29.0,1855.6996258604117,134.0472742806768,84.78603907179395,882.0,882.0,3154.878834913338,129.97905183155518,3152.2001695750714,3723.451310759523,-568.5724758461852,20.108981092904585,-569.6297877379561,0.04421768707482993,0.01020408163265306,10.79775478381304,12.333381847761903,10.77310040849504,12.308642148383155,2.5579998039919953,0.6920646999496967,150000.0,2900.0,H2,883.8834764831844
2,37,8,known,3,100.0,1000.0,150.0,1657.9107030709977,55.685215978513554,1656.9752732249192,1408.1728786601084,49.2248091997243,1407.3122519018825,1.0,1.0,34.0,1359.2761334736576,185.44695697931428,69.09619931865772,882.0,882.0,1883.4754701709144,117.22481041229214,1879.8239786105903,3605.726840069299,-1722.2513698983848,8.905430651506634,-1724.2754868820555,0.05442176870748299,0.017006802721088437,10.785886239702062,8.825120977119843,10.762436336661645,8.791679709485484,2.134220567688584,0.6508732999791391,150000.0,2900.0,H2,883.8834764831844
2,38,8,known,3,100.0,1000.0,150.0,2600.319228217716,118.59626835487215,2597.6133303036227,1342.3313296155898,56.039694879252835,1341.1610459096244,1.0,1.0,40.0,1470.480047313295,169.01673497322324,69.56089636750286,882.0,882.0,2422.3682055705212,130.88733586987323,2418.8295162470286,3819.528413536028,-1397.1602079655067,18.80296586605529,-1399.0539806409915,0.05895691609977324,0.01020408163265306,10.36350749547059,6.292337091134531,10.338395017541707,6.247365223700314,3.849711435491069,0.49594739999156445,150000.0,2900.0,H2,883.8834764831844
2,39,8,known,3,100.0,1000.0,150.0,3819.5302201279496,134.87771160330337,3817.148032940735,1111.2840685644571,44.77882717509232,1110.3815279812595,1.0,1.0,32.0,1530.6157038974056,165.8042803735138,84.58783041916429,882.0,882.0,5053.974254189332,222.32999058644384,5049.081613253488,3697.4260127608204,1356.5482414285116,113.9636792620373,1353.2439730952624,0.013605442176870748,0.006802721088435374,10.623814697112206,4.997508847517798,10.597959456238447,4.9386146521406395,10.112987106965463,0.5755073999753222,150000.0,2900.0,H2,883.8834764831844
2,40,8,known,3,100.0,1000.0,150.0,2508.9075279528074,105.78675666560898,2506.6763145512905,932.1688185952685,63.80975115041395,929.9822697339024,1.0,1.0,28.0,2458.3447853685257,101.00204850916114,64.90970882075041,882.0,882.0,2719.312062001712,155.68130433540787,2714.8520073898003,3904.6242602967054,-1185.3121982949933,43.96693698775,-1188.1738078240455,0.04081632653061224,0.015873015873015872,10.616168008540718,8.93230797673492,10.590339114949805,8.895059689536152,3.0443554667891317,0.6104260999709368,150000.0,2900.0,H2,883.8834764831844
2,41,8,known,3,100.0,1000.0,150.0,2100.347253177533,89.20513685739195,2098.4520550845714,1069.7166836430374,45.48404618757447,1068.7492618976,1.0,1.0,51.0,2052.787437402771,122.3149495705722,64.19838479505948,882.0,882.0,2737.833956360968,130.17059654190248,2734.737718392584,3959.6117346949477,-1221.7777783339798,22.924103889584956,-1223.4213586718674,0.048752834467120185,0.011337868480725623,10.564673154263879,11.160803342564886,10.538516395893353,11.129753301091528,2.4530796505655306,0.5680717999930494,150000.0,2900.0,H2,883.8834764831844
2,42,8,known,3,100.0,1000.0,150.0,1393.7556758992284,47.30091184659,1392.9528017272503,458.977106869635,48.07444833422089,456.45244226291607,1.0,1.0,56.0,1755.0711797208573,144.43194290442497,73.8264986657705,882.0,882.0,3359.0971576867764,131.0812633079163,3356.538606539329,3687.488883890253,-328.39172620347654,25.838397322572575,-329.44812810491976,0.046485260770975055,0.012471655328798186,10.843647443668445,13.435437472923661,10.820517449180741,13.41059989754002,2.500176986760826,0.6528167999931611,150000.0,2900.0,H2,883.8834764831844
2,43,8,known,3,100.0,1000.0,150.0,1014.0825422804792,56.50025229384606,1012.507345182627,614.1228797639006,46.447208403723984,612.3639181736685,1.0,1.0,38.0,1519.5633161776154,167.1802606907452,71.95983396684694,882.0,882.0,2820.656822247197,121.1205270814972,2818.05513196764,3819.3367987994106,-998.6799765522137,10.871953319889116,-999.6901233691874,0.049886621315192746,0.015873015873015872,10.64210478788451,10.8869660417877,10.618147389157173,10.861435596554834,2.5908566366613095,0.5864429000066593,150000.0,2900.0,H2,883.8834764831844
2,44,8,known,3,100.0,1000.0,150.0,1473.3650309760997,105.45061867259763,1469.5865682309325,810.9535580664366,75.52452425539045,807.4290802148572,1.0,1.0,29.0,1158.9636147141373,219.69104309492158,88.4538643459388,882.0,882.0,2645.7778430172443,118.16720314762192,2643.137701047989,3402.6339573673977,-756.8561143501533,10.260557342967374,-757.7848213892544,0.05102040816326531,0.021541950113378686,10.783303350185552,7.591196442027565,10.757253330708451,7.5510985007245885,3.4853239054245475,0.5400754999718629,150000.0,2900.0,H2,883.8834764831844
2,45,8,known,3,100.0,1000.0,150.0,3637.6373161144284,120.272918571648,3635.648452291068,1638.4694845129181,52.13979766807803,1637.6396713499462,1.0,1.0,38.0,2759.3101872955963,91.51948918926577,85.40604010654701,882.0,882.0,2953.4230750081397,155.177368550931,2949.343629399623,3836.6424757357904,-883.2194007276507,42.01019054713146,-885.629470433375,0.035147392290249435,0.009070294784580499,10.548602413330261,7.758574123246474,10.524781892734172,7.712932576607026,3.806657032713014,0.5567730999900959,150000.0,2900.0,H2,883.8834764831844
2,46,8,known,3,100.0,1000.0,150.0,697.5013699125532,68.99214484517672,694.0808634298676,601.0790413797303,53.71240524369476,598.6743618269555,1.0,1.0,49.0,1164.76925257052,215.87456041635397,74.95117123578112,882.0,882.0,2847.0995447493897,115.91768229914257,2844.738812025206,4047.251672272842,-1200.1521275234522,4.684848409572538,-1200.9840350541895,0.046485260770975055,0.01020408163265306,10.637748671003482,10.033820138799332,10.612071513698961,10.005239834587824,2.8375030699823562,0.6272175000049174,150000.0,2900.0,H2,883.8834764831844
2,47,8,known,3,100.0,1000.0,150.0,4070.5358115846507,200.3002667204551,4065.604702445237,1585.65201711895,77.4897613298123,1583.7574486904375,1.0,1.0,129.0,3270.954594684662,76.72936157038077,75.98590143445313,882.0,882.0,2614.378754234754,158.31241165933716,2609.5810872453585,3929.5853592964977,-1315.2066050617436,52.16729193719118,-1318.570425814767,0.046485260770975055,0.005668934240362812,10.677550648166246,7.146882914496976,10.65359014863957,7.089273670832979,3.658068539127262,0.8120200000121258,150000.0,2900.0,H2,883.8834764831844
2,48,8,known,3,100.0,1000.0,150.0,3785.596731647073,168.4571688234139,3781.8467442413635,1532.9618552049146,71.67023099217836,1531.2855473434147,1.0,1.0,36.0,2935.3830593242265,86.26462202668381,72.52729886973064,882.0,882.0,2389.6322536889206,157.79419818280783,2384.4167628353553,3801.739971075135,-1412.1077173862145,49.28252165454181,-1415.7742881155564,0.049886621315192746,0.012471655328798186,10.654840685212985,8.739173690776845,10.631078004647186,8.692548695405915,2.734391532017372,0.7375755999819376,150000.0,2900.0,H2,883.8834764831844
2,49,8,known,3,100.0,1000.0,150.0,1918.1806183365713,53.546369305259255,1917.4330942424813,1053.237531158675,50.751210736766026,1052.0140738839825,1.0,1.0,37.0,1870.9542972463387,134.6778062579199,82.1942692616207,882.0,882.0,2742.7555994522368,129.61804921763564,2739.6911212112236,3989.67415983528,-1246.9185603830433,14.661030284095617,-1248.3265298850274,0.03854875283446712,0.011337868480725623,10.709444829972513,10.836666514964744,10.685803293378264,10.810260446185177,2.5309956670389986,0.5656659000087529,150000.0,2900.0,H2,883.8834764831844
2,50,8,known,3,100.0,1000.0,150.0,3642.612816813906,91.71537331916912,3641.4580079294974,1218.9036542254507,61.993500896253785,1217.326137126277,1.0,1.0,47.0,2931.813018437893,85.53393726449647,62.03030264631003,882.0,882.0,2965.4410112055875,160.56432877184218,2961.090928571101,3599.4735029416333,-634.0324917360458,50.939987958662456,-636.7128462726837,0.04081632653061224,0.013605442176870748,10.751834767891774,7.669126639846448,10.727899046203925,7.626343246002975,3.86672583524447,0.5821749999886379,150000.0,2900.0,H2,883.8834764831844
2,51,8,known,3,100.0,1000.0,150.0,2584.9704588784393,102.03383660595865,2582.955936415037,1395.472375434827,57.66963410458337,1394.2802314828832,1.0,1.0,238.0,1944.3358507417877,129.88769015536727,79.80345630165947,882.0,882.0,2785.4565759383677,134.25018793820615,2782.2194779486485,3746.2314868753447,-960.774910936977,26.49562389723053,-962.4619914402492,0.048752834467120185,0.015873015873015872,10.678045768093757,10.142345394590237,10.65230578616789,10.112166650373318,2.7463633583451865,0.8793715999927372,150000.0,2900.0,H2,883.8834764831844
2,52,8,known,3,100.0,1000.0,150.0,1472.7905106050407,66.02342736854386,1471.3098909362252,836.6376073612948,36.46769376251029,835.8424452986794,1.0,1.0,112.0,1116.943146315082,227.52793199327016,65.42757226869644,882.0,882.0,3174.498378354787,124.4508232928907,3172.0579986436082,3848.9948823887985,-674.4965040340117,14.623351724889076,-675.3696525467476,0.02947845804988662,0.01020408163265306,10.541658166087096,8.015095209551454,10.515836750718139,7.981918689798469,3.9606496184496858,0.7953702000086196,150000.0,2900.0,H2,883.8834764831844
2,53,8,known,3,100.0,1000.0,150.0,2298.50286031758,96.86114843371524,2296.4610418668544,842.5626299909101,42.18538822545393,841.5058992529208,1.0,1.0,39.0,2306.4725797944398,110.93577250953084,94.41569144474207,882.0,882.0,2281.961895394873,131.03553805156187,2278.1966069243667,3824.60297366524,-1542.641078270367,21.531207767661698,-1544.8384057086682,0.06802721088435375,0.013605442176870748,10.700500886967937,9.350390069468059,10.674650387152038,9.31807245458644,2.440499143288354,0.6283119000145234,150000.0,2900.0,H2,883.8834764831844
2,54,8,known,3,100.0,1000.0,150.0,1018.8153353232434,64.51964160942819,1016.7703296892587,978.6058320119378,45.008376428968425,977.5702637145861,1.0,1.0,32.0,1260.0039982217734,200.51866187671695,102.32331536301052,882.0,882.0,1982.1182603177,116.63669684392744,1978.6835721848513,4005.790744008317,-2023.6724836906167,3.8078181515911353,-2025.51786242302,0.09070294784580499,0.018140589569160998,10.565818337482703,9.05592282063802,10.539715478669539,9.026584056183232,2.1887534816446825,0.6025991999777034,150000.0,2900.0,H2,883.8834764831844
2,55,8,known,3,100.0,1000.0,150.0,821.5953668839915,103.96819424074583,814.9905284551221,691.4729029833752,81.22703762823262,686.6854767056006,1.0,1.0,111.0,861.2947599298159,291.67451717795865,94.52393421037856,882.0,882.0,3472.242201390999,113.63006079945485,3470.3824161615566,3747.7875678986643,-275.5453665076652,6.370120149111159,-275.86997245662997,0.02947845804988662,0.003401360544217687,10.739271342675458,9.052455279012529,10.715767958322598,9.024092132600568,3.8356910853137762,0.9440707000321709,150000.0,2900.0,H2,883.8834764831844
2,56,8,known,3,100.0,1000.0,150.0,1876.0063006748587,61.878506044052685,1874.9855174538081,956.1513818980565,36.81709475527671,955.4422884922687,1.0,1.0,30.0,1902.160350225522,131.08571911173433,83.48137318885303,882.0,882.0,2703.009302441208,126.12162670253517,2700.065300018059,3574.914585184366,-871.9052827431578,14.335847128607256,-873.101115200935,0.045351473922902494,0.011337868480725623,10.700291611426671,11.092099892591072,10.672892317181887,11.066048295311813,2.4368778938302507,0.6027187000145204,150000.0,2900.0,H2,883.8834764831844
2,57,8,known,3,100.0,1000.0,150.0,1501.3490803285056,46.74781623712076,1500.621105636033,1015.2953849054113,36.42047027899001,1014.6419407627918,1.0,1.0,26.0,756.3166174798242,329.06434834387574,72.47199990293711,882.0,882.0,3277.960149895349,120.0787500495188,3275.760039760007,3998.189604036281,-720.2294541409319,9.156179010491158,-720.8905945909469,0.048752834467120185,0.012471655328798186,10.731662218191499,7.517364898950554,10.705896429375336,7.481919213637438,4.3605175403324665,0.6067857999587432,150000.0,2900.0,H2,883.8834764831844
2,58,8,known,3,100.0,1000.0,150.0,3931.624805676532,177.25417573343725,3927.627091488713,1088.6015887731407,52.80604244087783,1087.3200729137388,1.0,1.0,35.0,1625.6988476806828,155.19744859733504,76.5856739669304,882.0,882.0,5296.104541384959,235.79073191132025,5290.8530544727,3938.3546117907995,1357.7499295941593,124.86230205396896,1354.0609680572588,0.013605442176870748,0.0022675736961451248,10.84455316663026,5.006051113057748,10.820060178667202,4.941043371750974,10.579405646839357,0.5573334000073373,150000.0,2900.0,H2,883.8834764831844
2,59,8,known,3,100.0,1000.0,150.0,2702.5686216826302,122.99289009368263,2699.768490795082,1034.542744578574,49.63134376955243,1033.3515471879823,1.0,1.0,36.0,2594.7518117132395,97.4261067456247,73.02148028515141,882.0,882.0,2457.7837205150313,152.25593049009132,2453.063176613947,3997.9055282203663,-1540.121807705335,43.71503094112495,-1543.3686676316256,0.05442176870748299,0.011337868480725623,10.868117085506002,8.635506564818257,10.845003766588512,8.598346835242447,2.8461372845551853,0.5519649999914691,150000.0,2900.0,H2,883.8834764831844
2,60,8,known,3,100.0,1000.0,150.0,4229.677654487928,201.72702696128923,4224.864408175469,1192.3097521506954,51.42058275327997,1191.200431809427,1.0,1.0,28.0,1667.7063428100826,152.014973121564,70.61047707463565,882.0,882.0,4814.0889705119025,243.69425180754317,4807.916984270872,3581.1105805968336,1232.9783899150689,134.95940911770822,1228.4575663632163,0.024943310657596373,0.005668934240362812,10.774999224496337,4.396665595850882,10.750359246888806,4.325532352698665,10.949408968139268,0.6225049000349827,150000.0,2900.0,H2,883.8834764831844
2,61,8,known,3,100.0,1000.0,150.0,997.6819891672076,92.78373870537058,993.358207969557,729.5454801453628,63.43509686932427,726.7823581277323,1.0,1.0,53.0,1460.013729148172,173.0582233862417,91.19767418487565,882.0,882.0,2302.4777876807657,126.64359790914335,2298.9922491978828,3568.5521683095376,-1266.074380628772,16.25210334825745,-1267.8520557690886,0.05442176870748299,0.017006802721088437,10.582818178253849,11.325334728975719,10.557366001836655,11.301734657394793,2.033032879628632,0.5856545999995433,150000.0,2900.0,H2,883.8834764831844
2,62,8,known,3,100.0,1000.0,150.0,1507.7411427007266,96.50242381331546,1504.6496720468351,1071.8214481942277,73.36466885243944,1069.3076461773494,1.0,1.0,29.0,1340.005400278405,182.77583997106026,79.94760424965884,882.0,882.0,2969.3941136002913,121.26515884723845,2966.9169457761727,4046.970086922104,-1077.5759733218129,13.77853564950911,-1078.625478952043,0.03741496598639456,0.005668934240362812,10.255333373469467,7.42195588664474,10.229170929734227,7.384505240829724,4.000824255697203,0.5652950999792665,150000.0,2900.0,H2,883.8834764831844
2,63,8,known,3,100.0,1000.0,150.0,2616.8840469161933,114.30074850802443,2614.386630530186,1406.9449879163426,60.69902449164162,1405.635026402188,1.0,1.0,32.0,2250.8539872131246,112.68299432010379,80.3239284508819,882.0,882.0,2625.8615436035548,128.73265743519784,2622.704091026228,3685.6539439677845,-1059.7924003642297,16.996495613123187,-1061.2557384000584,0.05215419501133787,0.009070294784580499,10.67499987117278,9.045566041919372,10.646716326212937,9.015087544477904,2.9029267283381364,0.6284273999626748,150000.0,2900.0,H2,883.8834764831844
2,64,8,known,3,100.0,1000.0,150.0,3703.0861606598914,176.21042517536324,3698.8913202918425,1116.0889550280099,34.51397140367206,1115.5551717927096,1.0,1.0,60.0,1631.1841287813497,154.43337484408704,77.52453690901022,882.0,882.0,4145.088065424179,185.44377784482253,4140.937777289174,3855.8292293839077,289.2588360402715,72.27201330983266,286.7697480144593,0.018140589569160998,0.003401360544217687,10.545677447258651,5.102146185623681,10.519502100608978,5.038387217199621,8.124204824047956,0.682013499957975,150000.0,2900.0,H2,883.8834764831844
2,65,8,known,3,100.0,1000.0,150.0,1955.4952739172647,88.85606154173234,1953.4754584176505,1047.8742962426754,67.62859120457938,1045.689683595361,1.0,1.0,33.0,961.9817689210532,260.26864224908905,83.59343540522919,882.0,882.0,3520.939993355635,129.3256237055461,3518.5640991552723,3890.3335820788357,-369.39358872320054,19.138083407897554,-370.2087260189496,0.026077097505668934,0.007936507936507936,10.76481701611259,7.186902428242517,10.738848722712502,7.146433936953649,4.899106434949396,0.6347326000104658,150000.0,2900.0,H2,883.8834764831844
2,66,8,known,3,100.0,1000.0,150.0,1047.6017140841984,134.25809501841442,1038.9629999543665,964.7565754725745,70.76767491405145,962.1575682313311,1.0,1.0,50.0,984.7850688202756,254.79320389478778,75.75042666678348,882.0,882.0,3270.7253568345986,124.77007745193045,3268.3446555731316,3378.7190888434634,-107.99373200886475,19.31824738100231,-108.7284251951678,0.045351473922902494,0.007936507936507936,10.66023284839612,10.187528702328668,10.635438196317152,10.16246846519642,3.2105189122922178,0.8033261999953538,150000.0,2900.0,H2,883.8834764831844
2,67,8,known,3,100.0,1000.0,150.0,1352.5649760777837,49.020748657139286,1351.6763594564304,1164.7262567518694,42.55824133040931,1163.948473628487,1.0,1.0,36.0,1051.0039608799757,241.0767694867272,69.99264147345977,882.0,882.0,2906.7227687858813,111.8201777923393,2904.571139155788,3618.5856608802974,-711.8628920944161,2.2723843100841066,-712.3559358723592,0.03968253968253968,0.005668934240362812,10.558933368025064,8.106255849402386,10.532705818367292,8.073261908367027,3.5857772352450143,0.6292439999524504,150000.0,2900.0,H2,883.8834764831844
2,68,8,known,3,100.0,1000.0,150.0,859.7958830986033,65.04235936826159,857.3321713788167,736.2095638755626,66.08769865002346,733.237299943879,1.0,1.0,72.0,1214.160433048544,210.84756013326864,100.55568472801257,882.0,882.0,3285.8024511476056,113.17173828021637,3283.852905600713,3808.146318206748,-522.3438670591427,5.593216465312949,-522.7735854692646,0.03741496598639456,0.005668934240362812,10.76387040388368,9.29737452581793,10.740481001366458,9.268305745087469,3.534118628891676,0.6154020000249147,150000.0,2900.0,H2,883.8834764831844
2,69,8,known,3,100.0,1000.0,150.0,930.0662488364112,69.03019621244779,927.5009753286,629.9241325072502,64.11890824778936,626.6523584254059,1.0,1.0,65.0,1503.813628713296,166.15942966101778,71.879315026299,882.0,882.0,3087.186157639592,117.7005187467691,3084.9416460945013,3796.4487773072715,-709.2626196676797,12.107540492955977,-710.0383856924077,0.03968253968253968,0.011337868480725623,10.570490967487768,10.798400812127387,10.54511767356625,10.775016044064163,2.8589290315770257,0.6015078999917023,150000.0,2900.0,H2,883.8834764831844
2,70,8,known,3,100.0,1000.0,150.0,2330.5699012919235,126.8022565334693,2327.1177994562,1061.4868632003374,57.02938854318246,1059.9537771003424,1.0,1.0,24.0,1261.7317318836674,200.46797439588954,61.56375786236232,882.0,882.0,3606.3243627006186,140.88053824586567,3603.571573168983,3900.935809827093,-294.61144712647456,34.19291884733855,-295.90505123312187,0.017006802721088437,0.003401360544217687,10.623694075732878,6.474901876905229,10.599986181304093,6.4276903117299256,5.569697319373606,0.6148581000161357,150000.0,2900.0,H2,883.8834764831844
2,71,8,known,3,100.0,1000.0,150.0,2925.905006242013,123.51237190874629,2923.296905813289,727.4540729694968,58.50399809669119,725.0977247837785,1.0,1.0,140.0,1039.7858497754125,243.09633069011556,83.86196670224444,882.0,882.0,4020.2269800640597,183.5571905046167,4016.0343286691464,4263.17680907879,-242.9498290147303,75.13825324746509,-245.7636298820612,0.023809523809523808,0.003401360544217687,10.96782288912004,6.034782932402526,10.942346782158548,5.98591777309326,6.661759047667279,0.7993024000315927,150000.0,2900.0,H2,883.8834764831844
2,72,8,known,3,100.0,1000.0,150.0,1206.1199865243736,58.97761259449245,1204.677161361586,555.9547363257884,50.119383014576876,553.6909935056874,1.0,1.0,93.0,823.8429163188337,306.00026024071576,69.68211717821237,882.0,882.0,3336.649380420201,126.05787546773497,3334.26731080324,4048.649034873967,-711.9996544537662,17.17479256859245,-712.9173256872036,0.030612244897959183,0.006802721088435374,10.758381497738792,8.401347973367479,10.732599666259322,8.369302543457826,3.9715643144379666,0.6607914000051096,150000.0,2900.0,H2,883.8834764831844
2,73,8,known,3,100.0,1000.0,150.0,5846.567661729071,343.94074292661026,5836.442254364488,1640.4058816350375,59.531106923670734,1639.325319700537,1.0,1.0,46.0,2617.169608937453,96.73710632764309,64.76108410440376,882.0,882.0,5839.743217029189,305.4719640205958,5831.7482558865495,3716.0435884679964,2123.699628561192,196.3319837621467,2117.307730571426,0.013605442176870748,0.0022675736961451248,10.843599495269718,3.6270525805041878,10.819086740631027,3.5278000703194055,16.100519877816108,0.5658816000213847,150000.0,2900.0,H2,883.8834764831844
2,74,8,known,3,100.0,1000.0,150.0,880.1745798644381,69.50527090712698,877.4259560530833,735.5064336212789,52.10424870834402,733.6585453498323,1.0,1.0,37.0,1324.179962250737,191.11372388946577,72.60506423438373,882.0,882.0,2634.1407200933677,119.12632931352209,2631.4456579831344,4121.182039108231,-1487.0413190148633,8.673785831210779,-1488.2559859598546,0.05102040816326531,0.011337868480725623,10.58529792703859,11.462028376497543,10.55833005142962,11.438632331866392,2.2981453487714045,0.6346974999760278,150000.0,2900.0,H2,883.8834764831844
2,75,8,known,3,100.0,1000.0,150.0,1829.211362003205,91.67529557543978,1826.9126544700425,721.463260275433,56.01436187954215,719.2854976923173,1.0,1.0,86.0,850.8423977832454,303.38307837936094,79.54675842053815,882.0,882.0,2692.408332004671,141.836063421341,2688.66977469553,4028.181054184976,-1335.7727221803048,35.69397677259448,-1338.112621056273,0.05215419501133787,0.009070294784580499,10.906128417011196,7.459618517063886,10.878682923372526,7.417008296553648,3.609311020189282,0.6474641999811865,150000.0,2900.0,H2,883.8834764831844
2,76,8,known,3,100.0,1000.0,150.0,3417.667570012713,129.98172472240955,3415.1949242107385,954.666647486199,54.12613724538929,953.1310345851886,1.0,1.0,61.0,1486.4069360530145,169.81724267981386,71.68353605698942,882.0,882.0,3503.5521067744967,167.72014245372344,3499.5353003933706,3425.27057612811,78.28153064638673,58.390691550530946,76.00998416534549,0.027210884353741496,0.0045351473922902496,10.697082241997002,5.578274430267634,10.67305929601553,5.5218098925724615,6.280709474894736,0.5383131999988109,150000.0,2900.0,H2,883.8834764831844
2,77,8,known,3,100.0,1000.0,150.0,2636.7348056830997,182.612342538533,2630.4036131083158,1007.8277335623263,77.77747962851842,1004.8220758920511,1.0,1.0,20.0,2511.173146840756,99.45023099540704,53.144850433615126,882.0,882.0,2559.5788724036493,148.70622444447727,2555.255459414304,4108.243939398078,-1548.6650669944283,35.77662783640068,-1551.4360522299512,0.046485260770975055,0.009070294784580499,10.815482888244723,8.372494861756376,10.79214445327661,8.335747795432496,3.0571280301349777,0.5488495000172406,150000.0,2900.0,H2,883.8834764831844
2,78,8,known,3,100.0,1000.0,150.0,2285.2880799241952,72.01487707194913,2284.153117836877,1200.9756317579636,48.50818942872887,1199.9955931730694,1.0,1.0,36.0,699.5602478435376,368.3772611044602,46.834949458145864,882.0,882.0,3966.590659761953,161.879007117837,3963.2860922680443,4170.18597444371,-203.59531468175692,54.816916057172364,-205.52534147476263,0.023809523809523808,0.006802721088435374,10.579639851037566,7.346618458392658,10.550962467260039,7.304914156494485,5.3992060186963755,0.7112192999920808,150000.0,2900.0,H2,883.8834764831844
2,79,8,known,3,100.0,1000.0,150.0,1690.0141510568915,87.35902675195726,1687.7547900146799,1227.4890834788482,69.34533259169231,1225.5287327955596,1.0,1.0,33.0,819.3348598714905,308.3359978703657,54.43763944734059,882.0,882.0,3358.916762773429,128.00207323234292,3356.4769161262752,3679.3905382833523,-320.47377550992314,18.712045281820906,-321.2901269311874,0.023809523809523808,0.009070294784580499,10.610249520448827,8.22967036160008,10.586579266324767,8.196553379671883,4.08147181501491,0.6479592000250705,150000.0,2900.0,H2,883.8834764831844
2,80,8,known,3,100.0,1000.0,150.0,2387.9034758983153,105.1428056356762,2385.5875587851133,736.6525376094083,59.97181983420196,734.2072881633326,1.0,1.0,82.0,734.1051079782037,341.40824890805646,65.32154861723312,882.0,882.0,4901.3694235914245,189.99088862843806,4897.685748264696,3544.3773658292475,1356.992057762177,82.31916133013323,1354.9441953789546,0.021541950113378686,0.003401360544217687,10.79546095962435,7.027785301214473,10.772083674881333,6.984252087212685,6.9742731365803365,0.6883061999687925,150000.0,2900.0,H2,883.8834764831844
2,81,8,known,3,100.0,1000.0,150.0,789.97898163038,83.1952759631376,785.5859835022451,707.4782296402356,60.62335719624071,704.8760557552929,1.0,1.0,41.0,1050.2457077726804,240.7587003606245,79.29340410415884,882.0,882.0,3046.5465824726566,121.37404031587397,3044.1278589299145,3577.473028040314,-530.9264455676575,12.897586957043146,-531.7001746061819,0.032879818594104306,0.009070294784580499,10.847522851800317,9.867569132845663,10.822705174096676,9.840939178587035,3.087433735155476,0.6208025999949314,150000.0,2900.0,H2,883.8834764831844
2,82,8,known,3,100.0,1000.0,150.0,5088.250296363477,268.48946624904346,5081.161725920198,1372.5702183167111,65.97760725369814,1370.9835737714222,1.0,1.0,49.0,2132.6828874569096,117.58578228961055,77.54787636192967,882.0,882.0,5765.347586919564,289.43547822768755,5758.07779575288,3600.688478203604,2164.6591087159595,177.80539564332202,2159.120135300288,0.012471655328798186,0.0045351473922902496,10.766974939829378,3.9455981914958667,10.742102628797824,3.864828333273297,14.612100135654687,0.6038917999831028,150000.0,2900.0,H2,883.8834764831844
2,83,8,known,3,100.0,1000.0,150.0,4049.7166010926517,169.77735955234493,4046.1562250299794,1608.630952176951,86.66416756488863,1606.2947619792606,1.0,1.0,55.0,3032.923536350593,82.30018804752193,70.48856987950812,882.0,882.0,2940.697745727554,163.7056947756796,2936.137543989574,3938.7603101859845,-998.0625644584306,51.83345726005341,-1001.0336973421558,0.05102040816326531,0.011337868480725623,10.801952330143578,8.249248528511648,10.777370298094898,8.207830707331604,3.56480682520802,0.5959161999635398,150000.0,2900.0,H2,883.8834764831844
2,84,8,known,3,100.0,1000.0,150.0,686.393361203875,65.65731665251697,683.2459023475694,568.9463357294092,62.097496890264054,565.5473753982818,1.0,1.0,30.0,1386.7143518911894,181.76544374562366,64.71937532548863,882.0,882.0,2365.7527991298675,112.14296629195111,2363.0933671148173,3818.332073124131,-1452.5792739942635,4.423378621360115,-1453.7189561571176,0.04308390022675737,0.007936507936507936,11.06619109422306,10.568797475093874,11.040522809041137,10.544935703523851,2.2384313870191312,0.6044456999516115,150000.0,2900.0,H2,883.8834764831844
2,85,8,known,3,100.0,1000.0,150.0,1001.3099532941353,60.11296096334829,999.5039041895346,855.4645751341202,44.4667432790769,854.3081107256054,1.0,1.0,97.0,956.083424078607,261.1511350137202,94.84683223327383,882.0,882.0,4592.657386422232,123.78336736719568,4590.988950871252,3899.834363948596,692.8230224736358,13.302249638064595,692.719849223744,0.02834467120181406,0.007936507936507936,10.673032982954687,10.978944840741848,10.647511724918427,10.95563112938137,4.18315006864713,0.66428879997693,150000.0,2900.0,H2,883.8834764831844
2,86,8,known,3,100.0,1000.0,150.0,1579.3606013952185,53.199317834762404,1578.4643619104556,1006.3288670482455,35.44745859571088,1005.7043632866025,1.0,1.0,38.0,743.5690816951098,341.0542578682694,78.60644066772116,882.0,882.0,2864.4131816816475,119.1643919924297,2861.9333889999352,3777.3456830347677,-912.9325013531202,7.8731091773105675,-913.7724601772438,0.036281179138321996,0.007936507936507936,10.609683036929939,8.451500724862894,10.585725540486422,8.418277043939062,3.3892361545388328,0.6390580000006594,150000.0,2900.0,H2,883.8834764831844
2,87,8,known,3,100.0,1000.0,150.0,1103.7781926490902,141.2332890047954,1094.7051916587316,858.469517798635,76.25017164478302,855.0765020239779,1.0,1.0,66.0,1019.6270255828006,247.24902126076634,85.0426764381502,882.0,882.0,4539.4047407789185,129.41201925736743,4537.559688850148,3746.9403585269565,792.464382251962,22.958232696859753,792.1318572553319,0.026077097505668934,0.006802721088435374,11.06489215333928,8.600876458362666,11.042041559507794,8.568623491300453,5.277839721049867,0.7003288000123575,150000.0,2900.0,H2,883.8834764831844
2,88,8,known,3,100.0,1000.0,150.0,1143.786734943709,56.8085739414962,1142.3751051909019,1016.8329828679844,44.39417028866022,1015.8634124194965,1.0,1.0,29.0,1186.657840073841,215.90184319109395,82.61011469554175,882.0,882.0,2608.084310877176,117.96534524635746,2605.4151204682494,3741.144505469528,-1133.0601945923522,8.323101576354418,-1134.1223896000542,0.061224489795918366,0.01927437641723356,10.951342756945916,8.407139596513574,10.92844628705316,8.373111885276204,3.102225532164048,0.5563043000292964,150000.0,2900.0,H2,883.8834764831844
2,89,8,known,3,100.0,1000.0,150.0,5266.4756334898675,363.7866786707254,5253.896159096049,1618.826532364977,83.16401856514523,1616.6889273774693,1.0,1.0,49.0,2439.2801838616197,104.17916219790753,61.840687979965494,882.0,882.0,5035.074693576686,253.2534813681524,5028.701606187353,4047.5049273822847,987.5697661944009,145.93784105266036,982.6196136262097,0.013605442176870748,0.0045351473922902496,10.534852715370416,4.105661676182169,10.507661246721629,4.025254330602686,12.26373503395626,0.5418926999554969,150000.0,2900.0,H2,883.8834764831844
2,90,8,known,3,100.0,1000.0,150.0,1359.2367850482915,74.25147868981351,1357.2071896879975,860.0606589841848,72.44321490721008,857.0042693862255,1.0,1.0,67.0,1601.8344482690861,158.37683664037706,93.03585616619013,882.0,882.0,3450.423038798622,132.02334989306937,3447.8963125006144,3856.8029378464425,-406.37989904782035,25.385733990291286,-407.43211971570236,0.032879818594104306,0.011337868480725623,10.768993539200958,12.705715144441683,10.743170482472244,12.684956538060037,2.715646462692865,0.6220472000422888,150000.0,2900.0,H2,883.8834764831844
2,91,8,known,3,100.0,1000.0,150.0,4496.74060983354,253.02700407949817,4489.616180402582,1291.2749526748564,61.567028421484395,1289.8063825306497,1.0,1.0,30.0,1969.4193571536796,128.04355560862513,75.68238537231115,882.0,882.0,3613.9445910773316,176.61739154447812,3609.626269349935,3872.705022912445,-258.76043183511365,71.45357158400047,-261.65062147854314,0.026077097505668934,0.005668934240362812,10.85725323048986,4.685773807587877,10.832203464126312,4.621940946125946,7.712588655528174,0.5164846000261605,150000.0,2900.0,H2,883.8834764831844
2,92,8,known,3,100.0,1000.0,150.0,3930.4009932785075,165.94350006581612,3926.8963218743866,1643.07095569272,62.67625314746393,1641.8751026592684,1.0,1.0,44.0,3113.922181353838,80.88264219560814,106.56538376570035,882.0,882.0,2944.9315318166737,165.74013870795366,2940.2639224241702,4151.296361132473,-1206.3648293157994,55.53615081408776,-1209.5693945903822,0.04308390022675737,0.006802721088435374,10.82087516446201,7.447244544171236,10.797580712257522,7.393979206080655,3.9543908009863795,0.6026941000018269,150000.0,2900.0,H2,883.8834764831844
2,93,8,known,3,100.0,1000.0,150.0,1443.354156901573,68.70293431446824,1441.718117060902,1169.722650948172,41.82238974598118,1168.9747507355128,1.0,1.0,27.0,1132.9751398791896,224.88147781491878,64.49984226700288,882.0,882.0,2800.643863218541,120.13788001478707,2798.0659281670305,4058.153282355237,-1257.5094191366961,14.669408142696753,-1258.716597989819,0.047619047619047616,0.013605442176870748,10.665816951769356,9.785237374213196,10.640060026231861,9.756024015006384,2.862111317400446,0.5370841000112705,150000.0,2900.0,H2,883.8834764831844
2,94,8,known,3,100.0,1000.0,150.0,2994.540491222928,163.17602368848645,2990.091359618777,1072.8569175178168,61.71566489300362,1071.0803621449916,1.0,1.0,71.0,1114.3098889950109,226.7561230606458,120.98590057236585,882.0,882.0,4360.891763858374,183.20811389434388,4357.041629717472,3816.739911618896,544.1518522394786,71.99023938245915,541.9224785855345,0.032879818594104306,0.013605442176870748,10.87966431879616,5.797358806851355,10.856258487915671,5.741297528337541,7.522204350547779,0.8055203999974765,150000.0,2900.0,H2,883.8834764831844
2,95,8,known,3,100.0,1000.0,150.0,3503.3716119468772,183.4274182549752,3498.566425498818,1172.0145962784904,69.60086858823767,1169.9461239653713,1.0,1.0,39.0,1438.6845429411803,174.70423933444712,80.39145225802169,882.0,882.0,4083.8331965314005,192.3478757781401,4079.300904784485,3962.3706409034876,121.46255562791293,84.23093303835083,118.40557385405009,0.030612244897959183,0.007936507936507936,10.830338563095314,5.747509106947882,10.805757579018241,5.695156823189908,7.105396651907267,0.6457375999889337,150000.0,2900.0,H2,883.8834764831844
2,96,8,known,3,100.0,1000.0,150.0,4259.014499533303,194.51953863582176,4254.570090658258,1691.620731414056,78.77669631811372,1689.7854689477683,1.0,1.0,32.0,3336.745537977049,75.19330811482624,77.34815224293091,882.0,882.0,2703.9926919197515,160.69788903183388,2699.2133421454732,3591.77467284801,-887.7819809282587,53.82360461135052,-890.970941124961,0.04195011337868481,0.011337868480725623,10.847665657986651,7.567355545670128,10.82412623747988,7.520039088929275,3.5732333119552124,0.6748632999951951,150000.0,2900.0,H2,883.8834764831844
2,97,8,known,3,100.0,1000.0,150.0,3875.2830040201566,203.30619891202417,3869.946375691972,1485.8709640639445,50.06360235372461,1485.027325528956,1.0,1.0,18.0,1738.2725677544431,145.88258867255126,88.85670147421548,882.0,882.0,4062.601277036813,178.29667442793715,4058.686909835382,3974.637154916559,87.9641221202537,71.71908052000481,85.4789200971154,0.02947845804988662,0.0022675736961451248,10.561564538256373,5.45633958357717,10.53546291364874,5.395678937661446,7.44565328973417,0.6656183999730274,150000.0,2900.0,H2,883.8834764831844
2,98,8,known,3,100.0,1000.0,150.0,513.484794550609,64.61529870945833,509.4030795032246,457.8936490773162,53.17640494702567,454.7954087523865,1.0,1.0,50.0,1244.0019535281265,206.52368545159712,59.111892768294396,882.0,882.0,2605.712913592323,113.41663206860679,2603.243449167213,3770.3635854666227,-1164.6506718742999,6.4333212224759535,-1165.602015668554,0.06462585034013606,0.01473922902494331,10.969040291526985,10.4974310102759,10.946155960375012,10.472368921388547,2.4822386649091563,0.6874038000241853,150000.0,2900.0,H2,883.8834764831844
2,99,8,known,3,100.0,1000.0,150.0,3498.398835100195,144.7565939497584,3495.4026860918993,1688.6729804446554,60.65922731490918,1687.583151440365,1.0,1.0,39.0,2903.903644302469,87.52611241120049,95.62083189993012,882.0,882.0,2150.089344721302,144.90517151371017,2145.200848767467,3828.7597702020494,-1678.6704254807473,36.25468825732392,-1682.0169984951904,0.05328798185941043,0.01473922902494331,10.813571885947926,8.117081943223365,10.78878432560988,8.078871985224342,2.648845188160664,0.5874000999610871,150000.0,2900.0,H2,883.8834764831844
3,0,8,known,3,100.0,1000.0,150.0,1446.1046568202332,80.83427117883895,1443.8436546524526,1225.3843942355386,57.43732728857587,1224.037526822582,1.0,1.0,38.0,1200.3077356165038,208.29039405957002,78.61952622450028,882.0,882.0,2203.1008230936663,119.52231874525113,2199.856279859607,3594.987653370369,-1391.8868302767028,7.360758433665183,-1393.3812592231989,0.07482993197278912,0.02834467120181406,11.166736518568058,9.259534011820401,11.143589576018968,9.230722438217834,2.379278287958405,0.5935353999957442,150000.0,2900.0,H3,840.2953427223183
3,1,8,known,3,100.0,1000.0,150.0,1971.1744183880733,111.75304607373903,1968.004025504216,911.598663795106,68.5431656447271,909.0181286841436,1.0,1.0,67.0,818.2846807864379,303.7802489345158,82.60018433508763,882.0,882.0,3013.058933362461,138.05320658216775,3009.8945908565825,3342.6148143800733,-329.55588101761214,30.233824338020753,-330.98085999842124,0.03741496598639456,0.011337868480725623,9.768442771812794,6.625998148074704,9.740343869478405,6.583431885758028,4.547328366274833,0.6764987999922596,150000.0,2900.0,H3,890.210508097568
3,2,8,known,3,100.0,1000.0,150.0,1817.2622345613565,75.1435623705858,1815.7079815314996,798.3077906817504,43.23337965375872,797.1362515573428,1.0,1.0,30.0,1990.4948935177651,126.06677664715754,79.96065223738817,882.0,882.0,3326.263175823103,137.0261158204582,3323.439567439125,6245.2920362541,-2919.0288604309967,19.662384044847812,-2920.749601104904,0.03968253968253968,0.007936507936507936,11.707937357653446,12.795495482121567,11.685727210935212,12.768878048453132,2.5995579307348478,0.6018921000068076,150000.0,2900.0,H3,252.62591200019557
3,3,8,known,3,100.0,1000.0,150.0,3310.763903800565,82.86454240493123,3309.726740128372,895.0562245187256,56.2977191307721,893.2839480648848,1.0,1.0,76.0,991.0550467759351,256.56520875662807,69.03073557166518,882.0,882.0,5595.037244190434,257.55330135383315,5589.106195165719,3654.18040473826,1940.8568394521735,144.778772249182,1936.6664166124442,0.009070294784580499,0.0022675736961451248,11.41870997676002,5.636238786239733,11.39651378984622,5.577455771033158,9.926898870661958,0.7237776999827474,150000.0,2900.0,H3,840.0796546408004
3,4,8,known,3,100.0,1000.0,150.0,2909.5146598319966,180.04970392353502,2903.9383016679863,1647.5210492523547,92.70915049064534,1644.9105207107416,1.0,1.0,22.0,1085.4037154126481,233.8209919164466,71.01097460209293,882.0,882.0,4146.57390241647,178.18552555818727,4142.743661715374,4215.671320689661,-69.09741827319067,69.71380811609596,-71.53190718142923,0.009070294784580499,0.003401360544217687,11.02691548081032,5.4629496601542975,11.0024199593968,5.4105543256203585,7.590357152035981,0.47429029998602346,150000.0,2900.0,H3,579.4155679030531
3,5,8,known,3,100.0,1000.0,150.0,2624.474438667854,86.73104853882502,2623.040946009098,942.9397066197522,40.86061876654777,942.0539794269537,1.0,1.0,34.0,2636.952469023114,96.11119856128126,66.77719148174856,882.0,882.0,3061.184089969196,164.52023104899348,3056.7599065442023,4933.063280087548,-1871.8791901183522,45.78069014710064,-1874.8741276045735,0.045351473922902494,0.009070294784580499,12.94947296530215,9.464285211537316,12.92759858103436,9.428452877091,3.234458832915875,0.5333729999838397,150000.0,2900.0,H3,309.20200157308074
3,6,8,known,3,100.0,1000.0,150.0,4549.938816000204,247.27801872810613,4543.214369892669,1501.787966301418,54.303207502227586,1500.8058693191201,1.0,1.0,32.0,2071.8517741962723,121.47910762114358,77.68301346214933,882.0,882.0,4968.097908394698,232.10184880566635,4962.6732271203155,4171.687952096129,796.4099562985684,111.72080411744025,792.7225351164197,0.012471655328798186,0.003401360544217687,11.473368109016878,4.687838203237147,11.450526256037957,4.61974616679138,10.597844236526806,0.5611125000286847,150000.0,2900.0,H3,701.4736796441641
3,7,8,known,3,100.0,1000.0,150.0,2435.2324633030935,134.3035943360595,2431.5262069066143,1154.6302244219992,56.16495211732155,1153.2633928563132,1.0,1.0,44.0,2189.459060191164,117.18402782171549,74.66535086354693,882.0,882.0,2664.8130450621043,142.9332017293044,2660.9770132371627,5208.696258574958,-2543.8832135128537,28.06543705169051,-2546.452497637731,0.048752834467120185,0.015873015873015872,9.957075266401784,10.841720859896602,9.931562568578519,10.810873672246906,2.4579244194703596,0.5989376000361517,150000.0,2900.0,H3,416.9504820068098
3,8,8,known,3,100.0,1000.0,150.0,3935.1978539018833,200.0487573206088,3930.1097496187645,1165.1387764953863,55.47568504300287,1163.8173468642644,1.0,1.0,38.0,1431.8945796805476,176.3409764774826,62.31839198825914,882.0,882.0,3789.003395065998,193.41170273568247,3784.0637733878834,3856.5948443748134,-67.5914493088153,75.9464348947328,-70.74176055406178,0.027210884353741496,0.005668934240362812,11.510338717175728,5.528388052536933,11.48765319888423,5.4695914450918455,6.853721842711918,0.5637602999922819,150000.0,2900.0,H3,816.0705573272897
3,9,8,known,3,100.0,1000.0,150.0,1244.9941434375767,69.66444396731669,1243.043556131719,1169.1984121782414,59.972328323672066,1167.6593025688435,1.0,1.0,41.0,1102.9905895155164,229.9688197937779,66.83343913258831,882.0,882.0,2424.3849747410595,121.71263934533529,2421.32784628059,4612.415259628821,-2188.030284887762,10.25640836562738,-2189.7405804327473,0.05328798185941043,0.0022675736961451248,11.929745665101494,9.132228102630792,11.908576312141687,9.103147009007468,2.654757357673368,0.676054599985946,150000.0,2900.0,H3,452.95164342927336
3,10,8,known,3,100.0,1000.0,150.0,2967.4339869651253,92.71263046675502,2965.9853059561297,1410.1190730979297,35.17372639467508,1409.6803216637725,1.0,1.0,57.0,2491.170216955093,100.31865542090729,59.2839809091537,882.0,882.0,2682.7999672281935,144.27932786561666,2678.917531338029,4396.3128765315605,-1713.512909303367,34.04337287621762,-1716.0130645399968,0.04308390022675737,0.009070294784580499,10.547986485781538,9.974585554287515,10.521717725310427,9.934914336079135,2.6896355268365095,0.690122900006827,150000.0,2900.0,H3,721.693171550527
3,11,8,known,3,100.0,1000.0,150.0,3557.780223885946,87.4452019955886,3556.705421892834,918.5552222316675,41.249628748299756,917.6285547089277,1.0,1.0,207.0,917.9758847843078,272.23168303354396,98.56526733244375,882.0,882.0,5782.141450080946,239.50422757606225,5777.179023859083,4305.01124916665,1477.1302009142964,124.47022813832059,1473.7049581274505,0.017006802721088437,0.0022675736961451248,13.234998886798161,5.947403358035198,13.215173045205788,5.897778496357401,9.722127627797471,0.9562928999657743,150000.0,2900.0,H3,541.172742389353
3,12,8,known,3,100.0,1000.0,150.0,2506.022007936725,103.57420785279336,2503.8807255400325,1386.418656571223,51.74858833937024,1385.4525523790549,1.0,1.0,30.0,1303.5955024759826,192.14569632091388,89.11958665472906,882.0,882.0,3326.318022199668,139.06170890965035,3323.4099094041107,5617.360300230641,-2291.0422780309727,31.42261559755501,-2292.9190133174047,0.023809523809523808,0.006802721088435374,9.860606233309639,6.5614412694806035,9.834949367037837,6.5129793736154635,5.069492944593522,0.5518633000319824,150000.0,2900.0,H3,370.1165982924059
3,13,8,known,3,100.0,1000.0,150.0,972.7206955323079,46.21759652078995,971.6220897492493,577.7477877189714,34.55106640775525,576.7137331677237,1.0,1.0,50.0,774.0753891910417,324.1748526180154,60.6454601368374,882.0,882.0,3369.7424411032193,130.45610587699588,3367.216257357358,3566.556805205082,-196.8143641018628,14.741318806610991,-197.46290531744535,0.04195011337868481,0.009070294784580499,10.3735540704048,8.865769996844923,10.342967718501185,8.835615246630475,3.8008457723383478,0.5484357999521308,150000.0,2900.0,H3,881.1746362256414
3,14,8,known,3,100.0,1000.0,150.0,4517.503101705899,215.9385380904465,4512.3391740526085,1972.4346405479114,53.93323475762817,1971.697141404315,1.0,1.0,29.0,1844.1184755346694,138.00261951120328,41.452835704880236,882.0,882.0,5040.711471518771,217.68806934791516,5036.008741410652,5001.104868949743,39.60660256902793,89.26381489941792,36.55305892859087,0.013605442176870748,0.003401360544217687,11.745748982273389,4.423376252709227,11.7212705453044,4.350295417868751,11.395619959824666,0.5714107999810949,150000.0,2900.0,H3,793.9997463988623
3,15,8,known,3,100.0,1000.0,150.0,1519.521900657382,92.5074122964316,1516.703393959294,1221.6838325888323,65.99907204317641,1219.899794777578,1.0,1.0,32.0,1563.8843858340704,164.1823591283929,82.91785767387725,882.0,882.0,2503.748051675814,125.99279382978465,2500.575958089136,3344.277362616533,-840.5293109407189,7.445730862535811,-841.5996315487328,0.030612244897959183,0.005668934240362812,14.185304657732585,8.997845933572787,14.166426580896303,8.962848212257981,2.7826082710905538,0.571597500005737,150000.0,2900.0,H3,643.809074450023
3,16,8,known,3,100.0,1000.0,150.0,2942.0369720493386,97.37691826115388,2940.425017016282,846.1718454021134,42.953021149103655,845.0809605744189,1.0,1.0,47.0,2572.4304781945893,96.72065359628225,67.63069284987266,882.0,882.0,3073.460789872654,164.04453289525281,3069.079767310035,6549.160273130779,-3475.6994832581254,43.32897290135337,-3478.9678834580764,0.04081632653061224,0.007936507936507936,10.466104869567499,9.935174262132708,10.441759814860525,9.90160652885963,3.0935147273530537,0.5106092999922112,150000.0,2900.0,H3,260.16858669692397
3,17,8,known,3,100.0,1000.0,150.0,1979.7064638499414,62.14317192852102,1978.7308834684675,970.7057885279048,72.54475131148398,967.9912122218551,1.0,1.0,35.0,1044.7625187626895,238.76967716745148,70.75965234032974,882.0,882.0,3939.3908808932842,140.13043382145452,3936.897760163728,3577.040201249619,362.35067964366544,28.433035059997678,361.6019273037623,0.023809523809523808,0.005668934240362812,10.143344713597283,6.851508331992161,10.11658845872589,6.8109470431098496,5.749669547213201,0.5734096000087447,150000.0,2900.0,H3,872.5128452264482
3,18,8,known,3,100.0,1000.0,150.0,2464.631513974195,115.85447795876523,2461.9070330968293,1198.6108441830254,82.39172947070999,1195.7757142156593,1.0,1.0,34.0,1019.9541846337593,247.15774992049523,71.53886109136506,882.0,882.0,2569.4703055674904,142.83966857525095,2565.4969265766827,4838.235010111056,-2268.7647045435656,19.534108600797353,-2271.1665671908663,0.03854875283446712,0.0045351473922902496,10.73909216377755,5.95978054701951,10.710224042908957,5.9134670644075165,4.311350535973148,0.6097667000140063,150000.0,2900.0,H3,763.8577209043608
3,19,8,known,3,100.0,1000.0,150.0,4893.535983718135,270.3074307403147,4886.064706574278,1366.2492850231126,48.33972535323952,1365.3938551857261,1.0,1.0,34.0,2069.882431764296,121.7230071844082,63.615192048454695,882.0,882.0,4185.224115591305,202.93973205897944,4180.300989507675,4617.912929093528,-432.68881350222273,78.39289415188557,-435.9320966629657,0.024943310657596373,0.0022675736961451248,12.501363713649784,4.78174096642963,12.475521880914009,4.710594008129862,8.752511156446594,0.645726700022351,150000.0,2900.0,H3,831.4055082830824
3,20,8,known,3,100.0,1000.0,150.0,2972.3420215345923,83.57386044630856,2971.1668587998292,1504.790750324249,46.025325028017285,1504.0867234695884,1.0,1.0,37.0,2471.6128555104547,101.96892755372495,78.51374815309946,882.0,882.0,2533.3137771648276,139.6756440204157,2529.4602997557813,4433.657244281726,-1900.3434671168984,26.627137268443292,-1902.7554660765836,0.04421768707482993,0.009070294784580499,10.989868372985734,8.29923616840656,10.966444189488335,8.265265018517294,3.0524661857540796,0.524783100001514,150000.0,2900.0,H3,531.3385500942463
3,21,8,known,3,100.0,1000.0,150.0,971.7652509021096,90.61937799161599,967.5307908243814,905.7356760139909,71.15846818327245,902.9360925394062,1.0,1.0,33.0,1320.197272545453,190.28440609890006,81.00424500663033,882.0,882.0,1982.3107907307153,111.77541027427077,1979.1569742457145,3896.231211473781,-1913.9204207430657,4.65164738483017,-1915.6013177008927,0.06802721088435375,0.02040816326530612,10.660529650297558,8.525833546770711,10.634748451087747,8.494243249257696,2.3250639129373405,0.5490333999623545,150000.0,2900.0,H3,709.6863720983483
3,22,8,known,3,100.0,1000.0,150.0,1225.0259645402457,73.75290938793471,1222.8037954449496,858.3342748607732,48.67665264600612,856.9529222121537,1.0,1.0,27.0,1399.3469973633403,181.47460578691727,82.3752279089914,882.0,882.0,2529.337296203956,115.52357011280895,2526.6977386930816,5415.300211590781,-2885.962915386825,-2.415369116333167,-2887.3180341199845,0.04081632653061224,0.01473922902494331,9.487987619991825,8.929109498782289,9.460417076671922,8.899056723119516,2.8326870630815937,0.5108091000001878,150000.0,2900.0,H3,429.52470095730604
3,23,8,known,3,100.0,1000.0,150.0,1287.5929031602343,53.78302104880015,1286.469148839359,324.698773192381,48.68630673151133,321.027937802121,1.0,1.0,197.0,0.0861364766778613,2905472.702359675,101.83387539352854,882.0,882.0,37791227.2073258,1057773.5627121378,37776420.806182116,8971.779951795384,37782255.427374005,1057614.7244305206,37767450.43239371,0.0,0.0,10.81197151187196,7.80869694856977,10.787523786688762,7.773580615301047,48396.32970293154,0.7690434000105597,150000.0,2900.0,H3,660.0050996886612
3,24,8,known,3,100.0,1000.0,150.0,1025.6792993736226,78.46779937825305,1022.6733738708073,820.8257398980288,52.09586390723146,819.1708712124142,1.0,1.0,31.0,1416.7977833169955,179.53145336681203,60.41906793283473,882.0,882.0,2711.4933625995704,118.41802914476396,2708.9063154334067,5475.928518308553,-2764.4351557089826,7.768887177343231,-2765.904174894709,0.046485260770975055,0.012471655328798186,10.721883739647058,10.354612779208498,10.696070043571579,10.328960034538124,2.618633280081803,0.5083209999720566,150000.0,2900.0,H3,220.9380979440164
3,25,8,known,3,100.0,1000.0,150.0,1522.5304611943614,108.00093167295175,1518.695099097409,1130.8086679969233,56.99793761251058,1129.3712758543563,1.0,1.0,27.0,1232.3832862653426,206.3510976707339,59.22343534200361,882.0,882.0,2485.408830236437,124.6705745374669,2482.280061004752,6044.161107446265,-3558.752277209828,17.478223841980153,-3560.930451025954,0.03968253968253968,0.011337868480725623,9.842688277303989,8.145392448477379,9.817017383228526,8.11205484481234,3.0513064237942706,0.5239328000461683,150000.0,2900.0,H3,240.6318476932143
3,26,8,known,3,100.0,1000.0,150.0,1877.5483588752509,100.42956762316902,1874.8604593041507,903.7557165800931,54.54925088654704,902.107961653656,1.0,1.0,43.0,595.4026882090765,426.3196738753329,66.03931789148636,882.0,882.0,3582.4150246229133,144.44817935858276,3579.5016597459453,3290.8865851216897,291.5284395012236,31.12347928678423,290.5668734530441,0.03968253968253968,0.009070294784580499,11.205734678176519,7.619350952916562,11.182525939020174,7.58398420422316,4.701732531760626,0.4987629000097513,150000.0,2900.0,H3,940.0733017505834
3,27,8,known,3,100.0,1000.0,150.0,887.2593955069196,59.46100299294679,885.2647197524464,843.3806374548637,47.087930517797886,842.0650963157916,1.0,1.0,25.0,1360.111801988886,184.03011101909337,61.76071137992699,882.0,882.0,2309.2766613979747,120.460536811603,2306.1326843762563,4940.300517791844,-2631.023856393869,0.0005377869076852448,-2632.6990190460556,0.05782312925170068,0.018140589569160998,13.292401455014895,10.367470006640255,13.270738946175985,10.341627932416728,2.2274254566629152,0.5585146999801509,150000.0,2900.0,H3,557.6661447186349
3,28,8,known,3,100.0,1000.0,150.0,1927.063209280687,112.16052509032072,1923.7964105316976,844.2073611754563,69.16606043849957,841.3691964567308,1.0,1.0,65.0,2179.3689528786335,116.67029848880804,91.49291120317429,882.0,882.0,2810.578062302479,142.9389598665423,2806.94095022468,5500.723457657954,-2690.145395355475,19.682290394718706,-2692.401406008399,0.046485260770975055,0.011337868480725623,12.127505858018555,9.968467100171303,12.101065116647526,9.932883173605688,2.819468664599576,0.7970590999466367,150000.0,2900.0,H3,678.9106904569037
3,29,8,known,3,100.0,1000.0,150.0,3301.855867232134,163.41450976201077,3297.80955574674,1187.5288326973246,64.09269786969939,1185.797982190581,1.0,1.0,42.0,1121.1642220087401,224.2878303060733,58.23990998970048,882.0,882.0,4421.45707517946,206.50202183987363,4416.632153873644,4824.090330325765,-402.6332551463047,80.8181780241982,-405.8206542465414,0.027210884353741496,0.009070294784580499,11.724658466837056,5.971508772023816,11.702659219332507,5.92203289968679,7.404254509168166,0.6601173999952152,150000.0,2900.0,H3,808.6646869218672
3,30,8,known,3,100.0,1000.0,150.0,1718.594150286831,87.85063003500554,1716.347319222589,631.8633567834964,70.45647140265284,627.922915080502,1.0,1.0,74.0,0.03032099704031985,8247720.720320671,82.13420865934891,882.0,882.0,144341655.26293504,4040078.7987253265,144285103.89968908,4583.399319349898,144337071.8636157,4039973.033424107,144280521.72083816,0.0,0.0,10.479998127326336,7.8576012240590085,10.45310075913984,7.820681621770514,183696.8448093022,0.8772222999832593,150000.0,2900.0,H3,778.5241178845989
3,31,8,known,3,100.0,1000.0,150.0,3599.4653607356167,180.89355519422074,3594.9170233573927,1256.581673393927,74.00366967920114,1254.4006372700446,1.0,1.0,29.0,3299.939737304225,76.598219653688,57.38516764493561,882.0,882.0,2636.150704077438,158.78178643232656,2631.364451934648,3679.7383153601486,-1043.5876112827104,43.382946786723195,-1046.5639292791561,0.048752834467120185,0.009070294784580499,12.811375427755948,7.4253466530564705,12.788416673882331,7.3707854085806055,3.550205569180165,0.9562796000391245,150000.0,2900.0,H3,606.0135820105762
3,32,8,known,3,100.0,1000.0,150.0,956.554488725564,60.097294341614955,954.6647605907754,587.0043027254891,41.52429326387478,585.5337603308398,1.0,1.0,183.0,1044.1051551917847,238.93708777660814,83.07310841810087,882.0,882.0,6999.90025534852,146.85460075845012,6998.359615728842,6143.605284452705,856.2949708958149,33.859762970288486,855.7935348642304,0.01927437641723356,0.0022675736961451248,9.979780065639241,13.392349406599592,9.953202766127305,13.372500554942715,5.226790343372501,1.0966523999813944,150000.0,2900.0,H3,426.97582286821444
3,33,8,known,3,100.0,1000.0,150.0,1940.9083918334766,59.1587505217868,1940.0066050728574,837.4813364187928,41.04470974767209,836.4749372524777,1.0,1.0,80.0,488.57244659611086,506.822194974669,72.3702876530916,882.0,882.0,4184.181967507642,151.57851351132857,4181.435482158947,4143.483710728254,40.69825677938843,41.733600807034236,39.40803702735229,0.03741496598639456,0.01473922902494331,10.84959126999342,8.094295626185929,10.824963596682293,8.05967540584247,5.169297194892854,0.9671916000079364,150000.0,2900.0,H3,548.9707860166361
3,34,8,known,3,100.0,1000.0,150.0,3056.512512927501,95.73651855530133,3055.0128085979113,1203.8974297666705,47.99694535202711,1202.940278914822,1.0,1.0,52.0,2803.624161084973,89.45120558746055,90.75953463885737,882.0,882.0,2847.462116275649,162.04386590770162,2842.8475669910063,4448.995107239781,-1601.5329909641318,47.1224372094685,-1604.66303214976,0.049886621315192746,0.009070294784580499,11.660567082633072,8.928324626601627,11.63855859152412,8.887554820697684,3.1892457267870125,0.6519485999597237,150000.0,2900.0,H3,658.5948750300481
3,35,8,known,3,100.0,1000.0,150.0,2886.6843789740146,188.2357467900543,2880.5405755592096,1564.0879009193536,80.75144283082204,1562.0019738409585,1.0,1.0,27.0,1542.8668178461944,163.01658312585766,56.26375171005118,882.0,882.0,3933.843771291554,158.59321325061433,3930.6456224951394,3741.5876058817057,192.2561654098481,49.472981227937595,190.6495546561755,0.026077097505668934,0.0045351473922902496,10.311778696681415,5.552168232613154,10.2842424852639,5.500962858673451,7.085238786865924,0.5563024000148289,150000.0,2900.0,H3,951.7656773215101
3,36,8,known,3,100.0,1000.0,150.0,939.6949849124592,80.38799784108728,936.2501986503011,906.7268737143834,46.43577223978911,905.5370464936008,1.0,1.0,78.0,1475.1638398002003,170.6776758324481,77.31610550730456,882.0,882.0,2458.4036759494193,119.3165076738404,2455.506506796131,3743.551971697919,-1285.1482957484995,3.661031178821574,-1286.2584745408963,0.060090702947845805,0.015873015873015872,11.686890453215282,10.689378588060809,11.661457220167765,10.663496620342537,2.2998564937116757,0.594211500021629,150000.0,2900.0,H3,686.0735609627801
3,37,8,known,3,100.0,1000.0,150.0,1852.1873506672493,86.69035642543433,1850.1574970997995,560.3371729505568,57.04441149189962,557.4259435187467,1.0,1.0,196.0,0.28077920773233395,901649.6131634982,97.55357611488593,882.0,882.0,22642595.107387863,633891.0925741717,22633720.31460714,4543.686636742686,22638051.42075112,633778.3100624973,22629178.02791892,0.0,0.0,11.6785616281447,7.88493622799963,11.656831640026105,7.847804282655195,28716.26916522593,0.9060699000256136,150000.0,2900.0,H3,517.7178068134716
3,38,8,known,3,100.0,1000.0,150.0,1394.8638507126257,88.15528041257943,1392.075360230269,1219.972785725251,60.78633297810237,1218.4574755129145,1.0,1.0,33.0,1652.6282715358482,151.1238971644935,86.70563317857237,882.0,882.0,3162.4088357721025,118.69544151646814,3160.180538629506,4185.852250964302,-1023.4434151921992,5.892897772270274,-1024.151505201116,0.05895691609977324,0.018140589569160998,12.943771846368833,9.964464830616334,12.923449715091664,9.938201953606331,3.1736865848082854,0.535397199972067,150000.0,2900.0,H3,475.208740652662
3,39,8,known,3,100.0,1000.0,150.0,2291.8126502979953,99.1322556204302,2289.6676658330853,1151.0781060488353,82.24983832205731,1148.1357804375618,1.0,1.0,57.0,2129.362350866218,117.99385785016203,61.93511798271082,882.0,882.0,2365.5600289666986,123.96571754553304,2362.309622280354,5797.497815215758,-3431.9377862490596,-6.6218289438558315,-3433.717276391992,0.05442176870748299,0.012471655328798186,10.207247373602186,9.5248201833381,10.179687307439472,9.488242897410123,2.4835744753531466,0.7626396999694407,150000.0,2900.0,H3,438.24671152856155
3,40,8,known,3,100.0,1000.0,150.0,3182.533208848349,160.32510804964227,3178.492328943306,1315.8574753501623,66.77742633720814,1314.1619651955698,1.0,1.0,31.0,2904.7485994800345,86.97339920164565,75.59466726997769,882.0,882.0,2650.069903194603,152.13783450225563,2645.6992593888704,6519.004175474455,-3868.9342722798524,16.49358933591739,-3871.8935538057863,0.048752834467120185,0.007936507936507936,12.241292705343167,8.177192721807849,12.220212741012084,8.13705823685191,3.240806464212469,0.6516600999748334,150000.0,2900.0,H3,749.8431741387388
3,41,8,known,3,100.0,1000.0,150.0,1038.6559952622458,92.3352048308771,1034.5436126345987,687.9975468400546,60.30974055560788,685.3490786833001,1.0,1.0,83.0,735.0289596306492,341.1446749754495,72.02194358435077,882.0,882.0,3498.4229353969763,132.2242520468836,3495.9233089531926,6558.671155719034,-3060.2482203220575,-8.096475602965825,-3061.2466158125717,0.036281179138321996,0.009070294784580499,12.451585705791459,9.765083192261836,12.429600273288466,9.738165773148575,3.5825838515838133,0.843027799972333,150000.0,2900.0,H3,688.7998264642263
3,42,8,known,3,100.0,1000.0,150.0,2816.4253539565866,114.38767279206677,2814.101496876525,1164.7236182188021,56.19434916202854,1163.3672257541698,1.0,1.0,48.0,2477.3495066077553,102.76520388224914,102.23732918104153,882.0,882.0,2671.081369864889,145.0199983555071,2667.1417068682836,5166.854095271168,-2495.7727254062793,21.253553670423102,-2498.2298295258274,0.04195011337868481,0.007936507936507936,10.824670254914906,9.842175444911966,10.800807045597402,9.813170896382854,2.7139135903594744,0.625271899974905,150000.0,2900.0,H3,647.3193835688335
3,43,8,known,3,100.0,1000.0,150.0,3107.289644484608,155.74744791938883,3103.383905865963,1589.25142368992,78.80157955546633,1587.296569252262,1.0,1.0,21.0,2897.7962709999047,86.78802394213622,69.95476815157022,882.0,882.0,2901.0836435170286,156.24070039603896,2896.8733403830056,3814.8229428288237,-913.7392993117951,39.78618952961841,-916.1716937114029,0.03968253968253968,0.012471655328798186,13.763349569190773,8.80191773234106,13.743123876611689,8.75790305872691,3.295967687652339,0.6631715999683365,150000.0,2900.0,H3,729.2879038757557
3,44,8,known,3,100.0,1000.0,150.0,1838.2027606589893,77.81486614945358,1836.554991254134,727.4066352014696,44.11684753269692,726.0675703396349,1.0,1.0,33.0,2281.621687447125,111.33651629239489,88.87340808041624,882.0,882.0,2885.538612588147,132.88239777692257,2882.4772944635984,6491.073461217649,-3605.5348486295024,4.739701169234934,-3607.331187165901,0.046485260770975055,0.013605442176870748,13.865253650465728,10.458567509491004,13.84388602624507,10.428560023537226,2.759018966956575,0.5949391000322066,150000.0,2900.0,H3,260.1002592519778
3,45,8,known,3,100.0,1000.0,150.0,2493.2614777222607,129.35373347096294,2489.9036945092703,1306.073565746954,81.80192820177692,1303.5093416180164,1.0,1.0,29.0,1497.2086076654946,171.26880501754812,79.00943969576709,882.0,882.0,3552.4537620020565,143.19618770995612,3549.5665345205034,4617.698508856681,-1065.2447468546243,35.634839629026644,-1066.8790760219008,0.022675736961451247,0.005668934240362812,10.091741771066577,6.342692346155846,10.066158849884289,6.294845038574188,5.6008609090981905,0.46398199995746836,150000.0,2900.0,H3,739.4226690954096
3,46,8,known,3,100.0,1000.0,150.0,1513.7783257800645,40.75093370787676,1513.2297185171299,896.866569881705,43.02512530357975,895.8339593719287,1.0,1.0,21.0,1922.7842891378023,130.2365185983546,72.25207258481308,882.0,882.0,2179.0478305290335,119.8636019754123,2175.7486446404528,4095.8732945305997,-1916.8254640015662,6.4365528257366975,-1918.5537806049201,0.060090702947845805,0.017006802721088437,11.891562631189846,10.097356374837021,11.87012309373491,10.069473079214024,2.1580379553199687,0.6331803000066429,150000.0,2900.0,H3,426.2478773138413
3,47,8,known,3,100.0,1000.0,150.0,1266.9157810337026,70.25974677139087,1264.9660723576173,965.3039072747832,51.682670790908354,963.9193612226503,1.0,1.0,67.0,1358.2134443458594,187.8751083556036,68.24150089186756,882.0,882.0,4114.195466901541,133.46575002233226,4112.030062322522,4826.03493066185,-711.8394637603087,22.586419938589856,-712.7309603736812,0.04081632653061224,0.011337868480725623,11.725710017622305,11.76959352925159,11.704093041972165,11.746725944931377,3.4956138941215897,0.7756403000093997,150000.0,2900.0,H3,385.42347718117855
3,48,8,known,3,100.0,1000.0,150.0,1817.123030337006,58.29997577450598,1816.187550944515,1028.3454458030199,34.17398191322229,1027.777453957814,1.0,1.0,74.0,778.560770555358,322.444111889734,69.04007240560766,882.0,882.0,4152.160056507019,132.60327130561143,4150.042109098585,8181.501742014167,-4029.3416855071473,-12.077432401747984,-4030.180274709546,0.031746031746031744,0.007936507936507936,11.750665007067747,7.9881074023698835,11.728645291418061,7.952730432097008,5.197927177688136,0.8816944000427611,150000.0,2900.0,H3,673.5452866234889
3,49,8,known,3,100.0,1000.0,150.0,1209.4285351293024,64.65002521663223,1207.6993648356777,780.2044590299536,40.507653270421514,779.1521853378489,1.0,1.0,71.0,1219.8813945995137,206.7333270310349,76.94521707604615,882.0,882.0,5144.767515651054,140.3510421148634,5142.852746781264,6168.612592770913,-1023.8450771198586,25.88497853457892,-1024.6977264601446,0.030612244897959183,0.007936507936507936,10.431265994113183,13.888124207103779,10.406620805460467,13.867217971806452,3.7044365667607613,0.7501832999987528,150000.0,2900.0,H3,301.23646862702935
3,50,8,known,3,100.0,1000.0,150.0,5012.627972936138,282.2868429010498,5004.673149506051,1393.1585386941313,72.29043549837542,1391.2817136984954,1.0,1.0,36.0,1983.0193032978616,126.49784697312165,84.20353895622623,882.0,882.0,4326.781088349799,240.07684881418885,4320.115472202672,3929.98759098176,396.7934973680385,123.51324607104993,391.8569023289733,0.021541950113378686,0.005668934240362812,12.345549624808784,4.617253465341511,12.324709853473365,4.547309751400539,9.37089791762119,0.6123244999907911,150000.0,2900.0,H3,748.426717150897
3,51,8,known,3,100.0,1000.0,150.0,1985.4449767853057,80.89155665549852,1983.7964391297446,842.1293706027087,53.93530050832562,840.4004165817571,1.0,1.0,79.0,2168.588215929546,116.18047264535099,81.66643652071734,882.0,882.0,3331.346214462308,159.59062743524876,3327.521364656758,5433.283735071364,-2101.9375206090563,37.80638550604283,-2104.3973335758246,0.049886621315192746,0.01020408163265306,13.624448474154782,10.699739421436956,13.603918396217278,10.660821392479782,3.1134835001569736,0.7358663000050001,150000.0,2900.0,H3,273.3287034226554
3,52,8,known,3,100.0,1000.0,150.0,1132.4910396547455,65.27655114130471,1130.6082109950303,866.7881737804928,43.70331509925725,865.6857157508473,1.0,1.0,83.0,1283.3624175806558,197.4552763296912,89.61560715261753,882.0,882.0,2957.7400249890857,123.88392691128172,2955.1444682240967,6435.566224965985,-3477.8261999768997,-14.73859814158709,-3478.928614316302,0.04081632653061224,0.01473922902494331,10.834388035696282,10.665231551395497,10.809175663679493,10.635062012937102,2.773254392776947,0.8901265999884345,150000.0,2900.0,H3,596.5900797983974
3,53,8,known,3,100.0,1000.0,150.0,1689.773791559193,65.23542841992838,1688.5140821204895,623.3110388420815,47.52070059929358,621.496930126728,1.0,1.0,39.0,2032.6689172711842,124.98473636785978,88.1879078997957,882.0,882.0,2686.3416177748813,137.4025786670578,2682.8253425754365,4422.868949299038,-1736.5273315241566,26.99479858740672,-1738.6653409804449,0.048752834467120185,0.0045351473922902496,10.502029996737052,11.287897197702714,10.476208904024531,11.253332547838657,2.3798423840373024,0.8013566000154242,150000.0,2900.0,H3,572.5351328557339
3,54,8,known,3,100.0,1000.0,150.0,3010.5504415744913,63.81793177259841,3009.873956305917,1449.7614300523755,53.23496668088098,1448.7837113903493,1.0,1.0,36.0,2355.869058744819,105.68091932519566,69.29465670706968,882.0,882.0,2154.037489958558,123.67019358184154,2150.484408538317,4569.306577425274,-2415.2690874667155,16.17314420839051,-2417.5575114617473,0.060090702947845805,0.006802721088435374,9.580976405898504,9.003298284020502,9.55405228816965,8.964392913903156,2.392498195668636,0.6025544999865815,150000.0,2900.0,H3,370.6281644621074
3,55,8,known,3,100.0,1000.0,150.0,1974.6899852173253,70.48069280401069,1973.4317849014867,941.8167794076807,56.89416346407918,940.0967504132637,1.0,1.0,31.0,1997.7777164132212,127.5098596018653,52.421429681186936,882.0,882.0,2610.2241712308546,131.84784575136874,2606.8920901426904,3666.3408931981558,-1056.1167219673011,22.077956990255032,-1057.8051847571646,0.05782312925170068,0.013605442176870748,11.849410132506852,10.866598617438207,11.821995099932778,10.833649586525922,2.40206182553029,0.6703758000512607,150000.0,2900.0,H3,718.8115713913684
3,56,8,known,3,100.0,1000.0,150.0,1365.519389975796,61.13999908715327,1364.1499569004475,1168.472396455835,43.34981893215367,1167.6679898317807,1.0,1.0,25.0,1422.5135543682068,176.8598450053641,79.85697836258103,882.0,882.0,2203.792162884629,120.22770119009206,2200.5102128956946,4202.640271449323,-1998.8481085646945,4.901753606101622,-2000.547413110106,0.049886621315192746,0.017006802721088437,11.557434628738115,9.42779160016459,11.534355541581473,9.400937370290285,2.3375486607554574,0.6926237000152469,150000.0,2900.0,H3,806.5960746316712
3,57,8,known,3,100.0,1000.0,150.0,2371.084184957155,103.3739732798088,2368.8296759797404,1441.8652519249445,48.903894489921484,1441.0356740248667,1.0,1.0,27.0,2291.69567832867,110.2859878508229,93.71530874733016,882.0,882.0,2461.181123624143,132.28281170158115,2457.623604421988,4516.656640326726,-2055.4755167025833,10.601205104159604,-2057.3936483937064,0.05442176870748299,0.015873015873015872,12.075370911363528,9.700117734712862,12.049862899575857,9.66590383122853,2.537269331089204,0.7836705999798141,150000.0,2900.0,H3,664.4832436590438
3,58,8,known,3,100.0,1000.0,150.0,2048.7597067472743,25.253446136969814,2048.6040611717494,1045.2639792491807,33.87333575418925,1044.7149771304687,1.0,1.0,111.0,847.0327314985673,297.8086339492217,92.69768941401509,882.0,882.0,3427.5204928796948,128.22487098289298,3425.121182027241,5154.724213875828,-1727.2037209961336,4.253137269864553,-1728.1120487083872,0.035147392290249435,0.006802721088435374,13.060875722959441,7.982463181311562,13.039771580625365,7.947046245651635,4.2938130938131485,0.9803303999942727,150000.0,2900.0,H3,420.8372426722045
3,59,8,known,3,100.0,1000.0,150.0,2495.0427536611287,112.7250531572727,2492.495016040674,771.236844089732,58.20212350402616,769.0375689789879,1.0,1.0,48.0,669.4775610444706,377.392744479491,56.490575949023096,882.0,882.0,4827.573515363724,191.87712787310497,4823.758826272354,6682.13992180599,-1854.5664064422654,70.07210610450844,-1857.2708452128218,0.02947845804988662,0.009070294784580499,11.642296290973817,6.81651418333124,11.620420098651302,6.775389697155434,7.082173359469902,0.5917866000090726,150000.0,2900.0,H3,298.11944750013015
3,60,8,known,3,100.0,1000.0,150.0,4200.670253468979,171.36678938388718,4197.173334742729,1338.9208795189656,67.13426575175389,1337.2367449235805,1.0,1.0,224.0,1555.508711982311,161.5353687485259,91.94228806935838,882.0,882.0,5066.262689844049,228.76330383313442,5061.095236539737,6069.12809775465,-1002.8654079106009,96.05581328393183,-1006.5817974582915,0.012471655328798186,0.0045351473922902496,12.888662692783235,4.969235597993306,12.867047169783515,4.907738710535074,10.195255567858215,0.8137820000411011,150000.0,2900.0,H3,853.4120412184781
3,61,8,known,3,100.0,1000.0,150.0,1235.0374081629009,56.22701302044212,1233.7568328356017,598.0670774011694,53.96555795108765,595.6273563447234,1.0,1.0,235.0,438.79931998295166,572.1416321257095,92.87867204175528,882.0,882.0,5895.7026269090675,163.60034191403207,5893.4323100437905,6760.944398111587,-865.2417712025199,33.97623614303632,-866.2693657374357,0.02834467120181406,0.0045351473922902496,11.878865441588793,8.447074053706626,11.85654248989634,8.414245603106306,6.979579662051144,0.9039759000297636,150000.0,2900.0,H3,388.83196988298005
3,62,8,known,3,100.0,1000.0,150.0,952.4441104551521,115.90142837194689,945.3658775532616,937.1263059491513,59.38648830698203,935.2427269476449,1.0,1.0,58.0,962.7081473544216,264.2683563845228,82.07611356376368,882.0,882.0,2876.659376373976,143.6258662621093,2873.071662562695,7739.513551641306,-4862.85417526733,-7.441181103713859,-4864.967414828914,0.036281179138321996,0.006802721088435374,11.318688344811441,9.284128829188358,11.295418234223094,9.256215363649595,3.0984699041767403,0.5844471999444067,150000.0,2900.0,H3,719.5839557641735
3,63,8,known,3,100.0,1000.0,150.0,3575.10968005303,169.90608505948902,3571.0700282504454,1448.5557156904083,47.29347511037479,1447.7834743743056,1.0,1.0,85.0,1528.7752745026196,163.3630990188521,63.983624966525625,882.0,882.0,4200.531083529771,189.63341771222358,4196.24839000107,7465.484746445969,-3264.9536629161976,62.79215838523298,-3268.1587394600347,0.021541950113378686,0.005668934240362812,10.56088631065263,5.228112558596672,10.536500959821112,5.16382840688755,8.034507743378189,0.5756038000108674,150000.0,2900.0,H3,206.5669578573706
3,64,8,known,3,100.0,1000.0,150.0,2275.9709793749876,65.31206663798186,2275.033677313067,930.7323490937601,47.234853073697,929.5329872063149,1.0,1.0,52.0,2306.566823617239,109.27279943060874,85.00458823386273,882.0,882.0,2977.07981131986,145.02179144483486,2973.5455071302376,4028.7843672277195,-1051.7045559078597,34.51970838757465,-1053.7231413781365,0.04195011337868481,0.013605442176870748,11.48186176418207,9.546451280890011,11.459582555265236,9.51411361875043,3.1185198810780586,0.5767290000221692,150000.0,2900.0,H3,748.5930051095133
3,65,8,known,3,100.0,1000.0,150.0,1565.1114258113623,66.6425749424036,1563.6919589261568,1170.2649005370147,47.20328991204262,1169.312527449522,1.0,1.0,32.0,1099.762270829603,229.53029070142807,75.29019757068725,882.0,882.0,2657.894034053395,114.39878168028996,2655.430965965166,3182.6537089937406,-524.7596749403456,-2.259266214798302,-525.0840129703083,0.03854875283446712,0.012471655328798186,12.164601964909263,7.982508394495349,12.140346852688978,7.947043165071506,3.3296476529686454,0.44516880001174286,150000.0,2900.0,H3,951.1298794083436
3,66,8,known,3,100.0,1000.0,150.0,3707.85101148396,131.0550554804829,3705.5341984382812,1743.3112728862725,67.9904970747284,1741.9849271678233,1.0,1.0,32.0,2694.5633402856315,93.44986744778484,78.60693808401892,882.0,882.0,2520.395482056413,146.25855426314345,2516.1482113093484,8666.162263140834,-6145.7667810844205,3.649068886619318,-6148.84058878537,0.03968253968253968,0.011337868480725623,10.198383293789046,8.458536465153102,10.172488918449407,8.41958575408117,2.9797063504304386,0.4080400000093505,150000.0,2900.0,H3,83.58922292542134
3,67,8,known,3,100.0,1000.0,150.0,1229.433672322269,117.25894260700237,1223.8290301420816,730.3413341243714,51.62141978655253,728.5147173185916,1.0,1.0,103.0,740.520675349636,345.22393757869213,56.09455621410615,882.0,882.0,3785.686012917881,129.95137882015547,3783.4549326699826,4558.282949082544,-772.5969361646635,18.467816513474745,-773.4645157328614,0.02834467120181406,0.0045351473922902496,10.599645133304692,8.047340689655705,10.573585682273931,8.012822143044925,4.704269595276507,0.49074659997131675,150000.0,2900.0,H3,510.3837063521323
3,68,8,known,3,100.0,1000.0,150.0,1471.3883755403883,119.11471920044708,1466.5590459798,880.8760029491643,64.68648602992361,878.4976898642345,1.0,1.0,39.0,812.2697907760452,308.72732292074187,78.62462941189094,882.0,882.0,3558.345406081151,136.60452975394202,3555.722322036626,4752.717327661963,-1194.3719215808123,18.526524593738245,-1195.5279956540417,0.02947845804988662,0.005668934240362812,13.566727956443822,8.553794163289801,13.547521960411338,8.523219161004246,4.1599614605556585,0.4626999000320211,150000.0,2900.0,H3,274.6929424293365
3,69,8,known,3,100.0,1000.0,150.0,1037.2689659154776,101.25120309367202,1032.3154079657284,529.4457693296579,61.85131899577825,525.8205368750405,1.0,1.0,90.0,1509.5955816129715,166.97442096883796,92.91311226688518,882.0,882.0,4688.027113316987,139.47561384603299,4685.9518529683455,6991.824397330335,-2303.797284013348,4.528629146583455,-2304.57013858738,0.034013605442176874,0.01020408163265306,12.151930056307872,13.429514319492725,12.130657937598613,13.407424456108181,3.4908389103188866,0.5990005999919958,150000.0,2900.0,H3,491.76939994692293
3,70,8,known,3,100.0,1000.0,150.0,1371.258133937443,119.94760454173014,1366.0019919657143,356.19053727483373,67.97822582808307,349.6436180704588,1.0,1.0,1109.0,215.5268326853401,1164.4558107547798,61.22487578539951,882.0,882.0,26365.242286784687,577.9713416559009,26358.906463832755,7053.228096834875,19312.014189949812,445.6495060565567,19306.919685781868,0.0022675736961451248,0.0,11.458160198966215,8.47189816187872,11.43287112900732,8.439475750253663,31.120820603605978,2.317029799974989,150000.0,2900.0,H3,437.5180129791668
3,71,8,known,3,100.0,1000.0,150.0,2973.5742323319646,124.11270152044148,2970.982960656276,1621.2205606689204,52.95552955475249,1620.355460454657,1.0,1.0,37.0,2472.6143933695002,103.17897393799032,73.93885855117504,882.0,882.0,2479.1100758189164,137.10917298071377,2475.3157056649193,5517.252658728452,-3038.1425829095356,15.141790547439044,-3040.588649730354,0.06235827664399093,0.02040816326530612,10.421998548185421,8.738122485922055,10.396934282187818,8.700462627813243,2.8371198501886394,0.4776109999511391,150000.0,2900.0,H3,641.5659470295992
3,72,8,known,3,100.0,1000.0,150.0,1387.0751482453861,95.79992718548334,1383.7629279725684,975.7804034689502,78.01297750707283,972.6568619685507,1.0,1.0,96.0,1332.643183023782,189.13484069952366,78.99265372961469,882.0,882.0,3545.5856810220635,135.04677417179386,3543.0128690500806,5949.252808731819,-2403.6671277097553,13.180265843180024,-2404.9916313139893,0.036281179138321996,0.011337868480725623,10.713530584340479,12.168273032703343,10.689782201004746,12.14403574940332,2.9137953031568067,0.5721656000241637,150000.0,2900.0,H3,373.56746244702805
3,73,8,known,3,100.0,1000.0,150.0,2140.2135029995025,105.84446051456986,2137.5946268176717,1296.2579036630611,55.847771959471025,1295.0542765367468,1.0,1.0,32.0,1176.1009432192297,211.9096238767973,77.87617046209749,882.0,882.0,2580.541554750597,121.38991987489818,2577.6848533417333,4481.637892248258,-1901.0963374976614,8.170867121957471,-1902.522691329511,0.047619047619047616,0.009070294784580499,12.193423858234658,7.63694897806249,12.17235970363227,7.600891574605686,3.3790215990225008,0.47130579996155575,150000.0,2900.0,H3,560.8408365144423
3,74,8,known,3,100.0,1000.0,150.0,2507.0259017850876,119.46257474927569,2504.178021917692,842.1301647604196,48.983358831727564,840.704374293945,1.0,1.0,32.0,844.8321347630331,299.3746217096635,68.57830314957725,882.0,882.0,4332.847711869537,187.6450824471831,4328.78257911927,7456.212839910944,-3123.365128041407,48.50990711694956,-3126.131995645397,0.022675736961451247,0.009070294784580499,10.4700813119652,5.661966187694659,10.442233244062866,5.6100599275608225,7.652549605976561,0.4524575999821536,150000.0,2900.0,H3,445.51043243632085
3,75,8,known,3,100.0,1000.0,150.0,1679.3188411986791,50.07943893329677,1678.5719586008222,459.21935177522045,42.62507433448883,457.23682712882277,1.0,1.0,180.0,0.03639989354132891,6990865.146757603,65.85310349326244,882.0,882.0,233138505.29633254,6525143.836354856,233047173.6574442,6645.02202125883,233131860.27431127,6525006.591603409,233040530.05288485,0.0,0.0,11.308264179885409,7.955363569827687,11.284434546963514,7.921227817851921,293058.2659736094,0.6733950999914669,150000.0,2900.0,H3,765.0052124307227
3,76,8,known,3,100.0,1000.0,150.0,2677.8015802131767,131.49742845012503,2674.570943030525,1461.8378644308668,55.61676151136847,1460.7794897666056,1.0,1.0,38.0,2595.4342734576544,97.37215435346549,97.43121582583194,882.0,882.0,2405.106318008282,138.2279171751075,2401.1308677031298,4466.585629449639,-2061.479311441357,29.070275217154006,-2064.1207259260814,0.05782312925170068,0.012471655328798186,11.92023409855275,9.235058577890943,11.898618905486996,9.203579395964166,2.604321670212457,0.5007196000078693,150000.0,2900.0,H3,491.9432946258619
3,77,8,known,3,100.0,1000.0,150.0,2640.8060659850366,71.7688581181101,2639.830659180204,1309.679980590185,54.15049877908543,1308.5600387604245,1.0,1.0,27.0,2583.8781696283577,96.85757936432758,72.12228920447524,882.0,882.0,2436.4247816286984,134.6778624645367,2432.6996505726793,3968.609259270371,-1532.1844776416724,28.862722624902773,-1534.4986818714196,0.06802721088435375,0.018140589569160998,12.117666050484903,9.404948141487457,12.096785216911428,9.370010902877349,2.5905775821145154,0.49034399999072775,150000.0,2900.0,H3,491.8796615862289
3,78,8,known,3,100.0,1000.0,150.0,2151.5235407076516,53.59115365986836,2150.8560004027686,1081.2784345213336,50.91100854461266,1080.079220321304,1.0,1.0,72.0,2115.988806843052,120.44160652737726,104.27404601249333,882.0,882.0,3120.4879361495437,145.6332628724256,3117.087729339675,4261.690273112617,-1141.2023369630738,19.310937547136817,-1142.7299491610265,0.05328798185941043,0.01473922902494331,12.82776628227361,10.707804728256026,12.807456096373976,10.671890842976095,2.9142181944307604,0.5065596000058576,150000.0,2900.0,H3,976.6228836388336
3,79,8,known,3,100.0,1000.0,150.0,1197.963443058395,78.72287098810955,1195.374050449362,973.9577248680805,47.94138330339483,972.7770934788527,1.0,1.0,40.0,1294.400877789501,195.38892727712604,48.226816625948686,882.0,882.0,2792.8808708717997,128.89718323558475,2789.904850534433,4970.231096340495,-2177.3502254686955,3.6068489643065504,-2178.746826044258,0.04421768707482993,0.01020408163265306,12.669430080277943,10.679291674510349,12.647648039354538,10.652543664178605,2.615230444110756,0.4352280999883078,150000.0,2900.0,H3,687.9716842356532
3,80,8,known,3,100.0,1000.0,150.0,613.8426264549826,63.85270615690151,610.5125731461978,495.2334790121267,54.324237420909405,492.2449349288331,1.0,1.0,65.0,1127.8659607440215,224.27173822681436,97.0501468235095,882.0,882.0,4124.645964485076,120.7298717041783,4122.878682476761,4936.028667649954,-811.382703164878,15.311523452776399,-812.0241513908031,0.04421768707482993,0.011337868480725623,10.301704747391494,11.811354048529623,10.2749888673195,11.788322055469092,3.4921025544895477,0.4579896000213921,150000.0,2900.0,H3,487.53469827105727
3,81,8,known,3,100.0,1000.0,150.0,1099.0812216289467,39.41621546355525,1098.3742047662574,549.588672370416,31.914472468755832,548.6612572844173,1.0,1.0,50.0,1652.575571597815,152.552496963019,65.59459478796357,882.0,882.0,3240.967399060818,122.25198521763096,3238.6608550271812,3698.1933581291764,-457.2259590683584,10.811563816360149,-457.85306305681024,0.046485260770975055,0.007936507936507936,10.329453563637252,12.90072516631416,10.305089590643458,12.876759178831126,2.5122366047480016,0.5443736999877729,150000.0,2900.0,H3,730.1871792761982
3,82,8,known,3,100.0,1000.0,150.0,5834.021186394415,351.7441105822967,5823.407875460001,1570.4588514620443,68.85295404258324,1568.9487801885355,1.0,1.0,28.0,2835.3603105121138,89.03651595384432,54.72011140297195,882.0,882.0,5279.332638799492,266.12206403013556,5272.620995115233,4704.8495747035995,574.4830640958926,161.47255565034615,568.93541878421,0.018140589569160998,0.0011337868480725624,9.4374019505314,3.4160502034757636,9.408435140532017,3.3257932581374634,15.454493711561602,0.44511859997874126,150000.0,2900.0,H3,599.0059116082822
3,83,8,known,3,100.0,1000.0,150.0,1115.0987191022762,100.39286279856462,1110.5703158479635,877.4677695088478,84.68092536798119,873.3721013437829,1.0,1.0,37.0,967.7431235942581,264.5008406020984,86.64003628319054,882.0,882.0,3066.3711419717247,127.16454970148058,3063.7332060112867,3671.0305159631325,-604.6593739914078,12.544344508084961,-605.5074862428978,0.04195011337868481,0.007936507936507936,11.748253431325743,9.081338460192715,11.722348693834697,9.0505996872179,3.3765629982991,0.46928220003610477,150000.0,2900.0,H3,903.7069145342468
3,84,8,known,3,100.0,1000.0,150.0,1980.890502962828,43.72514317706131,1980.4078611696305,1182.3481111528295,21.97941802434788,1182.1437988375078,1.0,1.0,81.0,1945.9334258788642,128.1236681280368,69.59824454825124,882.0,882.0,3126.425785773462,146.61024698311485,3122.9863319311467,3982.5420398793995,-856.1162541059375,31.909968841028515,-857.9036371085526,0.045351473922902494,0.012471655328798186,12.168735971589586,11.7771708571982,12.14787315704925,11.748246664166313,2.654649256330176,0.5180179000017233,150000.0,2900.0,H3,830.8558904745881
3,85,8,known,3,100.0,1000.0,150.0,826.6653090249268,80.70588300953756,822.7162898550926,535.7758397411066,55.124376415380404,532.9325037705088,1.0,1.0,58.0,870.7395416644639,292.1750911995604,67.4196596926099,882.0,882.0,5206.2230800545785,145.29167142007387,5204.195335448982,6130.023996379047,-923.8009163244687,19.355046074917567,-924.5348888780454,0.02947845804988662,0.003401360544217687,13.235984091898711,11.068094304068012,13.213641341716706,11.044507007376879,4.70381163823393,0.5049236000049859,150000.0,2900.0,H3,529.4998582053081
3,86,8,known,3,100.0,1000.0,150.0,1050.3612469077448,38.700953115826806,1049.6480292143262,786.8045704072215,35.12810829868383,786.0200048478716,1.0,1.0,31.0,741.8782718746936,336.7176359816239,65.75361773971417,882.0,882.0,3053.5211856135443,115.54663991381985,3051.3342335764155,7188.316742403092,-4134.795556789548,-15.26946325511885,-4135.792086188967,0.04421768707482993,0.013605442176870748,10.47139859010304,7.821229852912012,10.44411339431959,7.783541360386619,3.904144543810655,0.49440180003875867,150000.0,2900.0,H3,319.0181023268244
3,87,8,known,3,100.0,1000.0,150.0,3380.0606461690536,186.29170240297321,3374.923017402999,1314.9704990344633,85.87612753076112,1312.1633678971784,1.0,1.0,29.0,2880.5124707475607,87.13660747854352,58.51571600065335,882.0,882.0,2974.433730678363,175.17059891845412,2969.271169743807,4906.695039599157,-1932.261308920794,54.1829166770254,-1935.93200569886,0.04081632653061224,0.007936507936507936,10.851399444806598,8.055221130967864,10.825204893026715,8.012452440806419,3.6925537888007978,0.44610189995728433,150000.0,2900.0,H3,697.8410673569925
3,88,8,known,3,100.0,1000.0,150.0,3209.8600385220057,136.7048753561483,3206.947652200508,1298.5877166197704,49.98866712065224,1297.625212037455,1.0,1.0,29.0,1165.9913365459993,218.83613768571695,66.54780212444821,882.0,882.0,2899.070370222558,150.81437638244114,2895.144907492323,6049.292551015837,-3150.2221807932788,35.94831456512992,-3153.056986923758,0.03854875283446712,0.01020408163265306,10.467739519122848,6.388270201628771,10.442191454204817,6.3393872845128145,4.538114824077734,0.4565809999476187,150000.0,2900.0,H3,354.14599163166434
3,89,8,known,3,100.0,1000.0,150.0,3658.724650134726,143.09862538567006,3655.9251700378395,1131.2227700692406,59.31702541749377,1129.6665198273101,1.0,1.0,27.0,3106.17110685003,82.32273029281521,57.597193049266146,882.0,882.0,2666.061577883056,166.37195862515526,2660.865405924832,3730.66585485851,-1064.604276975454,57.82736983363252,-1068.2210496097214,0.05215419501133787,0.012471655328798186,11.968043632054826,7.657808428397514,11.946167853570557,7.6013378133351495,3.4814942196731877,0.45088869996834546,150000.0,2900.0,H3,796.966853099445
3,90,8,known,3,100.0,1000.0,150.0,907.3926739536641,54.183024840429475,905.7735172568924,739.7925639153932,50.44508539612602,738.0706815636892,1.0,1.0,44.0,1083.9581076311042,230.09196357001846,87.25833057899396,882.0,882.0,3011.852793724376,114.60242623192575,3009.6716656418,6963.516523604392,-3951.663729880016,-5.180723006853285,-3952.814554931268,0.04421768707482993,0.011337868480725623,9.858588575176634,10.466599567557532,9.831555854339946,10.439864200582832,2.8775848108873596,0.5716112999944016,150000.0,2900.0,H3,146.25624822191585
3,91,8,known,3,100.0,1000.0,150.0,1422.3241394634056,54.5967371578225,1421.2758894711599,993.9962697410624,40.59337247690925,993.1670364898836,1.0,1.0,103.0,1218.9325081063873,206.85562076577352,103.06345186799373,882.0,882.0,4286.293381810247,142.6120684348306,4283.920255196992,4227.246432272993,59.04694953725448,21.179839612279707,58.41831898066448,0.030612244897959183,0.006802721088435374,11.695125034386558,12.779511463408557,11.672620927529003,12.75678158749584,3.3540353980534756,0.574694000009913,150000.0,2900.0,H3,778.7940749737885
3,92,8,known,3,100.0,1000.0,150.0,1759.54655111041,87.22162063544887,1757.3834113301127,1262.7454625623889,57.69051720421056,1261.426933058991,1.0,1.0,35.0,1008.4990044247468,250.0519696781506,77.83611544434441,882.0,882.0,3769.2879843943124,123.69523279503052,3767.257808895367,4374.110108106876,-604.822123712564,17.16232074807914,-605.5547844469938,0.024943310657596373,0.007936507936507936,10.172574291835922,8.237438813194196,10.147743511889344,8.203895734274301,4.575800888932749,0.5365999999921769,150000.0,2900.0,H3,732.6817210047915
3,93,8,known,3,100.0,1000.0,150.0,2786.146320342411,106.02338474978427,2784.1282945014864,1147.3010382863447,61.87962483879919,1145.6310856827927,1.0,1.0,29.0,2496.6091950776568,99.72962845451153,62.36455183000268,882.0,882.0,2483.950055462675,145.33961817039187,2479.6943911343415,6201.961581736472,-3718.011526273797,12.77291868594574,-3720.850224584746,0.07029478458049887,0.022675736961451247,11.685221107168392,8.82219303149264,11.66173802442982,8.78581432199643,2.815569832348604,0.46969800000078976,150000.0,2900.0,H3,606.8798737901365
3,94,8,known,3,100.0,1000.0,150.0,1816.915900833868,59.54747874251276,1815.9398361395004,1312.9861736078983,46.280397015687655,1312.170269796409,1.0,1.0,29.0,1746.8939999857296,145.45216583278773,87.14425158302231,882.0,882.0,2221.7090498724497,113.77694898903297,2218.7937957737054,4968.378218766522,-2746.6691688940723,6.007507150377549,-2748.4154682013263,0.03854875283446712,0.01473922902494331,10.196392055176126,9.955446546244112,10.171678109279448,9.927694670344735,2.231651829531075,0.4444229999789968,150000.0,2900.0,H3,300.51051003627765
3,95,8,known,3,100.0,1000.0,150.0,2876.87665510189,117.71661282613468,2874.46727024939,1099.6228202197842,59.853978713338485,1097.9926447751345,1.0,1.0,29.0,2833.9889742840987,87.76298918586069,81.22539094005225,882.0,882.0,2591.743582148251,155.18026890977194,2587.0937129813715,5684.482886678907,-3092.7393045306558,14.087163619961132,-3095.6378858701023,0.05215419501133787,0.013605442176870748,13.660537957892853,7.493820696307111,13.640697623889388,7.448355510645106,3.458507598701206,0.48468570003751665,150000.0,2900.0,H3,854.2906921066166
3,96,8,known,3,100.0,1000.0,150.0,3014.9472148425457,115.13468535841085,3012.7480333599497,1272.0633035268504,58.88737817524411,1270.6995415405206,1.0,1.0,22.0,2933.0487426626155,87.44391882696155,55.21499838109158,882.0,882.0,2348.3535438702384,159.41788299249282,2342.9362572614086,4966.010210037037,-2617.6566661667985,32.80525605585271,-2621.4596424319557,0.04081632653061224,0.009070294784580499,13.726339709530041,7.468294305952525,13.704733220459083,7.4230487188342344,3.144430907066033,0.43242209998425096,150000.0,2900.0,H3,626.3051030282163
3,97,8,known,3,100.0,1000.0,150.0,2301.3484366140333,73.8287619866104,2300.1638942930517,666.7350042935406,43.92636038332919,665.2864351644196,1.0,1.0,283.0,478.8142319684635,523.705748808641,67.058970444167,882.0,882.0,5229.47918835465,189.11652793239608,5226.058507163616,5849.997213084098,-620.5180247294475,64.6689129669415,-622.6148624323578,0.03741496598639456,0.006802721088435374,12.653109267694902,6.991909220605574,12.630458871863876,6.950154260501338,7.4793293553398295,0.8778672000044025,150000.0,2900.0,H3,289.3065513270192
3,98,8,known,3,100.0,1000.0,150.0,2111.5697380150705,42.364566137794945,2111.144713665312,640.5661654016509,23.700890946313294,640.1275498099782,1.0,1.0,30.0,750.9622548772072,332.99150131131626,84.28030820172327,882.0,882.0,3416.9822248416995,128.51824531071276,3414.564479623483,3337.6544164119264,79.32780842977309,16.50546382259334,78.79018567352614,0.02834467120181406,0.007936507936507936,10.322435521458274,6.482186876859396,10.297776436136429,6.439909307528774,5.271341739683413,0.5047485000104643,150000.0,2900.0,H3,841.7341026997137
3,99,8,known,3,100.0,1000.0,150.0,2152.4518732495862,112.70673556193553,2149.4990715082026,1197.535755298528,51.815735731042956,1196.4142320906533,1.0,1.0,30.0,1266.1380303249298,197.92731503020318,63.76119574244682,882.0,882.0,3231.456384724844,135.13133472904968,3228.6297230796395,4842.212617448407,-1610.7562327235632,26.987168291482575,-1612.3751180501517,0.04195011337868481,0.013605442176870748,10.109599943375017,6.787234219608127,10.084498617435756,6.7463035453432285,4.761079815676993,0.45014050003373995,150000.0,2900.0,H3,554.3244879288503
4,0,8,known,3,100.0,1000.0,150.0,2013.048797761633,48.27700679846182,2012.469824067963,783.95554423615,42.18004868265253,782.8199913337211,1.0,1.0,23.0,1800.5193181603024,141.16249585083455,60.18163220912546,882.0,882.0,2068.157721059157,130.32802310919627,2064.0472294908986,2281.7190498393034,-213.56132878014614,18.389463265351736,-214.9243765673382,0.06575963718820861,0.012471655328798186,8.218617813750399,9.795091274993474,8.18236339965357,9.76496563680081,2.111422612609126,0.44584260002011433,150000.0,2900.0,H4,2043.5150286948497
4,1,8,known,3,100.0,1000.0,150.0,2440.838087998793,99.93112073736503,2438.7915743117073,831.5355969749759,79.09777856629347,827.7650575268366,1.0,1.0,51.0,1657.58050137895,151.0948107032504,73.26943548797212,882.0,882.0,2379.0205187248894,131.48286352138098,2375.384365763625,3359.753455130284,-980.7329364053944,1.615005246613805,-981.8581960193346,0.06349206349206349,0.011337868480725623,7.277845377532882,9.291116204771457,7.234332306634205,9.257821254527197,2.5605325197667232,0.4611043999902904,150000.0,2900.0,H4,649.8024686922952
4,2,8,known,3,100.0,1000.0,150.0,2146.883560497918,161.690845092069,2140.786092291715,1390.290178569703,77.523667759922,1388.1271056947292,1.0,1.0,15.0,1862.6813398008567,135.409630573242,71.47045212842801,882.0,882.0,2036.3532064610936,126.43403750678944,2032.4243689800878,2237.597230579443,-201.24402411834944,17.39151886305038,-202.5143539885362,0.06462585034013606,0.011337868480725623,8.159333088847465,6.253104786153479,8.124284019786845,6.203589815842102,3.256547389019098,0.5717057000147179,150000.0,2900.0,H4,1891.8002283636813
4,3,8,known,3,100.0,1000.0,150.0,2937.482314166826,156.36192908235105,2933.3177961442466,1638.1712622226016,55.44359632676919,1637.232754374999,1.0,1.0,33.0,1351.6371642092283,186.49236435409443,73.26596916720476,882.0,882.0,3792.531659141413,157.49875805413936,3789.2598916940656,5223.227596384145,-1430.6959372427318,-13.435620490514538,-1431.1699720106894,0.02947845804988662,0.0045351473922902496,8.840186105369884,5.283735067408751,8.809007249335245,5.227968586663076,7.177747579613878,0.4319992000237107,150000.0,2900.0,H4,1047.5167429997298
4,4,8,known,3,100.0,1000.0,150.0,4001.259509908978,118.20959139853836,3999.5129901199753,1471.4729549329393,76.77843254180469,1469.4685193618468,1.0,1.0,29.0,2613.408517237684,96.34708901533082,65.01873007801625,882.0,882.0,2417.500477396799,176.43114617972742,2411.0538378210176,4361.353384022524,-1943.8529066257247,46.680883698390204,-1948.3690838178936,0.03968253968253968,0.0045351473922902496,8.005021704211394,8.309559345110417,7.968567937277103,8.272342155149094,2.9093004538433505,0.4190559000126086,150000.0,2900.0,H4,894.0529636819748
4,5,8,known,3,100.0,1000.0,150.0,3341.4829139887793,82.35189830407788,3340.4679656186886,1427.0249169847903,66.7062601677835,1425.4649727544609,1.0,1.0,40.0,2361.9377280902545,106.12418033534068,79.68190609743243,882.0,882.0,2926.532346417364,158.7917418708362,2922.2212026711377,2763.428050823166,163.104295594198,39.99880529354067,161.34763977557031,0.04421768707482993,0.007936507936507936,9.453466961860649,9.319118671423716,9.42490090059133,9.280740612388918,3.140353127373864,0.45612119999714196,150000.0,2900.0,H4,1517.4393446904817
4,6,8,known,3,100.0,1000.0,150.0,3690.5085707840312,236.08124328432362,3682.949790263196,945.6788039299302,64.91014974798784,943.4485002701723,1.0,1.0,26.0,2149.1172506691764,116.2383164519948,89.68093602655262,882.0,882.0,4216.241310811129,204.32345940486968,4211.287536481826,2860.061319688226,1356.1799911229027,80.72032610719118,1353.8983404121423,0.021541950113378686,0.007936507936507936,7.328931955382174,3.673714404826923,7.290716125142657,3.5872857580357342,11.47678029971893,0.44438220001757145,150000.0,2900.0,H4,955.2934867523662
4,7,8,known,3,100.0,1000.0,150.0,1651.7075473456725,58.27097522347258,1650.6793496633932,1300.3304955885246,52.098293275948166,1299.2864062997164,1.0,1.0,74.0,1313.861797335753,192.68286555945843,86.93291871434768,882.0,882.0,3108.5287377257996,115.57363362027394,3106.3795081217877,3315.6747521298353,-207.14601440403567,3.8727018226968397,-207.41317757036313,0.04081632653061224,0.007936507936507936,9.551684071295057,8.879975671035345,9.525177760038822,8.851403829642209,3.500605016143435,0.5594342999975197,150000.0,2900.0,H4,974.6439975627973
4,8,8,known,3,100.0,1000.0,150.0,1628.5344657293717,100.68013774872632,1625.4193354120491,604.0445318579791,53.85188192732795,601.6392368192174,1.0,1.0,32.0,928.8624292899137,273.07277787370435,80.51147495053323,882.0,882.0,2181.5935980926765,126.11639490971724,2177.9451972384263,2339.340021059846,-157.74642296716956,20.43686200569836,-159.00657172418278,0.05102040816326531,0.013605442176870748,8.152615317581644,6.003808244730677,8.119883361079495,5.955934631622709,3.633683004462012,0.5059244000003673,150000.0,2900.0,H4,1502.8437828174751
4,9,8,known,3,100.0,1000.0,150.0,3324.741979820955,95.1667421136437,3323.379683933095,1104.7213802879223,65.39488005311834,1102.7841301578885,1.0,1.0,28.0,2223.231132895557,114.04651121595187,66.75878508366216,882.0,882.0,3047.0667563132943,141.8376066585428,3043.7637738114627,4697.964521906955,-1650.897765593661,7.088080806583548,-1652.2678715652073,0.047619047619047616,0.017006802721088437,8.586831668473467,10.704776923697189,8.555866418765426,10.676214394568357,2.8464551648600875,0.48528270004317164,150000.0,2900.0,H4,860.7109274684182
4,10,8,known,3,100.0,1000.0,150.0,2928.682051671225,124.42540596783688,2926.037743798073,751.879342460358,37.851363682068005,750.9259749709208,1.0,1.0,35.0,1039.4324121520688,242.48219735156655,68.84780301651013,882.0,882.0,5137.191310921163,212.2571626961343,5132.804444150203,4061.64436108861,1075.5469498325529,103.79954444585081,1072.6084068871778,0.015873015873015872,0.0022675736961451248,10.190903179605135,5.889262558019665,10.165581947945935,5.839106740565879,8.722978913422065,0.449727899977006,150000.0,2900.0,H4,738.9813083521819
4,11,8,known,3,100.0,1000.0,150.0,542.2016446133908,75.10629159076305,536.9745509658247,269.48656298243407,60.537114314477975,262.59905829717144,1.0,1.0,247.0,294.4699157279527,870.61061539394,66.0100572117387,882.0,882.0,17567.629839655383,372.97111866112186,17563.670195258015,8784.331268883165,8783.298570772218,112.48657309292804,8783.201890947666,0.0045351473922902496,0.0,7.852185854559359,8.773018341512916,7.81663772723836,8.742349158987572,20.024613144289663,0.7136246000300162,150000.0,2900.0,H4,721.0852128830312
4,12,8,known,3,100.0,1000.0,150.0,1139.0412128393068,100.36057214011127,1134.6112286180446,627.2916298599731,53.78368437145561,624.9816830818429,1.0,1.0,63.0,887.3485505154941,282.7617753969025,99.04602055242609,882.0,882.0,2769.901026533721,134.6828865187271,2766.624697509864,2380.9369547375313,388.9640717961897,24.856739783425382,388.2220823229177,0.034013605442176874,0.007936507936507936,7.377294068647821,5.864406539417447,7.339960703180234,5.81769351851438,4.723241828334901,0.516418099985458,150000.0,2900.0,H4,1210.1610892862413
4,13,8,known,3,100.0,1000.0,150.0,2259.4547130138762,79.17100438971698,2258.067216055479,565.5348423340389,60.497121155581986,562.2897440160838,1.0,1.0,46.0,2045.0402759280894,124.50757795406236,95.06921295222193,882.0,882.0,2820.0922107591496,138.47969476108088,2816.690158914059,4534.597031407775,-1714.5048206486254,19.42616693218521,-1716.3437583166187,0.04421768707482993,0.013605442176870748,9.7690194469517,11.725880936054153,9.739962608037168,11.693966297776775,2.4050152190169958,0.4763797000050545,150000.0,2900.0,H4,760.0430254591153
4,14,8,known,3,100.0,1000.0,150.0,1407.9492559518442,69.99999057303364,1406.208060229754,1233.5448153423524,57.60598455647062,1232.1989944815236,1.0,1.0,37.0,982.7605293818943,256.9807041891392,69.4644403630696,882.0,882.0,3889.1504405963797,132.34995746311424,3886.8978168136255,4078.2309441855496,-189.0805035891699,-4.562661163489821,-189.0342936334273,0.02040816326530612,0.005668934240362812,7.8626284498535295,7.41610272422804,7.827553617166352,7.378976860787794,5.244197100844785,0.45071100001223385,150000.0,2900.0,H4,1031.8778183991471
4,15,8,known,3,100.0,1000.0,150.0,5207.340270234885,296.01091326414735,5198.920102217233,1698.8783837946928,68.9139793717049,1697.480081288739,1.0,1.0,33.0,2284.3675691258213,110.83376227347192,75.21571343827311,882.0,882.0,4990.837003431763,247.8846166954421,4984.677242473127,2969.972238072376,2020.864765359387,130.82915643610403,2017.012653247432,0.018140589569160998,0.007936507936507936,11.048663210466916,4.289072578604592,11.023860949776672,4.215083179468241,11.636168220439588,0.4798610000289045,150000.0,2900.0,H4,1274.9350358154702
4,16,8,known,3,100.0,1000.0,150.0,4738.216234614055,167.40502635619515,4735.2580334244585,1350.5797029206321,76.08606254430089,1348.4348130435108,1.0,1.0,36.0,2930.569061004167,86.0990193924539,94.41726819383013,882.0,882.0,2814.471548237712,181.64468674333074,2808.6037996872215,6672.380784381475,-3857.909236143763,-49.07108973643122,-3859.78697787422,0.034013605442176874,0.009070294784580499,8.320833076047446,7.545119055045358,8.287205169249509,7.5033355174290834,3.7301883876248425,0.4846102999872528,150000.0,2900.0,H4,1305.0000618465779
4,17,8,known,3,100.0,1000.0,150.0,1417.5249717092124,73.57140807972,1415.6144578706346,762.2046944674449,72.38390048682695,758.7598877237281,1.0,1.0,31.0,1809.8788096713827,138.69596158488085,98.33147038065677,882.0,882.0,2220.958997259099,130.67052890864753,2217.1116526645374,2507.754486171715,-286.7954889126163,17.140695692007682,-288.07168192081053,0.05782312925170068,0.015873015873015872,9.107140157777986,9.19533502931407,9.075042135799073,9.161842526687208,2.4153105788737883,0.4936422999599017,150000.0,2900.0,H4,1792.1928498391057
4,18,8,known,3,100.0,1000.0,150.0,3271.0260363902657,196.9045878573299,3265.0941661801644,1624.1846264489373,67.4663494640408,1622.782792761579,1.0,1.0,30.0,1687.7230455067895,146.514020958549,87.04338322299697,882.0,882.0,5123.677736462884,248.2952999610104,5117.657959569268,4947.027533593353,176.6502028695313,85.74875053466587,173.30157704582416,0.01927437641723356,0.007936507936507936,9.140884957828879,4.257260934053898,9.110292267739425,4.188820682930082,12.035150806657173,0.5002508999896236,150000.0,2900.0,H4,1202.0044621067098
4,19,8,known,3,100.0,1000.0,150.0,3683.3379456693824,81.19330960722759,3682.442948435586,1304.1532391545938,86.37485291999401,1301.2897663397146,1.0,1.0,39.0,2210.2673368840724,113.16836359258822,77.76593120849257,882.0,882.0,2367.251059566629,135.49605366212995,2363.3701357301857,4261.740082496423,-1894.4890229297944,1.2082284490896313,-1896.2537104276148,0.047619047619047616,0.013605442176870748,7.446338960148061,9.788258410403813,7.40884003564015,9.755719243342327,2.4184599142279577,0.4251774000003934,150000.0,2900.0,H4,688.9351816834812
4,20,8,known,3,100.0,1000.0,150.0,3812.1153732524695,145.3620626982115,3809.3429209925343,1197.7418073670685,77.86850127716515,1195.2079039329433,1.0,1.0,26.0,2493.8536117262997,102.1836878688345,65.96417058611388,882.0,882.0,2752.3038436892025,174.54754915535568,2746.7634774530943,4373.553541325963,-1621.2496976367606,10.653798578392497,-1623.7181227102892,0.02834467120181406,0.009070294784580499,9.21673860423051,8.764631628608612,9.185223670788261,8.731307396571207,3.140239042911301,0.42229040001984686,150000.0,2900.0,H4,1482.4461139640027
4,21,8,known,3,100.0,1000.0,150.0,1029.0973776458695,116.77041931423544,1022.4510168466668,540.923141679958,79.74308451643688,535.0129771105748,1.0,1.0,119.0,1023.8785843842652,248.8104952425443,76.29827988619954,882.0,882.0,6118.6707116494445,131.91528177719172,6117.2485347605725,4915.385970300085,1203.2847413493591,8.549928025534868,1203.4109075575088,0.026077097505668934,0.009070294784580499,9.670008335441924,11.472465836662767,9.641442291398889,11.448930318257645,5.333352741043601,0.5838517000083812,150000.0,2900.0,H4,839.7071712972182
4,22,8,known,3,100.0,1000.0,150.0,2575.1249157732495,68.09356521128385,2574.2244653901107,1084.4803882678436,58.31088212804478,1082.9116093029118,1.0,1.0,31.0,1439.1212056757254,173.41908158166058,66.09444736954619,882.0,882.0,2635.4355820912274,128.0113801882635,2632.324788831124,14788.012564286822,-12152.576982195595,-332.2280502446915,-12148.524147146123,0.05895691609977324,0.015873015873015872,7.233493567829109,10.048775826806102,7.194487050840564,10.020245967288144,2.6226434219588644,0.4301327000139281,150000.0,2900.0,H4,373.05925853033307
4,23,8,known,3,100.0,1000.0,150.0,2618.327079387627,134.43009834748165,2614.8738484509777,1539.402705996097,50.93656170201068,1538.5597674156447,1.0,1.0,27.0,1423.3726097292943,177.91820298644157,95.51261492902067,882.0,882.0,3225.790977339818,160.99982086322922,3221.770706796029,3675.4438482014143,-449.6528708615965,43.05053809414623,-451.78008882064296,0.035147392290249435,0.0045351473922902496,8.022654165550428,5.7137135108376125,7.988770148488319,5.661194558776066,5.645699545875423,0.4577069999650121,150000.0,2900.0,H4,886.1948997070332
4,24,8,known,3,100.0,1000.0,150.0,1930.4455091855689,65.72374562937412,1929.32637290718,1167.4487257094634,48.37693852188818,1166.44596916441,1.0,1.0,40.0,1200.3059335975154,211.48960979321458,70.1021955277746,882.0,882.0,2351.615254951049,137.86735947625158,2347.570424611269,2387.943690462323,-36.328435511274165,27.528164929233768,-37.82269413572976,0.05782312925170068,0.017006802721088437,7.3301348011449425,10.108799326702357,7.293906170757621,10.07901819937489,2.3263052108861886,0.45899070001905784,150000.0,2900.0,H4,1371.076523106806
4,25,8,known,3,100.0,1000.0,150.0,940.9590412743131,58.477697631099936,939.1401792254659,792.948404984877,42.648978837058635,791.8006299392648,1.0,1.0,52.0,1252.431480278313,201.44603281122468,86.67001174861628,882.0,882.0,3295.209097254153,114.72747957361241,3293.2112899201015,5398.052480347155,-2102.843383093002,2.3816480465387713,-2103.671976810853,0.06235827664399093,0.021541950113378686,10.220062118295518,9.973864985779837,10.19514007770838,9.944936911199779,3.303843697455573,0.46925750002264977,150000.0,2900.0,H4,253.97197545452636
4,26,8,known,3,100.0,1000.0,150.0,3929.035072021117,177.67457837443376,3925.0157122451683,1478.9116177430594,62.78864077639935,1477.5781399590498,1.0,1.0,27.0,1638.7213205434966,154.88297928855417,56.19238719308585,882.0,882.0,3422.7601908016277,151.8834679995965,3419.388649434985,2898.2834538099646,524.4767369916631,47.528370294602524,522.9845008031684,0.021541950113378686,0.0045351473922902496,9.898611911464698,4.702697665348122,9.87160743578734,4.6437997915550575,7.278290960574124,0.44467330002225935,150000.0,2900.0,H4,1194.661377441583
4,27,8,known,3,100.0,1000.0,150.0,2577.437796505334,75.00078571229066,2576.34634259387,894.3552612180903,54.72325888740465,892.679504752529,1.0,1.0,38.0,1944.1490392492888,128.98601948254054,93.99837105851537,882.0,882.0,1980.1933208165183,123.64757966689737,1976.3291385416721,3055.0784484280266,-1074.8851276115083,-2.21953331573674,-1076.1553898251493,0.06235827664399093,0.017006802721088437,7.612145968578888,8.925692853273581,7.577624469142042,8.895402511694824,2.218531774920155,0.46110909996787086,150000.0,2900.0,H4,1134.7104329252072
4,28,8,known,3,100.0,1000.0,150.0,2448.906950033993,121.46082529152709,2445.892989859592,795.4935522254968,64.18644336879834,792.8997995459473,1.0,1.0,32.0,1997.4546548596898,125.48040305437002,90.35806517060284,882.0,882.0,2605.8931613127056,150.3792089899398,2601.5505495146326,2811.7644999691042,-205.87133865639862,33.99266114254563,-207.80414058177348,0.032879818594104306,0.009070294784580499,8.866860093978705,10.230364263633682,8.8347376876096,10.19633228182367,2.547214443356613,0.683249199995771,150000.0,2900.0,H4,1469.5060819195326
4,29,8,known,3,100.0,1000.0,150.0,3966.7424428426125,107.91080092899327,3965.274374730183,1237.352949920458,30.661938692981575,1236.9729860398922,1.0,1.0,65.0,2615.1250313252262,96.99574236705193,66.4336900229016,882.0,882.0,2619.5736767124276,139.19788537166278,2615.8727408711466,2966.4228091522946,-346.84913243986693,28.27931711581492,-348.4756451784865,0.046485260770975055,0.013605442176870748,9.482576849420216,9.260212180602831,9.45523715756274,9.217839772324304,2.8288484384835075,0.4424958000308834,150000.0,2900.0,H4,1389.6705112355612
4,30,8,known,3,100.0,1000.0,150.0,1260.121056418155,93.1345262687804,1256.6745946525284,1013.7815306219858,76.04927014523074,1010.9250715758483,1.0,1.0,30.0,1096.771610711399,231.05925973782004,63.49775312510657,882.0,882.0,2242.2115790094267,122.4307289205977,2238.8665618254067,4389.299193733917,-2147.08761472449,4.772993841905105,-2148.8554062907774,0.0691609977324263,0.017006802721088437,12.686466429089654,8.918588265906248,12.665558443123993,8.882967802041023,2.5140880060366686,0.47964900004444644,150000.0,2900.0,H4,646.3972450317323
4,31,8,known,3,100.0,1000.0,150.0,2443.2856690266444,130.31177615869922,2439.808128002147,1036.6810464323144,65.9630374958711,1034.5803350713354,1.0,1.0,25.0,2315.230197841836,109.71741668267794,80.18618283961645,882.0,882.0,2976.698097502909,153.48885967059496,2972.7382551503683,5131.850065612405,-2155.151968109496,25.197296709915975,-2157.5079739110747,0.034013605442176874,0.009070294784580499,11.650787320216411,9.686128283043587,11.626065475393737,9.652110780862014,3.0731557651511587,0.44942429999355227,150000.0,2900.0,H4,761.4998473447104
4,32,8,known,3,100.0,1000.0,150.0,2046.6415373439256,144.36625218683184,2041.5435257694203,839.4195722575705,76.62438539377223,835.9150207120992,1.0,1.0,37.0,1943.0690620210376,128.46465885717882,78.38725989360046,882.0,882.0,2369.1860060713375,144.30141392341548,2364.787397062146,4199.177962018075,-1829.9919559467376,37.87901481444966,-1833.0417835580201,0.061224489795918366,0.015873015873015872,9.426883220180402,10.09653282653396,9.399855507784814,10.065159215679085,2.346534247722201,0.48603369999909773,150000.0,2900.0,H4,1007.2459439973686
4,33,8,known,3,100.0,1000.0,150.0,729.2621578830049,83.28695971735092,724.4905639559545,711.2264789853193,60.44320673683493,708.6534577416687,1.0,1.0,35.0,912.9583891031938,277.09075102906553,79.67339519360492,882.0,882.0,2277.3935357160603,117.99892566653931,2274.3345334543114,3262.0290181079504,-984.63548239189,7.359033084516412,-985.8176300417049,0.06575963718820861,0.024943310657596373,8.513761278296192,7.904416957579722,8.482772402116076,7.870411024217735,2.8811657430751003,0.4574766999576241,150000.0,2900.0,H4,814.410412566176
4,34,8,known,3,100.0,1000.0,150.0,713.9832620314469,45.67554963894196,712.5207664526321,671.3760814625485,39.53237312029245,670.211186295398,1.0,1.0,148.0,563.3424694314434,452.8510181638062,48.11884148942348,882.0,882.0,5041.413422447971,143.41709812361958,5039.37305941963,3016.474149718015,2024.9392727299564,17.772458941564736,2025.5167721089979,0.024943310657596373,0.006802721088435374,8.18850294434369,8.45352837815999,8.155438962559458,8.41952389271145,5.963679539389319,0.5820700000040233,150000.0,2900.0,H4,1588.9087769881507
4,35,8,known,3,100.0,1000.0,150.0,2354.4821400776095,124.98029820982788,2351.1627066206674,1297.630298349011,67.18841662949538,1295.8896974141605,1.0,1.0,20.0,1276.6443007908626,198.66611829182182,57.029285801729394,882.0,882.0,3261.3841711072655,151.30561216598502,3257.872514890063,2571.4697958977476,689.9143752095179,44.27490325968877,688.6311212943933,0.022675736961451247,0.0045351473922902496,8.20319693515491,6.130525007804346,8.171581956239958,6.079074075617463,5.319910067988343,0.4293008000240661,150000.0,2900.0,H4,1232.6241294059962
4,36,8,known,3,100.0,1000.0,150.0,1235.5941908459636,88.92727319587786,1232.3899320159335,704.146964003158,51.87543455248985,702.2334983499826,1.0,1.0,32.0,998.8182917885757,251.13340499634745,73.73195439271088,882.0,882.0,2106.915985546538,122.43517136085481,2103.3555569530745,1899.911475576679,207.0045099698591,11.362828573134408,206.69360771288348,0.049886621315192746,0.012471655328798186,7.485947714986519,6.038797264521243,7.444337976138113,5.990525818218968,3.4889662514834816,0.44393339997623116,150000.0,2900.0,H4,1620.8642636814645
4,37,8,known,3,100.0,1000.0,150.0,1926.27265878083,89.12721109661844,1924.2096289668407,1328.0402712465277,56.49863258844397,1326.8379202329827,1.0,1.0,32.0,989.1305995413344,254.0008810498383,101.77402162055952,882.0,882.0,2696.2114628014197,112.49566461504351,2693.8635781317125,3563.3180200720676,-867.106557270648,-20.252328210969736,-866.9808838703816,0.05215419501133787,0.012471655328798186,9.11084387480103,6.7052510590396555,9.079482078118428,6.663278060353907,4.021044758893157,0.42542510002385825,150000.0,2900.0,H4,1301.29181102658
4,38,8,known,3,100.0,1000.0,150.0,1150.788886910698,49.89512456683925,1149.7067185946262,906.2873990507788,47.79081479720539,905.026456905678,1.0,1.0,143.0,1090.1134372174777,231.47915399317455,87.9999550928469,882.0,882.0,5600.9631875049545,145.2875357931237,5599.07850987364,3323.2743132808305,2277.688874224124,33.243004015809916,2277.693530048058,0.02040816326530612,0.003401360544217687,9.469349075180627,13.346858748720145,9.442486685404873,13.325831750733519,4.19646547023062,0.6364902999484912,150000.0,2900.0,H4,881.865148988687
4,39,8,known,3,100.0,1000.0,150.0,1261.9877787774406,73.23462235250905,1259.8610414932687,1002.0119124012667,69.05692834742241,999.6294379625195,1.0,1.0,40.0,1117.3549725994212,226.59873640056517,82.33447372902495,882.0,882.0,2514.9428405090734,114.81033863983502,2512.3208547415384,3510.2997338200826,-995.3568933110091,1.5131458530222517,-996.1500326058208,0.05215419501133787,0.015873015873015872,10.03569033805583,8.966187859480357,10.007795402050549,8.937041999879009,2.8049187457631843,0.47337049996713176,150000.0,2900.0,H4,961.3426271126966
4,40,8,known,3,100.0,1000.0,150.0,1464.0022829176357,68.86027832882704,1462.3819427415417,742.8086757378633,38.05513255026817,741.8332262968676,1.0,1.0,35.0,892.8299337942557,288.7656090029466,80.30678552011032,882.0,882.0,3075.005159675943,164.56942484436593,3070.5982538326416,4488.0291699421305,-1413.0240102661874,10.514093626727743,-1414.7860981682952,0.048752834467120185,0.01473922902494331,10.388466586330162,7.187803087289726,10.36060007586499,7.143977693038586,4.278087646993988,0.4638503000023775,150000.0,2900.0,H4,1605.9523603025978
4,41,8,known,3,100.0,1000.0,150.0,3710.3746443362274,169.36481818917468,3706.5071913720785,931.0672943128183,63.0156297850661,928.9323640296874,1.0,1.0,36.0,2907.1145569092255,86.90814280027594,83.66048321773712,882.0,882.0,2606.6884152544903,165.50933151874042,2601.4286758245335,2662.7118819833945,-56.02346672890417,44.866691508259876,-58.548752626101304,0.048752834467120185,0.01020408163265306,8.385234813373145,8.748028419594199,8.354366789733074,8.699569236711202,2.9797438808222445,0.44669470004737377,150000.0,2900.0,H4,1395.6626308530958
4,42,8,known,3,100.0,1000.0,150.0,1525.7594642350982,67.45038277302397,1524.2678204852145,662.1899679011134,54.40636543838177,659.9511353037153,1.0,1.0,179.0,427.0555868633611,596.0128873125906,90.53610231651099,882.0,882.0,6099.810899113935,230.63869568511387,6095.449023410976,4215.650185730714,1884.1607133832213,91.88458066395046,1882.0829363000903,0.02040816326530612,0.01020408163265306,10.388849141604336,7.577416577641911,10.363054111372865,7.537369573596076,8.049987534157973,0.6891314999666065,150000.0,2900.0,H4,1177.79392350515
4,43,8,known,3,100.0,1000.0,150.0,878.3837825415325,59.61671675183675,876.3583265512466,415.8857733255983,32.55931453681736,414.6092949892989,1.0,1.0,35.0,813.1081317707524,314.49078426043974,86.32979724745142,882.0,882.0,2959.3062977627937,122.18433030036914,2956.782838391684,2962.2922320652974,-2.985934302503665,11.628096443424809,-3.4456303771999046,0.035147392290249435,0.013605442176870748,8.235997724597409,7.045655192398473,8.203704016906656,7.005545789881234,4.200186096185315,0.4761230999720283,150000.0,2900.0,H4,1295.7102790677898
4,44,8,known,3,100.0,1000.0,150.0,2925.5542099220165,97.21056475118478,2923.938703409015,847.6857795658437,68.90143946621293,844.8809220935433,1.0,1.0,52.0,2350.1750756945844,106.29792658435608,93.58433093233404,882.0,882.0,3505.087310701968,171.4904429221156,3500.8896131741044,9377.565601232971,-5872.478290531003,13.248373817080648,-5875.340762248274,0.04195011337868481,0.009070294784580499,10.135457070507048,10.451674860392703,10.108948899122002,10.420549111814228,3.3536130405134608,0.5288847000338137,150000.0,2900.0,H4,192.0353604398661
4,45,8,known,3,100.0,1000.0,150.0,2918.1532661317674,129.7922436174082,2915.265418127869,796.6406468324092,75.1563898839131,793.0875344154492,1.0,1.0,20.0,2689.29853234976,93.85593851258338,57.86510317605459,882.0,882.0,2742.6777493601776,149.6125157123249,2738.594042931087,4197.649467326856,-1454.9717179666786,21.18969801915759,-1457.0904817257874,0.05442176870748299,0.013605442176870748,11.908693758218945,8.535350663886685,11.886128726009703,8.500158526760718,3.21331584063034,0.4356675999588333,150000.0,2900.0,H4,986.5679563202693
4,46,8,known,3,100.0,1000.0,150.0,1847.8339300411355,78.39232890838184,1846.170326860333,626.3000691669308,53.67843705615615,623.9955144339666,1.0,1.0,49.0,1283.1719445429594,195.8385988613451,97.55892851739813,882.0,882.0,3509.061194037984,157.82436777963156,3505.510224266682,3292.2361724040907,216.82502163389336,33.49033039878235,215.62267876690976,0.027210884353741496,0.007936507936507936,7.508240772318927,5.411233098056409,7.472238246888752,5.357590102614385,6.484771826403779,0.48638419999042526,150000.0,2900.0,H4,1299.6407899663438
4,47,8,known,3,100.0,1000.0,150.0,2238.860001479412,76.72880469269849,2237.5448144684883,566.4983730024012,44.4177661849585,564.7543436411146,1.0,1.0,1007.0,367.2218206793215,692.8766702136916,77.23239187526305,882.0,882.0,13919.302972295509,533.7076256809744,13909.067237052403,3871.2561930359666,10048.046779259543,421.7069206628029,10039.431549523826,0.012471655328798186,0.0022675736961451248,10.361163599091455,7.04288698245584,10.336460429607815,6.997686569501099,19.76363245210258,1.8193873999989592,150000.0,2900.0,H4,1032.9767794032152
4,48,8,known,3,100.0,1000.0,150.0,3334.5859209672776,149.0832381554695,3331.251634508307,1197.8555253071913,73.87531868949544,1195.5752995096097,1.0,1.0,46.0,2626.3216433604985,96.83675287959566,96.48856739564319,882.0,882.0,2583.6625891169388,152.11708000556388,2579.1806389574626,10577.084237684046,-7993.421648567108,-18.301335463751343,-7996.530615361709,0.046485260770975055,0.009070294784580499,10.845672192155606,9.09539477717703,10.821096410192602,9.060757440937104,2.84062721015705,0.5147067999932915,150000.0,2900.0,H4,544.7924688365741
4,49,8,known,3,100.0,1000.0,150.0,1082.3155409774565,46.6586597675698,1081.309345058119,772.7705118800832,41.326419759791875,771.6646882300909,1.0,1.0,43.0,1048.1949382134153,237.9758596105792,84.29176097916738,882.0,882.0,2345.3596251227245,114.73620423857726,2342.5514667969906,2721.840129617233,-376.4805044945083,-0.9979902845933708,-376.8270076733852,0.06575963718820861,0.018140589569160998,9.895867023736734,8.234915917920294,9.86764561260194,8.200308623522789,2.848067483019352,0.5324486999888904,150000.0,2900.0,H4,1328.0335313283254
4,50,8,known,3,100.0,1000.0,150.0,960.5164870653834,100.93366939370526,955.1985742803153,434.0979848756878,76.67599739990388,427.2725733017072,1.0,1.0,33.0,726.7984697581425,348.8916418049352,68.13290510663968,882.0,882.0,2486.314766586423,136.94343143789538,2482.54055659353,2428.600212622174,57.71455396424926,16.04319029298844,56.951530307425855,0.05668934240362812,0.015873015873015872,9.865740152434931,7.943833087685734,9.837488203376036,7.907917430688277,3.1298678347618174,0.4743344000307843,150000.0,2900.0,H4,1667.3261006481498
4,51,8,known,3,100.0,1000.0,150.0,1681.1661079668206,82.56598480299388,1679.1373799453752,773.5691335052734,37.44153757001204,772.6624978452707,1.0,1.0,322.0,1145.7914934799946,222.7967735943913,78.29279387711,882.0,882.0,2649.3184685032575,134.7610331505054,2645.8888509339645,2423.1706271468156,226.14784135644186,23.52241492760595,225.2728429552203,0.061224489795918366,0.017006802721088437,8.32552667920538,6.506429215912183,8.289945962586106,6.461962690060305,4.071847061709455,0.7947256999905221,150000.0,2900.0,H4,1818.254055620573
4,52,8,known,3,100.0,1000.0,150.0,972.8002527209253,95.03552576858633,968.1469829193212,790.7707952598986,63.68650337963887,788.2020552645417,1.0,1.0,92.0,743.7635946534474,339.5242732942849,85.1764912782169,882.0,882.0,3526.1800404947458,133.70593844115322,3523.6441931626828,3490.228314910842,35.95172558390368,-4.352861971914422,36.14746085828074,0.017006802721088437,0.006802721088435374,8.054953244132754,7.317047654545916,8.018256228334705,7.276962655846001,4.8191295273360835,0.578643299988471,150000.0,2900.0,H4,1022.5447046526416
4,53,8,known,3,100.0,1000.0,150.0,2885.553844179614,49.97048835727208,2885.1211305512084,1155.2493612411433,51.997881601583295,1154.078553200352,1.0,1.0,37.0,1866.4751573098772,135.30537900724818,76.06784052588786,882.0,882.0,2597.6622416159703,133.08245553144428,2594.250986613868,19127.37159214117,-16529.7093505252,-324.1872914020319,-16527.653949934385,0.048752834467120185,0.009070294784580499,8.624635352741056,11.155824532547904,8.588954327237772,11.130731029108237,2.3285255464865977,0.5822277000406757,150000.0,2900.0,H4,718.2272878652593
4,54,8,known,3,100.0,1000.0,150.0,3353.672135787467,71.49953152939949,3352.9098722375984,1254.2699249748716,53.73069667659074,1253.1185326740317,1.0,1.0,35.0,2187.8017396728933,115.06523271498543,76.30297827575454,882.0,882.0,2119.362769773058,148.7510301663472,2114.136154774469,5614.63916872686,-3495.2763989538016,-8.380609118833547,-3498.3038353668417,0.04081632653061224,0.011337868480725623,8.075204041169684,9.806461026072363,8.041723826954026,9.775638743572324,2.161190223606992,0.5057741000200622,150000.0,2900.0,H4,743.8756444315228
4,55,8,known,3,100.0,1000.0,150.0,2354.3327179905846,58.73067970288235,2353.6000625132915,1127.2562035478943,53.77595067650168,1125.9727774533674,1.0,1.0,77.0,713.3337986954982,349.9838113312898,101.18891583487161,882.0,882.0,4043.0622237039033,175.50916213579558,4039.2510046725174,3387.180435853507,655.8817878503964,38.41582446627277,654.8460759154127,0.01927437641723356,0.0022675736961451248,9.834568965304792,6.590199397809678,9.80252296265725,6.541054533119615,6.134961902742514,0.5435249999864027,150000.0,2900.0,H4,1882.6977096614291
4,56,8,known,3,100.0,1000.0,150.0,3495.032795158009,139.80748138718548,3492.235402629407,963.6255091069647,32.826543527551216,963.0662177865502,1.0,1.0,40.0,1548.3761542980483,163.25856355989782,92.28746567206285,882.0,882.0,3976.5220467352383,204.1960421095069,3971.275810688326,1767.8346275064334,2208.687419228805,93.86857896295022,2206.8872137271987,0.030612244897959183,0.0045351473922902496,7.748730204405158,4.372097937021531,7.712776965113068,4.3051910944982605,9.095226374192851,0.4760727999964729,150000.0,2900.0,H4,1900.8635354475807
4,57,8,known,3,100.0,1000.0,150.0,1337.983080152945,86.2879940926967,1335.1977774288798,784.7369255390954,54.6414240041208,782.8322662533485,1.0,1.0,32.0,1627.742134535243,154.56354234825656,59.347910002245534,882.0,882.0,2619.3019124316997,143.4822718930405,2615.3690649926966,3643.444148448591,-1024.1422360168913,35.46249409933428,-1026.4734618705497,0.04081632653061224,0.007936507936507936,10.205094712434043,11.100848877800711,10.175741631763838,11.075606098332901,2.3595510048512915,0.446567100007087,150000.0,2900.0,H4,1122.3619136204218
4,58,8,known,3,100.0,1000.0,150.0,3852.3901663289535,124.09095109435648,3850.3910748759695,1180.2786993690283,47.552386772052664,1179.3203884850489,1.0,1.0,60.0,2659.933404457117,94.39365473727001,85.57072133662204,882.0,882.0,3083.1062185958726,162.0156254355674,3078.8463573649237,4085.1692228622983,-1002.0630042664257,53.7724538770327,-1004.8885746834703,0.036281179138321996,0.009070294784580499,9.01668102594959,8.780636248423463,8.986911550215456,8.738069081068758,3.5112560540808593,0.4778649000218138,150000.0,2900.0,H4,953.003488586905
4,59,8,known,3,100.0,1000.0,150.0,3021.1044148740875,75.1600412795782,3020.1693419022968,1546.188016084143,74.32760374352148,1544.4004624461766,1.0,1.0,42.0,2156.1088819618103,118.42843633139643,82.64538387423825,882.0,882.0,2691.619353302904,133.27126327758444,2688.317971047908,3533.14739772066,-841.5280444177561,-5.600589368913035,-842.0991633092772,0.04195011337868481,0.007936507936507936,10.143635305853632,10.347551071789956,10.116316745839686,10.317902645119327,2.6012138859028586,0.47420410002814606,150000.0,2900.0,H4,1553.8261979042434
4,60,8,known,3,100.0,1000.0,150.0,1126.1135350153231,81.7966280801971,1123.1389074283811,955.1650615037955,65.98280963033307,952.883289574771,1.0,1.0,31.0,1007.1739272553644,253.20309376915066,80.0154970560158,882.0,882.0,2265.0788639675116,112.57153944489892,2262.279803317742,3936.5774597330346,-1671.498595765523,-8.290662239245137,-1672.4418418157807,0.05895691609977324,0.012471655328798186,7.7547688543960085,7.613616393755825,7.718224514964689,7.579457640385641,2.9750367589115423,0.45460719999391586,150000.0,2900.0,H4,720.4675674569746
4,61,8,known,3,100.0,1000.0,150.0,2514.5507210566984,90.76752728045159,2512.9119731415494,1101.129392587936,46.85893919958104,1100.131891655799,1.0,1.0,25.0,1092.8814897837215,230.73353493998206,71.72217897777938,882.0,882.0,3607.417037541865,174.0886414900494,3603.2139580729136,2329.5997976431167,1277.817239898748,59.72775734937731,1276.4228618725233,0.02040816326530612,0.0022675736961451248,8.059480692854292,5.714795970823955,8.027367350797817,5.652893199314513,6.312416149166127,0.463476000004448,150000.0,2900.0,H4,1480.689989533453
4,62,8,known,3,100.0,1000.0,150.0,3576.0552397595543,187.73308307520264,3571.12410416256,1239.9751690907144,67.86942860371865,1238.1163760416673,1.0,1.0,15.0,3020.8589641618805,82.74947692823037,61.12993781106739,882.0,882.0,2581.390329344748,157.80384978779048,2576.5624342186507,2136.4267970855453,444.96353225920257,48.697589597388614,442.92345742513817,0.036281179138321996,0.006802721088435374,8.443875388372458,8.071193069625025,8.413327774500932,8.031312497852252,3.1982760257086444,0.42340089997742325,150000.0,2900.0,H4,1704.4252743342636
4,63,8,known,3,100.0,1000.0,150.0,3156.9496066780976,133.2382346664058,3154.1367110396423,979.2205958747347,54.57488295979978,977.698602604706,1.0,1.0,29.0,2759.554453475755,92.79106230714982,86.45860897487685,882.0,882.0,2673.929051693855,166.8274102823092,2668.7197658560735,2882.972149694341,-209.04309800048622,56.299734649696575,-212.13289417922624,0.04308390022675737,0.009070294784580499,9.868581144650427,9.452628364822662,9.837661518636882,9.41211507853198,2.8287677760026058,0.46775410004192963,150000.0,2900.0,H4,1172.4508497542301
4,64,8,known,3,100.0,1000.0,150.0,3064.1438267849403,183.32707927891133,3058.654699901138,765.5661536063052,69.15185540035331,762.4365917518923,1.0,1.0,64.0,1225.8717979613625,206.84539618296392,71.81713637376225,882.0,882.0,5791.423984024978,274.2368713532306,5784.927475874711,4307.15084367089,1484.2731403540884,134.75400490000928,1480.035732740993,0.011337868480725623,0.0,11.189208775485154,5.624130726648158,11.165220638728147,5.56068109912011,10.297456203470084,0.5261308000190184,150000.0,2900.0,H4,1600.5387052936278
4,65,8,known,3,100.0,1000.0,150.0,2722.806135903909,112.29771857265605,2720.4893817325133,1233.0075777920174,66.67592633681566,1231.2034794215235,1.0,1.0,39.0,2173.600601998946,116.83073297573293,69.98333878237241,882.0,882.0,2396.231678769579,147.67096851949162,2391.677140292015,3574.828332036608,-1178.596653267029,31.256333415434355,-1181.255161930521,0.06235827664399093,0.011337868480725623,9.205744644921383,9.245852543776095,9.176030942799613,9.214247120226311,2.5916827760600807,0.5079787999857217,150000.0,2900.0,H4,1337.6045807867727
4,66,8,known,3,100.0,1000.0,150.0,1743.265068795425,77.06812451205279,1741.560680615669,619.4390838168716,28.22198879424303,618.7958450962506,1.0,1.0,91.0,678.9034757788929,367.51235992220177,65.39866834876055,882.0,882.0,4004.259278255347,151.68166547458839,4001.385390068406,2512.677690057923,1491.581588197424,44.57739022258532,1490.9914272933274,0.023809523809523808,0.006802721088435374,8.083277291507695,6.227206205583839,8.04942876113053,6.183255667256547,6.430266071267706,0.6853353999904357,150000.0,2900.0,H4,1468.051031721824
4,67,8,known,3,100.0,1000.0,150.0,1376.392360245233,86.2866867317185,1373.6850210416892,889.0827269714604,66.97764056303447,886.5563101482146,1.0,1.0,36.0,1023.2441412890848,246.9462310179416,73.71098339112956,882.0,882.0,2712.316576643683,120.21070175520046,2709.651379627946,15593.824735542577,-12881.508158898894,-264.5881819580959,-12879.424914428495,0.05215419501133787,0.01020408163265306,8.808408803348357,9.659582893806277,8.776929903901857,9.632653691009978,2.8079023768022324,0.5761039000353776,150000.0,2900.0,H4,684.168629495204
4,68,8,known,3,100.0,1000.0,150.0,1225.451166474379,100.89135546451702,1221.2909136671528,791.8806387927926,77.25466681878595,788.1032055191754,1.0,1.0,44.0,575.225887350184,445.7843549303681,57.574194709861516,882.0,882.0,3923.5985138774618,130.5581630615148,3921.425743802811,6212.687217172999,-2289.0887032955375,-26.906054338463406,-2289.2656411126713,0.032879818594104306,0.009070294784580499,9.783510082695802,8.191397666927497,9.756421525315675,8.158913277206914,4.789901154132541,0.4691597999772057,150000.0,2900.0,H4,990.1563586101036
4,69,8,known,3,100.0,1000.0,150.0,1080.421095092133,64.28916709471822,1078.506673931298,708.4785841814116,50.068782773458054,706.7071679523859,1.0,1.0,26.0,1329.1556417109712,186.13548012446196,79.49336446184955,882.0,882.0,2108.860575364952,116.24318720432683,2105.6543989356796,3156.122025150377,-1047.2614497854247,4.181972426620263,-1048.4775770256715,0.07369614512471655,0.022675736961451247,7.82822553013235,7.776866100543399,7.794571101624854,7.741835560891651,2.711710023164213,0.435871199995745,150000.0,2900.0,H4,1127.5160428135966
4,70,8,known,3,100.0,1000.0,150.0,2365.3290539983236,102.63605850411669,2363.1012194113364,1276.4955056757194,44.24759703646385,1275.7283904369335,1.0,1.0,36.0,1260.3444828757295,198.71060849047393,81.66866785089218,882.0,882.0,3560.374291746666,158.7222864094652,3556.8345945696615,2681.48974203914,878.8845497075263,39.36967635594368,878.002350636767,0.02947845804988662,0.007936507936507936,7.747027081346349,4.629993856545601,7.711080073049698,4.566511879792721,7.689803490156315,0.47107049997430295,150000.0,2900.0,H4,1785.453292285478
4,71,8,known,3,100.0,1000.0,150.0,1647.307516784458,134.54110496798205,1641.8041131415682,1062.468702967247,81.40396457447251,1059.3456184534216,1.0,1.0,44.0,1205.4400404624596,211.18971035301612,93.25533509509616,882.0,882.0,3218.438833363306,148.47742100954835,3215.0121274345624,4624.501837731586,-1406.0630043682804,17.005971693270197,-1407.6205104891455,0.047619047619047616,0.015873015873015872,8.467204724962354,6.483165462848201,8.434819879680532,6.442187890599856,4.964301546530903,0.5124951000325382,150000.0,2900.0,H4,883.047827139889
4,72,8,known,3,100.0,1000.0,150.0,1559.5502223977394,71.34596571860027,1557.9174077455193,627.0687263349852,35.288377215140144,626.0750098677494,1.0,1.0,38.0,748.4449276490685,334.2406104553708,69.00238686663305,882.0,882.0,3406.340707368033,135.55625908451174,3403.6423894550912,2569.4516788980372,836.8890284699955,18.930779003492106,836.8388466049937,0.02947845804988662,0.005668934240362812,8.101578956788009,6.002541140542901,8.069169793787896,5.958125498850398,5.6748310883879185,0.4946536999777891,150000.0,2900.0,H4,1318.8423393734336
4,73,8,known,3,100.0,1000.0,150.0,3223.0903323237194,184.34237758419428,3217.8143479923183,1565.5031770013995,82.95510732362536,1563.3037604286637,1.0,1.0,31.0,2365.777742606023,106.41807781770224,86.33438339444697,882.0,882.0,2408.135767053764,132.01762017000271,2404.514341926092,2696.733330746741,-288.597563692977,21.848501246036804,-289.9676903754653,0.05668934240362812,0.01473922902494331,7.811920479852322,8.236662267626256,7.773822134773377,8.198953015555158,2.923679141876204,0.4302548000123352,150000.0,2900.0,H4,1228.6793857481516
4,74,8,known,3,100.0,1000.0,150.0,2236.5029132016457,118.4067760399815,2233.366319291859,986.4101909043218,72.29865404644403,983.757068255661,1.0,1.0,100.0,1477.7484431718042,171.0533381959585,75.54478807908774,882.0,882.0,4505.2020119383915,136.55874962047483,4503.131896388982,3452.6258436800726,1052.5761682583188,14.68755588334777,1052.6576349888737,0.02947845804988662,0.009070294784580499,8.03596542711389,13.768759549189195,8.000513657963324,13.744932698845162,3.2720464002900616,0.5558677999651991,150000.0,2900.0,H4,790.383868953473
4,75,8,known,3,100.0,1000.0,150.0,3345.9783890615367,120.33388965809964,3343.8138607085452,1396.625025132096,64.37073985800443,1395.1408060390754,1.0,1.0,33.0,2393.705248479636,104.53873487062476,104.65660069353889,882.0,882.0,2939.589316049635,147.7287956910656,2935.8749206934594,3405.286443313012,-465.6971272633773,35.54708161077633,-467.5631974508078,0.05102040816326531,0.01473922902494331,9.116407646900548,9.03620287058961,9.086179897346504,9.006293178963292,3.253124523816526,0.5405976999900304,150000.0,2900.0,H4,1177.7492685919322
4,76,8,known,3,100.0,1000.0,150.0,2389.940727006965,95.71643320070577,2388.023250100785,1150.0819097422036,60.66269317744404,1148.480925733089,1.0,1.0,34.0,2075.9398358338426,121.42705789365593,65.72216927996057,882.0,882.0,2441.1665272880846,132.79397753551015,2437.552004262076,3998.0456275448873,-1556.8791002568028,1.7839472403113348,-1558.3465444867338,0.05895691609977324,0.009070294784580499,10.487356441411608,8.882750583488082,10.462149119254596,8.846614224448016,2.7482101454316488,0.46136770001612604,150000.0,2900.0,H4,1162.6063802292704
4,77,8,known,3,100.0,1000.0,150.0,3326.698049289955,103.82032156588514,3325.077630970373,1735.5380788696175,55.928797178624556,1734.636674595748,1.0,1.0,35.0,2218.664210189243,114.65104175564015,59.2964710604457,882.0,882.0,2456.6514794673863,137.61159005131879,2452.794231453761,5109.440733697261,-2652.7892542298746,23.26472389746914,-2655.366827612955,0.048752834467120185,0.009070294784580499,8.95881698596165,8.31755568367247,8.924318434056737,8.277474197609056,2.953573829736833,0.473164499970153,150000.0,2900.0,H4,616.3336641429087
4,78,8,known,3,100.0,1000.0,150.0,2896.182418745388,112.47460675275263,2893.9975925155327,954.4446789194337,82.4633204714821,950.8756206226125,1.0,1.0,24.0,2047.3836783673785,122.97729735582662,82.42642005485388,882.0,882.0,3005.0495936545167,147.45557079509084,3001.4296451798887,2711.64314893084,293.4064447236765,34.335537529740535,292.14700484543846,0.031746031746031744,0.0045351473922902496,7.923403716526085,11.089237451069291,7.890145758436933,11.060606826979779,2.709879382522151,0.4547743999864906,150000.0,2900.0,H4,1443.0003021261496
4,79,8,known,3,100.0,1000.0,150.0,1924.7403437676953,113.52042095770076,1921.3897327071809,1547.8074733965327,72.1659322350696,1546.1242035899968,1.0,1.0,34.0,1021.4996845358517,247.85666703171088,71.69830543152256,882.0,882.0,2747.770240600169,133.16582923279697,2744.541520373239,4005.14220679729,-1257.3719661971209,25.335911628114715,-1259.148877939102,0.04421768707482993,0.01020408163265306,9.905227238411793,8.265132563771568,9.879816033006659,8.23340923577006,3.324532570287414,0.4404338999884203,150000.0,2900.0,H4,962.7443389135235
4,80,8,known,3,100.0,1000.0,150.0,1514.104203395089,94.49543242258507,1511.1525905711658,934.2630578063541,54.680254652844496,932.6615307456285,1.0,1.0,34.0,1483.1740187751361,172.37867667120923,64.60254493312823,882.0,882.0,2505.6759535007122,135.9970514790386,2501.9825710705322,2441.241658920826,64.43429457988623,17.08192993888356,63.63886455178181,0.060090702947845805,0.012471655328798186,8.328661489253673,9.887849326910722,8.296512729392898,9.852375464377017,2.53409601082945,0.41329270001733676,150000.0,2900.0,H4,1442.9459467801612
4,81,8,known,3,100.0,1000.0,150.0,1532.1037066790404,64.20966381941459,1530.7576186620315,993.9126046325507,33.08513845519989,993.3617866924725,1.0,1.0,160.0,595.9438036285554,426.11761285622975,73.25985790018275,882.0,882.0,4627.443855085047,202.57697427030755,4623.007592624076,4004.026206395394,623.4176486896531,84.5410180891528,620.72157404051,0.02947845804988662,0.005668934240362812,8.227533262890283,7.731832688440318,8.194631786739983,7.694889126859185,5.984924973872534,0.5954396000015549,150000.0,2900.0,H4,701.2308071790491
4,82,8,known,3,100.0,1000.0,150.0,603.2457327536442,50.56688930153122,601.1226195975726,585.4598292834422,46.20950355455894,583.6333553574868,1.0,1.0,132.0,1067.3074830268029,237.32380298813288,87.13141105496058,882.0,882.0,3204.368695589317,111.25909401713895,3202.43659597989,3757.7556399667174,-553.3869443774001,5.758360667679639,-553.8377610079483,0.04195011337868481,0.01020408163265306,9.1284842316808,8.511922679008357,9.099505281650558,8.48018713811353,3.764565088792169,0.5640992000116967,150000.0,2900.0,H4,882.5220618340816
4,83,8,known,3,100.0,1000.0,150.0,4708.139461373171,273.0161172407085,4700.216951106199,1446.3694547555301,56.87855545859743,1445.2506459361132,1.0,1.0,51.0,2220.8946035024383,112.23737194244971,95.28520751667358,882.0,882.0,4865.832372272927,234.41951132323325,4860.182318367302,10429.845659264878,-5564.013286991951,36.04713121886624,-5567.7766801567195,0.01927437641723356,0.003401360544217687,10.252397175470842,4.291884022696044,10.225473247780203,4.217473191417877,11.337287649297535,0.6104563999688253,150000.0,2900.0,H4,485.4002350611278
4,84,8,known,3,100.0,1000.0,150.0,968.7089319710514,116.31082060328924,961.7009867370857,365.18076946649734,59.9077032641848,360.2333430954907,1.0,1.0,297.0,1155.5263441856712,221.02693027605474,68.1956284048894,882.0,882.0,4818.352759679849,132.05278342499864,4816.542886667172,6734.180733658663,-1915.8279739788131,-8.220723997360352,-1916.1767344588225,0.02040816326530612,0.0011337868480725624,9.482214451166644,12.045149844901012,9.454162418306744,12.022625373790735,4.000243103426039,1.1548650999902748,150000.0,2900.0,H4,403.0470134998596
4,85,8,known,3,100.0,1000.0,150.0,1428.9456718580457,49.93401398081416,1428.0729418939377,1134.9067245116091,38.10395185612614,1134.266883142859,1.0,1.0,32.0,1557.5267845779053,159.5174137608756,61.84517940015338,882.0,882.0,2073.9717905844336,119.50772399211888,2070.5257525677443,3137.9746749268825,-1064.0028843424489,7.253822231737487,-1065.4404656849406,0.06689342403628118,0.018140589569160998,10.168486841024261,8.50529451422836,10.14098851459313,8.47208988013384,2.4384479421787475,0.45013979997020215,150000.0,2900.0,H4,981.3751094173455
4,86,8,known,3,100.0,1000.0,150.0,3627.994621811304,236.33517738787276,3620.288753652226,1334.2240537789394,49.19571024385301,1333.316769479747,1.0,1.0,27.0,2116.93357254517,119.29714443553938,75.07920992502245,882.0,882.0,4311.26940205713,203.78411291608637,4306.450498082737,2730.572563013716,1580.696839043414,83.50222747303108,1578.528433595271,0.018140589569160998,0.003401360544217687,8.376300057870484,4.659399050753995,8.341881398616433,4.589724882141709,9.252844315533501,0.4819681000080891,150000.0,2900.0,H4,1591.2336408574783
4,87,8,known,3,100.0,1000.0,150.0,2425.468347998779,140.19579516756016,2421.413191952431,1597.052834987674,82.41414676215012,1594.9249719518575,1.0,1.0,41.0,1189.7257118759462,211.75515102602566,62.45229694146957,882.0,882.0,3038.1075168450857,150.49124340876736,3034.377970782133,4522.711172246108,-1484.603655401022,29.38003420413284,-1486.7113252354493,0.03741496598639456,0.005668934240362812,8.745974476891856,6.445005247750148,8.715437836657294,6.402624056615608,4.713894558744761,0.48890330002177507,150000.0,2900.0,H4,648.0530580685839
4,88,8,known,3,100.0,1000.0,150.0,1359.6707208497605,51.988254493498715,1358.6764480665831,1064.2728479253938,42.19485792700467,1063.4360764971952,1.0,1.0,31.0,829.449529646037,302.38629976976375,62.766005870857455,882.0,882.0,3250.3736135208483,128.842199487465,3247.819008981845,4702.657640547081,-1452.2840270262332,-15.250354647463922,-1452.6305673926022,0.046485260770975055,0.011337868480725623,8.02209405369035,7.252175016859379,7.988782815665912,7.215168561409495,4.481929360453372,0.4950968000339344,150000.0,2900.0,H4,553.7461258902265
4,89,8,known,3,100.0,1000.0,150.0,1709.204399976445,59.815507519132495,1708.157424232049,1159.7698585589521,63.57147239925433,1158.0262487175507,1.0,1.0,35.0,1437.700563575439,176.96565580316175,69.77230813929587,882.0,882.0,3335.9628478400296,119.73338712740187,3333.813437818013,4208.5892598786,-872.6264120385708,-24.335222722029755,-872.3092177903036,0.032879818594104306,0.01020408163265306,10.449241184218362,12.546038839216994,10.422067534456275,12.52468942821239,2.6589769811745847,0.41676479997113347,150000.0,2900.0,H4,1467.311022595195
4,90,8,known,3,100.0,1000.0,150.0,930.0037152074879,80.00697016536165,926.5558779829144,829.0360488059106,52.599281772248716,827.3657509087259,1.0,1.0,36.0,1033.2134671729432,249.3106568831209,73.40699347629412,882.0,882.0,2869.2126873310185,131.458975114515,2866.1995713842266,4221.531725606037,-1352.3190382750186,18.70135780648029,-1353.8260008175944,0.032879818594104306,0.006802721088435374,10.051938753661684,10.783141221612077,10.026408830945684,10.757426346228833,2.660831967572128,0.48136340000201017,150000.0,2900.0,H4,725.7175615799523
4,91,8,known,3,100.0,1000.0,150.0,3449.81039722135,172.28209808622424,3445.50586350619,1060.1936366463617,68.51696245899365,1057.97730270589,1.0,1.0,23.0,2922.6169793042654,85.11225930999449,68.04365010561814,882.0,882.0,2508.146443136145,157.61431425850293,2503.1892273971857,3578.5218367029615,-1070.3753935668165,29.13344450357198,-1073.025419665677,0.05668934240362812,0.012471655328798186,11.143106753229112,8.547800725921018,11.117273970973148,8.508473011504885,2.93425937683625,0.44175739999627694,150000.0,2900.0,H4,1421.4705462528239
4,92,8,known,3,100.0,1000.0,150.0,2105.313275718911,73.06286010675593,2104.0451058357353,1092.3858114067998,66.49348182669887,1090.3602055456051,1.0,1.0,48.0,1413.6242090419348,178.71252244352615,85.13699461069044,882.0,882.0,2461.6648416462212,131.74583198074228,2458.1368611923986,4797.779260883207,-2336.1144192369857,-38.27435014661134,-2336.6289280647147,0.049886621315192746,0.013605442176870748,9.021245055394136,10.246159903396107,8.99021590227428,10.219378113362186,2.4025243260456026,0.5934605000074953,150000.0,2900.0,H4,1361.523525766237
4,93,8,known,3,100.0,1000.0,150.0,2164.332865547639,118.07312696666712,2161.1097819356532,1115.1532740359262,45.482567499590544,1114.2253634910178,1.0,1.0,39.0,964.4405813789559,259.27183967599933,75.36059090161095,882.0,882.0,4521.096804486211,219.97542762566584,4515.742145735995,3484.268405107389,1036.8283993788223,95.482327348186,1033.6985235490347,0.018140589569160998,0.003401360544217687,7.570807263124372,6.299059502792117,7.532031208118873,6.247770526022113,7.177415616541157,0.4149753000237979,150000.0,2900.0,H4,823.2079931294777
4,94,8,known,3,100.0,1000.0,150.0,1813.3696544892705,52.52094284022353,1812.6089082826747,1287.467932466329,56.281532758054915,1286.2371733858138,1.0,1.0,35.0,1574.8220377170703,161.47204912626594,69.23642340781203,882.0,882.0,2052.5706896852294,118.72865575142052,2049.133949369431,4546.591604491158,-2494.020914805929,-2.1333023195472975,-2495.8509356572217,0.0691609977324263,0.017006802721088437,9.401888459054648,9.973899393141341,9.371786042445155,9.946579335950403,2.0579420433062534,0.37028480001026765,150000.0,2900.0,H4,880.7731845647722
4,95,8,known,3,100.0,1000.0,150.0,1089.0969386553986,72.67960106904472,1086.669138872088,561.6141284673092,43.70606491452324,559.9108939677659,1.0,1.0,60.0,1520.4586346417213,167.28396319904394,53.37332042839469,882.0,882.0,3598.0408635329077,134.79762317135803,3595.514936200375,3235.3189896993754,362.7218738335323,20.2585126854011,362.22408054286507,0.03741496598639456,0.011337868480725623,10.529216989114527,13.444573648041088,10.502463569194596,13.419643552733946,2.676203022664949,0.39591129997279495,150000.0,2900.0,H4,910.5928638112096
4,96,8,known,3,100.0,1000.0,150.0,791.8824366867468,69.65035783745041,788.8134260939368,637.3566166119542,59.97627351087706,634.5284102030312,1.0,1.0,433.0,177.00075916335172,1421.2210914295556,71.92979891972172,882.0,882.0,22364.8080319457,545.2605393451508,22358.16023849046,3386.757035950235,18978.050995995465,417.15009906171304,18973.827078819446,0.005668934240362812,0.0,8.934341758203306,8.372657601506889,8.901802858223563,8.340163668276062,26.71171938037994,0.7716817000182346,150000.0,2900.0,H4,1094.7779138692654
4,97,8,known,3,100.0,1000.0,150.0,1759.9989212093872,129.37326130260456,1755.237522934755,1025.0153180085006,74.17597766799162,1022.3278957795611,1.0,1.0,40.0,824.2523933054285,304.7535281507173,79.78541744941028,882.0,882.0,2862.335208455121,170.43144235401584,2857.2567208808787,9091.360194222385,-6229.024985767264,-25.194322494094763,-6231.9985149026825,0.047619047619047616,0.007936507936507936,10.296066258041673,7.114290965035453,10.268955088082528,7.067763499516358,4.023359773338785,0.3989572999998927,150000.0,2900.0,H4,988.1542973609052
4,98,8,known,3,100.0,1000.0,150.0,1093.6286205611598,50.93582087298494,1092.4418070828765,400.0402450869599,40.52379919901239,397.9824360291708,1.0,1.0,37.0,1372.3094823235945,182.07737015128905,82.54713182136113,882.0,882.0,2989.439939477334,121.23458327947311,2986.980637292331,3147.4997631866477,-158.0598237093136,9.144838024051722,-158.52260515848184,0.03968253968253968,0.011337868480725623,8.583618286183558,10.58812172491676,8.553544723322519,10.562337549049882,2.8233902264670423,0.36827570002060384,150000.0,2900.0,H4,1072.0132480309485
4,99,8,known,3,100.0,1000.0,150.0,1337.5615713142784,67.18301475457952,1335.8732722774296,1001.3807622649468,34.00669137996234,1000.8031654504865,1.0,1.0,28.0,1475.3335994578883,172.2183176239475,67.4132218540199,882.0,882.0,2398.2349232687016,116.14541655836886,2395.420837639624,3461.6720213312897,-1063.4370980625881,11.077038237224755,-1064.6563029953682,0.05442176870748299,0.017006802721088437,9.398141638334605,7.879859441487234,9.370993065414012,7.8419244173843765,3.0434996221405464,0.3546589000034146,150000.0,2900.0,H4,866.8950482275341
