condition_id,trial_id,n_anchors,gauge,dof,sigma_r_mm,sigma_deploy_mm,sigma_v_mm,rmse_anchor_abs_mm,rmse_anchor_abs_h_mm,rmse_anchor_abs_v_mm,rmse_anchor_shape_mm,rmse_anchor_shape_h_mm,rmse_anchor_shape_v_mm,converged,rigidity_ok,iterations,rigidity_min_singular,rigidity_cond,rms_residual_mm,tag_positionable,tag_total,rmse_tag_mm,rmse_tag_h_mm,rmse_tag_v_mm,rmse_tag_trueanchor_mm,delta_rmse_tag_mm,delta_rmse_tag_h_mm,delta_rmse_tag_v_mm,coverage,coverage_100mm,pdop_true,pdop_est,vdop_true,vdop_est,pdop_overconfidence,compute_time_s,r_max_mm,known_z_max_mm,height_pattern,unknown_z_std_mm
0,0,8,known,3,100.0,300.0,150.0,2555.9440423195674,117.30372576787201,2553.250826571856,1739.728216584871,69.19285954534787,1738.351695074824,1.0,1.0,32.0,1301.3194433690485,194.1040251028945,64.96486190909046,882.0,882.0,2449.7548992849966,119.37407493200278,2446.8446817901972,5514.2792921355485,-3064.524392850552,4.461000746818328,-3066.237133044065,0.049886621315192746,0.012471655328798186,11.82151237126152,7.652304070009838,11.800100890060442,7.614569940740809,3.2013297914883396,0.4619659359996149,150000.0,2900.0,H0,0.0
0,1,8,known,3,100.0,300.0,150.0,2048.738995525749,104.1029795094714,2046.0923834091914,1612.5384635775645,67.51084916842903,1611.1246325972581,1.0,1.0,35.0,1099.6194525284045,229.62468211982866,97.70774023509614,882.0,882.0,2280.224332033258,115.25405189341878,2277.3097083880944,5788.308244953164,-3508.0839129199057,2.922261037586395,-3509.908440891911,0.049886621315192746,0.01927437641723356,11.818631200188214,8.29321206788208,11.794642455263054,8.260176354863102,2.7495068417026283,0.40062198499799706,150000.0,2900.0,H0,0.0
0,2,8,known,3,100.0,300.0,150.0,1441.2662723645772,54.18212704156601,1440.247466571261,357.38707573790424,43.51779830043697,354.72767461190983,1.0,1.0,203.0,327.5577080508704,766.9028237236917,80.85189770982778,882.0,882.0,11502.659385319377,269.11913719574534,11499.510764579116,5770.513152821174,5732.146232498203,150.9374848523596,5730.207934606368,0.01473922902494331,0.0022675736961451248,11.979745217768414,8.552704739168185,11.956815208240377,8.520010605499408,13.449148235693798,0.6845346430018253,150000.0,2900.0,H0,0.0
0,3,8,known,3,100.0,300.0,150.0,1169.5780385842575,68.35350741483445,1167.5789422401765,1138.7459682600977,42.037082757111094,1137.9697992046622,1.0,1.0,37.0,1315.1579309912572,192.03777802109838,73.39813247420123,882.0,882.0,2172.046142264009,121.85809876722031,2168.6251515392883,5607.148712561263,-3435.102570297254,9.0324999560697,-3437.38832231451,0.07029478458049887,0.02040816326530612,11.288047686776848,9.450498009572534,11.265628969266618,9.420091250364768,2.2983404049859755,0.4615927550003107,150000.0,2900.0,H0,0.0
0,4,8,known,3,100.0,300.0,150.0,3113.304307734957,105.6791879857963,3111.510183461996,1371.7608231922686,56.07516250444511,1370.6142171286676,1.0,1.0,49.0,1249.9618144237245,202.33970082741362,79.08996254887147,882.0,882.0,3871.6731602289,148.04011359405808,3868.8418401898907,5903.29797132054,-2031.6248110916395,29.71037479717785,-2033.2700709071414,0.026077097505668934,0.005668934240362812,11.960376382381156,6.111778507310208,11.938941836134255,6.064717006312226,6.334773348867353,0.5532112119981321,150000.0,2900.0,H0,0.0
0,5,8,known,3,100.0,300.0,150.0,3522.4704075852237,172.98943183385987,3518.220065429025,1463.8491061656684,57.03481098384082,1462.7375827393182,1.0,1.0,28.0,1393.1747380698987,181.36248237621598,86.25643257838858,882.0,882.0,4266.399970483905,171.64304567020505,4262.945856214706,6127.420514687002,-1861.0205442030965,56.19877117731389,-1863.387042289417,0.017006802721088437,0.0045351473922902496,11.422563337873164,5.432805062366791,11.399779347399814,5.375695321463628,7.853033417372896,0.550836407001043,150000.0,2900.0,H0,0.0
0,6,8,known,3,100.0,300.0,150.0,1913.3490788854951,107.04088197772963,1910.352571453082,1249.4239110920216,64.65249388797959,1247.7500409306938,1.0,1.0,27.0,1994.9555012253143,126.08814454808338,61.50847687685644,882.0,882.0,2632.7223368335162,132.38098456511773,2629.391978725823,5789.788086083925,-3157.0657492504088,18.074768818244806,-3159.2676390787155,0.047619047619047616,0.009070294784580499,11.345938486828082,9.386163337034805,11.323305940304845,9.355032603447942,2.8048972112445925,0.39953106100074365,150000.0,2900.0,H0,0.0
0,7,8,known,3,100.0,300.0,150.0,1990.7062217159894,54.53984552698519,1989.9589609910659,1215.6285083348344,31.548733567794347,1215.2190533754163,1.0,1.0,43.0,2056.582929271197,122.91830297356883,66.75220807181636,882.0,882.0,2163.0277704521873,129.4334425245871,2159.151712989061,6215.00115727361,-4051.973386821423,10.39474727658883,-4054.709339041793,0.061224489795918366,0.017006802721088437,11.566695456143204,9.321465731110331,11.544649309400086,9.287050660959807,2.3204803116242716,0.4457326080009807,150000.0,2900.0,H0,0.0
0,8,8,known,3,100.0,300.0,150.0,2312.1726388230886,68.96191234920558,2311.1439951606794,1216.6034335473732,43.90225880596994,1215.8110487205615,1.0,1.0,87.0,848.465939075421,297.89890143105777,94.31898745544865,882.0,882.0,3063.093172960652,122.06976574550784,3060.659856718644,6164.453990981747,-3101.360818021095,6.03423429067297,-3102.701950150298,0.03741496598639456,0.007936507936507936,11.414623016809772,6.155407020108633,11.392236754133874,6.108549366942762,4.976264222583599,0.6326210379993427,150000.0,2900.0,H0,0.0
0,9,8,known,3,100.0,300.0,150.0,2837.930218019874,140.08714961701537,2834.4705877575284,1610.1602482676901,71.93541682497644,1608.5525545992232,1.0,1.0,44.0,2406.8637257314263,104.94303964169738,68.05710274598712,882.0,882.0,2585.8739572019394,148.57597395161667,2581.60208058863,5893.5808790472665,-3307.706921845327,31.20659361822318,-3310.809989729578,0.06462585034013606,0.017006802721088437,11.880307575002439,9.259234517011153,11.858897357300958,9.216171336484159,2.792751336464313,0.442977578000864,150000.0,2900.0,H0,0.0
0,10,8,known,3,100.0,300.0,150.0,1649.8945599309993,68.44081181390105,1648.474420234709,984.9645615864824,40.06588674649436,984.1493343494515,1.0,1.0,29.0,1862.9434921065156,135.60337445360867,66.54946187344935,882.0,882.0,2675.6829095963203,123.9200204249009,2672.8117893416515,7079.859255813328,-4404.176346217007,-0.5828640873721156,-4405.9526589129855,0.05328798185941043,0.021541950113378686,11.543389083863035,11.200313665741646,11.5213209158884,11.16989552864224,2.3889356936318853,0.31684615300036967,150000.0,2900.0,H0,0.0
0,11,8,known,3,100.0,300.0,150.0,1288.822158909565,71.0682560077406,1286.8612436017838,1040.416085889325,45.994797686354765,1039.3989178188779,1.0,1.0,45.0,1644.6856013864208,153.74723873671684,72.7842685455869,882.0,882.0,2702.1453211169337,123.29442734120941,2699.3309950098264,6123.145629413333,-3421.0003082963995,-1.2523232941052242,-3422.547842888698,0.048752834467120185,0.011337868480725623,12.756131281927168,11.209771299533237,12.735895689116187,11.183133994986378,2.4105267171948888,0.36094435199993313,150000.0,2900.0,H0,0.0
0,12,8,known,3,100.0,300.0,150.0,722.5346654832629,45.55658502974003,721.0970395067773,538.8224269339578,37.88038897384344,537.4892407278406,1.0,1.0,77.0,996.4878581887458,253.45943950604686,61.52426546662811,882.0,882.0,5941.839591687477,145.2888572619322,5940.063036812011,6593.148670032822,-651.3090783453454,20.092177675153906,-651.8968520659546,0.022675736961451247,0.006802721088435374,11.835385726232309,12.526562006043697,11.813735224635211,12.504782232875343,4.743392152468262,0.36436367699934635,150000.0,2900.0,H0,0.0
0,13,8,known,3,100.0,300.0,150.0,1259.6962357569082,26.486977578521007,1259.4177410211748,1035.4711122513643,28.625852003583567,1035.0753522831787,1.0,1.0,99.0,876.558413890594,289.205913481818,93.56203528906465,882.0,882.0,3247.6319883671817,112.5151359535791,3245.6823436755367,5863.028074201082,-2615.3960858339,-3.4150125049007443,-2616.1994701747253,0.034013605442176874,0.003401360544217687,11.134234406956056,7.9995956403578194,11.11151874851566,7.964771698517595,4.059745185097777,0.3920143020004616,150000.0,2900.0,H0,0.0
0,14,8,known,3,100.0,300.0,150.0,1689.0196402983922,127.24739337490212,1684.2195362223426,1067.471981771322,79.38479323155791,1064.5160808885776,1.0,1.0,38.0,980.5929236636919,258.1373904130206,90.86154429729709,882.0,882.0,3159.8096104831775,124.829887582503,3157.342913537899,5845.988050575393,-2686.178440092215,5.737564192149662,-2687.431958600442,0.03854875283446712,0.015873015873015872,11.758183754129695,7.751627756552605,11.736606983182238,7.7158657417922445,4.076317529324248,0.29429727400201955,150000.0,2900.0,H0,0.0
0,15,8,known,3,100.0,300.0,150.0,1243.2254137865823,56.33207462697255,1241.9485202104954,916.1100024034175,34.40260332993355,915.4638154442332,1.0,1.0,82.0,1479.134532885018,170.31020842089384,83.87741095812922,882.0,882.0,2797.4366644010447,116.92581572217925,2794.991993718935,5751.983225635319,-2954.5465612342746,3.5007046798895516,-2955.872791004762,0.04421768707482993,0.011337868480725623,11.70127260555941,10.408215725013646,11.6778807536022,10.375327084537808,2.68771971902742,0.3278856979995908,150000.0,2900.0,H0,0.0
0,16,8,known,3,100.0,300.0,150.0,4096.77426594455,204.27665517894403,4091.678192900123,1554.2294216991725,65.07071067148568,1552.8666709953086,1.0,1.0,81.0,1652.3974786543988,151.8341046180228,64.57970512516843,882.0,882.0,4192.39789283811,197.18725679039963,4187.758025200705,6258.024559397156,-2065.6266665590456,78.87414756698657,-2069.1480308467944,0.030612244897959183,0.01020408163265306,11.647276453038428,5.050925312350234,11.625428298764549,4.987469036340576,8.300257148105315,0.3802484019979602,150000.0,2900.0,H0,0.0
0,17,8,known,3,100.0,300.0,150.0,1825.021333175893,53.489635424459934,1824.2372996540971,1585.929438587462,49.88999787780471,1585.1445272561411,1.0,1.0,40.0,1849.4628871883615,137.03827415283854,107.30014848302126,882.0,882.0,2331.902093274813,116.8251693528512,2328.9738625465793,5873.851992196193,-3541.9498989213803,1.904126584145331,-3543.7538154712042,0.046485260770975055,0.01473922902494331,11.676898484735162,8.979725765597582,11.655056708149363,8.947355365553044,2.596852235965393,0.28566882200175314,150000.0,2900.0,H0,0.0
0,18,8,known,3,100.0,300.0,150.0,2876.675991429674,98.87344371118742,2874.9763132583525,918.1207163109044,32.95262875963121,917.5291679162457,1.0,1.0,60.0,2703.0498400982265,93.38539567503267,91.06013365847154,882.0,882.0,2698.1690325353466,160.19609565770546,2693.4092409191653,5903.248944385509,-3205.0799118501627,42.09355142132726,-3208.6581840119934,0.03968253968253968,0.012471655328798186,11.495674006791731,9.221542977721562,11.472289863283187,9.187363668778252,2.925940961348753,0.33968253600323806,150000.0,2900.0,H0,0.0
0,19,8,known,3,100.0,300.0,150.0,2451.179085203294,144.67765232006494,2446.905655038055,1099.6980658960756,89.1557654812528,1096.0780472288557,1.0,1.0,64.0,2418.7090285109484,104.2209200563582,65.37143953849336,882.0,882.0,2811.297930040531,150.08166200057096,2807.2890029673326,5909.5753812294615,-3098.2774511889306,34.48187953559011,-3101.1556211894676,0.048752834467120185,0.011337868480725623,11.522114542073885,9.708933652861127,11.499988297894946,9.669620407770955,2.8955784749976834,0.36746982600016054,150000.0,2900.0,H0,0.0
0,20,8,known,3,100.0,300.0,150.0,1382.2215288555526,54.74572040235376,1381.136945030944,1077.155066391774,39.08321424478253,1076.4457902828935,1.0,1.0,28.0,1233.2869122937336,205.2535235967739,70.56667416649023,882.0,882.0,3854.3648935616898,136.7411487894514,3851.938549736815,5873.882001406155,-2019.517107844465,14.621039220696886,-2020.6738540645874,0.03968253968253968,0.011337868480725623,11.539202868149037,11.262547971465183,11.517252554991622,11.23247323300698,3.4222849956573924,0.3193773630009673,150000.0,2900.0,H0,0.0
0,21,8,known,3,100.0,300.0,150.0,2933.174591350291,86.02516922171728,2931.9128318562475,1120.1172636307563,48.51383838990008,1119.0661695218616,1.0,1.0,28.0,2663.4867887454907,94.72248126649208,76.46699107689092,882.0,882.0,2702.779803993037,151.79453697944354,2698.5138664486863,6497.206133815278,-3794.426329822241,33.793394017708266,-3797.620620732641,0.03968253968253968,0.007936507936507936,11.136633303951605,8.617192533444076,11.113984320578822,8.579772095174278,3.1364969431787824,0.2732980509972549,150000.0,2900.0,H0,0.0
0,22,8,known,3,100.0,300.0,150.0,926.9673875634348,83.78663618395892,923.1729725263604,620.6162506939442,58.72927209146475,617.8312093323024,1.0,1.0,216.0,1330.59372521608,189.65204467204555,85.39528778927522,882.0,882.0,4756.521399908877,139.12486852818506,4754.486312815309,6058.706627646743,-1302.1852277378657,22.368726545614308,-1303.095218059857,0.027210884353741496,0.007936507936507936,11.894208816931265,14.1634890339111,11.872791241361186,14.138223875272168,3.3582977954941184,0.4367141200018523,150000.0,2900.0,H0,0.0
0,23,8,known,3,100.0,300.0,150.0,420.1521968656551,53.86883228678073,416.6845538763045,346.91683438206184,35.36752634149302,345.10929871296537,1.0,1.0,152.0,1081.21706841864,233.39626343863313,93.03873108039414,882.0,882.0,4965.980117656617,107.43678437047933,4964.817807968885,6339.758983548477,-1373.7788658918598,-10.243822472503467,-1373.8488692004303,0.031746031746031744,0.01020408163265306,12.359580515222568,11.143219891712706,12.338668695029135,11.120506930907325,4.456503744801673,0.37969604700265336,150000.0,2900.0,H0,0.0
0,24,8,known,3,100.0,300.0,150.0,2094.943643915093,100.53362797711394,2092.530014319032,1519.7077761881685,52.43018641548283,1518.803081561012,1.0,1.0,26.0,1419.5270191968334,178.69719343101303,92.95117897447108,882.0,882.0,2470.266729148536,122.61152821492634,2467.221945080541,6195.181696894045,-3724.914967745509,4.200668760584236,-3726.828032591116,0.04195011337868481,0.01020408163265306,11.505999512220559,8.054271088536588,11.482258096360813,8.021125493780808,3.067027049368124,0.30276463399786735,150000.0,2900.0,H0,0.0
0,25,8,known,3,100.0,300.0,150.0,1537.5973505190393,47.08053737736737,1536.8763890838547,954.7370989946471,54.05859730941841,953.2054323458574,1.0,1.0,44.0,1899.2094180664442,133.06967451005573,75.83434869654005,882.0,882.0,2514.8850018698545,123.56027388528642,2511.8478121389703,5442.638597117662,-2927.753595247808,8.683744503742332,-2929.5783135960996,0.05442176870748299,0.011337868480725623,11.882033039991589,10.918429707353251,11.860615144323468,10.89313827933077,2.303339462978043,0.2762416890000168,150000.0,2900.0,H0,0.0
0,26,8,known,3,100.0,300.0,150.0,2535.5971199514775,114.79518566986982,2532.997200956457,1199.0458263599608,66.46875483927023,1197.2020708056589,1.0,1.0,32.0,845.0795016200603,297.2200154347168,80.59990329130649,882.0,882.0,3567.5862742510462,147.2853972414063,3564.5446884537587,5600.328647950183,-2032.7423736991368,31.46065446443677,-2034.586100696658,0.034013605442176874,0.0045351473922902496,11.541218919007145,7.296447036123229,11.519170485580847,7.255210229683156,4.889484233338021,0.3272544619976543,150000.0,2900.0,H0,0.0
0,27,8,known,3,100.0,300.0,150.0,2015.015406440022,99.27713004723006,2012.5682944040018,1101.2119716646384,52.305547934615014,1099.9690614707217,1.0,1.0,34.0,618.5001306852354,407.6222285448681,79.15936054692096,882.0,882.0,4148.089556849481,153.43274498852722,4145.250941066054,6026.89781567151,-1878.8082588220295,37.359144793532494,-1880.5290250365742,0.021541950113378686,0.003401360544217687,11.472197479216666,7.627365317713502,11.450120256403904,7.590110024276054,5.438430420024744,0.2923723540006904,150000.0,2900.0,H0,0.0
0,28,8,known,3,100.0,300.0,150.0,1232.8886415963611,69.24479718761275,1230.9425496909946,350.0238017151992,36.69544153143243,348.09496741259323,1.0,1.0,111.0,1753.322128949076,143.57306681766974,83.7837255247209,882.0,882.0,3342.1697656803326,134.6494801159586,3339.4562821112404,5238.823626479644,-1896.6538607993116,23.529762637657527,-1898.1887419190125,0.04195011337868481,0.013605442176870748,11.174825329131377,13.586428721506,11.151143988900088,13.56639483223702,2.4599325063178683,0.39099031899968395,150000.0,2900.0,H0,0.0
0,29,8,known,3,100.0,300.0,150.0,2108.8041000975477,56.02446143745978,2108.0597696243985,1418.2222337740388,43.44683110245941,1417.5565869615855,1.0,1.0,37.0,2023.7998240021132,125.03399230498312,69.13847584760978,882.0,882.0,2271.0219399513444,126.34410422395865,2267.5047561291276,6195.799397054642,-3924.777457103298,9.003776116086485,-3927.1834051863552,0.05442176870748299,0.017006802721088437,11.495251989288949,9.25786330528355,11.471386313299709,9.230101988565268,2.4530735279438085,0.576590374999796,150000.0,2900.0,H0,0.0
0,30,8,known,3,100.0,300.0,150.0,2501.2792444621227,121.45002507517346,2498.328991583424,1161.6431602452108,40.55160010708817,1160.935140080287,1.0,1.0,39.0,987.3613249745786,255.86430334310782,78.06500202432058,882.0,882.0,4140.346110345449,149.0219896278124,4137.663393759823,6059.025561644228,-1918.679451298779,33.2943532446437,-1920.256865771109,0.024943310657596373,0.0045351473922902496,11.379965968951645,6.386602963441951,11.35755421371497,6.343664808271498,6.482861286423354,0.509837472000072,150000.0,2900.0,H0,0.0
0,31,8,known,3,100.0,300.0,150.0,1513.1206656741333,99.04238250101821,1509.8757416948768,1095.9734887440188,71.14794173525019,1093.6616745669446,1.0,1.0,35.0,1742.5894799571772,144.06777762898582,84.04132451737414,882.0,882.0,3002.4636992816354,127.28208181239648,2999.764580288504,6535.526221698505,-3533.0625224168693,1.1540718864179809,-3534.5444665519376,0.05442176870748299,0.02040816326530612,11.722671562613233,10.711099432721069,11.700840875853352,10.68168642836837,2.8031330659759206,0.5801621919999889,150000.0,2900.0,H0,0.0
0,32,8,known,3,100.0,300.0,150.0,2938.8768676244076,107.5330596977369,2936.9088995285324,1029.7124490910262,62.318918070368845,1027.8249268545583,1.0,1.0,118.0,2710.327476449414,93.20421652549197,87.80217805340179,882.0,882.0,2413.9529312019026,151.58503618820012,2409.1888117916537,6380.363655293985,-3966.4107240920825,34.77587239621879,-3970.1055060032727,0.047619047619047616,0.007936507936507936,11.741652926063901,8.708262998086168,11.719831466329513,8.676453758953468,2.7720257550012235,0.7584207439977035,150000.0,2900.0,H0,0.0
0,33,8,known,3,100.0,300.0,150.0,2148.695321245579,91.24119362475062,2146.757235489978,1073.7803039143237,54.28980533620313,1072.4069927554997,1.0,1.0,25.0,2267.5404133127454,111.35607526355193,60.47146871604003,882.0,882.0,2243.0235554423184,129.3936523944966,2239.2882692920784,6465.8675383232585,-4222.8439828809405,9.404477149549663,-4225.465834381666,0.06575963718820861,0.01473922902494331,11.649974035532143,10.441426484755635,11.628075250163917,10.412759784583475,2.148196473649561,0.6116697800025577,150000.0,2900.0,H0,0.0
0,34,8,known,3,100.0,300.0,150.0,1786.5402559673842,84.28602057614567,1784.5509107132373,1303.3210866070121,63.210337234199415,1301.787351321721,1.0,1.0,32.0,1127.5221938562386,223.50027905456287,73.02269265153555,882.0,882.0,2962.488235164379,128.8030552125413,2959.6868612161106,6013.4379954027145,-3050.9497602383353,10.14509610450773,-3052.5803328874035,0.046485260770975055,0.018140589569160998,11.27261594350546,8.675092834115112,11.250122102945436,8.641800369510122,3.4149354846259263,0.5187844880019838,150000.0,2900.0,H0,0.0
0,35,8,known,3,100.0,300.0,150.0,2783.8030460186055,129.97725368262562,2780.767036727023,1141.5696499311325,57.98591947196922,1140.0960041974004,1.0,1.0,28.0,2632.317921622041,95.67028852296582,61.6614069752076,882.0,882.0,2254.58693586627,144.0645674065719,2249.979478083481,6102.6952459207005,-3848.1083100544306,27.54010708825578,-3851.603211246448,0.048752834467120185,0.013605442176870748,11.550012491091195,8.893411182735242,11.524507077806579,8.858438869391797,2.535120539847628,0.584789639000519,150000.0,2900.0,H0,0.0
0,36,8,known,3,100.0,300.0,150.0,2574.6882680988247,96.33362732930952,2572.88544442447,1400.1753116849159,51.99758228377244,1399.2094749852836,1.0,1.0,38.0,2308.9200572425893,109.22424444537812,66.36377163160527,882.0,882.0,2674.490724458515,139.63646096246498,2670.842993136158,5816.027292222972,-3141.5365677644572,29.454037296822875,-3144.1405233836995,0.047619047619047616,0.013605442176870748,11.018651431859297,10.838626549035304,10.995761428825247,10.809435803681687,2.4675550101839785,0.4908675429978757,150000.0,2900.0,H0,0.0
0,37,8,known,3,100.0,300.0,150.0,2800.5078475171804,130.65864038480615,2797.458225550134,606.6283749054069,49.63300284997327,604.5945337732301,1.0,1.0,51.0,2664.8367253810798,94.74541805881222,94.9714311806112,882.0,882.0,2996.1445974379267,168.70955252069297,2991.390903182789,6660.613418677666,-3664.4688212397396,47.40467359524135,-3668.1178053795684,0.04195011337868481,0.01020408163265306,11.780963802466033,9.18414983916941,11.759361601414593,9.155052069594213,3.262299341698121,0.5598828449983557,150000.0,2900.0,H0,0.0
0,38,8,known,3,100.0,300.0,150.0,2723.3955588617064,111.14463015159079,2721.126649242209,1387.247556273739,73.47145872689646,1385.3005908971534,1.0,1.0,35.0,942.0779439628375,268.23922979714655,68.87854991982947,882.0,882.0,4862.041287090297,167.85524708717355,4859.142938152363,5502.559366901191,-640.518079810894,54.33070105830623,-642.2452288215854,0.013605442176870748,0.006802721088435374,11.703668547168437,6.484449141968174,11.68071855120057,6.435764321513707,7.4980020363218705,0.457146565997391,150000.0,2900.0,H0,0.0
0,39,8,known,3,100.0,300.0,150.0,2135.5545245242233,48.220040388120715,2135.010059676734,923.7177182497777,43.42797090613176,922.6962849993231,1.0,1.0,52.0,578.9565833194732,437.52943476865755,78.32145337313518,882.0,882.0,4016.7862819046427,129.6806624918453,4014.692386755553,5855.566254068578,-1838.7799721639353,15.782641309586225,-1839.766033675622,0.024943310657596373,0.007936507936507936,11.374933441434848,7.367973025985302,11.352585291200192,7.3273745165962625,5.451684293276151,0.5028966209974897,150000.0,2900.0,H0,0.0
0,40,8,known,3,100.0,300.0,150.0,1155.7189338002509,76.66027300832346,1153.1736454180168,862.9804284402311,66.62548323888501,860.4047099209012,1.0,1.0,78.0,758.9803755150915,331.7406832776312,72.92036419333883,882.0,882.0,6598.181667894336,153.9844718840837,6596.38462378866,6478.497340342432,119.68432755190406,32.07707170475797,119.03436503273042,0.009070294784580499,0.005668934240362812,11.681767569782233,8.408050723864196,11.659957498203479,8.374815551873843,7.847457020171168,0.6074713749985676,150000.0,2900.0,H0,0.0
0,41,8,known,3,100.0,300.0,150.0,2151.306789598291,118.12025729373698,2148.061569831872,1653.9541835068349,72.21373003421328,1652.3769601196655,1.0,1.0,32.0,1396.5762974813617,180.25048128932195,71.94479757788292,882.0,882.0,2695.1955937091807,117.43512658199002,2692.635935174686,5504.5906482229575,-2809.395054513777,0.36045371077761956,-2810.7095678330743,0.046485260770975055,0.007936507936507936,11.807333956650751,7.104357104677412,11.785825893947713,7.067913350008679,3.7937220131216387,0.633569677000196,150000.0,2900.0,H0,0.0
0,42,8,known,3,100.0,300.0,150.0,2140.1666837323596,50.9982541764106,2139.5589761044034,997.0130541935455,47.81445818117184,995.8658583469878,1.0,1.0,42.0,716.040212624107,351.2747295816943,60.51097668329405,882.0,882.0,4326.701915669556,131.81893443539678,4324.693426774078,5718.68635199084,-1391.9844363212842,15.736584242853041,-1392.814638845076,0.022675736961451247,0.0011337868480725624,11.648819180243699,7.682646964375664,11.627119331922358,7.646063602916927,5.631785419442567,0.6267252139987249,150000.0,2900.0,H0,0.0
0,43,8,known,3,100.0,300.0,150.0,3651.5273945842478,194.86559522751682,3646.3241371545473,1413.2019518745199,53.882500912572155,1412.174363482555,1.0,1.0,61.0,1401.175339452134,179.3955473480372,62.17017264815738,882.0,882.0,4324.719481403844,187.06742596591408,4320.671749968565,6238.765317210437,-1914.0458358065935,72.58004355413755,-1917.04300164491,0.01473922902494331,0.003401360544217687,11.709005964544794,5.720851937553182,11.687285814799019,5.6654776306665005,7.559572470343523,0.5681124559996533,150000.0,2900.0,H0,0.0
0,44,8,known,3,100.0,300.0,150.0,663.661852716945,34.5919228277784,662.7597254109253,569.094003085294,29.01693068380738,568.3537649046901,1.0,1.0,53.0,959.8099513377628,263.68277342043086,92.91709665638432,882.0,882.0,3473.46696859293,111.93611588033019,3471.662870710199,5775.911609095122,-2302.444640502192,-6.298954054571809,-2303.038453541757,0.03854875283446712,0.012471655328798186,11.556726907338145,9.814763409305089,11.534810441754967,9.788615685842178,3.539022616989257,0.5213037249995978,150000.0,2900.0,H0,0.0
0,45,8,known,3,100.0,300.0,150.0,4596.5815782018335,211.03488511019597,4591.73458317562,1304.9832268519772,50.40640980990626,1304.0093620120504,1.0,1.0,52.0,1762.794606372879,143.13707277508038,65.94525576528909,882.0,882.0,4782.541100060276,221.40235173294576,4777.413565143056,5932.562476561499,-1150.0213765012231,103.67855676244612,-1153.9807605111782,0.017006802721088437,0.0011337868480725624,11.495309764332902,4.5427787047672075,11.471918812199721,4.470932572806699,10.527787970480405,0.5009024649989442,150000.0,2900.0,H0,0.0
0,46,8,known,3,100.0,300.0,150.0,3169.188445518617,151.79986290708146,3165.550853300275,978.4369137274757,60.080304967734435,976.5905749594002,1.0,1.0,30.0,2841.1335499922175,89.36955687470329,80.55450711935183,882.0,882.0,2693.9743540454892,155.51804027612206,2689.481726913846,5857.134309792404,-3163.1599557469144,43.672712492999935,-3166.5846102787605,0.048752834467120185,0.012471655328798186,10.913562493017423,7.875189322631844,10.890450783790923,7.824897061573516,3.420837574410437,0.5193868520000251,150000.0,2900.0,H0,0.0
0,47,8,known,3,100.0,300.0,150.0,1879.4645742587516,95.71107209008503,1877.0259658760708,1105.1018258157742,60.16557017676543,1103.4627993669121,1.0,1.0,37.0,906.0899095283473,278.2553363688992,79.31632470916489,882.0,882.0,3098.050813155771,125.99870878295592,3095.4875490429877,5646.197170014872,-2548.1463568591016,7.576366381759016,-2549.467599716316,0.061224489795918366,0.022675736961451247,11.987190354115961,8.237820420542668,11.965902185186213,8.205371249936663,3.760765172095953,0.493270113998733,150000.0,2900.0,H0,0.0
0,48,8,known,3,100.0,300.0,150.0,1880.535315129462,70.52483083440973,1879.2124200539022,767.7515839798974,53.56495111527381,765.8807287793966,1.0,1.0,37.0,2044.0748780327635,123.31041521010185,79.63127207808672,882.0,882.0,2985.8057930023015,138.7431872500783,2982.580520542202,6182.55662072573,-3196.7508277234283,23.296852392409647,-3198.898146592992,0.048752834467120185,0.011337868480725623,11.05271376601875,12.47940255431639,11.029632002612809,12.455221361301284,2.3925871290765977,0.48125899299702724,150000.0,2900.0,H0,0.0
0,49,8,known,3,100.0,300.0,150.0,1093.0759229265414,55.31761801849696,1091.6752879947726,644.9392688089171,51.361500315681795,642.8908591177066,1.0,1.0,41.0,1657.9038494942286,152.4518378451847,63.225765974352186,882.0,882.0,3107.873877424805,120.28594469438191,3105.5452547803056,6225.083071605662,-3117.2091941808567,1.0376457637913745,-3118.395545998051,0.04081632653061224,0.009070294784580499,12.111895721455717,12.626246572601133,12.090787655919968,12.602219622892054,2.4614392405173438,0.5358620189981593,150000.0,2900.0,H0,0.0
0,50,8,known,3,100.0,300.0,150.0,1635.1621396580135,68.56734175357553,1633.7238881205787,1244.9176672476262,51.61985454697012,1243.8470118313671,1.0,1.0,42.0,883.3478623932809,285.3102004968502,66.02853001736516,882.0,882.0,2639.878654329942,109.04886639967839,2637.6253817257316,5480.143405194522,-2840.2647508645796,-0.10390280820676878,-2841.4308704468326,0.03741496598639456,0.003401360544217687,10.989612994269251,8.17293257946768,10.966728280245505,8.140479844855676,3.2300262221199953,0.47227537100116024,150000.0,2900.0,H0,0.0
0,51,8,known,3,100.0,300.0,150.0,2069.26231577591,92.72385909903285,2067.1837889854073,1302.901612878637,49.974066221953336,1301.942858019121,1.0,1.0,53.0,1698.3581094408028,148.5049978395505,47.977676137315335,882.0,882.0,2590.956827517913,137.95210203105967,2587.281681535063,5938.823353721562,-3347.866526203649,18.964291703155226,-3350.349557242064,0.048752834467120185,0.012471655328798186,11.060016491900381,9.964099468280903,11.037302323683484,9.923377409944454,2.600292014111064,0.6001694699989457,150000.0,2900.0,H0,0.0
0,52,8,known,3,100.0,300.0,150.0,1644.5489548847743,185.1624271757843,1634.0918397002586,1369.097215446021,103.26478500662996,1365.1972639584299,1.0,1.0,30.0,1070.4703030417513,235.85886112858708,85.03548421538186,882.0,882.0,3006.699711242751,138.30623131531922,3003.5170284129563,6293.6492089451895,-3286.9494977024383,20.036030167065718,-3289.02081611184,0.045351473922902494,0.009070294784580499,11.943226570556469,8.965631704365745,11.921641614055353,8.936654216898187,3.353583785712124,0.660371532998397,150000.0,2900.0,H0,0.0
0,53,8,known,3,100.0,300.0,150.0,1952.9574108794363,133.60383470298387,1948.3820631646065,1140.2045738321804,91.77547916660302,1136.5050512917066,1.0,1.0,36.0,2051.548129326207,123.75775216130394,63.133485845011684,882.0,882.0,2332.618064539157,133.04197967795548,2328.820917687269,6141.310959261101,-3808.692894721944,15.971103397269033,-3811.3740880326122,0.04081632653061224,0.01020408163265306,11.678312650930533,10.078954040334937,11.656637411258925,10.048849202443156,2.314345372748263,0.5091706970015366,150000.0,2900.0,H0,0.0
0,54,8,known,3,100.0,300.0,150.0,1875.0264483184278,27.33296093090323,1874.8272163429801,589.0983769282728,30.501156701805666,588.3082331052127,1.0,1.0,89.0,2120.654855844558,119.00429313732882,78.68291613090314,882.0,882.0,3700.939914550502,157.11057143623415,3697.6036184880686,6278.666666935509,-2577.726752385007,35.430510967045166,-2579.883862771554,0.04421768707482993,0.012471655328798186,12.049836780358463,11.26163607668402,12.028379850869062,11.233126931260891,3.286325263353956,0.5881595339997148,150000.0,2900.0,H0,0.0
0,55,8,known,3,100.0,300.0,150.0,1897.0305100922542,82.88778087463425,1895.218819029232,1268.8961000974014,59.43732624314974,1267.5032611758677,1.0,1.0,38.0,867.2502867578622,290.53442811990953,74.73283506338319,882.0,882.0,3281.600252571191,120.85850894541474,3279.3739400212958,6934.946900736124,-3653.346648164933,-0.8385877991111244,-3654.5050849310096,0.031746031746031744,0.012471655328798186,11.440954301143943,8.225415065677302,11.418506912732319,8.19257150563994,3.989586210991987,0.5598594950024562,150000.0,2900.0,H0,0.0
0,56,8,known,3,100.0,300.0,150.0,4870.949156154629,268.0350672247453,4863.568945186376,1504.7610694679,57.73631015032131,1503.6530167150945,1.0,1.0,49.0,2001.1545896890843,126.47297377591433,51.16652187248327,882.0,882.0,5641.025770553959,286.9589977129347,5633.722240019069,5875.693060421606,-234.667289867647,170.52795134024745,-240.81712504838924,0.01020408163265306,0.0045351473922902496,11.437277357627085,4.388925867566854,11.415209902946591,4.312577331904223,12.852861818058566,0.5671502250006597,150000.0,2900.0,H0,0.0
0,57,8,known,3,100.0,300.0,150.0,5227.945704441039,245.9028254611646,5222.159332020973,1145.071664384562,74.39953955099243,1142.6521015125431,1.0,1.0,144.0,2094.0822362219096,120.60164113091103,75.09893327820139,882.0,882.0,5367.397868229799,283.6914947287537,5359.895429175494,5910.326172459303,-542.9283042295037,163.22851240895415,-549.2029906130992,0.01473922902494331,0.0011337868480725624,11.371085002368634,3.9052183400009923,11.34848825144636,3.8192354049505504,13.744168445722385,0.7102257490005286,150000.0,2900.0,H0,0.0
0,58,8,known,3,100.0,300.0,150.0,3247.5741909887006,232.52509266627533,3239.2391401772816,1357.8337219777345,91.66796365647694,1354.7359155861272,1.0,1.0,29.0,1355.1090513344286,186.08591735329776,68.85196030261142,882.0,882.0,5225.031763474523,212.28274737428723,5220.717667570705,5074.010090623895,151.02167285062842,99.93306639643465,147.9515632704797,0.017006802721088437,0.0045351473922902496,11.403596057307457,5.936805881164291,11.3814104778606,5.8851444728071325,8.80108238009261,0.4979119449999416,150000.0,2900.0,H0,0.0
0,59,8,known,3,100.0,300.0,150.0,1552.7427638820732,64.62473640222349,1551.3973489190587,969.1783965277704,45.54511651094176,968.1076420822969,1.0,1.0,102.0,648.2867229817308,389.3227802037257,73.48783204451817,882.0,882.0,3739.196783691794,134.16979031359918,3736.788869408902,5544.91374664522,-1805.7169629534264,16.2288548645067,-1806.870426893543,0.02834467120181406,0.005668934240362812,11.961083390112051,8.75399211781992,11.939673726781773,8.722059344333825,4.271418951908992,0.6457329889999528,150000.0,2900.0,H0,0.0
0,60,8,known,3,100.0,300.0,150.0,3042.924253676147,127.64689016219513,3040.245760632265,1389.677544978123,59.75627192294111,1388.39218774174,1.0,1.0,44.0,2658.6840784563337,94.92324580606287,55.85111660385202,882.0,882.0,2687.1062713302467,158.28734834400024,2682.4401631306837,6099.558792557286,-3412.4525212270396,37.368616908184904,-3415.9199544952708,0.034013605442176874,0.01020408163265306,11.320928453964708,9.23841904589359,11.298096531746973,9.203242935185463,2.9086213322664185,0.5870704730004945,150000.0,2900.0,H0,0.0
0,61,8,known,3,100.0,300.0,150.0,3032.885413877969,133.55979982380717,3029.9431865275565,1304.524968608844,79.17798582732122,1302.1199024222897,1.0,1.0,37.0,1167.7288339990723,215.7617886041244,54.43393294127402,882.0,882.0,3164.988122248231,159.58905176611785,3160.962060596232,6056.306808750512,-2891.318686502281,38.5851939475063,-2894.1358104633955,0.046485260770975055,0.011337868480725623,11.943844615598405,6.364790906018113,11.922218742316181,6.317683427419542,4.97265058504221,0.4920926880004117,150000.0,2900.0,H0,0.0
0,62,8,known,3,100.0,300.0,150.0,1389.5991819707517,67.72943991408285,1387.9476249133854,798.4529623094463,51.94578173904108,796.7614252586842,1.0,1.0,55.0,1707.5248027917503,147.8884567289641,68.85950656132962,882.0,882.0,3862.5183247905074,137.83314271765602,3860.0582682274426,5846.755934732628,-1984.2376099421203,18.670581496030394,-1985.4832160436517,0.03741496598639456,0.007936507936507936,11.954842033421386,12.49849389045723,11.931884155118416,12.473091537925997,3.0903870167425476,0.5397698490014591,150000.0,2900.0,H0,0.0
0,63,8,known,3,100.0,300.0,150.0,1989.6023946865726,98.67153255760005,1987.1541504385812,1140.8727702056199,59.053239793210665,1139.3434041879432,1.0,1.0,51.0,856.7027063102676,294.0419149774994,78.11557372808268,882.0,882.0,3858.6535944961797,141.69969945392415,3856.050927761841,5402.652620885014,-1543.999026388834,26.436885122349807,-1545.3720167582478,0.036281179138321996,0.006802721088435374,11.58339744765637,7.804510022561708,11.561591060901709,7.768460326348904,4.944133050430291,0.549486659001559,150000.0,2900.0,H0,0.0
0,64,8,known,3,100.0,300.0,150.0,1365.424994705948,77.3421692006898,1363.2327772728581,1078.759117143487,44.693172727063676,1077.8328966643132,1.0,1.0,34.0,1456.752353419433,173.3266445439939,56.11803117420666,882.0,882.0,2829.203146888424,121.4402926881461,2826.595602783528,6274.5203315725,-3445.3171846840764,-2.2178519807890353,-3446.7060840934637,0.04421768707482993,0.009070294784580499,11.947665628271583,9.948594876558658,11.926285267166513,9.921120398731073,2.843821848203633,0.46688701799939736,150000.0,2900.0,H0,0.0
0,65,8,known,3,100.0,300.0,150.0,1809.6666393095497,121.64947269689705,1805.5732472604057,1304.696239488056,60.684002782711794,1303.2842088894283,1.0,1.0,47.0,1012.0598853138989,249.36705504979557,68.84232429995937,882.0,882.0,3967.170322651057,142.49213312371296,3964.610492964113,5967.995077854375,-2000.824755203318,27.459430398581333,-2002.2758581069215,0.024943310657596373,0.007936507936507936,11.377036161056896,8.324205695931862,11.354676474060714,8.286709733174924,4.765824473306637,0.5009669589999248,150000.0,2900.0,H0,0.0
0,66,8,known,3,100.0,300.0,150.0,1648.9803840245586,88.02055193950108,1646.6294936427093,1107.768245957871,57.59026612071891,1106.270241849035,1.0,1.0,31.0,845.4438823738772,298.674578429743,74.72662301997,882.0,882.0,3255.163199168804,122.76253063566658,3252.847493242622,6243.736752421635,-2988.573553252831,5.556305521153064,-2989.7890758950584,0.034013605442176874,0.01020408163265306,11.37497757737244,8.5327903806915,11.351614826891083,8.500225719236738,3.8148871048499897,0.49497387599694775,150000.0,2900.0,H0,0.0
0,67,8,known,3,100.0,300.0,150.0,1801.2366878753992,38.81704575584979,1800.8183813775133,763.2932022273677,35.28514904852988,762.477193641313,1.0,1.0,47.0,2017.6312712625452,125.26768317404954,74.23910086495577,882.0,882.0,2551.194305644787,130.3879395672631,2547.860155183128,6433.260156338183,-3882.065850693396,12.64183994868364,-3884.32237449939,0.047619047619047616,0.005668934240362812,11.237061338854257,11.329803310399388,11.214273887311526,11.300698719756186,2.251755159158941,0.5504065380009706,150000.0,2900.0,H0,0.0
0,68,8,known,3,100.0,300.0,150.0,2843.912090180115,122.36839398524033,2841.2782251701615,759.0922405460626,51.082212610581536,757.371531820446,1.0,1.0,68.0,2693.788186981458,93.49932445675402,99.08946886263179,882.0,882.0,2880.0890866321606,160.9864624343761,2875.5862890635954,5972.594959800736,-3092.505873168576,45.29892527640574,-3095.888147587999,0.05102040816326531,0.005668934240362812,11.331522734319645,8.462177120397438,11.305115705316975,8.416813998985736,3.403484760074241,0.5682167890008714,150000.0,2900.0,H0,0.0
0,69,8,known,3,100.0,300.0,150.0,1405.650970315837,60.15672764091738,1404.363136254078,1331.7349484159195,39.871092553963,1331.1379600968885,1.0,1.0,27.0,1482.8159447281162,170.11284107571979,75.12637396117549,882.0,882.0,2199.898203668245,114.47292042722378,2196.9178539471236,6452.968047582702,-4253.069843914456,-6.523989401366478,-4254.915712639606,0.05895691609977324,0.015873015873015872,11.761461220221868,9.141446511752408,11.739805703692433,9.108420703818052,2.4065099553336733,0.5159888939997472,150000.0,2900.0,H0,0.0
0,70,8,known,3,100.0,300.0,150.0,692.5367838720309,49.48392971202265,690.7666304303297,493.6239273997941,47.68158182548885,491.31563017699364,1.0,1.0,70.0,1293.4273834929136,195.73279793626762,102.05331259979674,882.0,882.0,3820.3556590862886,114.84565859885939,3818.629051978422,6226.285263896511,-2405.929604810223,0.23793797506412773,-2406.601325910277,0.03968253968253968,0.003401360544217687,11.022340095482438,12.266535511988689,10.999454100601481,12.243978892210642,3.1144536738612683,0.6135237950002193,150000.0,2900.0,H0,0.0
0,71,8,known,3,100.0,300.0,150.0,3467.6203045628213,178.973113889316,3462.998585203453,1690.2889476568107,61.32205931715561,1689.1762287019883,1.0,1.0,36.0,1433.0769621913798,176.1916061398024,58.99566408161596,882.0,882.0,4843.529177059299,195.19565753933892,4839.594357412872,6088.763650529226,-1245.2344734699263,75.62121736881144,-1247.9950460590717,0.011337868480725623,0.0022675736961451248,11.895030625925955,5.221075337821687,11.872989314107372,5.165411889837731,9.27688045788685,0.5687385299970629,150000.0,2900.0,H0,0.0
0,72,8,known,3,100.0,300.0,150.0,1739.9610364245486,54.65717687080219,1739.1023550360985,419.03594104370404,39.89658834079284,417.1323316708355,1.0,1.0,103.0,0.016896566011043408,14933601.117911391,82.8448521159041,882.0,882.0,418230621.42702883,11705720.993687611,418066775.5218736,6054.459703594823,418224566.9673252,11705602.98255421,418060722.21239245,0.0,0.0,11.271959876454833,7.875779740657104,11.249504599017945,7.838946233062263,531033.9232419092,0.6121178670000518,150000.0,2900.0,H0,0.0
0,73,8,known,3,100.0,300.0,150.0,1929.5751429239879,96.51268779819318,1927.1599656707529,1254.3015968742354,75.13756056435382,1252.0490577104774,1.0,1.0,36.0,2036.8687364514165,124.1328265474647,64.73405244695881,882.0,882.0,2832.971783335282,138.2101609762251,2829.5983949275937,6005.861926545836,-3172.8901432105536,20.847297848346756,-3175.1167056488925,0.03854875283446712,0.005668934240362812,11.566953267350758,10.369254681280701,11.545033427430234,10.342959849404327,2.732088149449699,0.4893757130012091,150000.0,2900.0,H0,0.0
0,74,8,known,3,100.0,300.0,150.0,1415.1184353957278,45.4940996461919,1414.386960168339,1106.312129980079,32.776404886421076,1105.8264946291442,1.0,1.0,34.0,1670.4368897679155,150.97703066012147,66.34263800991438,882.0,882.0,2340.144692940743,120.9599178665763,2337.016448844217,5345.400133437203,-3005.2554404964603,6.510362780154267,-3007.158313070947,0.05895691609977324,0.005668934240362812,11.356371816979383,10.821711164536,11.333977752570554,10.797595362891336,2.1624534764979386,0.5115232819989615,150000.0,2900.0,H0,0.0
0,75,8,known,3,100.0,300.0,150.0,1094.5959830039328,67.68642531173411,1092.5012191466265,633.6684592886647,55.37983179351406,631.2438439523922,1.0,1.0,76.0,635.4965473437757,399.1608011243244,81.78052807760069,882.0,882.0,5003.205284225671,126.09316092681364,5001.6161019085785,5594.807578538865,-591.6022943131939,10.675477537305952,-592.0008495135435,0.024943310657596373,0.009070294784580499,11.588389872418459,8.799459007767283,11.566506489071724,8.76854348929827,5.685810093335672,0.5074390260015207,150000.0,2900.0,H0,0.0
0,76,8,known,3,100.0,300.0,150.0,2898.0678364678784,133.45540012900355,2894.9934094823116,1468.0743340160143,60.104085014158855,1466.8434644368754,1.0,1.0,28.0,2594.3092693076474,97.24263164781186,80.7278827457724,882.0,882.0,2714.5747763223517,138.7824252568335,2711.02483475998,5659.806108280925,-2945.2313319585737,25.31381279160668,-2947.6437416208,0.048752834467120185,0.013605442176870748,11.752816777826068,8.65720292058365,11.730867980416445,8.617580218485553,3.135625676357995,0.4852488659998926,150000.0,2900.0,H0,0.0
0,77,8,known,3,100.0,300.0,150.0,4579.743082668149,224.12460968671328,4574.255662135594,1923.4122427274438,57.41593555870195,1922.5550878499514,1.0,1.0,38.0,1940.8716796202518,130.10842964059125,65.51375866866175,882.0,882.0,4448.49475136418,187.58309030472185,4444.538011666274,5744.0690861535195,-1295.5743347893394,74.25774669513252,-1298.413061867289,0.02040816326530612,0.006802721088435374,11.382848452476637,5.102946572757167,11.359412507493078,5.038903790805638,8.717502109689185,0.49270205100037856,150000.0,2900.0,H0,0.0
0,78,8,known,3,100.0,300.0,150.0,2438.62711052616,135.00901631395536,2434.8870096386618,1339.1454989859883,72.38002750199323,1337.1880193425466,1.0,1.0,65.0,2189.4196223334393,115.42005427261346,78.38856606881892,882.0,882.0,3195.223941168911,159.99663344759406,3191.215616580056,5674.055035846813,-2478.8310946779015,45.52842181505852,-2481.6846626725437,0.035147392290249435,0.006802721088435374,11.454044315203635,9.445091470084895,11.430187889195265,9.409408556564756,3.382946529728199,0.5532340209974791,150000.0,2900.0,H0,0.0
0,79,8,known,3,100.0,300.0,150.0,2123.287174287857,120.3039208851795,2119.8762678786143,1325.4111974840496,67.22048422841618,1323.705499314783,1.0,1.0,40.0,796.5839239066704,317.13699730011075,66.25219373089286,882.0,882.0,4519.7392579497655,158.74121768495928,4516.950761925593,6088.392652611575,-1568.6533946618092,42.18999512440506,-1570.326207696723,0.01927437641723356,0.0022675736961451248,11.653476554758083,7.18358917102398,11.631381754341277,7.145660550264026,6.291756321729493,0.571847153998533,150000.0,2900.0,H0,0.0
0,80,8,known,3,100.0,300.0,150.0,1439.3881896679081,78.6329762588004,1437.2387469032906,846.3033249573492,39.9233482057567,845.3611323581813,1.0,1.0,37.0,1795.4532513382119,141.18502883372759,66.10156686068389,882.0,882.0,2803.0436565894197,130.74790091072924,2799.9926298391615,5965.631306948642,-3162.5876503592226,12.78490716600136,-3164.4722768018805,0.035147392290249435,0.013605442176870748,11.602769655394091,11.83378393251591,11.580810223490749,11.810961030892702,2.3686790907914452,0.516336365002644,150000.0,2900.0,H0,0.0
0,81,8,known,3,100.0,300.0,150.0,707.3740927282453,87.26749829427602,701.9704344233927,661.1611147893203,70.969400072111,657.3411321093953,1.0,1.0,86.0,1219.310356438052,206.64536116565267,78.16610888075249,882.0,882.0,4502.566341397926,116.77025283096627,4501.05191780136,6195.649975809109,-1693.0836344111822,0.3247292938783062,-1693.5036806892676,0.030612244897959183,0.011337868480725623,12.056837399680465,11.666568844239212,12.035560553056875,11.641593035419742,3.859374938348931,0.5918724929979362,150000.0,2900.0,H0,0.0
0,82,8,known,3,100.0,300.0,150.0,2023.8048629678083,132.02387833960273,2019.4939511967643,1400.2865927810835,67.89021424993106,1398.6398609833607,1.0,1.0,42.0,1856.3719126866238,136.52240363902692,72.91964580052522,882.0,882.0,2910.662075888027,134.3972540386826,2907.557582941336,5622.820709961801,-2712.158634073774,20.888777306720357,-2714.117306456425,0.047619047619047616,0.011337868480725623,11.279749613567695,10.166542495869368,11.257172880433334,10.132564925893071,2.8629812712341676,0.5302744750006241,150000.0,2900.0,H0,0.0
0,83,8,known,3,100.0,300.0,150.0,3967.54756920555,238.2034475611345,3960.3904897722978,1684.6084780576778,92.22439542366882,1682.0821576940125,1.0,1.0,41.0,3293.0001265164638,76.6072872918152,102.24864042488694,882.0,882.0,2871.2325632722614,147.58778950728194,2867.436882789812,5838.965221352678,-2967.7326580804165,32.87446787332712,-2970.4013909212567,0.05328798185941043,0.007936507936507936,11.881908782542418,8.114945230279599,11.856551580220156,8.062405739561644,3.5382032555915766,0.6108285379996232,150000.0,2900.0,H0,0.0
0,84,8,known,3,100.0,300.0,150.0,2587.6061805081276,147.60833048644594,2583.3926387939687,995.081266697114,70.42496067954718,992.5860427412915,1.0,1.0,75.0,826.0349134581418,305.68577746975376,51.12012093228333,882.0,882.0,3760.5755877480974,156.9734026475483,3757.297978871013,5872.443541973322,-2111.8679542252244,40.53930370516183,-2113.9911686899927,0.023809523809523808,0.006802721088435374,11.854491936845326,6.930529250624483,11.832929964168317,6.8875286605120705,5.426101603148485,0.5258649710012833,150000.0,2900.0,H0,0.0
0,85,8,known,3,100.0,300.0,150.0,2393.5188854321373,118.57111346376186,2390.580169325485,1328.276617891647,53.782916926565285,1327.1873158995088,1.0,1.0,27.0,1099.1796408403168,230.05039133980137,59.450799805546524,882.0,882.0,3498.281593972542,136.48226920508492,3495.6182144106783,5788.4266639161315,-2290.1450699435895,20.66611802893469,-2291.649695636512,0.02040816326530612,0.0011337868480725624,11.728923712593359,7.491159664490054,11.707308887311333,7.449505307553924,4.669879899310197,0.48746990300060133,150000.0,2900.0,H0,0.0
0,86,8,known,3,100.0,300.0,150.0,1620.6853203796002,53.57711129164456,1619.7994940237418,429.68940718121246,36.92531333388443,428.09988072754265,1.0,1.0,1559.0,96.10501433375431,2626.9032876668625,68.17708448929704,882.0,882.0,43012.74791503317,1131.997856937085,42997.849528250605,6008.494105985254,37004.25380904792,1017.403384216578,36990.44829905994,0.0011337868480725624,0.0,11.206302403124518,8.178279149376413,11.183706807768235,8.143824843775413,52.59388574222592,3.0553191500002868,150000.0,2900.0,H0,0.0
0,87,8,known,3,100.0,300.0,150.0,1442.004216185251,52.38480611527727,1441.0523902982516,1346.9400854793807,44.92043572893133,1346.1908290896667,1.0,1.0,42.0,1590.4971834597256,158.74155653994495,77.62964532123843,882.0,882.0,2147.5214231762875,115.30654960525419,2144.4236201411413,6588.4264166524645,-4440.904993476177,-7.205900624470786,-4442.8636323765995,0.06349206349206349,0.01927437641723356,12.508325979843246,9.854904496644874,12.486053191267132,9.826238984262766,2.1791397612299708,0.5067745300002571,150000.0,2900.0,H0,0.0
0,88,8,known,3,100.0,300.0,150.0,2375.6036786914215,102.06252207930497,2373.4102215586386,1246.0896696063755,69.20535793938213,1244.1664209952817,1.0,1.0,80.0,2305.038797982055,109.3994787906243,84.09812818948137,882.0,882.0,2851.3605763242645,152.49587466701237,2847.279779794354,5866.404342746382,-3015.0437664221176,30.209764636805787,-3017.849887986852,0.047619047619047616,0.01020408163265306,12.006759855914376,10.49157185067823,11.985336430416842,10.452487579704572,2.7177629976769757,0.44980026799748885,150000.0,2900.0,H0,0.0
0,89,8,known,3,100.0,300.0,150.0,2442.3487154778268,134.58923588827082,2438.637526484656,855.9250712836812,56.41262324248925,854.064016096496,1.0,1.0,35.0,712.9047826189848,353.67696388030055,48.740800241621145,882.0,882.0,6288.291491142781,224.64119111350374,6284.277700168396,5632.077537990944,656.2139531518369,107.22121099507609,653.4243063912927,0.015873015873015872,0.003401360544217687,11.897364570856638,7.021267140423813,11.87594284518724,6.979790268536816,8.95606357852268,0.43028377600057865,150000.0,2900.0,H0,0.0
0,90,8,known,3,100.0,300.0,150.0,2832.3390612570656,121.85556103619858,2829.716554739557,660.1370185367604,56.39515471958418,657.7237032118861,1.0,1.0,33.0,2708.660660935864,93.30985354411781,69.86129988954224,882.0,882.0,2568.1750301326306,158.5442754987704,2563.276555134718,5633.573222331117,-3065.3981921984864,41.48865816426735,-3069.0804322921836,0.05555555555555555,0.013605442176870748,11.754716995382733,9.116954673466417,11.732717407506001,9.077705818828894,2.8169220119158145,0.5732984970018151,150000.0,2900.0,H0,0.0
0,91,8,known,3,100.0,300.0,150.0,1910.2797880233757,46.83414935697819,1909.7055875146411,801.873599815096,52.87757141421093,800.128260044448,1.0,1.0,90.0,549.7657927306198,459.5964555301544,81.71508412476066,882.0,882.0,5617.1246848963465,159.2183025552905,5614.867697266187,5940.441019997601,-323.3163351012545,45.132689020629215,-324.4777199371738,0.01473922902494331,0.0,11.1926913339549,7.232897838158431,11.170104652281236,7.195131217830213,7.766077733411652,0.5805399870005203,150000.0,2900.0,H0,0.0
0,92,8,known,3,100.0,300.0,150.0,1166.65672420896,116.12819201390151,1160.862677133503,760.2147327712031,72.18337411564596,756.7800211578477,1.0,1.0,71.0,1588.1284530326477,159.04315382415453,74.51072873793524,882.0,882.0,2844.898268292435,134.60917638354292,2841.711900697648,6427.705799942963,-3582.8075316505274,9.999670759963251,-3584.7859264029457,0.049886621315192746,0.011337868480725623,11.384089734445649,11.427328238486918,11.361815968934163,11.400099641467762,2.48955679658426,0.7170315729999857,150000.0,2900.0,H0,0.0
0,93,8,known,3,100.0,300.0,150.0,2289.5394423475122,70.95767300666671,2288.439613952362,827.7885547568221,61.723243741402605,825.4841806893866,1.0,1.0,119.0,575.1232187888556,437.2520828824042,92.72821301626703,882.0,882.0,4400.64421506558,149.90667911083503,4398.090209982978,5621.471109051365,-1220.8268939857844,33.75843183403285,-1222.1808701833252,0.026077097505668934,0.007936507936507936,11.85240542960845,7.131671262639385,11.830783626878253,7.0923600498527914,6.170565149461097,0.8900418960001844,150000.0,2900.0,H0,0.0
0,94,8,known,3,100.0,300.0,150.0,2319.473038388485,69.90271441748601,2318.4194586675158,826.4920136921149,40.00979818691647,825.5230249641068,1.0,1.0,66.0,2246.218301474214,112.22592698392006,74.36445508741654,882.0,882.0,3389.9210136439365,160.4221923423651,3386.1230336402136,6534.118665071035,-3144.1976514270987,44.930850242880084,-3146.9748899431875,0.03854875283446712,0.011337868480725623,11.120675193607404,10.325516566870117,11.094967076021579,10.295261284900835,3.2830522247387117,0.6962354679999407,150000.0,2900.0,H0,0.0
0,95,8,known,3,100.0,300.0,150.0,1690.18116011669,111.99561681583347,1686.4665237790643,1307.0924736641834,51.840400654982695,1306.064051863263,1.0,1.0,34.0,1250.2879927382846,202.53258538606977,67.29692288776661,882.0,882.0,2696.022059449477,121.88372330899817,2693.2655463267142,6090.350773518434,-3394.3287140689567,3.6259758571289495,-3395.936999956682,0.049886621315192746,0.013605442176870748,11.981256634752512,8.430837883610781,11.959857072852103,8.398884505737458,3.197810344201302,0.44226657599938335,150000.0,2900.0,H0,0.0
0,96,8,known,3,100.0,300.0,150.0,1550.039366808871,99.27328708956459,1546.857088786058,1441.2710563111086,72.57325107990512,1439.4427327920455,1.0,1.0,86.0,1173.7034838898317,215.24981774592163,91.38177198087295,882.0,882.0,2204.406497835438,117.73161291618831,2201.2603832848254,6062.610248129606,-3858.2037502941675,1.3012591986309587,-3860.2317592044583,0.06462585034013606,0.015873015873015872,11.600342981340475,9.06096003732127,11.578441319129144,9.030392558358065,2.4328619580659097,0.5061289400000533,150000.0,2900.0,H0,0.0
0,97,8,known,3,100.0,300.0,150.0,1591.939055407616,96.42681244358761,1589.0159929887623,687.1596972030504,54.53237880611686,684.992459171584,1.0,1.0,33.0,1969.735770821784,128.38896557388378,68.91550454659274,882.0,882.0,3405.78590455478,141.83992944251827,3402.8310363695346,5973.8736222778525,-2568.0877177230727,21.815713443413344,-2569.8367295890675,0.04081632653061224,0.012471655328798186,11.991951231642005,11.95111194484356,11.970510046734054,11.924725409718237,2.8497648756643468,0.40559451000081026,150000.0,2900.0,H0,0.0
0,98,8,known,3,100.0,300.0,150.0,2314.085068059156,84.41208196715583,2312.5449839154094,1429.7101108691897,71.52692514874505,1427.919780695105,1.0,1.0,32.0,2323.030841014161,108.84805940627614,72.40844375005086,882.0,882.0,2695.9672430329774,139.9782122101531,2692.3308629537496,6104.600099501225,-3408.632856468247,21.075372172971868,-3411.111156879113,0.032879818594104306,0.009070294784580499,11.927374933659502,8.660740011589672,11.9060512004919,8.623666737472323,3.112860147545446,0.37638758400134975,150000.0,2900.0,H0,0.0
0,99,8,known,3,100.0,300.0,150.0,2590.4902393912757,145.78886530807787,2586.3845976833477,1366.821027988928,77.67408025201449,1364.6122012534233,1.0,1.0,38.0,2312.2965810824307,109.09900509230054,77.56429304086997,882.0,882.0,3021.5693590929836,135.83670184405682,3018.514499259812,5281.257245144875,-2259.6878860518914,26.272953592937924,-2261.6061314137337,0.047619047619047616,0.015873015873015872,11.287168246302077,8.926590629983739,11.264717415264624,8.890198773182728,3.384908622272609,0.40848031299901777,150000.0,2900.0,H0,0.0
1,0,8,known,3,100.0,300.0,150.0,2428.9784521662978,65.50863687221286,2428.0949198050985,1211.3762773662274,35.19137305861959,1210.865001818084,1.0,1.0,27.0,2383.796818872392,106.02056385516812,70.37670299827425,882.0,882.0,2487.180517582082,133.090918681364,2483.617066780711,2606.3572006432946,-119.17668306121277,23.76414989566932,-120.44620337461083,0.07142857142857142,0.02040816326530612,9.605579455791931,9.463762887677518,9.575773516733598,9.428918869021214,2.6281095026382846,0.41329438100001425,150000.0,2900.0,H1,1250.0
1,1,8,known,3,100.0,300.0,150.0,3348.562201122088,152.54522299092122,3345.0857641809803,1491.9722596944812,47.78912290243563,1491.206700437626,1.0,1.0,44.0,2782.4894491354435,90.64221128158115,79.06800852886681,882.0,882.0,2525.6929102574823,148.71199397694042,2521.3110517689624,2825.202999550144,-299.51008929266163,41.43672712645869,-301.8545483666885,0.05215419501133787,0.01473922902494331,9.529454819668981,7.7108519172663215,9.500174232243422,7.661164444192867,3.275504363664268,0.390022006999061,150000.0,2900.0,H1,1250.0
1,2,8,known,3,100.0,300.0,150.0,758.0297053748553,47.455579857638625,756.542795994427,740.5826675530507,42.711542721632206,739.3499926275313,1.0,1.0,36.0,1496.2566122722692,168.26198047723875,77.6263385686028,882.0,882.0,2182.5620584529665,116.05155731202518,2179.474518099238,2881.9336055879503,-699.3715471349838,3.5296391825301328,-700.261602616968,0.049886621315192746,0.012471655328798186,9.666802639522679,8.14968819131203,9.639280813770355,8.118607077453806,2.6780927162092967,0.43047401100193383,150000.0,2900.0,H1,1250.0
1,3,8,known,3,100.0,300.0,150.0,3474.5207659038265,125.39464598450057,3472.257296839526,1245.1164323707483,37.47224854021865,1244.5524339090741,1.0,1.0,33.0,1119.9829091863912,225.13374372271608,102.74794107206837,882.0,882.0,4780.187995873321,181.66892561232058,4776.734624966962,2783.1375294322693,1997.0504664410514,75.80823817779589,1995.61110692785,0.01473922902494331,0.005668934240362812,9.559995310042975,4.837540227975426,9.532885478956292,4.775457467904586,9.881443400159366,0.4332721049977408,150000.0,2900.0,H1,1250.0
1,4,8,known,3,100.0,300.0,150.0,2337.502484562626,118.29051171048184,2334.507489852136,727.0246307259976,65.51445049978523,724.0667582882011,1.0,1.0,32.0,2420.9020428087724,103.88929427643238,60.55728990938758,882.0,882.0,2915.157569323325,142.9226134008481,2911.6518989332753,2751.58982695135,163.56774237197487,35.35069369028409,162.1656091198588,0.05668934240362812,0.015873015873015872,9.758529025400112,10.813652093939773,9.729238151567802,10.782425406495959,2.6958122417837433,0.48037230800036923,150000.0,2900.0,H1,1250.0
1,5,8,known,3,100.0,300.0,150.0,1257.2251168408561,72.39743017444253,1255.1388793753626,916.5808610230741,57.58585929326228,914.7701042356252,1.0,1.0,30.0,1631.0733013777988,154.2810200672057,82.0272798363138,882.0,882.0,2183.4998336082476,120.50686064800556,2180.1719243912867,2599.633978555977,-416.1341449477295,9.649557697094949,-417.09731094902145,0.06462585034013606,0.01473922902494331,9.902835200444677,8.832442198258196,9.87283293139636,8.799466970020118,2.472136001115122,0.454711716996826,150000.0,2900.0,H1,1250.0
1,6,8,known,3,100.0,300.0,150.0,1467.1418248208781,48.919347145246306,1466.326031827035,1386.2700476422883,44.61629543729131,1385.551886856499,1.0,1.0,41.0,1276.8689610745053,197.8899386761245,81.63024290904765,882.0,882.0,2121.7163285927772,111.22189134978765,2118.7991575186616,2554.8874634198105,-433.17113482703326,1.7578119821345126,-433.7422360865244,0.07142857142857142,0.015873015873015872,9.592907291664627,9.677072123939329,9.565334996223832,9.647914740644218,2.192518874943625,0.5349459940007364,150000.0,2900.0,H1,1250.0
1,7,8,known,3,100.0,300.0,150.0,3312.683711247427,88.52079786766292,3311.500783498155,1139.900926228873,52.353140798545915,1138.6980593054377,1.0,1.0,107.0,993.2957604309476,253.9470207286796,97.18862703827112,882.0,882.0,5356.630322749728,240.83085971359387,5351.21377928517,2752.765467786052,2603.8648549636764,131.12164477439526,2600.635365788695,0.015873015873015872,0.003401360544217687,9.459316167695123,5.697659509767576,9.432480545334439,5.644768883496486,9.40145741170876,0.7145813850002014,150000.0,2900.0,H1,1250.0
1,8,8,known,3,100.0,300.0,150.0,1320.1803216600867,70.86935919550997,1318.276759874704,1159.29751279258,65.09484765527493,1157.4685239676276,1.0,1.0,37.0,1123.967035706104,224.116290070434,76.69334326775267,882.0,882.0,2520.9128123534438,109.04104071453185,2518.553445715941,2973.8065362638336,-452.8937239103898,-0.8806134250637285,-453.2208635270599,0.05102040816326531,0.015873015873015872,9.503307476409585,7.555446296786942,9.474676380917991,7.513496201773171,3.3365505005647345,0.5424209580014576,150000.0,2900.0,H1,1250.0
1,9,8,known,3,100.0,300.0,150.0,1724.5926747587291,90.04803732002664,1722.2401820902562,463.3059491429756,56.87326308936157,459.8019513408373,1.0,1.0,40.0,2187.6381438445933,115.30260649289593,107.76724451194794,882.0,882.0,2645.97945804909,136.87837905879664,2642.4366788560883,2782.1347502420203,-136.15529219293012,25.463909580316468,-137.46630227383912,0.04081632653061224,0.009070294784580499,9.865688116734741,10.226237996649232,9.836402414611623,10.192358340781407,2.5874416954857518,0.4435255979988142,150000.0,2900.0,H1,1250.0
1,10,8,known,3,100.0,300.0,150.0,1459.0892462227175,87.11742118328651,1456.486176854814,1023.1006921411973,50.91270109858467,1021.8331190202455,1.0,1.0,29.0,1818.0719343556877,139.51205857001656,47.68953003135536,882.0,882.0,1967.1248877585133,114.55043163965469,1963.7867813614878,2613.9840023122338,-646.8591145537205,11.709021663899776,-648.1734037750473,0.06689342403628118,0.007936507936507936,9.678192087606547,8.95676143958685,9.64914401411069,8.923361129050862,2.1962457089280822,0.4815813569985039,150000.0,2900.0,H1,1250.0
1,11,8,known,3,100.0,300.0,150.0,1752.6543150106634,85.6643186802583,1750.5595598066766,1073.260910464219,61.68979629278833,1071.4865145972856,1.0,1.0,70.0,1165.1925940320116,215.66223952317932,62.77342894107826,882.0,882.0,2610.609263272853,128.98741185894679,2607.420751061853,2787.1804579036243,-176.57119463077152,19.574357860661465,-177.6113292802438,0.05668934240362812,0.015873015873015872,9.526285535672233,7.576572057855849,9.496216838778473,7.537570565693516,3.445633781791879,0.5489060339969001,150000.0,2900.0,H1,1250.0
1,12,8,known,3,100.0,300.0,150.0,1289.7091737640833,66.43837361630685,1287.9967761615144,538.9681775513845,34.18518750614496,537.8829513641705,1.0,1.0,22.0,1882.1255223113972,134.47421175466255,86.50643967879185,882.0,882.0,2234.5163325694466,126.34564936994805,2230.941509185056,2546.447458486167,-311.93112591672025,16.185863628964853,-313.1220671502838,0.05442176870748299,0.01473922902494331,9.236935325952242,9.662499109483552,9.209674401219758,9.634479966682377,2.312565628468015,0.548523376997764,150000.0,2900.0,H1,1250.0
1,13,8,known,3,100.0,300.0,150.0,3028.88512748578,108.47880812340361,3026.9419326595403,1272.9504852204536,52.29471750870277,1271.8758588571736,1.0,1.0,37.0,2493.0398610867646,101.34683927038566,64.70905807291301,882.0,882.0,3157.010223869551,158.85182171636006,3153.0112039690357,2949.352025037635,207.6581988319158,49.35916797745061,205.69229920647012,0.04195011337868481,0.011337868480725623,9.35118510041707,9.14707736868609,9.322034901689353,9.104611091309422,3.4513868163804897,0.6166651179992186,150000.0,2900.0,H1,1250.0
1,14,8,known,3,100.0,300.0,150.0,1449.0932113564386,75.10319427792523,1447.1456890750733,827.9172141589098,51.78545263768299,826.2960609828419,1.0,1.0,64.0,1795.0990353585755,140.6119767077651,80.76308293370126,882.0,882.0,3267.2530509951503,139.17471480143226,3264.2875023497945,2825.0085481000524,442.24450289509787,29.611666121129446,441.4043600284117,0.036281179138321996,0.01020408163265306,9.520970348439128,11.958150945334246,9.490444553046725,11.920191594409152,2.732239345306095,0.5678771159982716,150000.0,2900.0,H1,1250.0
1,15,8,known,3,100.0,300.0,150.0,1593.3233945938116,91.02321808336274,1590.7212871932327,665.905684364664,43.99214446781246,664.4509550706468,1.0,1.0,24.0,2057.7077330500156,123.5958713833992,56.19307854272186,882.0,882.0,1996.2650576799833,121.70993335484802,1992.551347553389,2435.6886918011496,-439.4236341211663,14.805199221712215,-440.79013715193696,0.06462585034013606,0.01473922902494331,9.181639348257734,9.51055299994957,9.15157570147585,9.47631399109834,2.0989999821152026,0.5309406319975096,150000.0,2900.0,H1,1250.0
1,16,8,known,3,100.0,300.0,150.0,1758.4339734895248,90.37806997077294,1756.109860911474,510.31645766818605,65.65919640594761,506.0748530546946,1.0,1.0,27.0,2093.8426131189,120.45386454456107,61.63975269228031,882.0,882.0,2654.992110551169,137.3181697645988,2651.4386335235913,2772.2624216247773,-117.27031107360835,26.88672553392678,-118.62342904432217,0.045351473922902494,0.01020408163265306,9.229831452649472,10.623705538671938,9.200762038824344,10.593423475232122,2.4991205760424977,0.4922316160009359,150000.0,2900.0,H1,1250.0
1,17,8,known,3,100.0,300.0,150.0,5638.301182768416,322.05077090248375,5629.096155562528,2089.7590148312825,69.68678857573421,2088.5967757244607,1.0,1.0,22.0,2369.3724527329937,106.66412113111369,42.71132485034713,882.0,882.0,5656.12525567976,286.78543200529094,5648.850062085908,2671.2820108447236,2984.8432448350363,180.34975078923475,2979.68932746787,0.01473922902494331,0.0022675736961451248,9.82200527737987,4.271656666763228,9.7916773548233,4.19152576757341,13.241057736893422,0.5292441180026799,150000.0,2900.0,H1,1250.0
1,18,8,known,3,100.0,300.0,150.0,1090.3962785900421,100.95672843153696,1085.7125693973585,766.6361003449598,63.94427305342627,763.9646852412723,1.0,1.0,89.0,978.9719985035086,258.2281788126091,92.16908925504201,882.0,882.0,3542.1718307708106,116.84760844723651,3540.2440473936817,2522.242317688322,1019.9295130824885,8.328863204467368,1020.3373048596063,0.026077097505668934,0.009070294784580499,9.306359412212167,7.9556204383008104,9.27410603648429,7.919717925776636,4.452414312927377,0.4554336679975677,150000.0,2900.0,H1,1250.0
1,19,8,known,3,100.0,300.0,150.0,1518.2913195361207,52.93828724793619,1517.3681388252453,1160.8227676872782,41.51250350817961,1160.0802601689402,1.0,1.0,39.0,1725.4787120795283,146.26428312759904,57.577157989156845,882.0,882.0,2725.7383659731768,128.57725842865005,2722.7040838756416,2784.3773014151243,-58.638935441947524,17.757860811094304,-59.4670139807522,0.048752834467120185,0.013605442176870748,9.536820912098865,11.25586024750556,9.506705489507521,11.228960407942719,2.4216171008139824,0.46465617300054873,150000.0,2900.0,H1,1250.0
1,20,8,known,3,100.0,300.0,150.0,2540.417714933501,154.36832405747975,2535.7232867321377,1043.2322048801561,87.09900481767062,1039.5899175438765,1.0,1.0,25.0,2638.352043369352,96.20768250999369,70.80629990773629,882.0,882.0,2426.5297201944572,132.82569142642217,2422.8916233880714,2720.199311813829,-293.66959161937166,24.196576913040943,-295.1378119699175,0.05215419501133787,0.01020408163265306,9.339618059801264,7.977698961151223,9.310455680361208,7.941777429192239,3.0416411198402713,0.42387524700097856,150000.0,2900.0,H1,1250.0
1,21,8,known,3,100.0,300.0,150.0,2046.493197468217,132.7678149163968,2042.181949436928,473.96678952364067,60.54302692451352,470.0840982868541,1.0,1.0,33.0,2310.4018230214992,109.21563372934472,82.62715472029339,882.0,882.0,2921.0591428212488,164.26908585021147,2916.4365556777584,3006.6974305432814,-85.6382877220326,51.38332021271282,-88.14099245642274,0.031746031746031744,0.003401360544217687,9.706675767186935,10.559533935754466,9.677512312346089,10.530000804922675,2.766276580570071,0.4254426119987329,150000.0,2900.0,H1,1250.0
1,22,8,known,3,100.0,300.0,150.0,1554.3637454344498,180.6841837403406,1543.8263758814003,399.70919948423125,76.75041651509281,392.2713572478683,1.0,1.0,14.0,2052.371342124915,123.52305343107489,67.20894359238896,882.0,882.0,2613.0149891268275,152.00031175399093,2608.5902780291435,2610.431354237511,2.583634889316272,45.893963939255386,0.3162705407230533,0.03741496598639456,0.009070294784580499,9.457822808049198,10.55628909624302,9.42593674738476,10.526134801191382,2.4753158664978194,0.42648710499997833,150000.0,2900.0,H1,1250.0
1,23,8,known,3,100.0,300.0,150.0,3836.740113382602,171.459527291927,3832.907033589515,1991.5478833710047,58.88319379469885,1990.677206693256,1.0,1.0,34.0,1531.7660090568959,165.42727236187102,48.95130081977259,882.0,882.0,3754.602089047731,158.8919611333423,3751.2384877222603,2921.1193614632302,833.4827275845009,45.95919365887629,832.3029773099615,0.032879818594104306,0.005668934240362812,9.669285744493067,5.79139128351487,9.641110831400042,5.739103799265429,6.483074455243878,0.46226221599863493,150000.0,2900.0,H1,1250.0
1,24,8,known,3,100.0,300.0,150.0,2030.502195440201,69.45154143780283,2029.3140833984742,1306.9204888287443,41.44188673789018,1306.2632713752491,1.0,1.0,38.0,914.6956250496241,276.2555376117477,91.41667242597374,882.0,882.0,3228.706222675594,128.55214774424198,3226.146031669125,2770.4438592483766,458.2623634272172,15.630299462613792,458.0044468820138,0.05328798185941043,0.022675736961451247,9.729420021474848,7.899521979326174,9.701312884452092,7.863921847648411,4.087217215326998,0.46857027700025355,150000.0,2900.0,H1,1250.0
1,25,8,known,3,100.0,300.0,150.0,3978.6799812077,175.82567216207286,3974.7930418918245,949.363579183034,68.20958794915039,946.9100578149057,1.0,1.0,35.0,3360.120748765334,75.13525815653617,90.80306459514499,882.0,882.0,2823.952357234265,168.44250329923716,2818.9242698255034,2786.2977273885954,37.65462984566966,58.210625874224746,34.80790033765334,0.046485260770975055,0.007936507936507936,9.322577863017838,7.4728561468912,9.295557169418988,7.4228587633308205,3.7789464988016186,0.4793843959996593,150000.0,2900.0,H1,1250.0
1,26,8,known,3,100.0,300.0,150.0,1380.8339373187416,43.77136175812524,1380.1400038912782,655.7679634513665,27.26070202911337,655.2010958583882,1.0,1.0,35.0,1871.7993413396578,135.3270398841133,69.8483312242956,882.0,882.0,1979.9275754280568,113.31451396256118,1976.682327756752,2684.125087375406,-704.1975119473493,6.001058607707648,-705.2966630218546,0.05555555555555555,0.021541950113378686,9.23648405540499,9.734383326781739,9.207254200396747,9.705282131747156,2.033952751768854,0.4302789440007473,150000.0,2900.0,H1,1250.0
1,27,8,known,3,100.0,300.0,150.0,3370.4337728376927,120.18950403039773,3368.290115207693,1852.6676217290133,64.51676199122417,1851.5439244115184,1.0,1.0,32.0,2575.099179175611,98.09277699707755,79.20768520231613,882.0,882.0,2567.3400065961564,142.16651087710193,2563.4007475722915,2618.8086944262795,-51.468687830123145,33.402421696653064,-53.148382657718685,0.05555555555555555,0.015873015873015872,9.34171898433769,8.751990766614526,9.312416612997719,8.715323551807824,2.9334354606377895,0.4838663070004259,150000.0,2900.0,H1,1250.0
1,28,8,known,3,100.0,300.0,150.0,1705.7519188161975,90.44048073101291,1703.3526141085067,1460.9278606302676,65.9474661824248,1459.4386405977637,1.0,1.0,39.0,1708.2618708965426,148.3112408716306,85.13879812847455,882.0,882.0,2905.710762322062,122.83921069652622,2903.113081261168,2580.8196358597656,324.89112646229614,12.965531342688195,324.6333416811608,0.05442176870748299,0.011337868480725623,9.633284031929243,11.15715888387747,9.603502203762098,11.131755844738468,2.604346494089035,0.5331856919983693,150000.0,2900.0,H1,1250.0
1,29,8,known,3,100.0,300.0,150.0,2596.236622227505,116.36492689452766,2593.6275373276167,1982.0933803971066,59.00739658179505,1981.2148535084903,1.0,1.0,31.0,2003.8941946981915,125.57280212809421,70.82746395610552,882.0,882.0,2431.039259814405,125.30945248573536,2427.8075343561923,2859.2312670969195,-428.1920072825146,16.449213639304958,-429.35064942414465,0.05555555555555555,0.006802721088435374,9.402155211405901,8.868482404115024,9.375277335691969,8.83687922367223,2.741212249219088,0.5415631210016727,150000.0,2900.0,H1,1250.0
1,30,8,known,3,100.0,300.0,150.0,3903.657419294042,187.33178953458517,3899.1599156535226,1456.5121938218308,60.93109352992658,1455.2371533852927,1.0,1.0,35.0,1404.4074324105989,179.27965574304025,75.43328804503663,882.0,882.0,4322.344688942651,213.61849697212105,4317.062745407127,3205.0940402151145,1117.2506487275368,100.74646051077177,1113.9567980479837,0.022675736961451247,0.0045351473922902496,9.487098602160344,5.201166209734399,9.458260235307094,5.1460031274452,8.310337556321574,0.5370733080017089,150000.0,2900.0,H1,1250.0
1,31,8,known,3,100.0,300.0,150.0,1402.991611089994,58.84426941494585,1401.7570448354872,535.5531723189105,43.50799167351285,533.78296623383,1.0,1.0,26.0,892.5743981422147,282.63572983621077,82.35093886500232,882.0,882.0,2781.9964030849073,120.23098875889627,2779.3971461666683,2740.987221540923,41.00918154398414,10.732877547842193,40.597936240566014,0.046485260770975055,0.018140589569160998,9.605019363615101,7.579192701859013,9.576672676330015,7.544825198438641,3.6705708807252564,0.45107838200055994,150000.0,2900.0,H1,1250.0
1,32,8,known,3,100.0,300.0,150.0,993.9261191612849,126.81269363062695,985.80305897535,688.7014408733496,73.06852963408807,684.8143285870559,1.0,1.0,26.0,1637.0533970574538,153.8093820228542,60.66769339581101,882.0,882.0,2589.244632780375,126.4344508076323,2586.1558533914676,2538.782204209433,50.46242857094194,11.943782794478736,49.95653800862328,0.03741496598639456,0.011337868480725623,9.481564809675607,8.397655029971585,9.45374671865148,8.365230922773875,3.083294828781668,0.6407832910008437,150000.0,2900.0,H1,1250.0
1,33,8,known,3,100.0,300.0,150.0,2095.074943427897,66.04183692175887,2094.033785390151,951.7883504083311,48.21908429087132,950.5661386159103,1.0,1.0,50.0,2182.3217268689955,115.80889819789306,39.25856506252774,882.0,882.0,3092.405609325193,140.62654471882396,3089.2064721391416,2923.4196382570344,168.9859710681585,30.146666817919126,167.87516981722047,0.03741496598639456,0.018140589569160998,9.819964377825594,11.121962644034127,9.790350596855703,11.094416894402059,2.7804495558020723,0.3803812350015505,150000.0,2900.0,H1,1250.0
1,34,8,known,3,100.0,300.0,150.0,4272.881385443949,176.2192698179536,4269.2460813378075,1361.5270375842688,46.55414496566478,1360.7309012657538,1.0,1.0,40.0,1650.7441547261328,153.2717488493975,69.40854754947767,882.0,882.0,4964.650872066958,234.30261490408907,4959.118930431525,2881.5857725383785,2083.0650995285796,124.30258310561209,2079.6334629391226,0.015873015873015872,0.003401360544217687,9.856776528589528,4.822227233990668,9.827745604813076,4.756718136788084,10.295348251265269,0.4301662090001628,150000.0,2900.0,H1,1250.0
1,35,8,known,3,100.0,300.0,150.0,3615.4947429957833,140.40640044150686,3612.767399009408,1434.9168265104142,62.15654590304089,1433.5699713666304,1.0,1.0,58.0,2921.5167754297354,86.48810347651121,55.76890309789083,882.0,882.0,2760.1773121581555,165.46988667420644,2755.2129701996987,2704.223460080965,55.95385207719028,56.006822620833674,53.20587182628515,0.049886621315192746,0.018140589569160998,9.833599465830877,7.836602646632369,9.802835573925476,7.795602745566338,3.5221606053284953,0.5149246319997474,150000.0,2900.0,H1,1250.0
1,36,8,known,3,100.0,300.0,150.0,2261.684954806045,61.318564096380335,2260.853570776573,1589.7294977625038,65.07494342590233,1588.397030907052,1.0,1.0,35.0,1571.192370279055,161.07576188984063,54.46691117485981,882.0,882.0,2542.146140611806,132.39189704498565,2538.6963949681594,2800.509475936111,-258.3633353243049,23.315667527553217,-259.68808557810917,0.05895691609977324,0.013605442176870748,9.45610116845115,9.347227478611824,9.429506530386789,9.318207044448627,2.7196793342504013,0.4143845459984732,150000.0,2900.0,H1,1250.0
1,37,8,known,3,100.0,300.0,150.0,1506.622120482829,106.45925323085515,1502.8561612242552,1109.2586208250464,59.343327810256575,1107.67010310791,1.0,1.0,30.0,1216.5326564028007,207.66317125174064,91.59061846598584,882.0,882.0,2123.596454682564,125.23257511910967,2119.900635517946,2555.3444896021115,-431.74803491954754,15.526688396464195,-433.0878248865024,0.06689342403628118,0.017006802721088437,9.52046800135533,7.55474113268646,9.489672437431668,7.513000270508181,2.810945361839837,0.46726819099785644,150000.0,2900.0,H1,1250.0
1,38,8,known,3,100.0,300.0,150.0,1412.3174191543096,89.42149022156087,1409.4836960863524,1082.0507237381858,50.286746721127386,1080.881590113615,1.0,1.0,37.0,1638.2283718062422,153.4535668943803,73.96615670897802,882.0,882.0,2968.3621246416646,128.95023983980124,2965.5599030625626,2576.5956514927475,391.76647314891716,19.17308802819869,391.3038691313095,0.049886621315192746,0.011337868480725623,9.408528007671546,11.137356472942226,9.378148672641727,11.109073770679409,2.665230417876257,0.38928307500100345,150000.0,2900.0,H1,1250.0
1,39,8,known,3,100.0,300.0,150.0,4921.315191554148,231.6182855976049,4915.86169296884,1883.2908943084062,55.52165068592405,1882.4722943220352,1.0,1.0,34.0,1888.8770427594773,133.52872103147814,74.5076780787127,882.0,882.0,5411.153899029076,261.7655163602864,5404.818714205149,2657.1324282797655,2754.02147074931,151.8024046139004,2749.9626247963515,0.018140589569160998,0.005668934240362812,9.662240954236994,4.664947927143205,9.632831847576611,4.59492849997061,11.599601932411804,0.4137149730013334,150000.0,2900.0,H1,1250.0
1,40,8,known,3,100.0,300.0,150.0,1585.4491934895739,101.60580852428055,1582.1900659563212,587.737975381883,63.28800908889782,584.3205931777164,1.0,1.0,31.0,923.7461437973905,273.9634941697747,72.28897442609716,882.0,882.0,2538.4528541740074,140.75737488611452,2534.547347018661,2403.3218567913477,135.13099738265964,29.1224705955092,133.81962495707012,0.03854875283446712,0.013605442176870748,9.325170267170503,6.760089381836422,9.296049624489793,6.72035666246607,3.7550581224481094,0.3739734029986721,150000.0,2900.0,H1,1250.0
1,41,8,known,3,100.0,300.0,150.0,1822.5932504036602,90.6030029074151,1820.339872738368,1481.9288534061895,45.40145693677047,1481.233214003049,1.0,1.0,42.0,1178.9533437928483,214.20884253799403,84.41606129595708,882.0,882.0,2155.9182525993488,124.20249194373694,2152.3376252079956,2611.822933397626,-455.90468079827724,12.752398423313835,-457.1063600264197,0.06689342403628118,0.017006802721088437,9.685211394356344,8.79821613205851,9.65579755290406,8.76689347878145,2.450403832140153,0.3976060339991818,150000.0,2900.0,H1,1250.0
1,42,8,known,3,100.0,300.0,150.0,811.8606681511621,89.0731087182593,806.9595564798253,615.7881849348091,49.37082244865299,613.8058411224597,1.0,1.0,33.0,1451.309735758635,173.61831776969586,52.59476401308421,882.0,882.0,2349.8369907065176,121.7082245262441,2346.6829762401508,2603.2045162256486,-253.36752551913105,12.29772897194215,-254.22130818866617,0.06462585034013606,0.013605442176870748,9.454847080388268,9.00442839329699,9.425254977707414,8.97589177773936,2.6096459298357746,0.4031552149972413,150000.0,2900.0,H1,1250.0
1,43,8,known,3,100.0,300.0,150.0,4225.4450714030445,191.23849541726443,4221.11524236366,984.6695339245216,45.15074348893606,983.6338248563491,1.0,1.0,25.0,1624.7789270488026,155.85911944787765,67.64642050485429,882.0,882.0,5288.021793325294,249.1714529835093,5282.148054882724,2638.983599187025,2649.0381941382693,139.44137307081195,2645.4467547084973,0.013605442176870748,0.003401360544217687,9.670595098800863,4.2933506649281235,9.641473822545645,4.2211064128667495,12.316771226078787,0.381936654997844,150000.0,2900.0,H1,1250.0
1,44,8,known,3,100.0,300.0,150.0,3564.139421397599,135.50553991499643,3561.5625873782924,1197.064012112964,57.33671419740962,1195.6900728453973,1.0,1.0,81.0,1099.7720847356566,229.24636406738182,103.3924013919079,882.0,882.0,4382.1992114859995,219.01695580303843,4376.722689663956,2595.20311849673,1786.9960929892695,106.68224336683178,1783.9519441800771,0.032879818594104306,0.0022675736961451248,9.535324719560077,5.59796073511179,9.503672203897322,5.54525030624138,7.828206410952056,0.5707229019972146,150000.0,2900.0,H1,1250.0
1,45,8,known,3,100.0,300.0,150.0,922.8869591562456,52.78916914074919,921.3759509570949,651.3379115269046,38.569124896537495,650.1949689108222,1.0,1.0,14.0,1146.0725014468442,219.5416506075049,58.904679319975195,882.0,882.0,2339.7616003439075,115.0299328530433,2336.9322756536417,2651.289148952964,-311.52754860905634,0.40085227293516823,-311.877707195466,0.05328798185941043,0.02040816326530612,9.608367680926094,7.58099591306012,9.582196987116097,7.546364484982035,3.086351222420653,0.39727725999910035,150000.0,2900.0,H1,1250.0
1,46,8,known,3,100.0,300.0,150.0,3442.2847153626753,141.65340590719015,3439.368891848385,1297.5165767888936,97.36243955203518,1293.858501694233,1.0,1.0,63.0,2595.253423307158,97.3042862663077,38.0224037181717,882.0,882.0,3203.7053784554178,160.9906670848038,3199.657818744961,2631.4896730159367,572.2157054394811,47.35576352888303,570.6228231841642,0.031746031746031744,0.007936507936507936,9.379220253303107,8.240798407604345,9.347190473387109,8.195108272085138,3.887615277057549,0.4402526090016181,150000.0,2900.0,H1,1250.0
1,47,8,known,3,100.0,300.0,150.0,1877.7714399331244,78.45017661500367,1876.1319650860366,540.1687559492004,55.768340127867546,537.2822136857774,1.0,1.0,35.0,810.0138396015741,312.17180315216524,86.3797343508138,882.0,882.0,3428.2719135624493,131.6776180825012,3425.7421558280266,2707.8739482082256,720.3979653542237,23.530845911835684,720.0286464087699,0.035147392290249435,0.013605442176870748,9.538885373912223,6.484053687477951,9.508225013829545,6.436826197403663,5.287235545540209,0.4419434440023906,150000.0,2900.0,H1,1250.0
1,48,8,known,3,100.0,300.0,150.0,2571.2496731434135,141.74547550018767,2567.3396934989605,820.0127311727692,50.61638798327699,818.4490580072475,1.0,1.0,33.0,2547.3441691065364,99.44234116655458,62.531637793598776,882.0,882.0,2383.7758191710877,140.7716950098295,2379.6156172686483,2786.879782748748,-403.1039635776601,35.33651628343131,-405.26900270766964,0.05668934240362812,0.01020408163265306,9.335607906579428,9.687863776159164,9.30864317607898,9.65156472908158,2.4605794159052015,0.4803635200005374,150000.0,2900.0,H1,1250.0
1,49,8,known,3,100.0,300.0,150.0,1610.1945924088825,112.64810051985471,1606.2493675865142,415.6505690088157,91.73941610396606,405.40014189718244,1.0,1.0,57.0,2056.6445545935776,122.80339848913366,88.4241124296842,882.0,882.0,3450.3402399588986,138.33911818150838,3447.565816610379,2742.8361047304643,707.5041352284343,27.007558848641338,706.9901140782454,0.036281179138321996,0.01927437641723356,9.725240993575223,11.754524715856181,9.694980118913668,11.721277866495731,2.9353294355701056,0.4513149619997421,150000.0,2900.0,H1,1250.0
1,50,8,known,3,100.0,300.0,150.0,1530.1759344002542,111.39432186909742,1526.1158852698618,960.1682259814031,65.47283965087061,957.9333637849379,1.0,1.0,26.0,1954.659911623797,128.91323234536986,61.01080206900211,882.0,882.0,2339.8362654408484,124.84154109209082,2336.5034429013645,2741.3850311109372,-401.54876567008887,16.332462123002145,-402.73325161417006,0.05668934240362812,0.007936507936507936,9.430320325938204,8.133429237445924,9.400293420587786,8.10108379708391,2.8768139454245856,0.47449931200026185,150000.0,2900.0,H1,1250.0
1,51,8,known,3,100.0,300.0,150.0,1507.962446399862,38.78301801888194,1507.4636371288045,994.4120981637797,41.48470351137902,993.5463956701083,1.0,1.0,36.0,1807.1577759296756,139.6470420449762,67.92013621671909,882.0,882.0,2521.2877044530865,127.88933032648825,2518.0420981022053,2835.2548967703065,-313.96719231722,16.81853480906814,-315.03637028569483,0.05102040816326531,0.012471655328798186,9.688343276595262,10.65637766569397,9.66070854807671,10.631137599377805,2.36598944176862,0.4325831919995835,150000.0,2900.0,H1,1250.0
1,52,8,known,3,100.0,300.0,150.0,3747.992415746898,175.07460783603938,3743.9011779409093,1938.3462337727415,74.052856585609,1936.9311542779426,1.0,1.0,45.0,1425.265595672387,177.61491376319196,85.8923300814208,882.0,882.0,3700.147087365451,167.5550899345779,3696.3514118622497,2754.890009329086,945.2570780363653,57.71657990008755,943.651924955876,0.032879818594104306,0.009070294784580499,9.872879832202747,6.130920128498227,9.843314480982333,6.073293409396373,6.035223114661265,0.42847934599922155,150000.0,2900.0,H1,1250.0
1,53,8,known,3,100.0,300.0,150.0,1447.6971692798472,135.94491686734426,1441.3001330461377,333.58192329215973,64.87228570623061,327.21321198042347,1.0,1.0,34.0,2018.4999981209767,125.28007047023056,51.6919739806106,882.0,882.0,2771.6356383961684,158.7621694475592,2767.0848714089057,2722.5481455676236,49.08749282854478,51.10570012984118,46.66606366114456,0.045351473922902494,0.01473922902494331,9.778818045424178,10.92008271879171,9.74833131124133,10.893994386167671,2.5381086478645702,0.38554267099971185,150000.0,2900.0,H1,1250.0
1,54,8,known,3,100.0,300.0,150.0,1935.2437607198713,99.56910181476596,1932.680627359055,989.0949873264057,54.66560203542328,987.5831944238051,1.0,1.0,35.0,2224.1099866141494,113.25818398972352,90.43117423196706,882.0,882.0,2060.748802776759,126.78194528197722,2056.8451488861197,2667.774278729222,-607.0254759524628,17.627277786767777,-608.6951079498617,0.06235827664399093,0.017006802721088437,9.49452075888497,9.18715760690153,9.46588349517506,9.158216258618506,2.24307548749212,0.4266592790008872,150000.0,2900.0,H1,1250.0
1,55,8,known,3,100.0,300.0,150.0,1792.7316564326557,70.3204572015459,1791.351954607117,1340.7890972768655,40.54623958814213,1340.1758861551616,1.0,1.0,23.0,1743.4320652868203,145.356491159057,60.176116572532614,882.0,882.0,2047.7038330632436,115.65736455382434,2044.4349737681468,2674.7549398559513,-627.0511067927077,9.422684362140302,-628.2094434726469,0.07369614512471655,0.017006802721088437,9.5029381725831,8.760856863788362,9.47465316039759,8.723266615724501,2.337332825887281,0.4930472359992564,150000.0,2900.0,H1,1250.0
1,56,8,known,3,100.0,300.0,150.0,2157.161590992162,58.7654581821447,2156.3609972767727,1419.7722760434408,51.72351432025883,1418.8297973639876,1.0,1.0,54.0,941.7710332927223,268.05653468883605,76.96812435565523,882.0,882.0,2883.9712616167585,119.69977461824055,2881.48610994183,2448.888040803905,435.0832208128536,8.62309051133883,435.1184747242196,0.024943310657596373,0.0045351473922902496,9.097276740121488,6.3070566707646485,9.068660183485157,6.26402510508925,4.572610350855013,0.4603107219991216,150000.0,2900.0,H1,1250.0
1,57,8,known,3,100.0,300.0,150.0,3382.9495498392234,180.99065979426626,3378.1045036861487,1739.3734837778823,79.74015655053662,1737.5447112241177,1.0,1.0,25.0,2774.2453228607305,90.8532061796539,81.40519946826329,882.0,882.0,2737.1485463174768,145.98510298757404,2733.252735169872,2670.5759473471726,66.57259897030417,33.85934569805106,65.03166016474734,0.04421768707482993,0.013605442176870748,9.576711428373113,9.10987347382716,9.547015795039147,9.063672103760084,3.004595567854325,0.4107602099975338,150000.0,2900.0,H1,1250.0
1,58,8,known,3,100.0,300.0,150.0,3055.4798594312037,107.82443898022258,3053.5767653275607,1626.6453623838502,31.584135286158993,1626.338703149843,1.0,1.0,57.0,1131.7960477062265,224.08220111025977,69.00222569656883,882.0,882.0,3497.826594940729,143.71043652358716,3494.8731305598,2826.6597239713137,671.1668709694154,34.995743391066284,670.3047899777062,0.03741496598639456,0.009070294784580499,9.647686276808647,5.864375183184765,9.619508065149834,5.817571384816533,5.964534133099522,0.5032285010020132,150000.0,2900.0,H1,1250.0
1,59,8,known,3,100.0,300.0,150.0,2089.46202977517,68.97042177171573,2088.323407615019,623.6022160631107,53.257223572808066,621.323902659586,1.0,1.0,29.0,936.0594231352467,270.7648839797126,75.81632032117663,882.0,882.0,3027.5066592234416,132.33025676729935,3024.6132438356785,2994.4681589583965,33.03850026504506,22.186730643739168,32.17143844183647,0.04195011337868481,0.01020408163265306,9.572664782155012,6.018051825764902,9.54341458593918,5.96916562252118,5.030708852093745,0.3983257180007058,150000.0,2900.0,H1,1250.0
1,60,8,known,3,100.0,300.0,150.0,1911.6287501254699,53.58348159730507,1910.8776226661346,1040.1872691463147,44.15434565937826,1039.2497046684498,1.0,1.0,35.0,897.0681652966956,281.57548400242695,52.33802133276124,882.0,882.0,3081.824860125928,136.2308027470078,3078.8123744186005,2899.5583336321592,182.26652649376865,23.184238501916056,181.45858096359962,0.04308390022675737,0.006802721088435374,9.603886111761561,7.377873570588127,9.574228953081008,7.338921502810635,4.1771180146155045,0.37850301200160175,150000.0,2900.0,H1,1250.0
1,61,8,known,3,100.0,300.0,150.0,2627.6680666099005,109.54525502362435,2625.3836491802913,1561.830694028691,72.25466495429004,1560.1584471464703,1.0,1.0,31.0,949.4212198279325,265.9519124126181,89.62326411262329,882.0,882.0,3448.1045089394324,142.0810754108576,3445.1760002325773,2528.682064206386,919.4224447330466,29.79744512249863,918.9880879409488,0.02947845804988662,0.005668934240362812,9.444612680978935,7.020313272212833,9.4178110980871,6.978729920695466,4.911610600893562,0.35452330200132565,150000.0,2900.0,H1,1250.0
1,62,8,known,3,100.0,300.0,150.0,2568.321811059982,135.84241907263373,2564.726839713524,1284.3571455816407,50.41027958024359,1283.367477038148,1.0,1.0,18.0,1315.9126928862725,192.29979311291638,47.76141581419965,882.0,882.0,3760.521156126192,150.41549648634032,3757.5117490287957,2485.041933084167,1275.4792230420253,38.20366047063483,1275.0045661500271,0.026077097505668934,0.01020408163265306,9.399660170557226,6.289201740802006,9.369369928617287,6.2438013132084516,5.979329827709814,0.39368117000049097,150000.0,2900.0,H1,1250.0
1,63,8,known,3,100.0,300.0,150.0,1742.5598039836111,72.41359016554891,1741.0545489497842,767.9697488836955,53.86938109525716,766.0780802117367,1.0,1.0,184.0,251.86304060378387,998.5565340198872,84.486556123034,882.0,882.0,10624.52027579065,267.0967736430104,10621.16238479556,2758.6170136830838,7865.903262107566,158.1537737363431,7864.697393007507,0.006802721088435374,0.0022675736961451248,9.800009755038285,8.163476277909423,9.770535204006846,8.129642560278056,13.01470098533988,0.6768981669993082,150000.0,2900.0,H1,1250.0
1,64,8,known,3,100.0,300.0,150.0,1261.8559259081521,101.80820542585167,1257.742210096126,531.4777444699117,71.08508229410103,526.7024814276706,1.0,1.0,32.0,1871.89654645346,134.4472282358288,70.87825560576367,882.0,882.0,2368.532637450993,126.61560861599739,2365.145945248487,2591.3993996086997,-222.8667621577065,13.762529841133215,-223.79496386924802,0.03854875283446712,0.006802721088435374,9.626916503975952,10.015848681825728,9.596306120043147,9.98525349866733,2.364784765317808,0.4588683419970039,150000.0,2900.0,H1,1250.0
1,65,8,known,3,100.0,300.0,150.0,3782.3172748146917,170.81016871401903,3778.458396439681,1523.255983877789,58.05987578179678,1522.1490870620046,1.0,1.0,40.0,1345.7471096419206,187.80852912998728,51.9457036752759,882.0,882.0,4315.936681130681,199.68350639020844,4311.314872843901,2768.3517044956457,1547.5849766350352,86.98177170646011,1545.2582069776317,0.027210884353741496,0.006802721088435374,9.296858236796435,5.453946319461278,9.265525294944165,5.395258455342353,7.913419803436925,0.4673728529996879,150000.0,2900.0,H1,1250.0
1,66,8,known,3,100.0,300.0,150.0,3234.5380107062874,156.59922583988507,3230.744933474343,1824.7801114341971,83.712523972673,1822.8589271844176,1.0,1.0,51.0,1604.8258993507934,157.10923162809323,98.06870011967875,882.0,882.0,4370.217037451898,176.3723535913486,4366.656586832023,2642.327119989161,1727.8899174627372,65.4112748632423,1726.6603277366225,0.01020408163265306,0.0022675736961451248,9.335467324281485,5.98168917105845,9.306747606484283,5.92865111894981,7.305991522589589,0.5963541919991258,150000.0,2900.0,H1,1250.0
1,67,8,known,3,100.0,300.0,150.0,1229.963207729665,86.15556738429727,1226.9420159801102,666.1853856525977,61.16664201542663,663.3713967014684,1.0,1.0,162.0,884.3532306982196,285.3611078954012,68.84334330945086,882.0,882.0,2979.379646212009,116.34446748007174,2977.1071598364033,2686.867756814681,292.5118893973281,5.873858612234301,292.51136396941183,0.045351473922902494,0.009070294784580499,9.418064544799684,7.8264319139060445,9.387790652826624,7.79250047350191,3.8068173070262477,0.7459052890008024,150000.0,2900.0,H1,1250.0
1,68,8,known,3,100.0,300.0,150.0,665.6868736562199,60.17682168678381,662.9613592735772,382.54923440430696,55.64514631091055,378.48056018157496,1.0,1.0,33.0,1140.0144264597413,220.84625740762866,80.99787605012598,882.0,882.0,2266.2681919998086,126.47623756369514,2262.736237258292,2640.799995138455,-374.5318031386464,17.819652692094706,-375.82745552748247,0.04308390022675737,0.005668934240362812,9.643906016872284,8.382626523386314,9.614567051078202,8.349033435402799,2.703529956484699,0.41111896700022044,150000.0,2900.0,H1,1250.0
1,69,8,known,3,100.0,300.0,150.0,1505.5053986746254,79.08589630199971,1503.4267279932708,1041.1357876364118,43.965252397949214,1040.2070874969447,1.0,1.0,89.0,1455.2339484020865,173.59319049157003,51.53264609555003,882.0,882.0,3961.037461319062,141.12638748240397,3958.5225921711153,2696.7504613155547,1264.2870000035073,29.748693091144958,1264.0731011251714,0.04308390022675737,0.013605442176870748,9.256692647733662,13.140476628674868,9.227187081966735,13.117219530437797,3.014378833622648,0.6050931800018589,150000.0,2900.0,H1,1250.0
1,70,8,known,3,100.0,300.0,150.0,1936.5698230659032,95.28234045609939,1934.2243807807592,820.7193929697157,49.38246992700837,819.2323807446131,1.0,1.0,40.0,2027.4960948135306,124.70481238981351,88.52438792929532,882.0,882.0,3180.7347712931673,142.38872697402732,3177.546087115671,3142.628756430117,38.106014863050405,34.16191760142998,36.781457527116345,0.03741496598639456,0.006802721088435374,9.448935834978151,12.179830381317306,9.420804444078934,12.154555485201005,2.6114770663572706,0.5404318180007976,150000.0,2900.0,H1,1250.0
1,71,8,known,3,100.0,300.0,150.0,5058.807459429217,282.0247676650669,5050.940005781117,1514.0580726060023,48.71748487028425,1513.2740841933812,1.0,1.0,42.0,2174.537610299739,116.03407936323477,99.78330651182644,882.0,882.0,4967.27535545705,248.12489760167927,4961.074328421326,2870.869691475635,2096.405663981415,137.6584474517167,2092.33070989689,0.021541950113378686,0.0022675736961451248,9.846599828549056,4.157288174452039,9.816491348520263,4.084445376230393,11.948354665386585,0.5047363730009238,150000.0,2900.0,H1,1250.0
1,72,8,known,3,100.0,300.0,150.0,904.5366012887939,106.0960108219705,898.2928807236239,734.0844818897617,69.02017915254797,730.8325672964431,1.0,1.0,35.0,1622.934255265891,155.45109805026428,76.77282716848212,882.0,882.0,2259.1265828221117,120.97018911226945,2255.8854426942103,2851.7562919043235,-592.6297090822118,10.553835945059177,-593.732457545952,0.049886621315192746,0.011337868480725623,9.658451462789987,8.524929766824581,9.627713446548952,8.495235373905905,2.650023688891463,0.5749946790019749,150000.0,2900.0,H1,1250.0
1,73,8,known,3,100.0,300.0,150.0,3645.7868572917896,154.54283538959837,3642.509893031354,1462.5596789840924,71.3032570884719,1460.8205434339384,1.0,1.0,27.0,3111.7703438874373,80.85458358307984,44.81662583666251,882.0,882.0,2704.7359330166814,156.4228601366464,2700.208946762878,2640.9659857427937,63.76994727388774,48.817559793754086,61.436043084253015,0.04308390022675737,0.01020408163265306,9.72965219409001,6.9918359159065275,9.701291162154183,6.9290455750854365,3.8684202054332655,0.5030268910013547,150000.0,2900.0,H1,1250.0
1,74,8,known,3,100.0,300.0,150.0,4591.94406902698,234.11307040266146,4585.972241884888,1214.3939887091287,87.71336799379053,1211.222161656586,1.0,1.0,45.0,1713.3204964179322,147.469769750405,54.61480720091987,882.0,882.0,5031.045811625384,248.22703198228905,5024.918437076028,2526.34583106564,2504.699980559744,136.59851326398453,2501.040006574373,0.018140589569160998,0.005668934240362812,9.706977664842785,4.438463977022307,9.677352619602596,4.371712441794706,11.335105652925971,0.435010371998942,150000.0,2900.0,H1,1250.0
1,75,8,known,3,100.0,300.0,150.0,3351.030638632372,203.68980521376758,3344.8343463174465,1074.8320334057905,60.58851226956929,1073.1229809375002,1.0,1.0,37.0,1411.6100957421293,179.31436751430627,56.67517286858031,882.0,882.0,4312.607751611607,198.36370112301597,4308.043344876802,2736.6153418117974,1575.9924097998091,86.62234114324265,1573.710263939227,0.023809523809523808,0.005668934240362812,9.745666950801269,5.104509071508804,9.716873088261009,5.0476097301574585,8.44862393463604,0.5243267330006347,150000.0,2900.0,H1,1250.0
1,76,8,known,3,100.0,300.0,150.0,2901.626127760645,86.75388076667556,2900.328938150836,1368.767440091201,50.89688324785707,1367.8208261060634,1.0,1.0,31.0,2672.412694074064,94.24446411196104,46.56800961399842,882.0,882.0,2297.3413529586855,144.58423347543908,2292.787101203329,2815.934811093328,-518.5934581346423,38.035434153667126,-521.1312013936572,0.04308390022675737,0.007936507936507936,9.843018223316179,9.106490718428441,9.813379460498428,9.070816453621019,2.522751545015741,0.4986116830004903,150000.0,2900.0,H1,1250.0
1,77,8,known,3,100.0,300.0,150.0,2164.6929479711894,112.65747566803111,2161.759434389568,842.8206055855517,45.111805039422855,841.6124394551694,1.0,1.0,22.0,2391.0614371375036,105.23802604231975,73.60042905643736,882.0,882.0,2276.902951347241,134.8177472534856,2272.9080986435133,2987.524899392645,-710.6219480454038,27.09958250586959,-712.6742267118666,0.06235827664399093,0.017006802721088437,9.548626013905116,8.670110287658616,9.52227774839966,8.636428787781771,2.626152235443044,0.46925246300088475,150000.0,2900.0,H1,1250.0
1,78,8,known,3,100.0,300.0,150.0,593.5987437359174,53.16377795681353,591.2132282672792,543.7753530659348,50.653627118352766,541.4109757492334,1.0,1.0,35.0,1307.912823309341,192.71040565438406,76.18345470699407,882.0,882.0,2194.686564057989,113.49773842466628,2191.74984380726,2754.2924415798702,-559.6058775218812,3.040334207511279,-560.326829470142,0.048752834467120185,0.01473922902494331,9.562905857227374,9.584090133989525,9.532835922145882,9.553413676613214,2.289926882338717,0.43555830299737863,150000.0,2900.0,H1,1250.0
1,79,8,known,3,100.0,300.0,150.0,1429.6355072802705,46.66323625117179,1428.8737614145919,1185.4232441587558,33.62171233443779,1184.9463482586752,1.0,1.0,31.0,1393.2489717144217,181.65448327557,56.12829257303312,882.0,882.0,2896.4111493726577,113.41628955951906,2894.189746971126,2710.8326471535597,185.57850221909803,6.228961182890842,185.47704210391248,0.046485260770975055,0.01473922902494331,9.255539567724387,11.117667323415425,9.226483196151952,11.088414929635054,2.605232793098957,0.44632890000139014,150000.0,2900.0,H1,1250.0
1,80,8,known,3,100.0,300.0,150.0,3747.8714398097713,150.9525327179929,3744.8302581302387,1620.0859673440343,52.86947988752155,1619.223072859783,1.0,1.0,52.0,3014.803751099871,83.71712727172792,64.93407356330606,882.0,882.0,2845.4918181595963,150.24548347773512,2841.522476051834,2676.6789666542895,168.81285150530675,43.06032706102518,166.99043609168393,0.04421768707482993,0.009070294784580499,9.211232706723447,8.611006991183853,9.180269599003575,8.578604747020904,3.3044820670484607,0.44103326099866536,150000.0,2900.0,H1,1250.0
1,81,8,known,3,100.0,300.0,150.0,1621.6094266616228,122.11419945632335,1617.005026253468,882.2190197613578,68.95664854664662,879.5199710352832,1.0,1.0,20.0,2118.756482388141,119.32518467150031,80.48969494709615,882.0,882.0,1828.15757063605,125.11338998430452,1823.8713613411828,2765.8805885706975,-937.7230179346475,17.264334994803534,-939.9057663538229,0.07029478458049887,0.01927437641723356,9.801080554462843,8.372121669690692,9.771623468927185,8.339642944914548,2.1836251821978014,0.40836421299900394,150000.0,2900.0,H1,1250.0
1,82,8,known,3,100.0,300.0,150.0,2569.6116478583094,92.23352751539134,2567.9558012573275,1198.1544345444338,42.21953067131468,1197.4103558297738,1.0,1.0,92.0,765.8724688750473,328.8121159248296,51.81004074965737,882.0,882.0,3764.3740672638214,168.71969196535326,3760.591148188205,2796.198712235629,968.1753550281924,62.159694664892,966.4236146849767,0.03968253968253968,0.005668934240362812,9.570953384555231,7.155263106084286,9.544709094934479,7.115089235584949,5.260986229930367,0.5075503270018089,150000.0,2900.0,H1,1250.0
1,83,8,known,3,100.0,300.0,150.0,1890.2822822676098,36.27115123133219,1889.9342608258091,1056.9863433268988,40.11873945961025,1056.224699921253,1.0,1.0,48.0,809.6137598414844,310.47552517587167,70.02676009578437,882.0,882.0,3689.7941702064477,137.47124052449877,3687.232387105286,2777.519207684807,912.2749625216406,28.267262171449687,911.8608011424435,0.030612244897959183,0.006802721088435374,9.470152118511105,7.448859935257644,9.438397926357048,7.411769402649009,4.95350188119603,0.4184300550004991,150000.0,2900.0,H1,1250.0
1,84,8,known,3,100.0,300.0,150.0,1854.2652679664152,96.4863298345799,1851.7532427787494,918.5742791623235,45.612382681685006,917.4411244786675,1.0,1.0,29.0,993.7161371633939,253.3675544979574,57.6281395016651,882.0,882.0,3385.5980351519943,137.30412030867336,3382.8126809167698,2797.0169466513344,588.5810885006599,27.099742145869968,587.9676414041132,0.02834467120181406,0.003401360544217687,9.383647310226706,6.758747881951818,9.355149306077355,6.716615329577678,5.009208945628385,0.3778649839987338,150000.0,2900.0,H1,1250.0
1,85,8,known,3,100.0,300.0,150.0,3746.144134055157,149.3497715288545,3743.1658417521576,1596.1092912675813,50.3791190911762,1595.3140173741024,1.0,1.0,34.0,1252.5431561090556,201.4423942789772,59.326690522173635,882.0,882.0,4444.825206178235,203.7407835602522,4440.153241341074,2782.261667149392,1662.563539028843,96.73128639625149,1659.9501998339215,0.013605442176870748,0.0022675736961451248,9.936094965532511,5.7820231572475755,9.907392163175153,5.727995481296308,7.687318236708881,0.412265386999934,150000.0,2900.0,H1,1250.0
1,86,8,known,3,100.0,300.0,150.0,1047.23500608402,109.58828902752508,1041.485268679215,680.8942746301926,63.935014710574606,677.885924856192,1.0,1.0,25.0,1268.102111019436,199.6030337302023,83.64340420287508,882.0,882.0,2239.243091171436,123.02506063497934,2235.86100995003,2699.0718544639867,-459.8287632925508,11.236478223270552,-460.89485375028744,0.0691609977324263,0.017006802721088437,9.653049948984862,7.863512006642403,9.622304943162735,7.8259193643914475,2.8476374033382545,0.44029658399813343,150000.0,2900.0,H1,1250.0
1,87,8,known,3,100.0,300.0,150.0,2438.6163235265494,62.92967029497452,2437.8042230594956,1653.6084574318122,31.62832166173401,1653.305954673508,1.0,1.0,47.0,927.6141310542129,270.88592476708345,76.53458915643579,882.0,882.0,3422.9420742483653,135.65714576275968,3420.2528535860047,2643.250986803656,779.6910874447094,25.939466104735516,779.2799627730456,0.030612244897959183,0.0045351473922902496,9.43580057956946,6.9955074197838565,9.40603373020966,6.9494231922507135,4.893057599464494,0.49118831300074817,150000.0,2900.0,H1,1250.0
1,88,8,known,3,100.0,300.0,150.0,1844.838050502064,77.0024321849971,1843.2303323290475,504.69122742240893,31.969305742364867,503.67767324697735,1.0,1.0,30.0,2172.7014950563657,115.72768481691327,60.54444254156477,882.0,882.0,2443.063720687034,139.4366164138264,2439.0813379918754,2779.766737895501,-336.7030172084669,27.46311441104872,-338.4292473991918,0.03741496598639456,0.012471655328798186,9.59071273509999,11.003166481624511,9.564510524466769,10.977555126806468,2.2203278708606247,0.4168206440008362,150000.0,2900.0,H1,1250.0
1,89,8,known,3,100.0,300.0,150.0,4640.05169043938,225.68444873909044,4634.559981222238,1459.2949112661443,66.67309782038348,1457.771016337716,1.0,1.0,25.0,1975.43861539702,127.48643816398607,76.31957536676154,882.0,882.0,4239.4075372566285,193.68345773308226,4234.980871875205,2693.074684985478,1546.3328522711504,86.63592016226877,1544.0345543858243,0.013605442176870748,0.0045351473922902496,9.69348433018789,4.41865251151772,9.663440644756617,4.34568448710688,9.594344715286233,0.47800951699900907,150000.0,2900.0,H1,1250.0
1,90,8,known,3,100.0,300.0,150.0,4822.077132571025,228.49957518607275,4816.660234706636,1692.28535856591,74.08068100996861,1690.6631206475315,1.0,1.0,34.0,1939.858791917297,130.10698551061844,78.80483393474125,882.0,882.0,5559.138089505763,263.2809707723521,5552.900091719906,2660.876501287909,2898.261588217854,151.37749057238193,2894.3776889131673,0.011337868480725623,0.0011337868480725624,9.760841847761766,4.573398071356301,9.731347602227167,4.501111308463438,12.155377692406134,0.48526855100135435,150000.0,2900.0,H1,1250.0
1,91,8,known,3,100.0,300.0,150.0,5842.29944444106,282.92571456113467,5835.444784980523,1306.111354385492,64.8252631209619,1304.5016501775697,1.0,1.0,42.0,2493.4125960722213,101.08105331458249,68.9499761105393,882.0,882.0,5144.796072968564,265.9777385128018,5137.916160764827,2719.5988929627,2425.1971800058636,149.07338340149494,2420.8310479352795,0.01020408163265306,0.0022675736961451248,9.839587231810654,3.5975627639816445,9.808827945568757,3.508495199135267,14.300781975168379,0.4693295470024168,150000.0,2900.0,H1,1250.0
1,92,8,known,3,100.0,300.0,150.0,2907.416212791942,92.05617993478343,2905.9584811454642,692.7019939112687,52.63647157291451,690.6992502015627,1.0,1.0,39.0,2817.268466340447,89.79083671598899,101.83692699052959,882.0,882.0,2707.3108766355604,157.78306959886785,2702.7091381976647,3021.968133726718,-314.6572570911576,47.89642615672828,-317.26045218776926,0.03968253968253968,0.01020408163265306,9.984102381764785,9.160062276003384,9.954574244834717,9.121588618840395,2.9555594657122617,0.37258559099791455,150000.0,2900.0,H1,1250.0
1,93,8,known,3,100.0,300.0,150.0,5789.628632226588,361.9283465602558,5778.304904645832,1942.6766617242731,69.86138832237768,1941.4200983892786,1.0,1.0,29.0,2533.6164183080577,99.77802425786558,66.71533596929675,882.0,882.0,5297.89815981368,253.77555968103601,5291.816595184092,2540.7847333543577,2757.113426459322,141.00487053765366,2753.535713777013,0.022675736961451247,0.005668934240362812,9.585457715850527,3.8377341613361504,9.555902083771171,3.7535048723317104,13.804755454893614,0.3987277380001615,150000.0,2900.0,H1,1250.0
1,94,8,known,3,100.0,300.0,150.0,2586.2849609862183,106.00071625684275,2584.111790843523,1869.7717573528025,42.3031105580186,1869.2931475376738,1.0,1.0,39.0,1681.6641638283977,150.28008124937617,86.59275011568646,882.0,882.0,2569.2505059507016,123.71281208070589,2566.2703097014196,2966.4527586805207,-397.20225272981907,19.424424352879555,-398.34870488854995,0.04308390022675737,0.009070294784580499,9.529734278876205,9.09223147222026,9.501717925275347,9.0562523678485,2.825764515345438,0.46010515600210056,150000.0,2900.0,H1,1250.0
1,95,8,known,3,100.0,300.0,150.0,1086.9953351092834,108.36675587081291,1081.5800963273036,750.9652409302605,92.55258312289982,745.2401038878161,1.0,1.0,35.0,1018.8408201226698,247.2870100263903,74.27470399845045,882.0,882.0,2700.142991903242,128.29357228653566,2697.0934236755966,2740.401940826586,-40.25894892334372,20.799210214714137,-41.19943126320459,0.047619047619047616,0.012471655328798186,9.68205485459682,9.077488494812378,9.652315070953389,9.042659191939428,2.9745485146539434,0.4390719619987067,150000.0,2900.0,H1,1250.0
1,96,8,known,3,100.0,300.0,150.0,2004.242508073714,50.37333373120108,2003.6093826937467,1267.4281719176556,40.5081082636069,1266.780669309188,1.0,1.0,39.0,680.3782289810807,370.22118040072075,73.24776745515635,882.0,882.0,3506.782593943137,121.46828790187524,3504.6782471743027,2637.9709635695804,868.8116303735565,8.328746622610169,869.1346127725997,0.027210884353741496,0.003401360544217687,9.764557560566079,7.122468839274867,9.73462094079024,7.08534168457253,4.92354922580491,0.45655932699810364,150000.0,2900.0,H1,1250.0
1,97,8,known,3,100.0,300.0,150.0,2609.236539384935,120.88989960980632,2606.434528361264,1398.791859753331,60.1171616678057,1397.4994074364358,1.0,1.0,32.0,2526.812779582342,100.16333984575203,56.75179018956758,882.0,882.0,2237.068432832694,129.04164113455093,2233.343553515631,2824.2872507170714,-587.2188178843776,25.001739533039526,-589.0267576656888,0.06235827664399093,0.022675736961451247,9.943280734499051,8.924288965888096,9.912373398333322,8.890634494917357,2.506718956976393,0.3872266469988972,150000.0,2900.0,H1,1250.0
1,98,8,known,3,100.0,300.0,150.0,2762.3529003715175,93.94588046050798,2760.754918085891,1552.8637756569422,36.9896897375628,1552.4231602886673,1.0,1.0,41.0,1041.2548047215803,242.953507654515,67.30020185537295,882.0,882.0,3163.012931815167,146.52331078449077,3159.6173385754687,2510.613350118391,652.3995816967763,38.02592499722243,651.3494678985708,0.02947845804988662,0.0022675736961451248,9.565176612572508,7.223689378042272,9.533760191729279,7.183118566702795,4.378666864372276,0.4883178460004274,150000.0,2900.0,H1,1250.0
1,99,8,known,3,100.0,300.0,150.0,1404.605368578747,93.32504856361508,1401.5015792894549,647.4728978882335,51.19215895584865,645.4459825277604,1.0,1.0,26.0,1950.5469717397878,129.25774779686282,48.87638098169523,882.0,882.0,2169.3503264957776,128.65264429525254,2165.5321138655913,2839.211024689641,-669.8606981938633,17.556734399688267,-671.5045340337056,0.05782312925170068,0.006802721088435374,9.532588256278817,9.092368559780041,9.503704528824045,9.061141092853862,2.385902322626765,0.39189288600027794,150000.0,2900.0,H1,1250.0
2,0,8,known,3,100.0,300.0,150.0,872.1113163752967,60.71790730044838,869.9951056660647,552.9044089281208,44.34431363332554,551.1232777342506,1.0,1.0,79.0,1126.4860203491498,224.69625053762653,70.09950099575343,882.0,882.0,2740.7335964656677,116.7084290077155,2738.2475763513758,3605.85530975242,-865.1217132867523,5.872072647881737,-865.9038934093769,0.047619047619047616,0.01020408163265306,10.673589866478856,8.987247522646332,10.650008867408559,8.956788069624107,3.0495806302869553,0.512543798002298,150000.0,2900.0,H2,883.8834764831844
2,1,8,known,3,100.0,300.0,150.0,3819.873568605971,206.9330856658918,3814.2643823142766,1510.2795604956661,66.16519865474109,1508.829518977529,1.0,1.0,33.0,1709.6996054875863,147.7766456046106,68.49529279861095,882.0,882.0,3616.836149972685,169.28721057049702,3612.872205889172,4096.494708411642,-479.65855843895724,58.88970266322386,-482.1346666682416,0.034013605442176874,0.007936507936507936,10.797574487918903,5.538317670326752,10.772349785497276,5.481565988490923,6.530568243405397,0.4017233889971976,150000.0,2900.0,H2,883.8834764831844
2,2,8,known,3,100.0,300.0,150.0,1106.9245236995826,72.4051249828327,1104.5539366838398,600.0673925262869,41.966899315901735,598.5980746169384,1.0,1.0,38.0,1619.8911166631149,155.7298946737538,89.05732515619285,882.0,882.0,2212.400110770429,118.84608464075686,2209.2057075570324,3593.1884438591824,-1380.7883330887535,10.124948835326052,-1382.3375412028022,0.05782312925170068,0.01473922902494331,10.512964121953964,11.557643241074333,10.48337908493879,11.533420616802445,1.9142311841810897,0.5209285060009279,150000.0,2900.0,H2,883.8834764831844
2,3,8,known,3,100.0,300.0,150.0,1196.9970287234576,64.145615111217,1195.2770502418214,1119.3160952758578,57.65332868741194,1117.8303157612315,1.0,1.0,26.0,1609.039358612369,156.56249071025755,79.11817353184466,882.0,882.0,1794.9267050668416,115.1782469882424,1791.227469637183,3703.423753282674,-1908.4970482158326,4.944474765296178,-1910.5553456884043,0.08616780045351474,0.022675736961451247,11.025263508490587,9.230326944849134,11.002134946933916,9.197860579953158,1.9445971045137005,0.3968089879999752,150000.0,2900.0,H2,883.8834764831844
2,4,8,known,3,100.0,300.0,150.0,2084.8503518429684,130.8944287118482,2080.7372823381493,1044.8498244187517,67.74656146836877,1042.6512163696493,1.0,1.0,35.0,1225.3408736325648,205.85333521628033,66.83360176952667,882.0,882.0,2993.1085218072076,143.5438052993531,2989.6644961057264,4054.2167160898534,-1061.1081942826459,32.68077296393797,-1063.036155198758,0.047619047619047616,0.017006802721088437,10.810757600503518,6.913506331561816,10.787518904698999,6.870213900796188,4.32936396997707,0.4219041129981633,150000.0,2900.0,H2,883.8834764831844
2,5,8,known,3,100.0,300.0,150.0,2786.117724374363,177.92532848258904,2780.4306413858526,872.9508429238538,79.33718979007749,869.3381301183562,1.0,1.0,35.0,2612.17583760985,96.91806065407037,65.02324536486579,882.0,882.0,2824.870714024641,198.74430550463222,2817.870694688379,3999.2420158889427,-1174.3713018643016,89.39543817791129,-1179.876111559588,0.030612244897959183,0.0045351473922902496,10.85403950467967,8.958073983063807,10.829580194347031,8.920966453799942,3.153435347112962,0.4460372709982039,150000.0,2900.0,H2,883.8834764831844
2,6,8,known,3,100.0,300.0,150.0,284.35235096388993,49.47389503740688,280.0153445947541,96.390336876744,37.87627362390627,88.63681480953146,1.0,1.0,83.0,1191.1218612815903,211.8047351706217,95.38339722839994,882.0,882.0,3745.024825291428,110.63710173648188,3743.3902246183793,3883.1158175727455,-138.09099228131754,3.5672003555048377,-138.24918275860182,0.032879818594104306,0.009070294784580499,10.766430033501878,11.531685180306972,10.740689793999804,11.509765790130778,3.247595443974595,0.5755494260010892,150000.0,2900.0,H2,883.8834764831844
2,7,8,known,3,100.0,300.0,150.0,1560.58220953573,82.39988096605485,1558.4053042569512,771.1918681316406,44.88021753916196,769.8848378465492,1.0,1.0,116.0,759.1337672513364,332.4621660655128,75.444770334995,882.0,882.0,3526.985147385642,126.17128801133535,3524.7276541543574,3890.9753917925004,-363.99024440685844,18.997074396292618,-364.77143794873746,0.046485260770975055,0.009070294784580499,10.882947379326513,7.390523250786281,10.858388100959363,7.350557767714026,4.77230776184948,0.6100448799988953,150000.0,2900.0,H2,883.8834764831844
2,8,8,known,3,100.0,300.0,150.0,4005.7063896782292,186.4519679862768,4001.364685197169,1417.3625516547331,64.38902628669015,1415.8992393977292,1.0,1.0,49.0,1442.5546288865344,174.82556522330486,62.770248484304744,882.0,882.0,4519.158034963038,213.54354670816372,4514.109934265035,4172.954296724573,346.2037382384642,102.61265007976105,342.63035278254847,0.02040816326530612,0.0022675736961451248,10.897128949590936,5.3946245650087565,10.87388903033354,5.337032956294896,8.377150217784807,0.47396952400231385,150000.0,2900.0,H2,883.8834764831844
2,9,8,known,3,100.0,300.0,150.0,1393.154232321752,73.82811850813384,1391.1966517906658,1098.8057288582718,59.00374847151154,1097.2203914611086,1.0,1.0,32.0,1522.8710566597074,165.66183025476778,78.62259239059634,882.0,882.0,2417.433328537551,123.93165626324264,2414.2545107133988,3867.093798713331,-1449.6604701757801,13.070081448543448,-1451.2498754277822,0.048752834467120185,0.01473922902494331,10.903943651872083,10.98353075962957,10.87859144492981,10.958870705486564,2.2009619506169447,0.49718215800021426,150000.0,2900.0,H2,883.8834764831844
2,10,8,known,3,100.0,300.0,150.0,1639.3133897342993,46.1135863077449,1638.664677998521,1209.6749110330645,39.571744800755376,1209.0274882715762,1.0,1.0,29.0,1313.5515054640973,192.08435828796016,78.9436043740517,882.0,882.0,2747.274523866553,115.43690516299226,2744.848198063526,4060.5849128885548,-1313.3103890220018,4.5053736474364285,-1314.2211571081448,0.049886621315192746,0.01927437641723356,10.520615376568628,7.62401825833035,10.494649210807163,7.588261341915943,3.603446936744617,0.40750450899940915,150000.0,2900.0,H2,883.8834764831844
2,11,8,known,3,100.0,300.0,150.0,565.2209236801931,83.09319250707973,559.0797920913187,378.82297322366344,49.09585853177331,375.62806300520805,1.0,1.0,71.0,844.2677754395237,300.79248734927364,42.852078640571904,882.0,882.0,4242.176368256925,125.38648093767111,4240.322932253578,3915.395863867898,326.78050438902756,15.081456395993854,326.4811403112035,0.021541950113378686,0.0045351473922902496,10.756312294929868,10.803367442451869,10.732944639243904,10.779024652289635,3.9267167305513273,0.504457363000256,150000.0,2900.0,H2,883.8834764831844
2,12,8,known,3,100.0,300.0,150.0,1531.8234152018313,63.30666013107961,1530.5146984409034,1141.4838113268827,38.887062453999924,1140.8212339779816,1.0,1.0,42.0,1789.516014010896,141.09633591424574,88.60486354004284,882.0,882.0,2210.4922834824306,115.72962450608061,2207.460710714248,3709.913407242861,-1499.4211237604304,6.58180819408544,-1500.8467527297767,0.07596371882086168,0.017006802721088437,10.662256401772499,9.599395519229336,10.638612599483164,9.569673546910044,2.3027411247452116,0.40883440299876384,150000.0,2900.0,H2,883.8834764831844
2,13,8,known,3,100.0,300.0,150.0,1487.7288335551407,57.44170456950679,1486.6194983140404,1213.4815955538604,41.83844962882882,1212.760127511042,1.0,1.0,33.0,1549.736147069713,163.34934093063055,68.97994352827031,882.0,882.0,2343.1012630105984,118.05904668930256,2340.125122769438,3932.0215071127946,-1588.9202441021962,6.761328775821326,-1590.3209015876996,0.05555555555555555,0.009070294784580499,10.875105757926928,10.76323661891454,10.85062191100234,10.73305002022197,2.1769485759450835,0.4377112189977197,150000.0,2900.0,H2,883.8834764831844
2,14,8,known,3,100.0,300.0,150.0,721.8838944581619,41.80112207140126,720.6726186498655,644.1498267922474,30.52022826735691,643.4263866387442,1.0,1.0,38.0,1081.0727610833799,233.40300362362672,54.548745996780475,882.0,882.0,2911.030332815074,113.54387980947867,2908.815117178686,4108.445290700845,-1197.4149578857714,1.7506408487000158,-1198.1089116298108,0.05782312925170068,0.013605442176870748,11.081666049696244,10.068349024245308,11.058829446136418,10.042614726349255,2.8912687927336487,0.3888514270001906,150000.0,2900.0,H2,883.8834764831844
2,15,8,known,3,100.0,300.0,150.0,1438.4613852866255,92.88783097304871,1435.4591627133946,895.720601767414,66.376783998777,893.2578121553474,1.0,1.0,109.0,585.3264326577543,429.97340777813525,63.02002231087334,882.0,882.0,3934.2965756783174,128.94539899892152,3932.18293438532,3786.573865057106,147.72271062121126,18.376769490123436,147.22372539745356,0.031746031746031744,0.0022675736961451248,10.627055552519854,8.011599207248878,10.59843262198305,7.975125631762035,4.910750617827429,0.5746045830019284,150000.0,2900.0,H2,883.8834764831844
2,16,8,known,3,100.0,300.0,150.0,5828.8895936953995,359.0389715598776,5817.821320081233,1770.1275208256666,65.75943411210713,1768.905632533764,1.0,1.0,79.0,2735.0448416163563,92.13854685351397,93.89329915334028,882.0,882.0,5575.998073403225,267.45200242526766,5569.580230232364,3914.7189784377906,1661.2790949654345,160.61579675932882,1656.3193514638747,0.013605442176870748,0.005668934240362812,10.717708986879078,3.965084998061548,10.691794370582006,3.8837327410794105,14.062745379050439,0.4937230029972852,150000.0,2900.0,H2,883.8834764831844
2,17,8,known,3,100.0,300.0,150.0,860.2385614047894,72.30538241103447,857.1944436370172,431.1813323244461,51.12041314547964,428.14021617329985,1.0,1.0,33.0,1421.9630328865157,177.97292046444278,69.07846544654703,882.0,882.0,2910.9556584809143,123.4780518991186,2908.3356093032407,3627.7486858997386,-716.7930274188243,10.066204082662082,-717.6398843842358,0.04308390022675737,0.012471655328798186,10.730007690916938,12.93629787128748,10.706595279499851,12.913728304852372,2.250223122135949,0.45505301899902406,150000.0,2900.0,H2,883.8834764831844
2,18,8,known,3,100.0,300.0,150.0,1412.5273517895534,74.32568966387365,1410.5705269179552,816.1698840036872,74.8248159532595,812.732752183738,1.0,1.0,39.0,1774.471803339054,142.28293524260923,69.16433331377088,882.0,882.0,3016.3744474766086,145.86224315433714,3012.845667041676,3734.09063911258,-717.7161916359714,34.58728753049091,-719.5866210727527,0.046485260770975055,0.011337868480725623,10.779795019020238,11.101258683865566,10.752740868840434,11.075150622054313,2.7171463465314702,0.3760578309993434,150000.0,2900.0,H2,883.8834764831844
2,19,8,known,3,100.0,300.0,150.0,2927.078926074287,110.97289269172268,2924.9745394713837,1179.0141268273585,48.317066331028336,1178.0236722407753,1.0,1.0,44.0,2647.6339330993133,95.55029430261698,79.10987221257824,882.0,882.0,2552.810569570658,140.61082939207253,2548.935149973286,4102.453327991244,-1549.6427584205858,36.818059181621706,-1552.2049804292915,0.05442176870748299,0.007936507936507936,10.804027461211055,8.625296660277943,10.778376328913676,8.586625568098235,2.959678571204525,0.5075687799981097,150000.0,2900.0,H2,883.8834764831844
2,20,8,known,3,100.0,300.0,150.0,2328.7729056919825,124.2012591458781,2325.4585125328854,994.6828343708103,58.32897438657206,992.9711333865448,1.0,1.0,27.0,1066.9997980462324,237.03697166403092,82.35316265932508,882.0,882.0,3282.0280377251697,151.35439015886138,3278.5362418301506,3709.8280188601007,-427.79998113493093,41.52750635417284,-429.66574634595327,0.036281179138321996,0.011337868480725623,10.822878377065773,6.268617167348388,10.798154659240355,6.220170098451703,5.235649187224908,0.568035066997254,150000.0,2900.0,H2,883.8834764831844
2,21,8,known,3,100.0,300.0,150.0,1379.3876666395422,61.28426355129169,1378.0256071344454,983.4999126625837,49.59030679408246,982.2488888664515,1.0,1.0,29.0,1524.809459281439,165.4256747874275,66.48346378041023,882.0,882.0,2621.4949980781744,118.07980831990164,2618.8343177482657,3976.0088263255343,-1354.51382824736,8.787004423412853,-1355.6721006683651,0.05215419501133787,0.011337868480725623,10.440242553413352,11.384075824726846,10.416110825611668,11.3592133070204,2.3027736624734536,0.4957711169990944,150000.0,2900.0,H2,883.8834764831844
2,22,8,known,3,100.0,300.0,150.0,1953.7494809743714,103.05896648563424,1951.0294420727068,950.1959035883912,64.54358553429633,948.0012556756114,1.0,1.0,39.0,1156.3848747294776,218.04961824579112,86.18214021196965,882.0,882.0,3325.741652248654,134.53482595597217,3323.0193977927065,3687.7854627152424,-362.0438104665882,28.49483664973866,-363.2411925185388,0.034013605442176874,0.011337868480725623,10.728777801259245,7.387756940047025,10.705371077179132,7.348939131108855,4.501693381682215,0.45702835100019,150000.0,2900.0,H2,883.8834764831844
2,23,8,known,3,100.0,300.0,150.0,1907.2462413249682,66.91571433713987,1906.0720112899642,1097.612973199786,43.92543177952952,1096.7336939200218,1.0,1.0,23.0,2091.1531120312425,120.7679424436563,69.44780163094256,882.0,882.0,1769.0469308345132,129.3489888160068,1764.3117305587716,3749.6504392939996,-1980.6035084594864,19.371636170134096,-1983.7255423085476,0.07482993197278912,0.015873015873015872,10.638172075310312,9.011868030605743,10.609173448460496,8.979072395463696,1.9630191263637542,0.43448016600086703,150000.0,2900.0,H2,883.8834764831844
2,24,8,known,3,100.0,300.0,150.0,2888.436497687993,163.0051167672391,2883.8333400326337,1216.7121323078563,74.12601440693162,1214.4520356495245,1.0,1.0,31.0,1326.069746200104,189.8680996547438,65.83812722251272,882.0,882.0,4477.370192705894,188.60633420767573,4473.395968749911,3876.2321610671265,601.1380316387672,78.29042282043167,598.733897525386,0.018140589569160998,0.005668934240362812,10.812114632102528,5.806851009461626,10.78876852549173,5.7572991529468105,7.710496076807396,0.5016323340023519,150000.0,2900.0,H2,883.8834764831844
2,25,8,known,3,100.0,300.0,150.0,2999.234620096585,108.21054625835819,2997.281899332189,1245.9299543290701,58.353782478897315,1244.5626891261222,1.0,1.0,39.0,2292.879045546744,110.23616080916823,87.08542334568612,882.0,882.0,3376.2129739601214,155.05415760776572,3372.65062728786,4057.9701880842854,-681.757214124164,46.87247629928699,-683.8772933864302,0.045351473922902494,0.012471655328798186,10.472167065482868,10.37885317106521,10.44792922264633,10.345881814582409,3.252973058114485,0.45137738099947455,150000.0,2900.0,H2,883.8834764831844
2,26,8,known,3,100.0,300.0,150.0,1026.7375528218597,67.15337779665562,1024.5391286940292,426.42890939221587,50.23562926450657,423.4595568857004,1.0,1.0,52.0,1550.0033000170313,162.83101999422885,86.24920026169468,882.0,882.0,3377.501135821456,132.58956913091447,3374.8976175038115,4009.380573900763,-631.879438079307,17.30960625475997,-632.8253165988049,0.030612244897959183,0.006802721088435374,10.63774674336383,12.576038973802433,10.612074967151152,12.551823951937962,2.685663699720748,0.4293694339976355,150000.0,2900.0,H2,883.8834764831844
2,27,8,known,3,100.0,300.0,150.0,926.772384533164,67.20868211881134,924.3322161328898,694.9486303591178,59.34634618943802,692.4100013951107,1.0,1.0,32.0,1261.863034794141,200.1122018871172,54.87440709108559,882.0,882.0,2703.019851868427,116.44921198190862,2700.5103037432773,4093.2256815098235,-1390.2058296413966,6.308037877483599,-1391.2332612346722,0.06802721088435375,0.01473922902494331,10.848504258423404,8.95800614176354,10.824426975148274,8.926131069580578,3.0174346937166643,0.41369385500001954,150000.0,2900.0,H2,883.8834764831844
2,28,8,known,3,100.0,300.0,150.0,2187.3122717252722,111.97351888129161,2184.4443012146844,1349.378061232376,58.88324944395105,1348.0926952810653,1.0,1.0,32.0,1909.4194074503032,131.8752550054655,67.83797694716112,882.0,882.0,3061.8219402080567,119.21615233593127,3059.5001393302214,3778.006652913749,-716.1847127056922,12.73349616767048,-717.0056151200347,0.05102040816326531,0.021541950113378686,10.70199949172467,10.179563517258769,10.678499246086403,10.150165349217495,3.007812599250393,0.4250685879997036,150000.0,2900.0,H2,883.8834764831844
2,29,8,known,3,100.0,300.0,150.0,1843.7695541911812,57.58807085185356,1842.8699853917826,687.4242405166725,43.34817063301509,686.0561365899258,1.0,1.0,103.0,808.3509866069575,311.9911476698035,85.06518532120025,882.0,882.0,4613.591581619568,154.25164375104896,4611.012222103847,3865.349965629354,748.2416159902145,43.940159679396075,747.2366420173489,0.021541950113378686,0.0022675736961451248,10.751831357505958,6.838743507639926,10.724799317759297,6.798941567448926,6.7462562040314555,0.5838272129985853,150000.0,2900.0,H2,883.8834764831844
2,30,8,known,3,100.0,300.0,150.0,3603.9428319970084,149.78465655073757,3600.8288619378445,928.8091460623785,47.13077889088521,927.612591274107,1.0,1.0,47.0,1424.498204532521,177.61171674329688,86.22847830278457,882.0,882.0,3963.217104911786,205.91297347164206,3957.8642811523264,3826.9167666872586,136.30033822452742,93.03723471856127,132.61252384889303,0.01927437641723356,0.0045351473922902496,10.678252923442965,5.379416434032731,10.651305005039095,5.323441008081518,7.367373679863492,0.5670224599998619,150000.0,2900.0,H2,883.8834764831844
2,31,8,known,3,100.0,300.0,150.0,2903.58887892696,171.05967149424325,2898.545664055787,848.5903722102358,74.07150538064563,845.3514250881415,1.0,1.0,38.0,2630.8876280527834,95.64678914755805,81.75820088911165,882.0,882.0,2728.1069132818275,152.9618083644274,2723.815341662864,4146.947887688145,-1418.8409744063174,44.84887284331607,-1421.7230282444962,0.03741496598639456,0.006802721088435374,10.746612122981514,8.324439606217059,10.722507371601218,8.284876094609626,3.2772259062872617,0.527860744001373,150000.0,2900.0,H2,883.8834764831844
2,32,8,known,3,100.0,300.0,150.0,1739.7192262748995,56.9259272973088,1738.7876308140324,759.9384606596595,37.408489215447126,759.0171730101965,1.0,1.0,164.0,0.039475234573866126,6374607.360493251,72.10242931180959,882.0,882.0,197969445.46724755,5540789.330070755,197891892.1841147,3615.7630143964316,197965829.70423314,5540681.891482773,197888278.017665,0.0,0.0,10.518714411048702,7.891628932177144,10.490129279933463,7.855432038998487,250860.05331554747,0.6674957759969402,150000.0,2900.0,H2,883.8834764831844
2,33,8,known,3,100.0,300.0,150.0,2771.9350190217115,147.7496390626494,2767.994543678826,1311.6588672547111,80.55510039890086,1309.1828977830544,1.0,1.0,107.0,1114.5988182469534,226.20884764481653,60.29695976663379,882.0,882.0,3619.178518656453,157.15968006704298,3615.764647327802,3576.2835547704212,42.894963886031746,45.749624725683205,41.21686282551627,0.026077097505668934,0.006802721088435374,10.708540535328329,6.532155687845849,10.684157643207293,6.488103912739179,5.5405576529514295,0.7103035430009186,150000.0,2900.0,H2,883.8834764831844
2,34,8,known,3,100.0,300.0,150.0,1562.1677072238786,74.75403690974706,1560.378088624294,1396.4332338000465,56.892357642664905,1395.273821191781,1.0,1.0,39.0,1057.3222737969488,239.86434242765569,74.52978464512609,882.0,882.0,3478.2395029243417,117.47942564241033,3476.25497112253,4265.952273638826,-787.7127707144846,10.514089754776947,-788.356056612909,0.031746031746031744,0.006802721088435374,10.834888685028085,7.642078674490765,10.807909642443644,7.607602744541557,4.551431163008952,0.5363502090003749,150000.0,2900.0,H2,883.8834764831844
2,35,8,known,3,100.0,300.0,150.0,1775.23990645582,84.20505450745122,1773.2417303539485,994.3658422798459,60.66391492934428,992.5136360364792,1.0,1.0,44.0,577.957105056697,438.1429868999057,78.27087230125677,882.0,882.0,3545.4543709411746,160.09817145664655,3541.8378381741472,3954.402318809268,-408.94794786809325,50.201412177311596,-411.03711574281306,0.02834467120181406,0.0045351473922902496,10.522071477356242,8.451282362367007,10.4961324652581,8.419014892874888,4.195167335467153,0.5816733669998939,150000.0,2900.0,H2,883.8834764831844
2,36,8,known,3,100.0,300.0,150.0,1709.5443318396735,88.82332896923411,1707.2352616894896,695.1543676996617,63.04173452516079,692.2899209435132,1.0,1.0,33.0,1866.2757657837071,134.6441175231047,84.78373814893142,882.0,882.0,3162.1383081224244,130.05589842605067,3159.46263516123,3749.343838840638,-587.2055307182136,20.31750564187773,-588.2749099453372,0.04421768707482993,0.01473922902494331,10.827293788387307,12.340271815997623,10.802600716428756,12.313612205457908,2.562454340773196,0.5151199959982478,150000.0,2900.0,H2,883.8834764831844
2,37,8,known,3,100.0,300.0,150.0,1660.9944232644937,56.33525563455775,1660.0387986695785,1410.9659045934868,49.84070005827393,1410.0853479640932,1.0,1.0,32.0,1351.6454250921713,186.58617558999248,69.2379269524286,882.0,882.0,1888.819069210557,116.96539924077412,1885.1940408334315,3610.133218031214,-1721.3141488206568,8.785883390320805,-1723.3179855124374,0.05328798185941043,0.02040816326530612,10.730009635785377,8.812873778364096,10.704054241627777,8.776886183183985,2.1432498827427575,0.5256778740003938,150000.0,2900.0,H2,883.8834764831844
2,38,8,known,3,100.0,300.0,150.0,2620.8756553262047,118.89803960223291,2618.1773157791104,1351.511833994958,56.19747972068498,1350.342949291571,1.0,1.0,40.0,1486.213470280303,169.01686167394894,69.57619883900597,882.0,882.0,2424.209234998227,131.10934624909257,2420.661222554041,3849.977027224753,-1425.7677922265257,19.235244741683104,-1427.6900212346873,0.05668934240362812,0.01020408163265306,10.420597381559418,6.297988439090666,10.395335418929996,6.253021131865051,3.849180192125355,0.5847483510005986,150000.0,2900.0,H2,883.8834764831844
2,39,8,known,3,100.0,300.0,150.0,3828.021748492654,134.85516547417978,3825.6456437152783,1110.3827418464255,44.74915462980336,1109.4806652440157,1.0,1.0,42.0,1529.3652224219538,165.28417598002375,84.62885168694436,882.0,882.0,5053.173700874709,222.57383249338778,5048.269539188751,3694.0337952455507,1359.139905629158,114.31389534846936,1355.822455420911,0.013605442176870748,0.006802721088435374,10.614762167636826,4.992602320242939,10.588028069866954,4.929606664156831,10.121322261911745,0.5143556279981567,150000.0,2900.0,H2,883.8834764831844
2,40,8,known,3,100.0,300.0,150.0,2491.784764498491,105.31226860343313,2489.5583220058124,940.3664834851494,63.46605336245001,938.2223528209187,1.0,1.0,21.0,2445.143866883713,102.69106890638426,64.96634219452893,882.0,882.0,2714.168019453598,154.9856183775493,2709.7393778592054,3930.7529234253766,-1216.5849039717787,43.426898403742754,-1219.4301523360682,0.04308390022675737,0.013605442176870748,10.641872253511949,8.9359484926985,10.618265408069085,8.893745933593198,3.037358621383421,0.4776811759984412,150000.0,2900.0,H2,883.8834764831844
2,41,8,known,3,100.0,300.0,150.0,2098.4510353225032,88.87542339102073,2096.568125953257,1072.9044017132983,45.51476369072032,1071.9385530439458,1.0,1.0,44.0,2045.152565389757,123.15843567018048,64.22482274951325,882.0,882.0,2729.2960543930812,130.0581764373096,2726.195485152788,3972.425231668988,-1243.1291772759068,22.65930645938883,-1244.7776580361556,0.049886621315192746,0.009070294784580499,10.540907952106853,11.092993719396869,10.516443375274932,11.061637067078598,2.4603782562508063,0.520599128001777,150000.0,2900.0,H2,883.8834764831844
2,42,8,known,3,100.0,300.0,150.0,1392.9939773152348,47.25741220749219,1392.1921411313772,458.62391859252983,48.109648430913246,456.0935873623103,1.0,1.0,62.0,1756.5278516379908,143.9089597803665,73.8698129135986,882.0,882.0,3358.7057063957473,131.14279117915277,3356.144453163048,3677.2003855727994,-318.49467917705215,25.756394216588205,-319.54546615713207,0.04308390022675737,0.012471655328798186,10.836922594577427,13.385194889394299,10.812667206137775,13.36352610968348,2.5092691844606634,0.5241912029996456,150000.0,2900.0,H2,883.8834764831844
2,43,8,known,3,100.0,300.0,150.0,1014.1029836831906,56.44458492324355,1012.53092315642,612.3048033213399,46.38114976179288,610.5456257456595,1.0,1.0,38.0,1519.1315871024399,166.4896905822805,71.99775774546761,882.0,882.0,2818.965051998326,121.17024357531899,2816.359660352318,3806.7701334674603,-987.8050814691342,10.961022717273678,-988.8148135315964,0.05555555555555555,0.015873015873015872,10.656463730577737,10.913972149941007,10.632371283420193,10.890004623882941,2.5828955885814344,0.5778644040001382,150000.0,2900.0,H2,883.8834764831844
2,44,8,known,3,100.0,300.0,150.0,1484.6777255550246,105.39991140584262,1480.9317362508245,802.0572835836565,75.45113641992084,798.5004772462797,1.0,1.0,46.0,1136.2982003372779,222.556859386249,88.44678517852807,882.0,882.0,2639.7418787051965,117.92469022386966,2637.106549539788,3377.9871427668945,-738.245264061698,10.09498039367027,-739.1591228231537,0.05215419501133787,0.02040816326530612,10.683918115314842,7.6315203844873745,10.658936810061384,7.591941734359595,3.458998660438635,0.5503446870025073,150000.0,2900.0,H2,883.8834764831844
2,45,8,known,3,100.0,300.0,150.0,3678.6110560443085,121.5933394089503,3676.6009249662657,1646.0164447191069,52.025111769091936,1645.1940688049972,1.0,1.0,43.0,2777.889925683824,90.88691395850022,85.32243878580769,882.0,882.0,2946.962890619803,155.5294272090918,2942.8559047228655,3837.664190042418,-890.7012994226147,42.60798200741365,-893.1465956344391,0.034013605442176874,0.009070294784580499,10.578200784479398,7.793735943343675,10.55440648072991,7.7392508593219755,3.7811941693209263,0.5140789299985045,150000.0,2900.0,H2,883.8834764831844
2,46,8,known,3,100.0,300.0,150.0,694.0685097653737,68.97972949659207,690.6322416210409,595.6940207801871,53.77630191593818,593.2617261761557,1.0,1.0,53.0,1157.6137423157816,217.7779019978672,74.87087521023206,882.0,882.0,2860.223877495647,115.63663857405545,2857.8853716017943,4054.6823857140357,-1194.458508218389,4.627326627109738,-1195.2771197968336,0.04308390022675737,0.01020408163265306,10.680273337060115,10.036971880963677,10.65676093223063,10.008904162597482,2.849688044778132,0.5804009390012652,150000.0,2900.0,H2,883.8834764831844
2,47,8,known,3,100.0,300.0,150.0,4060.882128458725,199.57440671111158,4055.975063708032,1598.2464027551066,77.78937398546493,1596.3522096375184,1.0,1.0,91.0,3266.440387009333,77.13492789165663,75.88839797945988,882.0,882.0,2616.0874544619523,158.23466982990035,2611.2976388487464,3946.223152458587,-1330.1356979966345,51.957062320456274,-1333.4941476898352,0.045351473922902494,0.006802721088435374,10.657800915706126,7.161605388629706,10.631922007764594,7.119851716023609,3.6529343806284635,0.6262251300031494,150000.0,2900.0,H2,883.8834764831844
2,48,8,known,3,100.0,300.0,150.0,3780.383980400087,168.8733590036994,3776.6102298072024,1533.9084486392658,71.8500067729599,1532.2247567943955,1.0,1.0,38.0,2935.1337210341608,86.10970842390147,72.50125315979956,882.0,882.0,2384.5268904475865,157.72640505100156,2379.304703567268,3792.8553820406723,-1408.3284915930858,49.30305963105799,-1412.0006557045017,0.05102040816326531,0.011337868480725623,10.665277434244366,8.751188432228249,10.637844319752208,8.708617785869876,2.724803504020119,0.632398670000839,150000.0,2900.0,H2,883.8834764831844
2,49,8,known,3,100.0,300.0,150.0,1891.42417905919,53.05055714269692,1890.680053186308,1050.02051031309,50.6040323659877,1048.8004118927795,1.0,1.0,59.0,1858.7697808059497,135.6232154522818,82.23700181531031,882.0,882.0,2747.53157496927,129.28412304157814,2744.488180149896,3985.4691433708626,-1237.9375684015927,14.0441616572991,-1239.3145313383911,0.03968253968253968,0.012471655328798186,10.66359800168079,10.893604405552942,10.63870633439784,10.868050369954311,2.522151046322863,0.7018753369993647,150000.0,2900.0,H2,883.8834764831844
2,50,8,known,3,100.0,300.0,150.0,3618.458526645013,91.17819081077715,3617.3095867744682,1217.1801615692464,62.20312127392328,1215.589699455173,1.0,1.0,44.0,2930.522499734639,85.89245026819432,61.99160173780913,882.0,882.0,2962.297952517047,160.51673928956282,2957.945830453042,3628.743422949705,-666.4454704326577,51.09247498079391,-669.1473803676045,0.04195011337868481,0.013605442176870748,10.708580770685602,7.665902232940175,10.683425708612294,7.625042884843586,3.8642521943315855,0.6338959590029845,150000.0,2900.0,H2,883.8834764831844
2,51,8,known,3,100.0,300.0,150.0,2624.2859978018087,102.11352702226418,2622.2985767943564,1378.7439920081902,57.436323749293585,1377.5471186906261,1.0,1.0,214.0,1953.3962284083775,129.31148549016999,79.8374965581187,882.0,882.0,2777.59672847305,134.85260677562917,2774.3212431998586,3756.435738424754,-978.8390099517042,27.09441687934897,-980.5685859995288,0.048752834467120185,0.017006802721088437,10.617124436008918,9.961134522678478,10.59103453266103,9.922787187797333,2.7884341107424118,0.9615948450009455,150000.0,2900.0,H2,883.8834764831844
2,52,8,known,3,100.0,300.0,150.0,4676.502947918388,247.79609370244683,4669.933288370957,1248.728413509082,54.737080592486734,1247.5281570822842,1.0,1.0,102.0,2017.103737270849,125.41180082536872,64.72663412835091,882.0,882.0,5121.486188295998,240.48475743691466,5115.836965575348,3831.6971930612767,1289.788995234721,130.53048232044839,1285.7177198210752,0.01473922902494331,0.0045351473922902496,10.560216253477051,4.566671264916625,10.53405827201449,4.491904404140549,11.214921966557412,0.7637524780002423,150000.0,2900.0,H2,883.8834764831844
2,53,8,known,3,100.0,300.0,150.0,2293.1354681023954,96.12711633415968,2291.1197813677204,834.7244940178429,41.49728542644588,833.69236305461,1.0,1.0,27.0,2306.6197355862587,109.87460131900265,94.55897533917695,882.0,882.0,2281.4602745967013,131.22195540141945,2277.683424662761,3799.4016914778754,-1517.941416881174,21.519888609712666,-1520.1341946742405,0.07256235827664399,0.017006802721088437,10.645532879545577,9.323587684129706,10.621918426157933,9.287422719028314,2.446976798942027,0.5987703509999847,150000.0,2900.0,H2,883.8834764831844
2,54,8,known,3,100.0,300.0,150.0,1024.3117857195036,64.5209369665779,1022.2776937099004,983.4578313189365,44.91486857019619,982.4316569430505,1.0,1.0,34.0,1266.5364119582355,199.3277367309311,102.29043254253291,882.0,882.0,1982.9347434133872,116.5998557251798,1979.503642401494,4014.5082639956854,-2031.5735205822982,3.8155661853239735,-2033.420018188456,0.08503401360544217,0.02040816326530612,10.541354670551849,9.05064357077937,10.516145932820454,9.02138876871172,2.190932310952372,0.6208824569985154,150000.0,2900.0,H2,883.8834764831844
2,55,8,known,3,100.0,300.0,150.0,779.3918222974112,103.49605429376632,772.4895982534013,660.0279367997894,80.99379139625685,655.0396042312605,1.0,1.0,98.0,863.855500637705,291.7604068331954,94.75221811175297,882.0,882.0,3580.2610806797443,113.68799584579683,3578.455595006127,3753.989407972099,-173.7283272923546,6.268039913677981,-173.99659366120477,0.036281179138321996,0.006802721088435374,10.702035684613964,9.115460041582313,10.678305639570754,9.083580728457783,3.9276800779637475,0.5877323159984371,150000.0,2900.0,H2,883.8834764831844
2,56,8,known,3,100.0,300.0,150.0,1900.1509721667762,61.833036002979355,1899.1446476466713,956.8121616563444,36.661905122456616,956.1095216586218,1.0,1.0,30.0,1915.8567327413907,131.28172981392476,83.44871883848955,882.0,882.0,2699.685447619148,126.27456371823723,2696.730659640367,3600.3753468203295,-900.6898992011816,14.72864782117739,-901.9163286926505,0.04308390022675737,0.011337868480725623,10.766035309770986,11.084899251316243,10.739747082586568,11.057821799395654,2.4354623225814,0.4873481520007772,150000.0,2900.0,H2,883.8834764831844
2,57,8,known,3,100.0,300.0,150.0,1501.9236971425314,46.57299998389946,1501.2014347551062,1011.9406704128394,36.39808597545236,1011.2858645175015,1.0,1.0,30.0,755.713462281719,332.4944430620671,72.5775144490991,882.0,882.0,3320.8949332257466,120.16726596922803,3318.7200824585852,4027.6480719029114,-706.7531386771648,9.691444152479619,-707.412563629613,0.05215419501133787,0.01473922902494331,10.769778483419447,7.567311691092429,10.746429481958167,7.5327350843246546,4.388473831644613,0.43462338199969963,150000.0,2900.0,H2,883.8834764831844
2,58,8,known,3,100.0,300.0,150.0,3930.6530530272994,177.46233588291818,3926.6449473584707,1093.6612863373873,52.77125161393905,1092.387387439203,1.0,1.0,49.0,1631.275936484018,154.6980765927502,76.55312116793115,882.0,882.0,5298.346792886131,236.3326963251352,5293.0733599993155,3939.220069880573,1359.1267230055578,125.46639779060855,1355.4137222450363,0.013605442176870748,0.0011337868480725624,10.820349398834683,5.008197505063947,10.796247544473044,4.944227056762268,10.579348732810168,0.47405647299819975,150000.0,2900.0,H2,883.8834764831844
2,59,8,known,3,100.0,300.0,150.0,2723.1911652564277,123.43272747599411,2720.392340144799,1028.2922462417307,49.90536130105394,1027.0805219622634,1.0,1.0,33.0,2602.301534153193,96.99897500010596,73.08305656597534,882.0,882.0,2459.892646444202,152.24666453254432,2455.1767319622786,4002.147337148413,-1542.254690704211,43.8979870327385,-1545.503694206272,0.05442176870748299,0.01020408163265306,10.915729162177277,8.670322820278518,10.892679969120874,8.627027814805414,2.8371407817606293,0.4924945189995924,150000.0,2900.0,H2,883.8834764831844
2,60,8,known,3,100.0,300.0,150.0,4238.478330296345,202.22619543055367,4233.6512754681835,1197.0742846569308,51.14809879704842,1195.981067984084,1.0,1.0,35.0,1674.4546333057276,150.86446036599636,70.58625163930529,882.0,882.0,4791.728224770928,242.30166156815832,4785.598111507867,3564.272879501857,1227.4553452690711,133.42151182102728,1222.9886363417345,0.024943310657596373,0.005668934240362812,10.802179372187355,4.418767941725689,10.77889694129641,4.341660006907355,10.844036817420163,0.4050502329992014,150000.0,2900.0,H2,883.8834764831844
2,61,8,known,3,100.0,300.0,150.0,1006.9283369768252,93.05758975996486,1002.6190506842472,722.821189167684,63.11175825907459,720.0606762483513,1.0,1.0,54.0,1472.4220759807454,171.45732778960917,91.15516353311477,882.0,882.0,2311.820358870013,127.0613801868055,2308.325968608182,3572.7430201519587,-1260.9226612819457,16.786460692263717,-1262.71479427524,0.05555555555555555,0.013605442176870748,10.608534334483888,11.354616194153952,10.584840993220151,11.32805566899578,2.0360180558637277,0.5031101999993552,150000.0,2900.0,H2,883.8834764831844
2,62,8,known,3,100.0,300.0,150.0,1536.8339940078913,97.77166508231669,1533.720778579099,1092.807122271335,73.44825972901899,1090.3360764597928,1.0,1.0,32.0,1361.6968188735252,183.5993229747753,79.83916313376184,882.0,882.0,2972.7733354490747,121.32039029711828,2970.296730438758,4119.018577765805,-1146.2452423167306,14.308958454387422,-1147.331542904381,0.04195011337868481,0.006802721088435374,10.487383009917963,7.441510181127265,10.459677788105857,7.398725997658284,3.994852204850103,0.46415815000000293,150000.0,2900.0,H2,883.8834764831844
2,63,8,known,3,100.0,300.0,150.0,2658.6807850985797,115.73933747923827,2656.160372193717,1427.8784642311264,60.75648282626189,1426.585279052613,1.0,1.0,36.0,2266.8316719460786,111.5086434544828,80.36154983615275,882.0,882.0,2628.496332853261,129.24309227229975,2625.316970371946,3672.22195943367,-1043.725626580409,17.5493986525761,-1045.205967596491,0.05215419501133787,0.012471655328798186,10.59571579823493,9.012104261580085,10.567901022756292,8.969772606972352,2.9166288544384957,0.44671100699997623,150000.0,2900.0,H2,883.8834764831844
2,64,8,known,3,100.0,300.0,150.0,3680.1081177539513,175.3413417551259,3675.928613592767,1112.107952665507,34.36372627796244,1111.576912632751,1.0,1.0,67.0,1631.1408882947828,154.6395684048182,77.60771930321773,882.0,882.0,4146.087913257881,185.54324146980878,4141.934172582656,3851.115982656003,294.9719306018783,72.35359273678421,292.4819498257348,0.018140589569160998,0.003401360544217687,10.557850351072174,5.103895385914814,10.528233722465089,5.04271230894135,8.123379496961894,0.6133172289992217,150000.0,2900.0,H2,883.8834764831844
2,65,8,known,3,100.0,300.0,150.0,1947.336632546704,89.04350622290019,1945.2997749595997,1041.7228952832638,68.17169018125563,1039.4898802851217,1.0,1.0,30.0,955.7909627943375,263.36123231404065,83.51379526935725,882.0,882.0,3537.531424426035,129.24551082895357,3535.169610744618,3896.7792308076046,-359.2478063815697,19.184111519234392,-360.0550120512862,0.030612244897959183,0.007936507936507936,10.816314659447269,7.17950382604004,10.79310285357536,7.141442795618434,4.9272644881049,0.5145519510006125,150000.0,2900.0,H2,883.8834764831844
2,66,8,known,3,100.0,300.0,150.0,1049.5866125060074,134.6717282870616,1040.9109389145701,966.1358300045479,70.7720939831343,963.5402185336214,1.0,1.0,47.0,987.977623097561,255.13761717888022,75.84816653444676,882.0,882.0,3267.353330067835,124.77241005404358,3264.970080903449,3393.1327034648025,-125.77937339696746,19.37284915882958,-126.52523471847508,0.046485260770975055,0.007936507936507936,10.653157268011668,10.207171588120968,10.62772414550132,10.179819367072557,3.2010369394302702,0.44183356299981824,150000.0,2900.0,H2,883.8834764831844
2,67,8,known,3,100.0,300.0,150.0,1352.5902576177818,49.43705397100764,1351.6864957145963,1163.4038546188608,43.03507143770855,1162.6076344013807,1.0,1.0,34.0,1053.254613994861,239.8455790009566,69.87703330922552,882.0,882.0,2909.2344588082606,111.79111789554125,2907.0858057988344,3623.855529787285,-714.6210709790244,2.516506204694309,-715.1218028301491,0.03854875283446712,0.0045351473922902496,10.572559673981633,8.13127448713908,10.548736994029316,8.099275241619345,3.57783329465717,0.45044815999790444,150000.0,2900.0,H2,883.8834764831844
2,68,8,known,3,100.0,300.0,150.0,847.0231980404337,65.53521760427319,844.4841225696337,724.9497157812245,65.9979046598148,721.9393097704212,1.0,1.0,50.0,1229.339238370093,206.19394369656396,100.57151662093762,882.0,882.0,3271.8462268791195,113.44483066115934,3269.8788972589477,3793.123906963231,-521.2776800841116,5.584787738366785,-521.7111629554606,0.036281179138321996,0.007936507936507936,10.706056449711037,9.23980941080834,10.681780214758238,9.212098755237596,3.541032159225981,0.41419710599802784,150000.0,2900.0,H2,883.8834764831844
2,69,8,known,3,100.0,300.0,150.0,932.2468713220172,69.02097107957132,929.6882997225051,642.0989944983277,63.76794671661185,638.9246964293294,1.0,1.0,61.0,1497.9714279757202,168.00838114309457,71.97655459238771,882.0,882.0,3078.8126172544044,117.55914903246162,3076.5674019341227,3808.8601303259893,-730.047513071585,12.073184924271033,-730.831737079684,0.04081632653061224,0.01020408163265306,10.615970739017843,10.805229845837811,10.591354426103933,10.777849862925823,2.8493726289777785,0.40870476000054623,150000.0,2900.0,H2,883.8834764831844
2,70,8,known,3,100.0,300.0,150.0,2297.1733039447668,125.66313525535178,2293.7336298694995,1049.3610799350079,56.73808646818357,1047.8260664949573,1.0,1.0,34.0,1253.5721524958833,201.47123098403705,61.77126685712203,882.0,882.0,3596.011027578402,140.22568713896715,3593.275951987528,3889.7910410594313,-293.7800134810295,33.58314700705429,-295.05295793514324,0.01473922902494331,0.0011337868480725624,10.655632527070757,6.506801554746676,10.629895890300606,6.461779572457799,5.526541723030006,0.4108845429982466,150000.0,2900.0,H2,883.8834764831844
2,71,8,known,3,100.0,300.0,150.0,2950.7459199664036,124.91925018274358,2948.10051815269,734.5028902007462,59.033415535141145,732.1267319006353,1.0,1.0,165.0,1055.6790766215825,239.20115765767673,83.64328081882505,882.0,882.0,4020.891514295393,184.62780215505697,4016.6504882058252,4263.079260231314,-242.18774593592116,76.27666868462138,-245.0516143454597,0.022675736961451247,0.0022675736961451248,10.924816487915843,5.986161205445129,10.900423362253386,5.938422966713369,6.716978337699812,0.5765244210015226,150000.0,2900.0,H2,883.8834764831844
2,72,8,known,3,100.0,300.0,150.0,1198.577063956671,58.96534002140255,1197.12575234148,558.7086039841813,50.20106620612131,556.448701245426,1.0,1.0,71.0,831.7375352475665,303.24405173520375,69.70225232956876,882.0,882.0,3335.2213258653883,125.66554453221941,3332.853051579787,4064.348747811049,-729.1274219456609,16.84630688360842,-730.0386670549615,0.031746031746031744,0.007936507936507936,10.76942282990925,8.398878163839898,10.743536020812222,8.366816501070506,3.9710319173632973,0.5017438089998905,150000.0,2900.0,H2,883.8834764831844
2,73,8,known,3,100.0,300.0,150.0,5857.218491963242,344.42349118936374,5847.083112228958,1640.6658683291514,59.32609104566394,1639.5929087494526,1.0,1.0,40.0,2621.8146391122827,96.35555054939204,64.91835259882336,882.0,882.0,5835.401176346663,305.01122564450725,5827.424391713621,3710.783780139656,2124.6173962070075,196.01428445914357,2118.241741889028,0.012471655328798186,0.0022675736961451248,10.871129701358864,3.6530100523973172,10.84804861605797,3.5625297616154263,15.974226987185906,0.42825419700238854,150000.0,2900.0,H2,883.8834764831844
2,74,8,known,3,100.0,300.0,150.0,877.2593141739609,69.67295493268415,874.4881838286418,738.6407129109365,51.872489015817905,736.817038112502,1.0,1.0,38.0,1321.4129899605573,191.2105451142757,72.67009805743643,882.0,882.0,2631.208596716635,119.22711717620825,2628.505958518141,4120.639307913117,-1489.4307111964818,8.804298233462447,-1490.653556112898,0.049886621315192746,0.015873015873015872,10.594294168358353,11.510424012924169,10.570533335244649,11.48734153955059,2.285935421459934,0.5155592640003306,150000.0,2900.0,H2,883.8834764831844
2,75,8,known,3,100.0,300.0,150.0,1799.9406856849857,90.71085110191281,1797.6534742481665,713.5581268047493,55.66152028010523,711.3838594522722,1.0,1.0,82.0,846.9785729846805,300.12517300738955,79.5388370372777,882.0,882.0,2677.436453368247,141.13676212305307,2673.713966788998,3982.2153346692185,-1304.7788813009715,34.70762258201279,-1307.0788951835048,0.05442176870748299,0.01020408163265306,10.759193102174413,7.4473580190565265,10.735854003928935,7.409916393445123,3.595149375815075,0.7308410700024979,150000.0,2900.0,H2,883.8834764831844
2,76,8,known,3,100.0,300.0,150.0,3378.103989059982,128.15173906831788,3375.6723319476264,950.5719333981833,54.23953207700773,949.02322085628,1.0,1.0,65.0,1468.148612906665,171.91820884054775,71.72723433703635,882.0,882.0,3481.675740434334,166.44791448827718,3477.6947901291555,3420.6820455388674,60.99369489546643,57.08966694594518,58.76126776191904,0.02834467120181406,0.006802721088435374,10.643632777822848,5.6101578566992085,10.61936096091914,5.555877486377692,6.206020987942061,0.7458507690025726,150000.0,2900.0,H2,883.8834764831844
2,77,8,known,3,100.0,300.0,150.0,2653.790966695091,183.09228245973236,2647.4674145333975,999.525908675418,77.53544062926586,996.5140729361757,1.0,1.0,25.0,2513.109807094069,100.1415915922346,53.29741316100303,882.0,882.0,2570.1260247091745,148.6559134471764,2565.823299115621,4143.623991031923,-1573.4979663227482,35.88489422832984,-1576.2658448164193,0.04308390022675737,0.009070294784580499,10.850691700132675,8.376470271501423,10.824933275278097,8.343574146656135,3.0682685443930997,0.38539275099901715,150000.0,2900.0,H2,883.8834764831844
2,78,8,known,3,100.0,300.0,150.0,2289.5170038004767,71.67874942577255,2288.394692261864,1199.6025303912859,47.9069044502826,1198.6455520407887,1.0,1.0,35.0,699.3121615406844,363.0813061943864,46.796798057528534,882.0,882.0,3961.182637462194,162.01217992560743,3957.8681055446627,4132.648344536155,-171.4657070739604,54.60909621183721,-173.38435795913438,0.022675736961451247,0.006802721088435374,10.576231455900203,7.320981837249527,10.547512810487866,7.27962812840813,5.410725945675067,0.48179614299806417,150000.0,2900.0,H2,883.8834764831844
2,79,8,known,3,100.0,300.0,150.0,1699.4664342454296,87.45894619144437,1697.214510266147,1236.0966957766284,69.16944977776721,1234.1598877484796,1.0,1.0,33.0,818.9187311458347,308.1633978645653,54.390761414650186,882.0,882.0,3350.541219957354,127.75994045235963,3348.1045181190093,3679.7736355836605,-329.23241562630665,18.524403672975723,-330.04741004289144,0.022675736961451247,0.007936507936507936,10.642579116115922,8.24168776277452,10.616953961913566,8.20864713341378,4.0653581115883135,0.5701021990025765,150000.0,2900.0,H2,883.8834764831844
2,80,8,known,3,100.0,300.0,150.0,2398.2565174323136,105.19406908290878,2395.9483573809243,739.1054140328473,60.008100667571924,736.6653520472761,1.0,1.0,56.0,730.6703696712821,344.51639374037313,65.35831241564685,882.0,882.0,4898.053709491462,189.82893914641272,4894.3738225564275,3549.5709528887533,1348.4827566027084,82.42999169239087,1346.4280203100989,0.01927437641723356,0.0045351473922902496,10.88875364580227,7.037371722384025,10.865405771700868,6.995136923590447,6.960061089159243,0.41212007000285666,150000.0,2900.0,H2,883.8834764831844
2,81,8,known,3,100.0,300.0,150.0,781.6426251987856,83.05213737655045,777.2178176063875,701.6802506828716,60.757407220058916,699.0448566910949,1.0,1.0,36.0,1054.747869417696,239.31251047473023,79.26111627977349,882.0,882.0,3062.9807175765272,121.14211985273492,3060.5841702268544,3577.88931269267,-514.9085951161428,12.745051353496237,-515.662746503197,0.035147392290249435,0.01020408163265306,10.800736297414929,9.853134232865845,10.774183037308214,9.824115183820448,3.1086359377503787,0.40571331799947075,150000.0,2900.0,H2,883.8834764831844
2,82,8,known,3,100.0,300.0,150.0,5118.155724553034,270.5074536289083,5111.002224447393,1372.8328643270024,65.80732990131145,1371.2547059928515,1.0,1.0,45.0,2131.6347078950403,118.19973334972728,77.62240071434186,882.0,882.0,5762.502287274064,288.6352307449827,5755.269091398907,3602.7751880846567,2159.727099189407,177.21148008646685,2154.2173278626456,0.011337868480725623,0.005668934240362812,10.857259007606647,3.9671958360295365,10.832596821615669,3.8867925191489228,14.525378946357517,0.45448799599762424,150000.0,2900.0,H2,883.8834764831844
2,83,8,known,3,100.0,300.0,150.0,4047.8090314465903,170.2119718117016,4044.2287076416137,1611.536854323766,86.69468209212366,1609.2032391654836,1.0,1.0,45.0,3035.693185809407,82.85916126536529,70.6168413812173,882.0,882.0,2947.51547539172,164.03655095429198,2942.9474150287997,3961.3348343624943,-1013.8193589707744,52.15598849605773,-1016.8071745484076,0.05215419501133787,0.011337868480725623,10.786656864909178,8.229925183939866,10.76218710188758,8.184091381508157,3.581460838968007,0.4350595450014225,150000.0,2900.0,H2,883.8834764831844
2,84,8,known,3,100.0,300.0,150.0,682.3403195953342,65.58610026507372,679.180959095205,571.3791588608851,62.170717881441256,567.9867472209883,1.0,1.0,25.0,1379.0153912665562,182.91729752466503,64.69697967808146,882.0,882.0,2359.518884285035,112.00722629120143,2356.8588728551917,3816.2564367417117,-1456.737552456677,4.294374068847702,-1457.8771773111462,0.045351473922902494,0.005668934240362812,11.04541900588822,10.509788090369451,11.020934961889527,10.484630735861709,2.2450679918533836,0.4512718039986794,150000.0,2900.0,H2,883.8834764831844
2,85,8,known,3,100.0,300.0,150.0,1007.2611886092271,60.61969802308302,1005.4354053294838,853.5369803524113,44.672854995063155,852.3671232841531,1.0,1.0,73.0,965.8678065958471,260.4616031711965,94.79351142406922,882.0,882.0,4561.672914256896,123.98522639371326,4559.9876579110505,3920.4380108053942,641.2349034515014,13.617479565714149,641.1034854675904,0.024943310657596373,0.011337868480725623,10.68294956476172,11.12365520734902,10.657678204102965,11.09995384563458,4.100875862498105,0.49064146599994274,150000.0,2900.0,H2,883.8834764831844
2,86,8,known,3,100.0,300.0,150.0,1578.12549218896,53.13223094325766,1577.230812256608,1001.1980767501416,35.290311111946686,1000.5759255697712,1.0,1.0,34.0,738.3307900985437,342.3582224503839,78.57972788107307,882.0,882.0,2869.6822405001562,119.31882051428438,2867.200582539191,3768.9942358674593,-899.3119953673031,8.01732920006559,-900.1498827126634,0.04308390022675737,0.006802721088435374,10.624424105757576,8.463400317144682,10.59927137359865,8.430297619330691,3.3906965675331637,0.6198159080013284,150000.0,2900.0,H2,883.8834764831844
2,87,8,known,3,100.0,300.0,150.0,1100.865069941518,141.56934480758207,1091.7243346321889,856.2765805651178,76.26479653801081,852.8735329656481,1.0,1.0,47.0,1033.273700149958,243.84337413735662,84.90159176527868,882.0,882.0,4550.377967582107,129.31301485877202,4548.540182525026,3752.492113672485,797.8858539096218,22.97003599949616,797.5552140105515,0.023809523809523808,0.007936507936507936,11.04572757336243,8.689814887940734,11.022913076465594,8.657120601597008,5.236449828058916,0.4467248929977359,150000.0,2900.0,H2,883.8834764831844
2,88,8,known,3,100.0,300.0,150.0,1142.6779765742465,56.55164935333801,1141.2777353051408,1011.6176994481551,44.38669237166479,1010.6434541306252,1.0,1.0,29.0,1180.9967289359156,214.70435531787663,82.56476262186177,882.0,882.0,2601.4260586963373,118.10574659784906,2598.7436525146,3713.3071244492658,-1111.8810657529284,8.237431695221247,-1112.9377392357928,0.060090702947845805,0.02040816326530612,10.907257638159095,8.391501359608576,10.884206120003622,8.359568204811405,3.1000722602727215,0.4154794390015013,150000.0,2900.0,H2,883.8834764831844
2,89,8,known,3,100.0,300.0,150.0,5292.602268697772,364.77946784907033,5280.016544904055,1616.7457325314585,82.87751009701857,1614.6201045381545,1.0,1.0,57.0,2449.96023089851,103.19989905577788,62.00038085806613,882.0,882.0,5030.04117940214,253.18322226164608,5023.665247849072,4036.4092018192523,993.6319775828879,145.64530750832745,988.6888115583174,0.013605442176870748,0.0045351473922902496,10.465164412764164,4.084977143082676,10.438779590785586,4.000019569916304,12.313511197779393,0.40887878099965747,150000.0,2900.0,H2,883.8834764831844
2,90,8,known,3,100.0,300.0,150.0,1360.4797958966994,74.03225047183119,1358.4640226863578,860.862445799776,72.28095664217189,857.8226004805799,1.0,1.0,82.0,1600.367139650912,157.87912036082486,93.01863223577104,882.0,882.0,3429.249510179327,132.16474365558716,3426.701720838802,3838.295645883692,-409.04613570436504,25.35990268743241,-410.10765560348864,0.030612244897959183,0.011337868480725623,10.763940504680104,12.648478524227412,10.73815295490807,12.626448011193906,2.711195266379907,0.48268195600030595,150000.0,2900.0,H2,883.8834764831844
2,91,8,known,3,100.0,300.0,150.0,4496.102669365412,253.75937042153922,4488.935886755127,1294.6655257223672,61.67705247958232,1293.1955632043455,1.0,1.0,33.0,1976.6589905955657,127.65279665000037,75.64052927189735,882.0,882.0,3612.6824452693177,176.57895817656447,3608.364494045242,3884.1574106097487,-271.474965340431,71.2649812074333,-274.364926948394,0.026077097505668934,0.005668934240362812,10.823914965539917,4.651123740024849,10.799580561622538,4.582738937932595,7.76733247103423,0.4032066379986645,150000.0,2900.0,H2,883.8834764831844
2,92,8,known,3,100.0,300.0,150.0,3926.6783940286145,165.88066414941,3923.173054479306,1645.5358678874964,62.779769818047974,1644.3378585332907,1.0,1.0,57.0,3109.504391600769,81.09712246387298,106.56226869181397,882.0,882.0,2948.4999383379404,165.6334236886513,2943.8439930363184,4166.4741771217705,-1217.97423878383,55.53999615792007,-1221.1753953743855,0.04081632653061224,0.007936507936507936,10.816120834017184,7.4674551341805575,10.79292256525525,7.403622840620375,3.948466894487066,0.4056626250021509,150000.0,2900.0,H2,883.8834764831844
2,93,8,known,3,100.0,300.0,150.0,1435.2120948544032,68.7863353661396,1433.5627636358518,1168.1746036238942,42.040089532698794,1167.417892369277,1.0,1.0,34.0,1133.661499867239,223.18466186463,64.43551593255923,882.0,882.0,2793.7127547576606,120.28634536062953,2791.122023705775,4035.658623682464,-1241.9458689248036,14.585472241755895,-1243.1521182340794,0.045351473922902494,0.012471655328798186,10.66111384631818,9.785895392896137,10.636904494040074,9.753664612422767,2.8548361111500307,0.44776401999843074,150000.0,2900.0,H2,883.8834764831844
2,94,8,known,3,100.0,300.0,150.0,2999.0829062894754,163.06573916178257,2994.64653064587,1073.8695377978916,62.26543743097677,1072.0628710629737,1.0,1.0,76.0,1114.7697123488695,226.50837512444764,120.7160423562257,882.0,882.0,4347.08451335011,182.43579735992557,4343.254648998836,3802.0250023629073,545.0595109872024,71.24566793652272,542.8558707504963,0.032879818594104306,0.01473922902494331,10.91109283381531,5.807554129826675,10.885065053001245,5.756329302690524,7.485224271994598,0.4007275430012669,150000.0,2900.0,H2,883.8834764831844
2,95,8,known,3,100.0,300.0,150.0,3494.166025361813,183.29980517362517,3489.3548679112705,1172.6448048987945,69.7679628507477,1170.567499043002,1.0,1.0,120.0,1438.0830864465847,175.19609119853192,80.3579385362625,882.0,882.0,4083.6065166207973,192.1329018197825,4079.08410438252,3974.851451593789,108.75506502700819,84.10212447885917,105.7009850012073,0.031746031746031744,0.007936507936507936,10.836316369823585,5.754496935618331,10.813070467698942,5.704555438830871,7.096374474273669,0.5398430040004314,150000.0,2900.0,H2,883.8834764831844
2,96,8,known,3,100.0,300.0,150.0,4291.730089303768,195.49671059289577,4287.275148107792,1694.526804802543,78.73411906208406,1692.6966741533563,1.0,1.0,38.0,3337.9013472487954,75.47620605142505,77.39218627480396,882.0,882.0,2706.5763195258874,160.65082626600753,2701.8043388517876,3607.3292537149373,-900.7529341890499,53.941006698348204,-903.9462569486768,0.045351473922902494,0.011337868480725623,10.895613804216932,7.604770484839873,10.87236370473516,7.549839349343846,3.5590506313391748,0.45243138300065766,150000.0,2900.0,H2,883.8834764831844
2,97,8,known,3,100.0,300.0,150.0,3863.951226100782,200.8163711739944,3858.729306747786,1473.1621353894946,50.055992290205,1472.3114734257756,1.0,1.0,43.0,1716.025668175395,147.2388646491797,88.9196251383615,882.0,882.0,4054.8649076390393,177.92019674656675,4050.959617521782,3965.301912479251,89.56299515978844,71.40472830506432,87.0885661259008,0.02834467120181406,0.0045351473922902496,10.563622027908673,5.509226395949899,10.537491990115173,5.450125220076044,7.360134828766465,0.5099219209987496,150000.0,2900.0,H2,883.8834764831844
2,98,8,known,3,100.0,300.0,150.0,506.37550046486894,64.34888647365808,502.27021440719204,454.89731979311864,52.993255542898815,451.80005137441924,1.0,1.0,38.0,1241.550252203455,204.3104402962916,59.159707999624835,882.0,882.0,2592.4012004649485,113.5318145626641,2589.913996883722,3734.7137456130636,-1142.312545148115,6.408751302397988,-1143.2631233436173,0.05782312925170068,0.015873015873015872,10.966290033144084,10.497256074536535,10.943338936210617,10.472248021700732,2.469598895232634,0.5232532660011202,150000.0,2900.0,H2,883.8834764831844
2,99,8,known,3,100.0,300.0,150.0,3500.38995623022,144.65383652568676,3497.399764575934,1683.0386925593168,60.63534144657076,1681.9460740521477,1.0,1.0,36.0,2904.972243788309,87.02284249108958,95.61788099520065,882.0,882.0,2144.6003622926723,144.36012762559645,2139.7361677313825,3823.615496399014,-1679.0151341063415,35.49055277488799,-1682.329095967617,0.061224489795918366,0.018140589569160998,10.787090239941719,8.12876044328494,10.76278596237869,8.08768518555354,2.638287076185519,0.40377055799763184,150000.0,2900.0,H2,883.8834764831844
3,0,8,known,3,100.0,300.0,150.0,1462.7354920653777,81.21934879333968,1460.4788725378155,1236.407247907676,57.751192630030424,1235.0577648144408,1.0,1.0,40.0,1199.6806191772243,209.80332700818153,78.52762187773085,882.0,882.0,2199.8004670747832,119.36924209233685,2196.559372970541,3613.430743016797,-1413.6302759420137,7.4320986462171135,-1415.1371550472882,0.07482993197278912,0.026077097505668934,11.20534428595877,9.293065405951182,11.181736953363338,9.258463298412698,2.3671419181727202,0.4870603210001718,150000.0,2900.0,H3,840.2953427223183
3,1,8,known,3,100.0,300.0,150.0,2006.2348169832817,112.64272045125628,2003.0700832485322,925.6195290407342,68.1243741826074,923.1091929906335,1.0,1.0,70.0,827.3619874615872,303.46096452195167,82.60527541839794,882.0,882.0,3021.7200128771306,138.9988618325453,3018.5213520250977,3348.406368500386,-326.6863556232556,31.353075088588866,-328.1542511982293,0.036281179138321996,0.012471655328798186,9.811753505650882,6.591106161858264,9.78418565682916,6.550362237114699,4.58454156050978,0.5731805379982688,150000.0,2900.0,H3,890.210508097568
3,2,8,known,3,100.0,300.0,150.0,1819.7927054007052,75.33988576957391,1818.2324912512827,801.937957445972,43.26143573846081,800.7702140879521,1.0,1.0,39.0,1991.0950715230151,126.54542249973439,79.93776353367541,882.0,882.0,3330.0196323407936,137.05168216093364,3327.1981588405542,6250.191149253981,-2920.1715169131876,19.73340324677251,-2921.8918408030277,0.036281179138321996,0.007936507936507936,11.684653806250303,12.74064848276204,11.662856620074443,12.715434663685457,2.613697126049961,0.49434042400025646,150000.0,2900.0,H3,252.62591200019557
3,3,8,known,3,100.0,300.0,150.0,3300.511507867473,82.38285399370673,3299.4831836112567,895.1566414951824,56.21100671147068,893.390024310445,1.0,1.0,77.0,988.153363131415,256.01358423582656,68.9962465868281,882.0,882.0,5588.885757261978,257.27839901293225,5582.960848253114,3639.4930486622757,1949.3927085997025,144.2829839706067,1945.2223079728424,0.011337868480725623,0.0022675736961451248,11.374774590848077,5.639520008676716,11.35034768711487,5.580276523834483,9.91021531737305,0.6147162540000863,150000.0,2900.0,H3,840.0796546408004
3,4,8,known,3,100.0,300.0,150.0,2945.65098846742,180.73309718429147,2940.1012386380953,1654.7654768724137,92.74586197283173,1652.1643346034627,1.0,1.0,21.0,1090.7603274907165,231.65223380049838,70.94049206396944,882.0,882.0,4154.247497684942,179.03471169030996,4150.387794415308,4220.9115897272795,-66.66409204233787,70.42257547419636,-69.12616481751411,0.009070294784580499,0.0022675736961451248,10.991402384628167,5.367241499166113,10.968410716376138,5.318025057507443,7.740004801964605,0.497686820999661,150000.0,2900.0,H3,579.4155679030531
3,5,8,known,3,100.0,300.0,150.0,2608.96182447548,86.47552917686173,2607.5282902442323,942.8726404893769,40.89901754528156,941.9851838257545,1.0,1.0,34.0,2638.764130896213,95.75274036761442,66.76485335170902,882.0,882.0,3059.8343988042443,164.91631163587655,3055.3869081119906,4921.924245799762,-1862.0898469955173,46.03416906347218,-1865.101412935926,0.047619047619047616,0.011337868480725623,12.794843263396338,9.373878539025,12.774668273568711,9.34095912586898,3.2642138321567216,0.49476778199823457,150000.0,2900.0,H3,309.20200157308074
3,6,8,known,3,100.0,300.0,150.0,4562.441926343022,247.14134740432095,4555.7433516009,1503.8364730769483,54.76123327990031,1502.839094875489,1.0,1.0,37.0,2058.1200934860863,122.51742639798391,77.62546180669924,882.0,882.0,4969.985487602397,232.18034365156456,4964.559198458638,4121.060646031326,848.9248415710717,112.74145725129948,845.2297383785644,0.011337868480725623,0.003401360544217687,11.479181164469573,4.674421214049033,11.454721949007816,4.602629629134739,10.63230132677184,0.5676369739994698,150000.0,2900.0,H3,701.4736796441641
3,7,8,known,3,100.0,300.0,150.0,2394.904676524038,133.12970145828513,2391.2015582602685,1128.8724801592068,56.02490199024234,1127.4813908964452,1.0,1.0,31.0,2172.05207444803,116.72632109333838,74.63720662186252,882.0,882.0,2666.637394198914,143.02469436103942,2662.7990778395024,5227.366580595969,-2560.729186397055,28.180990619962785,-2563.305809324802,0.048752834467120185,0.01473922902494331,9.91033981381496,10.795063387421434,9.884761867944622,10.7652627178241,2.470237828622775,0.5071143150016724,150000.0,2900.0,H3,416.9504820068098
3,8,8,known,3,100.0,300.0,150.0,3959.28765172037,200.92074306514021,3954.1863340100135,1164.055226056679,55.45715285286541,1162.733449036072,1.0,1.0,43.0,1433.1667655887109,176.0784383265686,62.39983792416707,882.0,882.0,3785.500391540017,194.31852347054877,3780.509691269928,3871.5585022162636,-86.05811067624654,76.92355027415117,-89.26855255118971,0.027210884353741496,0.005668934240362812,11.552525587270072,5.538808963946725,11.530369718306499,5.482265852815425,6.834502536882273,0.5438238049973734,150000.0,2900.0,H3,816.0705573272897
3,9,8,known,3,100.0,300.0,150.0,1240.7657206682534,69.69497223284054,1238.806758308524,1170.143188522068,59.87364083125261,1168.6103836515408,1.0,1.0,37.0,1112.5457929693741,227.05381794889055,66.83795116366625,882.0,882.0,2422.8532394555878,121.72519130942125,2419.7935444457075,4603.44376746131,-2180.5905280057223,10.233372348800899,-2182.2999025068025,0.05668934240362812,0.005668934240362812,11.927840282147823,9.19724819363175,11.906709608678572,9.166581884300037,2.6343240809062767,0.5345759490010096,150000.0,2900.0,H3,452.95164342927336
3,10,8,known,3,100.0,300.0,150.0,2994.0762273630794,93.39821553655878,2992.6191252137846,1411.1622401223133,32.17605824303978,1410.795367593389,1.0,1.0,57.0,2497.955928850206,100.69822714738018,59.35618011485501,882.0,882.0,2688.4511646517817,144.43839773111756,2684.5683477941834,4432.761295785251,-1744.310131133469,34.28779597072962,-1746.8241591209467,0.04421768707482993,0.01020408163265306,10.581048628302648,9.964853902557866,10.556752096351822,9.926786697947094,2.697933347484087,0.36746787000083714,150000.0,2900.0,H3,721.693171550527
3,11,8,known,3,100.0,300.0,150.0,3552.5943321381774,87.93330980787087,3551.505909014729,921.3942854938684,41.587354125742216,920.4552793686265,1.0,1.0,190.0,922.4357306424596,272.7402390302077,98.45014819047631,882.0,882.0,5773.549782984366,239.09037490408397,5768.597133552233,4311.422277818662,1462.127505165704,124.05577018351065,1458.7097687377127,0.015873015873015872,0.0022675736961451248,13.245246299107748,5.943735673111667,13.224585341266096,5.890786746770933,9.713671839585349,0.5062396520006587,150000.0,2900.0,H3,541.172742389353
3,12,8,known,3,100.0,300.0,150.0,2486.3429459149174,103.00214910070537,2484.208486013504,1381.0811116079728,51.679813595313604,1380.1138480962604,1.0,1.0,37.0,1307.9589057335543,192.44624630217425,89.20158601399747,882.0,882.0,3314.606151927235,138.43470710277774,3311.7140236233017,5630.779939255876,-2316.1737873286415,31.168503683146668,-2318.044113804126,0.024943310657596373,0.007936507936507936,9.852926651247675,6.584643345246757,9.827227040377085,6.538703861000451,5.033843107569285,0.3384141009992163,150000.0,2900.0,H3,370.1165982924059
3,13,8,known,3,100.0,300.0,150.0,975.0498190899231,46.33116612454349,973.9484446072245,580.9448827395454,34.722998418716,579.9062598059087,1.0,1.0,52.0,780.1992636265499,322.85712301191785,60.67294944644619,882.0,882.0,3351.428086087972,130.17862875512097,3348.898884832853,3560.4499761671495,-209.0218900791774,14.501535864534745,-209.67145210992476,0.03968253968253968,0.006802721088435374,10.395428676097438,8.80887903024798,10.365869321456266,8.777715565800603,3.8046022366521544,0.3854207229996973,150000.0,2900.0,H3,881.1746362256414
3,14,8,known,3,100.0,300.0,150.0,4522.524242089619,217.0044992601022,4517.314973254483,1960.4542315987596,54.10820899590842,1959.7074005863064,1.0,1.0,24.0,1838.0202344768961,137.6239729947372,41.575689525973615,882.0,882.0,5084.60022304588,220.1307444860977,5079.832859802594,4977.866794278675,106.73342876720471,91.71890561374406,103.62263301155963,0.012471655328798186,0.003401360544217687,11.889610358031247,4.398665960453741,11.865573191597335,4.327111504273671,11.55941430597149,0.43484573699970497,150000.0,2900.0,H3,793.9997463988623
3,15,8,known,3,100.0,300.0,150.0,1490.0133867810187,91.70416341131579,1487.1887032921115,1201.4519367341584,65.76835359850094,1199.6504824102738,1.0,1.0,37.0,1560.5542077777452,162.55674868319358,82.92359329716032,882.0,882.0,2502.163964922278,126.1773995284319,2498.980546383628,3326.8462327885336,-824.6822678662556,7.332839795108242,-825.7422732272116,0.034013605442176874,0.007936507936507936,13.952707662717195,8.956812972963379,13.934278180791212,8.926937515135805,2.793587375861475,0.788345744000253,150000.0,2900.0,H3,643.809074450023
3,16,8,known,3,100.0,300.0,150.0,2950.3151058998146,98.36701797138632,2948.674813178973,856.4175756677114,43.1921124818796,855.3277180893373,1.0,1.0,45.0,2584.5130529317335,97.2315102001913,67.49226137001406,882.0,882.0,3065.7833327686103,163.9512522365113,3061.3963203694952,6505.171513752783,-3439.3881809841723,44.141942687557616,-3442.671802942719,0.03854875283446712,0.007936507936507936,10.464163596732337,9.884942242429176,10.439648881822077,9.847771516744132,3.1014681295853572,0.6483951669979433,150000.0,2900.0,H3,260.16858669692397
3,17,8,known,3,100.0,300.0,150.0,1956.6751236436583,62.21940789768938,1955.68563035238,971.6343265636101,73.06515408740214,968.8832477728698,1.0,1.0,35.0,1060.7060196433174,236.9689742284144,70.74990791597482,882.0,882.0,3908.8891086838466,139.20228297695988,3906.409705650599,3591.3964175783362,317.4926911055104,27.889095046691494,316.73874546674006,0.027210884353741496,0.009070294784580499,10.098262932279273,6.821640309396239,10.071007726010293,6.781916539249709,5.730130777050322,0.4985514680010965,150000.0,2900.0,H3,872.5128452264482
3,18,8,known,3,100.0,300.0,150.0,2464.391112752986,115.77766462117943,2461.669979707021,1198.265954371646,82.46377925621846,1195.4250384348547,1.0,1.0,30.0,1013.3561192028465,248.76415726842447,71.620734606725,882.0,882.0,2566.1383278710214,142.09510230609374,2562.201182512666,4808.075642992483,-2241.937315121462,19.28992650006093,-2244.3058941005406,0.03968253968253968,0.005668934240362812,10.831375704144314,5.980430000652193,10.803013724858062,5.932148776522591,4.290892674257825,0.7084513760019036,150000.0,2900.0,H3,763.8577209043608
3,19,8,known,3,100.0,300.0,150.0,4867.789522771958,268.65057331323663,4860.370531910805,1367.36474374037,48.33029774248563,1366.5103456411482,1.0,1.0,32.0,2060.6127755836774,122.42203714372161,63.67967942157336,882.0,882.0,4198.972415477502,204.306989208971,4193.99904626853,4658.062533874437,-459.0901183969345,79.46248632942647,-462.39015778062276,0.026077097505668934,0.003401360544217687,12.47823684547307,4.696581937278411,12.456345015816442,4.621074921936875,8.94048580766534,0.6520933989995683,150000.0,2900.0,H3,831.4055082830824
3,20,8,known,3,100.0,300.0,150.0,2984.8145422041907,83.81320050963826,2983.6375783217945,1505.6171165669937,46.06363430001561,1504.9123041873843,1.0,1.0,34.0,2472.6821824438234,102.01958905545469,78.50264025789096,882.0,882.0,2530.234951169297,139.57036879503983,2526.3825957825766,4448.541917822967,-1918.3069666536699,26.55574265944655,-1920.7235294304783,0.045351473922902494,0.01020408163265306,11.016875548536149,8.309014478052486,10.993408218209904,8.26648468874513,3.0451685429754454,0.6012885130003269,150000.0,2900.0,H3,531.3385500942463
3,21,8,known,3,100.0,300.0,150.0,980.8275124104188,90.95495172892275,976.6011498340555,913.1103017283198,71.41023719482493,910.3136828292553,1.0,1.0,28.0,1329.572138642822,189.50768799741067,80.91129113706138,882.0,882.0,1984.6722193774435,111.75914130533623,1981.5230790236285,3915.0607521398083,-1930.3885327623648,4.756497853217368,-1932.0751537079561,0.07029478458049887,0.021541950113378686,10.57816108026632,8.50910693801811,10.551542882559083,8.47426200837949,2.3324095393725317,0.5705703759995231,150000.0,2900.0,H3,709.6863720983483
3,22,8,known,3,100.0,300.0,150.0,1219.1697757583433,73.54276653297083,1216.9496306804674,858.3727603870035,48.59594838529361,856.9960499179317,1.0,1.0,34.0,1394.1248573126152,181.33435285840483,82.43117582994995,882.0,882.0,2531.0876241581614,115.2780615231637,2528.4610991071363,5397.602139243303,-2866.5145150851417,-2.5948743782510917,-2867.8538309674464,0.04308390022675737,0.013605442176870748,9.552113398013823,8.897359758714279,9.523611118449168,8.865137484729559,2.8447625956443496,0.4255638899994665,150000.0,2900.0,H3,429.52470095730604
3,23,8,known,3,100.0,300.0,150.0,1302.3768302666122,53.77007855206726,1301.2663780593934,324.3118661803907,48.55804984358175,320.65604990518403,1.0,1.0,149.0,0.453623700060068,555131.7731824516,101.88303524108801,882.0,882.0,7140245.51081961,199814.0583938184,7137449.144957026,9002.291019246348,7131243.219800364,199655.3449321407,7128448.253132751,0.0,0.0,10.856343826990258,7.853682116740341,10.832169111993295,7.815843805347977,9091.58965779883,0.6883005819981918,150000.0,2900.0,H3,660.0050996886612
3,24,8,known,3,100.0,300.0,150.0,1033.4971375453338,78.34149086080346,1030.5236261843322,821.2029229823618,51.97105987347799,819.5567397382576,1.0,1.0,33.0,1423.3083160829888,177.76682612072744,60.44343937846423,882.0,882.0,2728.963472526065,118.44713292023208,2726.3917383759244,5480.505105934715,-2751.5416334086503,7.926323535981666,-2752.998863403577,0.05328798185941043,0.013605442176870748,10.705179500157032,10.337812282569784,10.681598806568145,10.30934087570841,2.6397881852887504,0.59362970499933,150000.0,2900.0,H3,220.9380979440164
3,25,8,known,3,100.0,300.0,150.0,1523.8962682040826,107.87355364487648,1520.073397132637,1137.4386659472468,56.8751888362068,1136.0158148928642,1.0,1.0,29.0,1240.6136488835398,203.85838935366976,59.20411487131025,882.0,882.0,2474.203035572351,124.60802207986644,2471.063233118242,6035.699446473334,-3561.4964109009834,17.249179836064926,-3563.6813254484737,0.03968253968253968,0.007936507936507936,9.809099754623263,8.128485428967076,9.78211613590523,8.094975685971745,3.0438672212601348,0.5188400770020962,150000.0,2900.0,H3,240.6318476932143
3,26,8,known,3,100.0,300.0,150.0,1884.6762857085419,100.09672541522237,1882.0162984079852,905.5860840789687,54.34321819630383,903.9540753343335,1.0,1.0,52.0,596.2931611520601,423.8924074828222,66.01623018035059,882.0,882.0,3580.430549563997,144.248809591609,3577.5236129454897,3283.7751307130347,296.6554188509622,30.820968947610936,295.7080736355415,0.03741496598639456,0.007936507936507936,11.257512896847146,7.624052954605788,11.234444067290308,7.588469634383143,4.696229906694199,0.42169419799756724,150000.0,2900.0,H3,940.0733017505834
3,27,8,known,3,100.0,300.0,150.0,886.0020202558559,59.400747748325394,884.0085582529152,844.070425078327,47.20016196950418,842.7496824098839,1.0,1.0,26.0,1362.0674281619167,184.84546619257387,61.80203130771292,882.0,882.0,2298.7833794789426,120.44820520194271,2295.625678465951,4924.08642268057,-2625.303043201627,0.025418629575199247,-2626.9880023444057,0.060090702947845805,0.017006802721088437,13.326588068415527,10.314774561854325,13.306877656199642,10.288849410922634,2.2286317220932865,0.524221233001299,150000.0,2900.0,H3,557.6661447186349
3,28,8,known,3,100.0,300.0,150.0,1932.925537654558,111.93364736552556,1929.681837170214,844.7140199393295,68.73993734871489,841.9124636774044,1.0,1.0,73.0,2186.4233319028413,115.7034733415901,91.36477467124335,882.0,882.0,2804.940729682771,143.41371717232576,2801.272032980755,5491.880562691391,-2686.93983300862,19.93461862351822,-2689.2202060711393,0.04195011337868481,0.01020408163265306,12.024715427338558,9.900699746367025,11.997312504425631,9.872664244248448,2.833073218599543,0.6308482470012677,150000.0,2900.0,H3,678.9106904569037
3,29,8,known,3,100.0,300.0,150.0,3285.974568967637,163.1978756915277,3281.9194568532334,1188.246364370983,64.42220295099703,1186.49871563681,1.0,1.0,65.0,1120.098813299071,225.1134640153551,58.16545690920269,882.0,882.0,4420.639890276809,206.42204364091876,4415.817815468123,4797.810652701095,-377.1707624242863,80.83483826783386,-380.3488739848908,0.02834467120181406,0.01020408163265306,11.718247633566682,5.9755055883830615,11.696372341267468,5.9249807508234795,7.397934492557321,0.762244155001099,150000.0,2900.0,H3,808.6646869218672
3,30,8,known,3,100.0,300.0,150.0,1716.8639436191881,88.62959922801926,1714.5747563289015,631.2374503188037,71.21165206120374,627.2077959462065,1.0,1.0,69.0,0.130257113276596,1932504.7687793584,82.00054705561496,882.0,882.0,25322130.747956283,708682.6088739209,25312211.965303876,4595.531975006655,25317535.21598128,708576.867255064,25307617.650029175,0.0,0.0,10.48111648423435,7.869093025343714,10.457200302905377,7.834022505213667,32179.22404323113,0.45697782099887263,150000.0,2900.0,H3,778.5241178845989
3,31,8,known,3,100.0,300.0,150.0,3612.0621745952526,181.07797632562105,3607.520466973348,1255.8474565071074,73.98060424960228,1253.6665043823396,1.0,1.0,32.0,3299.743522673433,76.51961517893439,57.45485209180244,882.0,882.0,2635.0735057212055,158.83148003330663,2630.282293120697,3687.2271237833334,-1052.1536180621279,43.529424734042436,-1055.141603584712,0.048752834467120185,0.007936507936507936,12.867123676029758,7.445101438398218,12.84263314212767,7.393230318258972,3.539338620869255,0.6013627340034873,150000.0,2900.0,H3,606.0135820105762
3,32,8,known,3,100.0,300.0,150.0,946.9092096106081,59.72563349267389,945.0237562883194,582.2774180344537,41.28359965044639,580.8120659497112,1.0,1.0,218.0,1031.5157397837943,243.8341233456549,83.12803457981258,882.0,882.0,7111.920097718664,147.45310861807693,7110.391343455964,6172.916917705063,939.0031800136012,34.605372576190746,938.5060025443563,0.02040816326530612,0.003401360544217687,9.9930304215756,13.377264848033375,9.96747005586976,13.35724196590827,5.316423184044385,0.9569123170003877,150000.0,2900.0,H3,426.97582286821444
3,33,8,known,3,100.0,300.0,150.0,2203.014131113738,51.37282699530719,2202.4150595501587,837.3481422323696,40.9506503718431,836.3461935909817,1.0,1.0,97.0,484.68343389699265,517.8332202404594,72.4353940129271,882.0,882.0,4781.570751599864,166.38208257973767,4778.675115045145,4186.390854920586,595.1798966792776,56.8458603252263,593.7175040080956,0.01927437641723356,0.005668934240362812,10.937071766746067,7.398074110527812,10.913249724840043,7.359690112448124,6.463264195739079,0.7731054240030062,150000.0,2900.0,H3,548.9707860166361
3,34,8,known,3,100.0,300.0,150.0,3055.858350178971,95.79324107148992,3054.356546201436,1205.970870217411,48.06869108057294,1205.0125064706756,1.0,1.0,50.0,2794.869385637709,90.06584540817623,90.67411168641306,882.0,882.0,2842.985390213034,161.4337379264269,2838.3983295555713,4452.528824795206,-1609.5434345821718,46.452080813904274,-1612.6456102589777,0.048752834467120185,0.01020408163265306,11.734359222288766,8.921163218559686,11.710422159203187,8.883002729622515,3.1867877770675195,0.6618844059994444,150000.0,2900.0,H3,658.5948750300481
3,35,8,known,3,100.0,300.0,150.0,2874.3668847646277,187.6159313521077,2868.237307221003,1563.5183069666296,80.58252468400676,1561.4403456217426,1.0,1.0,29.0,1535.8187230468995,164.12985918073045,56.44928959245325,882.0,882.0,3930.0917159802625,158.056409761602,3926.912154269555,3747.2292141763082,182.86250180395427,49.059290533832666,181.26849642162188,0.026077097505668934,0.0045351473922902496,10.313159631669986,5.548912423847291,10.288376592708843,5.498141445894952,7.082634245748948,0.6037733240009402,150000.0,2900.0,H3,951.7656773215101
3,36,8,known,3,100.0,300.0,150.0,940.3348792755814,79.95792185325807,936.9292480839364,907.2898709955754,46.272968454868696,906.1091117528521,1.0,1.0,47.0,1480.6123689449673,170.30765404432185,77.34726146721265,882.0,882.0,2445.298695664775,119.70818389536711,2442.3668155558294,3745.543508118844,-1300.2448124540688,3.539310668864701,-1301.3747572700113,0.06349206349206349,0.015873015873015872,11.699628528294205,10.58411854645265,11.67342836323867,10.557754363068373,2.3103470401740123,0.6163788140001998,150000.0,2900.0,H3,686.0735609627801
3,37,8,known,3,100.0,300.0,150.0,1846.5921061108552,86.6720203761859,1844.5569568963801,560.8651737418243,57.239857310147435,557.936682654547,1.0,1.0,167.0,0.16004774004498246,1578159.2235739199,97.26516509338065,882.0,882.0,38308073.23751905,1072346.264911307,38293061.364420235,4527.410363003749,38303545.827156045,1072233.5245375365,38288535.35799037,0.0,0.0,11.666476122102996,7.859817808772564,11.642299698452856,7.824472090927492,48739.13641453919,0.9585601920007321,150000.0,2900.0,H3,517.7178068134716
3,38,8,known,3,100.0,300.0,150.0,1404.5948586290938,88.0182224602424,1401.8343373602402,1220.5981539568443,60.35945676160036,1219.1048311865147,1.0,1.0,35.0,1659.4213124216733,151.5385045113824,86.80499095154023,882.0,882.0,3160.6856999504475,118.80390697235238,3158.4521091128413,4188.826745873308,-1028.1410459228605,6.113524017090356,-1028.858529534948,0.05782312925170068,0.017006802721088437,13.057151219336049,10.036513613363788,13.035243494789494,10.010016598361283,3.1491868807331076,0.6957956730002479,150000.0,2900.0,H3,475.208740652662
3,39,8,known,3,100.0,300.0,150.0,2403.015979528219,102.9975385427051,2400.8076359679694,1143.5220733101878,83.245242480627,1140.4880366544721,1.0,1.0,42.0,2196.373698797767,114.70107868620022,61.861758065121236,882.0,882.0,2368.002962910455,124.85564557880555,2364.7090941846936,5795.558362017329,-3427.555399106874,-4.951569543459655,-3429.395393520994,0.06462585034013606,0.011337868480725623,10.262797350325906,9.660218782437934,10.237191325612336,9.629191329043795,2.4512933052980466,0.8903491380006017,150000.0,2900.0,H3,438.24671152856155
3,40,8,known,3,100.0,300.0,150.0,3180.484526658038,160.23543943703055,3176.4455651340263,1311.6881061606357,67.12383261226331,1309.969495422972,1.0,1.0,28.0,2903.507124449063,86.92341552303843,75.62095593469033,882.0,882.0,2654.2488313834206,152.30052521649148,2649.8757346183297,6499.705984460712,-3845.4571530772914,16.856817119400205,-3848.4188790761978,0.047619047619047616,0.007936507936507936,12.263609912993573,8.221768951694003,12.240722899822018,8.177732623174737,3.22831843971551,0.6254554629995255,150000.0,2900.0,H3,749.8431741387388
3,41,8,known,3,100.0,300.0,150.0,1028.9815914819883,92.33380575541003,1024.830514730864,683.496653972155,60.275739858157394,680.8336883378227,1.0,1.0,74.0,738.5141293081278,341.15922283254747,72.14370504178692,882.0,882.0,3491.2060715327234,131.9459653994805,3488.711810413946,6577.284348006988,-3086.0782764742644,-8.348632958767581,-3087.076113493667,0.03968253968253968,0.006802721088435374,12.425849288462778,9.751816483052156,12.404426161527649,9.724443799827245,3.5800571899606073,0.7830310770004871,150000.0,2900.0,H3,688.7998264642263
3,42,8,known,3,100.0,300.0,150.0,2779.905172274015,112.20472975994701,2777.639801244092,1158.617971023752,55.57261843324802,1157.284445095357,1.0,1.0,45.0,2459.1645557682364,102.88163046180169,102.49108409332538,882.0,882.0,2667.428151486987,144.28592152151916,2663.5229520685516,5147.703375230612,-2480.2752237436252,20.526281313889285,-2482.6925108533333,0.045351473922902494,0.007936507936507936,10.865047680596795,9.781832792218744,10.841304828225105,9.746165680969764,2.7269206171760305,0.7418130100013514,150000.0,2900.0,H3,647.3193835688335
3,43,8,known,3,100.0,300.0,150.0,3110.5893425877684,156.0471933869395,3106.672710740007,1591.4597152722604,78.7245111312399,1589.5113955809225,1.0,1.0,37.0,2897.629042438904,87.03924310408584,70.1016495888365,882.0,882.0,2897.6960211829005,155.98846364681324,2893.4943978498245,3829.454203905419,-931.7581827225185,39.425729659355426,-934.1853992144825,0.03741496598639456,0.011337868480725623,13.863196512499812,8.800672515002246,13.84134614503294,8.762450942242351,3.292584761270555,0.7926507390002371,150000.0,2900.0,H3,729.2879038757557
3,44,8,known,3,100.0,300.0,150.0,1832.1978571115344,77.78957239258229,1830.5457574262048,727.1963824424591,44.25887618284215,725.8482834011741,1.0,1.0,31.0,2279.452755694019,110.96824130734866,88.86664727482851,882.0,882.0,2893.6411819078457,132.99570206789517,2890.5832340315856,6493.451303112956,-3599.8101212051106,4.595442047824093,-3601.59846391296,0.046485260770975055,0.01473922902494331,13.901503703137596,10.447787601197195,13.881787078764539,10.418809035652753,2.7696209880609253,0.5463526589992398,150000.0,2900.0,H3,260.1002592519778
3,45,8,known,3,100.0,300.0,150.0,2458.612954039685,128.25394407851718,2455.2654812871156,1297.934658247257,81.81726262159519,1295.353354346424,1.0,1.0,33.0,1468.990966162815,172.55740828897916,79.11196889228029,882.0,882.0,3547.889276974962,142.40500842650974,3545.0302023042004,4577.504156535018,-1029.6148795600566,34.95958577448329,-1031.2127746635315,0.023809523809523808,0.005668934240362812,10.0986755670324,6.386158650216486,10.07306178305987,6.338472279583598,5.555592134960022,0.4729971419983485,150000.0,2900.0,H3,739.4226690954096
3,46,8,known,3,100.0,300.0,150.0,1510.9223176439386,40.80009827130696,1510.37134570793,898.7270153646849,43.03985186285088,897.6958389665948,1.0,1.0,25.0,1919.1219749921377,131.16024980227576,72.2548168078913,882.0,882.0,2168.670101939555,119.6332110465855,2165.3678453928337,4106.968604980532,-1938.2985030409773,6.403155271725495,-1940.039573702738,0.060090702947845805,0.01473922902494331,11.881742144077913,10.11795143461362,11.860227575581447,10.088265033765992,2.1433885267728323,0.8517058409997844,150000.0,2900.0,H3,426.2478773138413
3,47,8,known,3,100.0,300.0,150.0,1251.7091461883647,70.1488739609564,1249.741942215918,966.1811646785007,51.799485817124285,964.7916128618582,1.0,1.0,41.0,1348.3135655599967,187.68873603511207,68.33642283866796,882.0,882.0,4105.510067911623,133.1531028335142,4103.350237175655,4830.9457208867125,-725.4356529750894,22.193960556117077,-726.3210380664505,0.03741496598639456,0.013605442176870748,11.644987890361385,11.66534636909023,11.621776803180538,11.640916727993412,3.5194069151602982,0.9615321370001766,150000.0,2900.0,H3,385.42347718117855
3,48,8,known,3,100.0,300.0,150.0,1808.206017221097,58.32555063313153,1807.265097006503,1032.000371546199,34.16097749031286,1031.4348231897152,1.0,1.0,76.0,788.5456648335252,319.4998476588188,69.05037905747098,882.0,882.0,4155.815671118229,132.446098687629,4153.704602310362,8184.486967041828,-4028.6712959235992,-12.155404868759547,-4029.5048731244915,0.035147392290249435,0.007936507936507936,11.7024765872643,7.989725297504108,11.680482466657606,7.952535227253183,5.201450007819987,0.8438363810018927,150000.0,2900.0,H3,673.5452866234889
3,49,8,known,3,100.0,300.0,150.0,1225.4939538413546,64.8330374501451,1223.7778017911191,787.5021633678105,40.442158294218636,786.4630246499113,1.0,1.0,95.0,1232.6939506049864,204.69272815245927,77.00398574647282,882.0,882.0,5073.022063696668,139.9305809506691,5071.0918243774695,6176.591838715274,-1103.5697750186064,25.86792469906142,-1104.4467312897978,0.02947845804988662,0.005668934240362812,10.47760460815883,13.837953443518202,10.450978745994375,13.81768096369563,3.6660204736220647,0.821483186999103,150000.0,2900.0,H3,301.23646862702935
3,50,8,known,3,100.0,300.0,150.0,5001.2488700600525,282.4742605188333,4993.265319650188,1390.2467111301562,72.53612421256562,1388.3531353702613,1.0,1.0,43.0,1991.183788958632,126.49101675860418,84.14572511186401,882.0,882.0,4361.864080113473,241.36553376292338,4355.180929937986,3924.8967079618465,436.96737215162693,124.95501095033309,432.01094147862295,0.022675736961451247,0.009070294784580499,12.341890395751806,4.588667395913077,12.321046857290137,4.519139842372228,9.505731629183657,0.6554617209985736,150000.0,2900.0,H3,748.426717150897
3,51,8,known,3,100.0,300.0,150.0,1987.6862036128935,81.18239611593737,1986.027659070717,840.9384473387562,53.91228422413142,839.2085186783166,1.0,1.0,63.0,2172.6465814140947,116.11648584011195,81.69757134192534,882.0,882.0,3340.0275115905283,159.8647136809479,3336.199492161901,5436.033196506364,-2096.005684915836,38.075277051778784,-2098.469241684234,0.05102040816326531,0.01020408163265306,13.647708445143103,10.65317478092041,13.627444285004954,10.611455741436306,3.135241447058994,0.66880376699919,150000.0,2900.0,H3,273.3287034226554
3,52,8,known,3,100.0,300.0,150.0,1151.403127801603,66.04292734250757,1149.507500827788,875.0528062072021,43.979136878853986,873.9469372739344,1.0,1.0,53.0,1305.4623416440188,193.47715564838558,89.56863356637065,882.0,882.0,2928.7148932166183,123.62251213329618,2926.1046461537703,6426.806318730311,-3498.091425513693,-15.0804548649988,-3499.204758491093,0.04195011337868481,0.017006802721088437,10.847950906209157,10.680382595728572,10.823772795635396,10.65323167308592,2.742144175984768,0.4417294930026401,150000.0,2900.0,H3,596.5900797983974
3,53,8,known,3,100.0,300.0,150.0,1671.5435152022567,64.45867910664342,1670.3002131061778,620.7704014246395,47.10956966274829,618.9802741049982,1.0,1.0,58.0,2020.1254068172943,125.17035433725619,88.38087796632372,882.0,882.0,2685.386958038476,136.6472486959676,2681.9080229991037,4402.190985642145,-1716.804027603669,26.21813704874421,-1718.8976856603654,0.05102040816326531,0.007936507936507936,10.445761306393479,11.254143076806013,10.421743054845233,11.224051546983322,2.386131880243168,0.42131674099800875,150000.0,2900.0,H3,572.5351328557339
3,54,8,known,3,100.0,300.0,150.0,3009.6187692669214,63.91820337969,3008.9399461605167,1457.5311448791356,53.02241489063971,1456.5663945772772,1.0,1.0,40.0,2357.9981630113202,106.53123317357915,69.3044734487495,882.0,882.0,2148.3383556952117,123.37427084907334,2144.7928757443374,4570.030097460158,-2421.691741764946,16.138546659779408,-2423.9789057248677,0.049886621315192746,0.009070294784580499,9.555029734607384,9.052336717899742,9.524767205638524,9.013808738453285,2.3732417635848324,0.3923000040012994,150000.0,2900.0,H3,370.6281644621074
3,55,8,known,3,100.0,300.0,150.0,1947.761966987229,70.05205269081549,1946.5018340489082,932.930668849962,56.84903604874148,931.1969823733141,1.0,1.0,31.0,1985.0914340472295,127.53944146155803,52.52249267732285,882.0,882.0,2607.673156297241,131.88550368295964,2604.335904600539,3675.6257676757928,-1067.9526113785519,21.56836402408608,-1069.6340071842246,0.05895691609977324,0.012471655328798186,11.834151438260772,10.855546135220699,11.811096674497223,10.827577002464665,2.4021574997840727,0.4410292499997013,150000.0,2900.0,H3,718.8115713913684
3,56,8,known,3,100.0,300.0,150.0,1380.5624093221288,61.54948717852565,1379.1896993022322,1178.7731440928637,43.68642574864643,1177.9633362035863,1.0,1.0,32.0,1427.487751229496,176.60381086314362,79.8003091501719,882.0,882.0,2198.482678073386,120.4966730607086,2195.1780423396253,4201.6703844342155,-2003.1877063608295,4.922200258116078,-2004.902499824771,0.049886621315192746,0.018140589569160998,11.527734331694676,9.40746120753932,11.504458731685144,9.377934824384038,2.3369564110575123,0.5145786700013559,150000.0,2900.0,H3,806.5960746316712
3,57,8,known,3,100.0,300.0,150.0,2361.4045923083436,102.84635538408357,2359.163893365432,1438.436659456868,48.88209733314403,1437.6058443918998,1.0,1.0,37.0,2280.6485392436593,110.70260819384956,93.7363661828128,882.0,882.0,2460.5778052850105,131.9794374640577,2457.0357270393665,4536.8532199917045,-2076.275414706694,10.205851970119909,-2078.182937327882,0.05442176870748299,0.015873015873015872,12.08358019439251,9.769097976744732,12.057736056249103,9.737033749641675,2.5187359274545087,0.47014720699735335,150000.0,2900.0,H3,664.4832436590438
3,58,8,known,3,100.0,300.0,150.0,2040.9947553755894,25.18019835434373,2040.8394226595824,1030.2221341258225,33.60303971926739,1029.6739684795325,1.0,1.0,110.0,835.747159314861,302.0144607161226,92.79843019039662,882.0,882.0,3461.5837594133004,128.40700508619312,3459.2013188709775,5142.262079073534,-1680.6783196602332,4.641292263369749,-1681.5711268036134,0.035147392290249435,0.005668934240362812,13.27464349211904,7.982650193605658,13.25382681428962,7.946831222444604,4.33638412739936,0.5101354580001498,150000.0,2900.0,H3,420.8372426722045
3,59,8,known,3,100.0,300.0,150.0,2518.4138342549777,113.68171261258581,2515.8467180621974,783.3085872964944,58.3100950181957,781.1352480533692,1.0,1.0,109.0,681.9709133306133,370.2061751955564,56.347766718386126,882.0,882.0,4757.986030513222,190.76667322401056,4754.160193235606,6680.298171120718,-1922.3121406074952,68.91730851930024,-1925.0266126113347,0.02834467120181406,0.006802721088435374,11.643818212369059,6.797302662325944,11.620153330622767,6.754720222224783,6.999814877869666,0.7490199509993545,150000.0,2900.0,H3,298.11944750013015
3,60,8,known,3,100.0,300.0,150.0,4219.495571079255,172.89239289207086,4215.951979664557,1356.3865181450308,68.1539204089294,1354.673181892405,1.0,1.0,210.0,1567.773564284959,160.72090927854632,91.6723553119032,882.0,882.0,5051.421499351556,228.16815193705114,5046.265793490545,6054.526124624482,-1003.1046252729257,95.59092924773296,-1006.808621530663,0.01473922902494331,0.0045351473922902496,12.863179647277333,4.9517675869862945,12.842320525815115,4.889968588130317,10.201249171360873,0.6177877089976391,150000.0,2900.0,H3,853.4120412184781
3,61,8,known,3,100.0,300.0,150.0,1235.9394170647818,56.19371779602009,1234.661293122407,598.6387966329559,53.8865193720304,596.208564064725,1.0,1.0,215.0,440.21959089114654,572.4103443287448,92.89306498211634,882.0,882.0,5894.436981779303,163.5953155380435,5892.1663168058585,6758.509971643238,-864.0729898639347,34.096819674798695,-865.1028931909013,0.027210884353741496,0.007936507936507936,11.88344419276364,8.455861410810147,11.860873711455241,8.422825829852346,6.970829694824153,0.662189856000623,150000.0,2900.0,H3,388.83196988298005
3,62,8,known,3,100.0,300.0,150.0,947.2941629916683,115.72638037552738,940.1987216132896,932.0581780145095,59.388084772574864,930.1642342031715,1.0,1.0,65.0,966.9881188250467,261.6390059451513,82.10476403786011,882.0,882.0,2880.1166505483907,143.44995984507273,2876.5420264245276,7698.51220905289,-4818.3955585045,-7.478195191385424,-4820.490578739212,0.03854875283446712,0.006802721088435374,11.259620900958005,9.286942721868815,11.236492993619738,9.259243924093067,3.101253810649996,0.4450209509996057,150000.0,2900.0,H3,719.5839557641735
3,63,8,known,3,100.0,300.0,150.0,3557.616408280726,168.1625026324232,3553.639807461732,1439.2531699530875,46.77222271245842,1438.4929775297992,1.0,1.0,92.0,1515.7668671121864,165.9464216818915,64.03316321111897,882.0,882.0,4187.350114340169,188.86525472410543,4183.088678909715,7466.4541531749455,-3279.1040388347765,62.01724067434448,-3282.2878824430363,0.021541950113378686,0.006802721088435374,10.56603515877422,5.232411966641831,10.54185843700178,5.167926492878273,8.002714887581025,0.6067220350014395,150000.0,2900.0,H3,206.5669578573706
3,64,8,known,3,100.0,300.0,150.0,2280.837518598222,65.61119746348946,2279.893628442498,930.9352421129839,47.51901625146222,929.7216616291423,1.0,1.0,41.0,2313.5509546265957,109.04538284348214,84.96517185198408,882.0,882.0,2979.2855966281463,145.3017663100731,2975.74025462289,4029.762106486861,-1050.4765098587145,34.80159067802052,-1052.5065533647626,0.03968253968253968,0.013605442176870748,11.46999507350368,9.52437779625983,11.447878560920842,9.493161342665386,3.1280632292831716,0.5112409410030523,150000.0,2900.0,H3,748.5930051095133
3,65,8,known,3,100.0,300.0,150.0,1572.0044536577848,66.76000299908206,1570.5862295077827,1171.5864803336492,47.09839736634626,1170.6394072754044,1.0,1.0,31.0,1093.4266251917154,230.7915755793389,75.33045162018892,882.0,882.0,2658.8241397165816,114.13422997823659,2656.3733140292793,3204.54265617113,-545.7185164545485,-2.3843755270756333,-546.0503071975281,0.03854875283446712,0.013605442176870748,12.231142055788581,7.990229500629306,12.208638763905654,7.956514810869455,3.32759420678364,0.5279630190016178,150000.0,2900.0,H3,951.1298794083436
3,66,8,known,3,100.0,300.0,150.0,5702.59690369217,331.05736062368794,5692.979226202779,1737.8040104569118,67.753402489494,1736.4827252844248,1.0,1.0,48.0,2687.526434069307,93.85329181094446,78.68883198609434,882.0,882.0,5546.282839877257,278.34954708986834,5539.293715768446,8650.78968104944,-3104.506841172183,136.1531050638491,-3110.327216828924,0.01020408163265306,0.0022675736961451248,10.17005766872552,3.6546715787847406,10.144335179186154,3.5635086570577594,15.175872086764961,0.5875213780018385,150000.0,2900.0,H3,83.58922292542134
3,67,8,known,3,100.0,300.0,150.0,1241.423059849194,116.86836695515204,1235.9097856763542,734.5852036034313,51.52068000904225,732.7762556773387,1.0,1.0,89.0,735.139907531551,344.590218323066,56.080853563558044,882.0,882.0,3777.9865098135506,130.04420625810866,3775.747683936504,4541.542283786982,-763.5557739734313,18.519061757593377,-764.4250503952221,0.02947845804988662,0.006802721088435374,10.59208850797947,8.072797188145612,10.568042368703065,8.036835384289283,4.679897712977706,0.6733465399993293,150000.0,2900.0,H3,510.3837063521323
3,68,8,known,3,100.0,300.0,150.0,1482.9573736075008,119.23524081329923,1478.1561248004389,878.7056706583279,64.97805251780309,876.2998963471897,1.0,1.0,39.0,805.2432709417742,312.86935373938724,78.56501586233473,882.0,882.0,3567.6757072680357,136.84389491834767,3565.050308292164,4769.147678701839,-1201.4719714338034,18.85439217702516,-1202.6376070930282,0.02947845804988662,0.006802721088435374,13.62120145316856,8.568620619424976,13.600205012481062,8.53807149492848,4.16365231432951,0.593633716001932,150000.0,2900.0,H3,274.6929424293365
3,69,8,known,3,100.0,300.0,150.0,1026.358359469384,100.86700976023712,1021.3899002803549,551.7382411043682,61.71657785479138,548.2756156485855,1.0,1.0,98.0,1495.4578508478996,168.7151931004218,92.94101021916948,882.0,882.0,4655.895370361257,138.24235667435676,4653.842579049328,6971.409311296553,-2315.513940935296,3.3900920548917384,-2316.262345007358,0.03968253968253968,0.011337868480725623,12.090556651190905,13.628597481795424,12.068675689354222,13.606652873752896,3.416268898234341,0.8633630330004962,150000.0,2900.0,H3,491.76939994692293
3,70,8,known,3,100.0,300.0,150.0,1267.1039440395025,119.23774964886911,1261.4811786384832,347.4452057713286,67.78306307643432,340.76917022151076,1.0,1.0,398.0,284.70682733560255,885.0121861973269,60.92925718354574,882.0,882.0,19944.089718720505,405.5719801719449,19939.965548547778,7008.764108807835,12935.32560991267,274.0041080902124,12932.436438515571,0.003401360544217687,0.0011337868480725624,11.466321456572082,8.684185155912498,11.44016998802961,8.651881224887525,22.96598858805062,1.27229878900107,150000.0,2900.0,H3,437.5180129791668
3,71,8,known,3,100.0,300.0,150.0,2936.481235635187,122.54837961871843,2933.9229611375936,1601.8289787826825,52.74169390922568,1600.9604589094502,1.0,1.0,44.0,2461.0405439311844,102.89384559845955,74.00645163609103,882.0,882.0,2484.0194851734273,137.0014397791742,2480.2385788910897,5548.607906082075,-3064.5884209086475,14.399096568565113,-3067.0146477856742,0.061224489795918366,0.023809523809523808,10.389799275681042,8.737646519228282,10.364967386493564,8.69544585277184,2.842893083059646,0.5642581730025995,150000.0,2900.0,H3,641.5659470295992
3,72,8,known,3,100.0,300.0,150.0,1412.2898451577848,96.347435194335,1408.9995665248705,986.1669433571788,77.92705949864867,983.0832180280239,1.0,1.0,106.0,1358.4601012157234,185.69032967928,78.81265486891525,882.0,882.0,3504.0900191678984,134.869051955662,3501.4935672162333,5965.534498648438,-2461.4444794805395,13.277742986696808,-2462.801647488341,0.03968253968253968,0.007936507936507936,10.686009610525907,12.238662690216609,10.662096761396196,12.214659626748656,2.863131461224936,0.6898954140015121,150000.0,2900.0,H3,373.56746244702805
3,73,8,known,3,100.0,300.0,150.0,2123.282802349325,106.12425737210341,2120.62903421358,1292.7225450530839,56.330298291997096,1291.4946674233145,1.0,1.0,33.0,1178.9042061358505,213.21228578584433,77.73265616557316,882.0,882.0,2583.227614883262,121.3032388342164,2580.377963505307,4462.902037119075,-1879.6744222358134,8.495697321472818,-1881.0981432893313,0.049886621315192746,0.009070294784580499,12.131973736838983,7.666950620767636,12.110830911287916,7.628882182560126,3.3693025332470734,0.43366937799873995,150000.0,2900.0,H3,560.8408365144423
3,74,8,known,3,100.0,300.0,150.0,2490.6378990665357,119.21892467650441,2487.7829471771743,838.6480685724625,49.050290594514976,837.2124293827196,1.0,1.0,38.0,840.0687031194436,300.5840065848251,68.49213102713463,882.0,882.0,4343.83424017726,187.7507766103138,4339.774827340536,7439.484869871666,-3095.6506296944062,48.929817733898545,-3098.4147286217267,0.023809523809523808,0.01020408163265306,10.422123598753048,5.641653580261411,10.396811147115606,5.591097672829962,7.69957633587276,0.4419562409966602,150000.0,2900.0,H3,445.51043243632085
3,75,8,known,3,100.0,300.0,150.0,1666.2766110801635,49.80460185929095,1665.5321210551397,460.46980917232946,42.37675457408899,458.51570947020883,1.0,1.0,165.0,0.043665847465942195,5795540.714301319,65.99266675892449,882.0,882.0,176145608.04486713,4929991.711103091,176076603.82692644,6602.2248643456915,176139005.8200028,4929854.419834968,176070003.02968162,0.0,0.0,11.31124141542433,7.906008606799605,11.286521360023631,7.86879959365411,222799.66643771695,0.5303543720001471,150000.0,2900.0,H3,765.0052124307227
3,76,8,known,3,100.0,300.0,150.0,2711.227795780829,132.90383564648775,2707.968377046716,1472.1795081484345,55.673953460226166,1471.1264103122733,1.0,1.0,41.0,2607.1937266912587,96.78596470910357,97.36942636993949,882.0,882.0,2409.181610828448,138.36303198893316,2405.205127495945,4468.634523379307,-2059.4529125508593,29.16056722854421,-2062.0948764468912,0.05668934240362812,0.01473922902494331,11.897081413710488,9.242074842842701,11.874026526367075,9.206503912052975,2.606754058796851,0.39416128100128844,150000.0,2900.0,H3,491.9432946258619
3,77,8,known,3,100.0,300.0,150.0,2656.9903559372497,72.13366616709031,2656.011010095562,1311.3595783422006,54.427332013246605,1310.2296017262604,1.0,1.0,30.0,2585.559710129508,97.41712903880632,72.15299097309396,882.0,882.0,2443.028093527148,134.7687346664704,2439.308027683115,3987.138664995072,-1544.1105714679238,29.18998693651608,-1546.432538626546,0.06349206349206349,0.018140589569160998,12.16532034706286,9.426542272348769,12.144422025252405,9.393328327259642,2.591648159997515,0.3754560310007946,150000.0,2900.0,H3,491.8796615862289
3,78,8,known,3,100.0,300.0,150.0,2144.730169814827,53.534195601116785,2144.061937355187,1086.1486448905766,50.96657676294272,1084.9522048692759,1.0,1.0,70.0,2117.2110480829165,119.6117990412756,104.27839546601537,882.0,882.0,3107.9267384073014,145.5840106433877,3104.5150840593496,4245.60884159407,-1137.682103186769,19.213328445994037,-1139.2126271048228,0.05555555555555555,0.015873015873015872,12.714423192041632,10.630165152353598,12.693572955933911,10.596864836520133,2.9236862211112338,0.47863763500208734,150000.0,2900.0,H3,976.6228836388336
3,79,8,known,3,100.0,300.0,150.0,1185.4552319194759,78.68922341459648,1182.8406963761715,966.4658427692294,48.16816948852893,965.2647578192012,1.0,1.0,35.0,1295.4036395630058,194.9453158954384,48.17050318871909,882.0,882.0,2794.009833625336,128.77221189906712,2791.0407857710893,4948.885842317341,-2154.8760086920047,3.625289072831393,-2156.26245215522,0.045351473922902494,0.006802721088435374,12.667616337296003,10.711196647190377,12.644285639781788,10.685373586624266,2.608494574094319,0.5558756789978361,150000.0,2900.0,H3,687.9716842356532
3,80,8,known,3,100.0,300.0,150.0,590.1536227758673,63.53702728004459,586.7233970448899,483.74519252334113,54.2146008913918,480.6976059225087,1.0,1.0,73.0,1103.5648190818356,228.71097617627794,97.07761763865153,882.0,882.0,4183.079127594053,120.21503280938984,4181.351376481012,4940.313634774032,-757.2345071799791,14.887738426313916,-757.8393437678169,0.03968253968253968,0.01473922902494331,10.31420813048323,11.48583381074187,10.28756058147363,11.462463386261817,3.6419464154895933,0.8739550719983527,150000.0,2900.0,H3,487.53469827105727
3,81,8,known,3,100.0,300.0,150.0,1090.4333828198148,39.23129163985875,1089.7274283618513,545.5497507373858,32.016690876699876,544.609458267968,1.0,1.0,41.0,1655.02445853739,152.4267695001728,65.56887965740576,882.0,882.0,3251.3227642631655,122.28545516423482,3249.0223121534805,3690.929374135303,-439.6066098721376,10.824368244501969,-440.2236908879936,0.047619047619047616,0.006802721088435374,10.276068998320632,12.873433533086715,10.251404032789292,12.852709616957974,2.5256065181886114,0.6036180890005198,150000.0,2900.0,H3,730.1871792761982
3,82,8,known,3,100.0,300.0,150.0,5865.636583727298,352.4892850453976,5855.035767293674,1568.7243053814389,68.99787349979371,1567.2061892893942,1.0,1.0,35.0,2828.5289408355034,89.21274084888094,54.92302528692595,882.0,882.0,5266.231715494745,264.99933533848895,5259.560041824115,4694.706906663018,571.5248088317267,160.3326095248762,566.0200328354931,0.015873015873015872,0.0011337868480725624,9.470222125469267,3.4495544996995067,9.441648638025438,3.359418460280191,15.266411114691739,0.5755637059992296,150000.0,2900.0,H3,599.0059116082822
3,83,8,known,3,100.0,300.0,150.0,1079.3445619140125,99.84031235854188,1074.7169838434213,850.3514630750524,84.8182590011252,846.110792800742,1.0,1.0,36.0,960.2102039015759,263.7991185389882,86.62438799621216,882.0,882.0,3063.309767118329,126.74649876048298,3060.6865331775657,3634.5148554470256,-571.2050883286965,12.013851698743522,-572.0169579104863,0.03741496598639456,0.009070294784580499,11.601644096507473,9.148265175470506,11.57927143432105,9.11731893881339,3.348514399573884,0.6422183739996399,150000.0,2900.0,H3,903.7069145342468
3,84,8,known,3,100.0,300.0,150.0,1991.5362111523787,43.89526552825258,1991.0524066421194,1187.4598975579695,22.245909876936988,1187.2515014949995,1.0,1.0,66.0,1943.5709537772298,129.4117428966141,69.61947295916688,882.0,882.0,3131.246240097351,146.48110400510467,3127.818137662937,3984.430816009294,-853.1845759119433,31.99105088902975,-854.9674397064964,0.047619047619047616,0.013605442176870748,12.217909617609811,11.841606600212113,12.194239657952407,11.811081868335634,2.644274840241072,0.8333299170008104,150000.0,2900.0,H3,830.8558904745881
3,85,8,known,3,100.0,300.0,150.0,823.727952400391,80.77906378349718,819.7575753965331,533.0554327543688,55.13207764761283,530.1967072730696,1.0,1.0,53.0,869.8236386431948,290.9156273234923,67.42789264676011,882.0,882.0,5185.1760282757305,145.02219530737062,5183.147596497085,6124.377785579821,-939.2017573040903,18.989051324235376,-939.933238109079,0.024943310657596373,0.003401360544217687,13.26533290099593,11.055926625825013,13.245459414677612,11.031983383737469,4.689951556085696,0.38509175699800835,150000.0,2900.0,H3,529.4998582053081
3,86,8,known,3,100.0,300.0,150.0,1060.8997079251585,38.75781465170249,1060.1915025499454,792.2695514898344,34.99372201980925,791.4963560478997,1.0,1.0,36.0,740.0164076580729,340.0777447110374,65.76216219719235,882.0,882.0,3049.8161881980604,115.51061612425474,3047.627943066138,7193.995146581194,-4144.178958383133,-14.893046184429124,-4145.185209928332,0.046485260770975055,0.015873015873015872,10.485559494091719,7.834693247339323,10.45925820764866,7.800203070678724,3.8927065705269115,0.510271745002683,150000.0,2900.0,H3,319.0181023268244
3,87,8,known,3,100.0,300.0,150.0,3369.7795789965735,186.37518754553102,3364.6216281314146,1314.8230676220267,85.87996439854416,1312.015369904599,1.0,1.0,32.0,2878.2121023707027,87.54888111221398,58.5326979504339,882.0,882.0,2981.1716805003225,175.29779657412536,2976.0133183729827,4889.789113070365,-1908.6174325700422,54.47380231648019,-1912.2828196195892,0.04308390022675737,0.006802721088435374,10.774832591730718,8.049366393107123,10.747830973014022,8.011822175321551,3.703610364976274,0.4901431840007717,150000.0,2900.0,H3,697.8410673569925
3,88,8,known,3,100.0,300.0,150.0,1362.974708596584,65.98578526074283,1361.376484451478,1298.8194662314077,49.988452561172345,1297.857141781089,1.0,1.0,32.0,1165.8908400240207,217.17038021784802,66.49490368904512,882.0,882.0,3308.1055399560028,113.34470365727515,3306.163220659325,6035.104462259067,-2726.9989223030643,-1.7350032670698283,-2727.8439496573883,0.02947845804988662,0.006802721088435374,10.492114639261,7.589078491714874,10.465541233161336,7.553614609944724,4.359034556787781,0.5137586199998623,150000.0,2900.0,H3,354.14599163166434
3,89,8,known,3,100.0,300.0,150.0,3641.685435094392,142.24530695086833,3638.9063028373075,1130.8557124734064,58.96519579165971,1129.3173814827196,1.0,1.0,34.0,3100.9224469325463,81.7168704162443,57.593166004238725,882.0,882.0,2664.1530034826137,166.19299241620504,2658.964293712343,3724.234290494114,-1060.0812870115,57.386686038667634,-1063.680228423053,0.05102040816326531,0.01020408163265306,11.915393542475421,7.622651823005707,11.893676850974057,7.5677617174866185,3.495047478676659,0.7363901319986326,150000.0,2900.0,H3,796.966853099445
3,90,8,known,3,100.0,300.0,150.0,925.6237549212315,54.37900237209892,924.0250320069772,750.5525464059881,50.64061354725926,748.8422084632182,1.0,1.0,35.0,1094.6863861583827,229.66779534975487,87.21220610365931,882.0,882.0,2989.5756021824254,114.63303128415369,2987.377035009645,6993.296774665657,-4003.7211724832314,-5.00880281907412,-4004.8962441236504,0.05328798185941043,0.011337868480725623,9.8107457960989,10.56951953826532,9.782354671207006,10.543268728067394,2.828487701223435,0.42910991000098875,150000.0,2900.0,H3,146.25624822191585
3,91,8,known,3,100.0,300.0,150.0,1432.4287944207197,54.71604933058854,1431.3833885550193,995.2206515332186,40.43244386313841,994.3989957363485,1.0,1.0,95.0,1225.3424730770428,205.89243150467203,103.22293313719028,882.0,882.0,4270.641777631648,142.37107891972053,4268.267994015845,4235.385615102801,35.2561625288472,21.19269102363303,34.61624795469288,0.031746031746031744,0.006802721088435374,11.713137244384573,12.593029167810961,11.690680158665394,12.569157938989758,3.391274427083703,0.44058944299831637,150000.0,2900.0,H3,778.7940749737885
3,92,8,known,3,100.0,300.0,150.0,1780.1348479707206,87.54775192508794,1777.9807277056195,1274.096842229114,57.93113011869061,1272.779143269315,1.0,1.0,35.0,1015.409452882314,248.45060841005946,77.71575938440662,882.0,882.0,3751.5758024803476,124.13098556735716,3749.521636179493,4364.980769687949,-613.4049672076012,17.27758639759014,-614.1510681868031,0.024943310657596373,0.005668934240362812,10.096484057798856,8.198809836814053,10.07125764916658,8.161600630459766,4.575756575832669,0.4199181799995131,150000.0,2900.0,H3,732.6817210047915
3,93,8,known,3,100.0,300.0,150.0,2788.9269129669615,106.25804584397439,2786.901963393195,1159.1182682084118,61.81054158440125,1157.4690564518392,1.0,1.0,40.0,2496.3029646756363,100.71069333677261,62.323887031221396,882.0,882.0,2482.097572045357,145.39722881296893,2477.8353462260093,6220.62755159863,-3738.529979553273,12.96518156633158,-3741.3823608952025,0.07142857142857142,0.024943310657596373,11.690367052773839,8.792999177546669,11.66764140246051,8.758318787518856,2.8228111045245043,0.5120522729994263,150000.0,2900.0,H3,606.8798737901365
3,94,8,known,3,100.0,300.0,150.0,1825.402797486842,59.48934261003044,1824.4331698334736,1327.1784907794247,45.843496871601396,1326.3864897465353,1.0,1.0,37.0,1748.5856892548218,144.6149181344899,87.0488134323124,882.0,882.0,2217.470514691729,113.71773216618621,2214.552722541999,4951.138820625112,-2733.668305933383,5.782541627588387,-2735.409460722073,0.03968253968253968,0.013605442176870748,10.205539902095122,9.912246777911811,10.180862787108854,9.884925377698359,2.237101803834305,0.5517999889998464,150000.0,2900.0,H3,300.51051003627765
3,95,8,known,3,100.0,300.0,150.0,2890.962051306917,117.97270333741317,2888.553967535307,1102.1014468121227,59.83405694767085,1100.4760264060992,1.0,1.0,32.0,2834.1698977666,88.64554320427114,81.22073492555862,882.0,882.0,2595.4329821820606,154.98105444181903,2590.8016592866707,5737.386828224871,-3141.9538460428107,13.769056737639033,-3144.8471085854208,0.05328798185941043,0.013605442176870748,13.809700607734289,7.547520623371949,13.790038220550255,7.500841614116596,3.4387888575553416,0.49071038699912606,150000.0,2900.0,H3,854.2906921066166
3,96,8,known,3,100.0,300.0,150.0,3016.4579599180283,114.9552529590748,3014.2667290354298,1264.2088903990668,58.813658546865014,1262.8400817729746,1.0,1.0,27.0,2921.274091905954,86.7797263848941,55.30949097002562,882.0,882.0,2359.1939281115633,161.24435161589378,2353.6771761459636,4951.993376886629,-2592.799448775066,34.70751665056852,-2596.6992574321944,0.036281179138321996,0.011337868480725623,13.57777819726376,7.387649516513555,13.5568878835523,7.345164982528162,3.193429686719809,0.3975250980001874,150000.0,2900.0,H3,626.3051030282163
3,97,8,known,3,100.0,300.0,150.0,2383.6115771567775,74.82795529163316,2382.4367626156823,685.1789141552847,43.7898966302501,683.7781726233494,1.0,1.0,274.0,513.0135876864817,491.04348754329175,67.12794729399401,882.0,882.0,5095.742617949554,191.092358484656,5092.1583379659505,5818.781521724164,-723.0389037746099,67.26188796798277,-725.3054059803926,0.03741496598639456,0.011337868480725623,12.652327287723914,6.895559379112539,12.632098236159589,6.8562156253559365,7.3898901275292594,0.740356045000226,150000.0,2900.0,H3,289.3065513270192
3,98,8,known,3,100.0,300.0,150.0,2112.7808529800495,42.444292562213434,2112.3544718507824,644.6118569197587,23.825086293473294,644.1714145665328,1.0,1.0,37.0,755.1339902498119,333.3068865510717,84.26368724233986,882.0,882.0,3403.8453042871333,128.1622015275585,3401.431655291221,3321.0920174129383,82.75328687419506,16.120175515348237,82.23012894018939,0.02947845804988662,0.007936507936507936,10.35758176095434,6.494322039132857,10.332896948105144,6.452001800629366,5.241263497215832,0.4796351000004506,150000.0,2900.0,H3,841.7341026997137
3,99,8,known,3,100.0,300.0,150.0,2166.6541815957285,113.14317839518652,2163.6979835016,1202.1439899145644,51.756049932738485,1201.02934343132,1.0,1.0,35.0,1271.9981338061325,197.94925442916858,63.75704396811551,882.0,882.0,3233.8074345436917,135.36908796192316,3230.9728772823846,4852.119155077432,-1618.3117205337403,27.26971667387363,-1619.941966434877,0.04195011337868481,0.013605442176870748,10.114890297549463,6.780617361177076,10.089304622235383,6.740000124515788,4.769193219866814,0.5688869049990899,150000.0,2900.0,H3,554.3244879288503
4,0,8,known,3,100.0,300.0,150.0,2040.9755914968277,48.431416687167065,2040.4008829059796,796.5770676740495,42.65977955787235,795.4339494592,1.0,1.0,25.0,1814.8875500884928,139.40001187694887,60.07834891395153,882.0,882.0,2083.1214541176705,131.1104870096081,2078.9913498620963,2284.4125572538974,-201.29110313622687,19.237868377031077,-202.68024108599184,0.06802721088435375,0.011337868480725623,8.241761249399978,9.878439624333321,8.208508139128567,9.850845505230932,2.1087555659968484,0.6353095909980766,150000.0,2900.0,H4,2043.5150286948497
4,1,8,known,3,100.0,300.0,150.0,2436.516234972035,100.28993308711877,2434.451332970877,819.4139591406914,78.97450714936531,815.5993278903175,1.0,1.0,54.0,1654.8841829797536,152.17160888997455,73.42515539640195,882.0,882.0,2387.2899746971952,131.50519713406302,2383.665204347386,3351.5737215422528,-964.2837468450575,2.389016509886517,-965.4205549059675,0.05328798185941043,0.01473922902494331,7.31036758082403,9.35249607900422,7.270635534934387,9.321955627618417,2.552569874962594,0.5843554620005307,150000.0,2900.0,H4,649.8024686922952
4,2,8,known,3,100.0,300.0,150.0,2133.9160905185686,160.20713225159193,2127.8936900488648,1381.982194636112,77.81063838885379,1379.789944464288,1.0,1.0,21.0,1853.6917912265444,136.16529849820674,71.29640944630776,882.0,882.0,2021.9781900775583,126.17800147147109,2018.0373914013544,2218.365637758962,-196.3874476814035,17.53863628016451,-197.66646767380507,0.06689342403628118,0.013605442176870748,8.214366060627864,6.247104641570685,8.182603572356939,6.202864545879665,3.236664512744868,0.5635045210001408,150000.0,2900.0,H4,1891.8002283636813
4,3,8,known,3,100.0,300.0,150.0,2947.8641404902182,156.45367244998118,2943.7094352474815,1629.4425752699879,55.11584885438182,1628.5101624821232,1.0,1.0,38.0,1355.7260447998087,186.10503984310637,73.40096559777204,882.0,882.0,3807.0687525638436,158.226441150415,3803.779289084593,5267.803557640069,-1460.7348050762253,-13.412623288540232,-1461.2272971832617,0.032879818594104306,0.003401360544217687,8.84094262289748,5.26895389028972,8.80717657712052,5.2116885171414005,7.225473655368253,0.5841981010016752,150000.0,2900.0,H4,1047.5167429997298
4,4,8,known,3,100.0,300.0,150.0,3994.3034062370825,117.27564995922255,3992.581385896072,1471.983454161699,76.95265683742517,1469.9706044446832,1.0,1.0,29.0,2612.025339829602,96.53814787089445,64.84469427343116,882.0,882.0,2406.3498000019613,176.33816780117374,2399.8800408657935,4334.999993301319,-1928.6501932993574,47.433658879494516,-1933.2029919760753,0.03741496598639456,0.0045351473922902496,7.967207287612626,8.256121096890354,7.928115422674093,8.214759644050728,2.9146251269355856,0.4480454130025464,150000.0,2900.0,H4,894.0529636819748
4,5,8,known,3,100.0,300.0,150.0,3395.745646905492,83.30226640285582,3394.723734104109,1435.6599984084446,66.75449285088689,1434.1072026575823,1.0,1.0,42.0,2379.788233325715,105.83320189760492,79.75129710773433,882.0,882.0,2938.930095390095,159.6404132665768,2934.591120418944,2783.3391221705365,155.5909732195587,41.28407465392851,153.7695788389633,0.04421768707482993,0.009070294784580499,9.502211300322596,9.449303141982867,9.474038045687276,9.415394057650621,3.1102082886224163,0.4970318369996676,150000.0,2900.0,H4,1517.4393446904817
4,6,8,known,3,100.0,300.0,150.0,3726.0702035243676,237.21833252841523,3718.5113451897064,949.2184874741585,64.99050408850542,946.9910091131019,1.0,1.0,29.0,2142.2837719789472,117.47583883575372,89.66509449650337,882.0,882.0,4223.493940318801,204.09778214119535,4218.559607168622,2869.4689795488066,1354.0249607699943,81.26578391419852,1351.720838628537,0.022675736961451247,0.006802721088435374,7.369630951447109,3.699958760057362,7.3329283581248985,3.610817024589643,11.414975717873467,0.3813342960020236,150000.0,2900.0,H4,955.2934867523662
4,7,8,known,3,100.0,300.0,150.0,3304.5650108251575,145.4132130558709,3301.364098102274,1298.647159090556,52.09658002918635,1297.6017841245573,1.0,1.0,65.0,1299.8542532992715,194.40583506344308,86.91678255180447,882.0,882.0,3747.0342172369383,184.96015642039418,3742.4664548505143,3330.9384924633164,416.0957247736219,73.31128502802763,413.3996531641019,0.031746031746031744,0.009070294784580499,9.596490931389939,5.859596660937258,9.570011089583868,5.807930096270885,6.394696485197311,0.4549645520019112,150000.0,2900.0,H4,974.6439975627973
4,8,8,known,3,100.0,300.0,150.0,1609.6418088218709,100.12143163650688,1606.5249614103109,595.8596310251811,53.94302578792029,593.412883121279,1.0,1.0,38.0,924.2524093176002,273.48167547551566,80.4942870521446,882.0,882.0,2179.9368732589883,126.32603600107187,2176.2735361214204,2328.890493900624,-148.95362064163555,20.363121680506836,-150.2050890478249,0.049886621315192746,0.01473922902494331,8.098207020839967,5.977343018025046,8.064809821063978,5.931040283808158,3.646999790183121,0.42393493200142984,150000.0,2900.0,H4,1502.8437828174751
4,9,8,known,3,100.0,300.0,150.0,3326.371700641326,95.21974089529104,3325.0085551425727,1108.310072697138,65.7141045490669,1106.3601916669134,1.0,1.0,75.0,2226.432136698442,113.55257089849717,66.83521997297633,882.0,882.0,3042.382126753125,141.9831263225439,3039.0672577332907,4702.086204725986,-1659.7040779728613,6.911164670118268,-1661.0785104157985,0.047619047619047616,0.015873015873015872,8.543787139038976,10.630355927266734,8.512042821157012,10.598100200579589,2.8619757866709348,0.5734928109995963,150000.0,2900.0,H4,860.7109274684182
4,10,8,known,3,100.0,300.0,150.0,2909.2749707449134,123.5420298534611,2906.6506880364045,749.2690977791215,37.80077247788614,748.3149620893689,1.0,1.0,39.0,1037.3833018620592,243.1668904724512,68.86531031918527,882.0,882.0,5134.859694797643,212.07258971991732,5130.478467155556,4037.015797796923,1097.84389700072,103.43506044812237,1094.924671343184,0.017006802721088437,0.0022675736961451248,10.186779574015812,5.878221972487031,10.161630613083446,5.8284598549476065,8.735396041237149,0.6558253109978978,150000.0,2900.0,H4,738.9813083521819
4,11,8,known,3,100.0,300.0,150.0,545.911269042059,74.76978496292314,540.7666714246631,268.9730074103106,60.378962916387,262.10848813513945,1.0,1.0,35.0,298.3456809062046,850.3017854056121,66.01825910689563,882.0,882.0,17087.46612181042,361.916208964487,17083.632960284165,8627.321338308306,8460.144783502114,104.7884637438882,8460.144176904923,0.0045351473922902496,0.0011337868480725624,7.848138804460886,8.816645256553329,7.8112977534392725,8.786067772293482,19.380916011233943,0.656687006001448,150000.0,2900.0,H4,721.0852128830312
4,12,8,known,3,100.0,300.0,150.0,1135.2724060919604,100.14380787071568,1130.8468745939845,659.2709650725277,54.15470157434089,657.0429770456847,1.0,1.0,63.0,882.6407590478012,285.40131918967506,98.94314359534968,882.0,882.0,2748.281309794277,134.02282194712046,2745.011482846998,2368.4098989329063,379.8714108613708,24.160400948918863,379.15102673049387,0.032879818594104306,0.005668934240362812,7.352437543176544,5.9120875750378215,7.315255537435224,5.866312097440845,4.648580175635669,0.6036416030001419,150000.0,2900.0,H4,1210.1610892862413
4,13,8,known,3,100.0,300.0,150.0,2262.047988969812,78.61384415019306,2260.6815273077054,563.2035453114199,60.27853010391648,559.9685100609354,1.0,1.0,41.0,2039.1456678827171,124.01007695548729,95.1875707944295,882.0,882.0,2823.95394824698,138.44717657367872,2820.558150635878,4521.462018173847,-1697.5080699268674,19.36446811148417,-1699.3354421751324,0.04195011337868481,0.005668934240362812,9.78842173149089,11.780028854472608,9.761096826036205,11.754099863915608,2.3972385663340625,0.4647175350000907,150000.0,2900.0,H4,760.0430254591153
4,14,8,known,3,100.0,300.0,150.0,1408.5378167188696,69.85620309907839,1406.8044967285755,1235.1632914780748,57.47815980247817,1233.8251974087223,1.0,1.0,29.0,990.0100402340342,255.06563455943473,69.57040082861067,882.0,882.0,3849.842724007558,131.51095880164488,3847.5958555062675,4015.2691449523477,-165.4264209447897,-4.537115668189159,-165.36779095745396,0.022675736961451247,0.0045351473922902496,7.806342285573466,7.384150089899961,7.771458309159982,7.345500903644048,5.2136571943105166,0.43831388800026616,150000.0,2900.0,H4,1031.8778183991471
4,15,8,known,3,100.0,300.0,150.0,5228.2083060398145,296.15929863897094,5219.813383749784,1690.5592996275875,69.02587639177725,1689.1495416172206,1.0,1.0,38.0,2281.1484510918194,110.7579102649293,75.22789184047444,882.0,882.0,4991.710062283939,248.29736236767292,4985.530840918345,2977.8759699779716,2013.8340923059673,131.17809820417273,2009.958900847992,0.018140589569160998,0.007936507936507936,10.994754292773436,4.309629607358939,10.97059784418284,4.232215546026934,11.582689272786478,0.6376175910008897,150000.0,2900.0,H4,1274.9350358154702
4,16,8,known,3,100.0,300.0,150.0,4749.538884071236,167.56126659218103,4746.582226533389,1362.2735560147432,75.8118096185848,1360.1624207937114,1.0,1.0,36.0,2922.6762120368426,86.34226618331282,94.25537007814597,882.0,882.0,2820.7034401615915,181.89042906700408,2814.8328137126114,6995.998768693677,-4175.2953285320855,-56.409721667692935,-4177.106245641615,0.035147392290249435,0.007936507936507936,8.361846168900968,7.604158946504825,8.328570012257519,7.5522742962818175,3.709421988684363,0.5422854969983746,150000.0,2900.0,H4,1305.0000618465779
4,17,8,known,3,100.0,300.0,150.0,1424.637094734745,73.76674713682924,1422.726016740787,763.1312696686856,72.61895198220299,759.6682319007073,1.0,1.0,34.0,1822.3777136226765,138.11941717133496,98.05420564721224,882.0,882.0,2224.105379723433,130.21668355034362,2220.290151182918,2510.462432600557,-286.3570528771238,17.03467276248169,-287.619627483914,0.05668934240362812,0.017006802721088437,9.169404379877111,9.200132665534824,9.13879746614985,9.159613776654066,2.417470987190532,0.5838823040030547,150000.0,2900.0,H4,1792.1928498391057
4,18,8,known,3,100.0,300.0,150.0,2659.1567452622035,57.517815453923404,2658.534614553454,1636.0516443257961,66.99772623224258,1634.6792613784671,1.0,1.0,36.0,1703.0295726633683,147.29356906637656,87.1818901796013,882.0,882.0,2133.5212609797045,123.25038676757751,2129.958289078467,5030.561018369289,-2897.0397573895843,-40.52117664830695,-2897.936204101851,0.06575963718820861,0.018140589569160998,9.185348115703613,9.787359344750298,9.155375720749966,9.760745240062171,2.17987424986503,0.5136554790005903,150000.0,2900.0,H4,1202.0044621067098
4,19,8,known,3,100.0,300.0,150.0,3675.553070221583,81.08286296008838,3674.658615619892,1304.4386422965324,85.84325765120172,1301.610965931161,1.0,1.0,36.0,2212.6691632570664,113.73001091124895,77.72259542356127,882.0,882.0,2365.5945047263845,135.91783871737337,2361.68662229138,4321.238302232647,-1955.6437975062622,0.6041860804898818,-1957.432579593717,0.049886621315192746,0.013605442176870748,7.423695486313257,9.709416590490324,7.3858029243572165,9.677265483491176,2.4363920145761533,0.4791111459999229,150000.0,2900.0,H4,688.9351816834812
4,20,8,known,3,100.0,300.0,150.0,3823.3110007046066,145.94065087752222,3820.5246150928415,1201.8917415911828,78.05634227504261,1199.35439547105,1.0,1.0,30.0,2500.5412208837856,101.22190022566002,65.99496635013578,882.0,882.0,2737.1111484605813,173.98660884120957,2731.575753840837,4368.249551344592,-1631.1384028840107,10.491673556112232,-1633.6130792978101,0.034013605442176874,0.007936507936507936,9.17780164231783,8.72420667116041,9.147992518373204,8.688246116153028,3.137375410315122,0.4798517670024012,150000.0,2900.0,H4,1482.4461139640027
4,21,8,known,3,100.0,300.0,150.0,1070.374251809012,117.67325953449593,1063.886292291723,547.001524827402,80.42686400007247,541.056547609043,1.0,1.0,99.0,1054.4011747320135,240.10103978873332,75.86787932446013,882.0,882.0,5978.993783124912,131.9595030510184,5977.537398310517,4831.523983147819,1147.4697999770924,9.311042315227823,1147.5703844674927,0.024943310657596373,0.01020408163265306,9.628144620490247,11.473397672448694,9.59750112732624,11.451325722663004,5.211179768903499,0.5407125679994351,150000.0,2900.0,H4,839.7071712972182
4,22,8,known,3,100.0,300.0,150.0,2577.7831173063746,68.07545731079112,2576.8840742225284,1077.9929325097794,58.09171898881059,1076.426548690601,1.0,1.0,35.0,1437.9123639861007,174.90162751229892,66.09755084968316,882.0,882.0,2642.598125426316,128.0673535145029,2639.493058424377,14792.925517172094,-12150.327391745777,-331.9249065918317,-12146.278902391316,0.05555555555555555,0.017006802721088437,7.191786180677314,10.073870612967518,7.153537268794176,10.046209004898817,2.6232202367426187,0.4608388440028648,150000.0,2900.0,H4,373.05925853033307
4,23,8,known,3,100.0,300.0,150.0,2604.5087838200075,134.25937558721066,2601.0460251718932,1540.4264343275356,51.285669027459875,1539.5724665398025,1.0,1.0,36.0,1420.1613987424616,177.90264632549068,95.464221106938,882.0,882.0,3215.521704651476,160.5476710776178,3211.511214116539,3649.3813150173764,-433.8596103659006,42.49267767015921,-435.9601018679359,0.034013605442176874,0.005668934240362812,7.973288777264429,5.70070148751017,7.936714890625057,5.651355749835462,5.6405719746884735,0.3822651139998925,150000.0,2900.0,H4,886.1948997070332
4,24,8,known,3,100.0,300.0,150.0,1923.0853004835233,65.30661639164389,1921.9760973517018,1156.1879337853316,48.138372196849204,1155.1853683946276,1.0,1.0,35.0,1195.2608429506363,211.53259528426887,70.03545452090823,882.0,882.0,2352.793927597228,137.69727214244716,2348.761104706675,2398.3937031658206,-45.59977556859258,27.08283885022699,-47.08045986576144,0.060090702947845805,0.01473922902494331,7.347375559646327,10.041284562111429,7.309969560323067,10.009860408643213,2.3431204573914544,0.401382186999399,150000.0,2900.0,H4,1371.076523106806
4,25,8,known,3,100.0,300.0,150.0,937.2358316675967,58.25461128977578,935.423649703774,792.4720556660664,42.61057488795521,791.325658575102,1.0,1.0,85.0,1246.4543420551984,202.46861656947422,86.59870391733317,882.0,882.0,3295.625911695547,114.6812463426093,3293.629967312116,5404.134116153774,-2108.508204458227,2.2766970405374565,-2109.335030045662,0.06235827664399093,0.018140589569160998,10.216216932810703,9.895032675912491,10.190202464574654,9.865708309965605,3.3305861836293875,0.5390512119993218,150000.0,2900.0,H4,253.97197545452636
4,26,8,known,3,100.0,300.0,150.0,3900.951469092059,176.43035308292383,3896.959673222515,1469.0848567013109,62.78628927610684,1467.7425516990534,1.0,1.0,31.0,1637.7497075406568,154.28642700624962,56.22896918449944,882.0,882.0,3410.1819334687066,151.35382108643273,3406.821515753196,2897.2639973050877,512.9179361636188,46.787800997893314,511.44509505707174,0.021541950113378686,0.0045351473922902496,9.827196386113677,4.7111145014190985,9.800837661646842,4.645209619394516,7.238588517518475,0.48324064999906113,150000.0,2900.0,H4,1194.661377441583
4,27,8,known,3,100.0,300.0,150.0,4085.982147498567,276.620855079137,4076.607782484389,1125.4141752448945,63.60096377575486,1123.6155851753485,1.0,1.0,37.0,2247.666441054394,112.09161378623463,91.13722438993138,882.0,882.0,5109.515617359195,248.2264137888872,5103.482486649193,3069.568496048624,2039.9471213105708,122.19989611522182,2036.5022016168186,0.018140589569160998,0.0022675736961451248,7.6412779453452515,3.575314007427608,7.606463005751374,3.48532228205565,14.291096129582826,0.5108169189988985,150000.0,2900.0,H4,1134.7104329252072
4,28,8,known,3,100.0,300.0,150.0,2415.37965140285,120.23665513283015,2412.385128285577,799.3368891740588,63.686298928097116,796.7957816927136,1.0,1.0,49.0,1974.7114283883607,127.52532816568558,90.36712925329633,882.0,882.0,2595.6973353223775,149.53805911059587,2591.3863134386443,2840.7181787345085,-245.02084341213094,33.32414358476308,-246.95371144048568,0.031746031746031744,0.01020408163265306,8.917701323367616,10.254427078071899,8.887835867941774,10.22766171393934,2.5312943527318317,0.4835596600023564,150000.0,2900.0,H4,1469.5060819195326
4,29,8,known,3,100.0,300.0,150.0,3952.324618789041,107.77307723882947,3950.8549525524736,1239.9406623567186,30.70482050134938,1239.5604302185504,1.0,1.0,63.0,2617.830008931711,96.57984556663652,66.41213440050386,882.0,882.0,2612.150887556007,139.38703183293262,2608.4293194787624,2947.8013623768147,-335.65047482080763,28.305574763487996,-337.27836831477225,0.046485260770975055,0.013605442176870748,9.440628916890141,9.199015582910253,9.413373330000239,9.15988634658915,2.83959828528697,0.5786636199991335,150000.0,2900.0,H4,1389.6705112355612
4,30,8,known,3,100.0,300.0,150.0,1259.1847477393064,93.36516639349689,1255.718588953598,1013.0696777699219,76.46570998340964,1010.1797697507046,1.0,1.0,27.0,1102.5857333836032,229.035811930645,63.65825584192077,882.0,882.0,2257.9683470080645,122.64526388690115,2254.6350470389757,4410.378244589539,-2152.409897581474,4.843334951640671,-2154.169662390535,0.0691609977324263,0.018140589569160998,12.629013775715993,8.922707129973645,12.608231333340662,8.890131672878908,2.530586641606754,0.4189939810021315,150000.0,2900.0,H4,646.3972450317323
4,31,8,known,3,100.0,300.0,150.0,2420.6253829263833,129.76151518202582,2417.144843331728,1036.914591042955,65.76308061530304,1034.827080408009,1.0,1.0,34.0,2305.3150700148362,109.71256697119028,80.21139988659482,882.0,882.0,2973.6809962001616,153.1167352204668,2969.7363405793135,5106.071085493208,-2132.390089293046,24.872773885119983,-2134.7240046962575,0.034013605442176874,0.012471655328798186,11.6531444271605,9.646323227214083,11.629651775291089,9.612749995051706,3.0827092625414534,0.5873792950005736,150000.0,2900.0,H4,761.4998473447104
4,32,8,known,3,100.0,300.0,150.0,2035.847940663724,144.6875801244851,2030.699963476251,852.2226853594856,76.80778569681085,848.7544223729769,1.0,1.0,41.0,1935.901411151711,129.9561333686296,78.5403535309021,882.0,882.0,2371.425049089149,144.29298597791683,2367.0311146339104,4214.745694917442,-1843.320645828293,38.02594382475159,-1846.3747035347037,0.06349206349206349,0.015873015873015872,9.397551729649013,10.12365418213485,9.37048106953112,10.094919079140762,2.3424595570184414,0.5128961570007959,150000.0,2900.0,H4,1007.2459439973686
4,33,8,known,3,100.0,300.0,150.0,727.8098979389033,82.84536532122348,723.0794513624558,708.9734830316017,60.2969286075107,706.4047565259322,1.0,1.0,29.0,906.6089559641479,278.4127143497272,79.63464977848685,882.0,882.0,2272.709592636451,117.9899112444462,2269.644746057468,3234.1005870103745,-961.3909943739236,7.168898349819301,-962.5565641956323,0.06575963718820861,0.021541950113378686,8.476541630358533,7.882957532148325,8.444004681603612,7.848457855275486,2.8830671526110256,0.39892464299919084,150000.0,2900.0,H4,814.410412566176
4,34,8,known,3,100.0,300.0,150.0,706.1829121345985,45.66999312996703,704.7045885464426,661.7404605297937,39.69654837288726,660.5487273089416,1.0,1.0,130.0,566.4682331836622,447.01040145364124,48.06033131579165,882.0,882.0,4987.309024910359,143.03660097903574,4985.257449794612,3035.2379714134668,1952.071053496892,17.00605171236137,1952.63715642426,0.024943310657596373,0.009070294784580499,8.187205574419231,8.426780913941863,8.153853137355169,8.395289747669139,5.918403570524779,0.5983432720022392,150000.0,2900.0,H4,1588.9087769881507
4,35,8,known,3,100.0,300.0,150.0,2326.514306653776,124.00471756619937,2323.207190305253,1293.4025352513142,67.16438697783539,1291.6574868425525,1.0,1.0,21.0,1271.0786820911767,198.83801352113846,57.0832527920113,882.0,882.0,3246.2505823500946,150.98574233231025,3242.7374468218495,2579.022165248128,667.2284171019664,44.01337555919396,665.9347299674719,0.021541950113378686,0.0045351473922902496,8.153749800765453,6.088386051467159,8.119376519852132,6.040023483551366,5.331873759167791,0.5588650770005188,150000.0,2900.0,H4,1232.6241294059962
4,36,8,known,3,100.0,300.0,150.0,1217.567822948855,88.74667101370068,1214.3292106609315,699.7742859666789,52.08607267289204,697.8331407533533,1.0,1.0,33.0,995.2831205346334,253.00617036910228,73.757482878149,882.0,882.0,2106.1259902108136,122.65218241049708,2102.5515757744024,1900.1462397222585,205.97975048855506,11.29739977067186,205.67101951529094,0.05102040816326531,0.011337868480725623,7.46353993235307,6.037791004259622,7.4271420602925105,5.989265849983065,3.488239305939797,0.4816050970002834,150000.0,2900.0,H4,1620.8642636814645
4,37,8,known,3,100.0,300.0,150.0,1954.2356948288734,89.72222217729446,1952.174959830921,1344.6036719114516,56.73198796796448,1343.4063108601808,1.0,1.0,33.0,994.7092283540076,253.42433990045896,101.64995300648481,882.0,882.0,2686.38286402583,112.53292575298342,2684.024819697667,3568.353573163051,-881.9707091372211,-20.15723155832076,-881.8608410124762,0.05102040816326531,0.017006802721088437,9.13142337564081,6.72023520170821,9.102230366388227,6.679149336069603,3.9974536357640886,0.40161952000198653,150000.0,2900.0,H4,1301.29181102658
4,38,8,known,3,100.0,300.0,150.0,1151.6351836060242,49.913725893784296,1150.5530044664092,906.1584548182418,47.88875745258022,904.8921549821457,1.0,1.0,169.0,1092.6749583196497,230.91784958923535,87.84980786968353,882.0,882.0,5567.113559792147,145.18919504335227,5565.2199853432785,3327.1883250862466,2239.9252347059,32.96025624597466,2239.9249885216977,0.021541950113378686,0.0022675736961451248,9.484264001969365,13.547770282032836,9.457411189684661,13.525252584100514,4.109247089298006,0.6608192339990637,150000.0,2900.0,H4,881.865148988687
4,39,8,known,3,100.0,300.0,150.0,1267.4513170833034,72.57374620942632,1265.3718396334455,1004.1969358300967,68.93920904903398,1001.8277653300734,1.0,1.0,37.0,1133.9759476527806,222.66401807470845,82.30552047485372,882.0,882.0,2506.2635954066354,114.73268066434701,2503.636080113915,3509.6206234598067,-1003.3570280531712,1.4132562994374496,-1004.154624685334,0.05215419501133787,0.015873015873015872,10.019164793498568,9.000319400001487,9.993063442963777,8.97208844018862,2.7846385045026527,0.5627619100014272,150000.0,2900.0,H4,961.3426271126966
4,40,8,known,3,100.0,300.0,150.0,1451.4687897512313,68.38950689360003,1449.856724979663,740.4958276568839,38.01283409805709,739.5195029349037,1.0,1.0,30.0,893.6304979118524,284.26830142838617,80.25523715752958,882.0,882.0,3065.5623122251154,164.82314935682768,3061.128161245637,4487.673729708144,-1422.1114174830282,10.03966981183271,-1423.8754707230755,0.049886621315192746,0.017006802721088437,10.363198763995703,7.1599659944426595,10.33538896116922,7.119219549745842,4.28153194387307,0.5527037070023653,150000.0,2900.0,H4,1605.9523603025978
4,41,8,known,3,100.0,300.0,150.0,3708.774234934668,169.4071835440765,3704.9031744269505,929.933252477763,62.92870355218495,927.8016125945849,1.0,1.0,29.0,2915.1076500668805,86.59238112680481,83.67771120662343,882.0,882.0,2609.9602297325337,165.85412067515904,2604.68516551244,2642.6471458210017,-32.686916088468024,45.52727325966606,-35.22115614121549,0.048752834467120185,0.009070294784580499,8.376094317894902,8.716845582931267,8.34522012908472,8.670522442912853,2.9941567794239465,0.46794267799850786,150000.0,2900.0,H4,1395.6626308530958
4,42,8,known,3,100.0,300.0,150.0,1497.230443194352,66.22058583232734,1495.7653004532424,645.4028886820589,54.16396043447727,643.1260794814641,1.0,1.0,159.0,405.3707645477126,624.1709326233297,90.57920590879522,882.0,882.0,6316.05447632302,235.8807473894223,6311.648312516395,4244.7752298964,2071.2792464266204,97.07913159083895,2069.143054559284,0.01927437641723356,0.005668934240362812,10.422382306539243,7.596191479532312,10.396309860072101,7.553801371115774,8.314764699312045,0.7143231530026242,150000.0,2900.0,H4,1177.79392350515
4,43,8,known,3,100.0,300.0,150.0,878.0930879989314,59.40659443582912,876.0812335217757,416.3508567644953,32.62146776304719,415.07092860077995,1.0,1.0,35.0,812.6285683687568,311.846845782209,86.36503349200743,882.0,882.0,2959.452216420589,122.55644428200091,2956.9134818661314,2961.940171670681,-2.487955250092,11.90207165451963,-2.9590137618411063,0.03854875283446712,0.013605442176870748,8.240463252208018,7.037707558109099,8.208165978407937,6.990801780876648,4.205136675522418,0.5702644890006923,150000.0,2900.0,H4,1295.7102790677898
4,44,8,known,3,100.0,300.0,150.0,2953.9554271267134,98.2104620346673,2952.3223690170257,850.7955696768901,69.31379807040229,847.9673925210093,1.0,1.0,57.0,2359.43563670667,106.64780582490302,93.47029772364513,882.0,882.0,3505.725682381155,171.9209992409747,3501.507636736895,9345.238565984731,-5839.5128836035765,14.610633775259515,-5842.4068162151125,0.04081632653061224,0.009070294784580499,10.209894023165623,10.495562009010518,10.182417718726331,10.459079957968274,3.3401981517249513,0.7517569980009284,150000.0,2900.0,H4,192.0353604398661
4,45,8,known,3,100.0,300.0,150.0,2907.3511025885123,129.59891489116058,2904.4611470945297,797.2400264049031,75.186862163852,793.6867111524826,1.0,1.0,28.0,2687.0806936070094,93.95484861813463,57.81253951353935,882.0,882.0,2744.7377580664024,149.56025162197412,2740.659973745403,4195.376511901516,-1450.6387538351137,21.276785775085244,-1452.7547957479796,0.05668934240362812,0.01473922902494331,11.923318813987311,8.556195277374641,11.89911812018497,8.521708047704314,3.2078951789756136,0.5642842320012278,150000.0,2900.0,H4,986.5679563202693
4,46,8,known,3,100.0,300.0,150.0,1829.561750545373,78.21675201296027,1827.8890389635778,625.0291800583994,53.65132210236976,622.7222587648067,1.0,1.0,43.0,1289.5957564684159,195.35053404957876,97.51180113871233,882.0,882.0,3505.206033435086,158.12508968854388,3501.6375873069333,3319.87257729086,185.3334561442257,33.283593640401094,184.1131291736824,0.02834467120181406,0.0045351473922902496,7.5021190280734995,5.384058832186982,7.4642296695066666,5.325786253173923,6.5103412549659785,0.48579231499752495,150000.0,2900.0,H4,1299.6407899663438
4,47,8,known,3,100.0,300.0,150.0,2253.6468205857523,77.5265706156609,2252.312949566477,558.9208449105745,44.72368566672147,557.1286232244174,1.0,1.0,909.0,378.7430138058057,667.982366861591,77.17903880713654,882.0,882.0,13501.604507008651,521.4195167473448,13491.53237965322,3866.013209589566,9635.591297419085,409.20535287985433,9627.148066706519,0.012471655328798186,0.006802721088435374,10.330422827033152,6.984361431517698,10.30563583764663,6.94311064556955,19.33119389566694,2.145364795000205,150000.0,2900.0,H4,1032.9767794032152
4,48,8,known,3,100.0,300.0,150.0,3333.793651416059,149.23308359173177,3330.4518607816153,1203.2542809843742,74.27577504209933,1200.9596054610324,1.0,1.0,42.0,2632.053223751818,96.12291324846026,96.260265961629,882.0,882.0,2577.9810071416546,152.15593772143427,2573.486864897354,10552.390709369434,-7974.40970222778,-18.545078376189196,-7977.523079477145,0.046485260770975055,0.01020408163265306,10.829384304360584,9.003926940116251,10.804962402660795,8.959336033645938,2.863174062036947,0.6238221040002827,150000.0,2900.0,H4,544.7924688365741
4,49,8,known,3,100.0,300.0,150.0,1082.3646963070037,46.5572629799135,1081.3629164510735,772.0291062646463,41.24130646443025,770.9267770423437,1.0,1.0,36.0,1051.9964834717846,239.07754489659993,84.36595966432468,882.0,882.0,2345.580030030526,114.72030609861456,2342.7729144427644,2740.693507627339,-395.113477596813,-1.1500777385708574,-395.4701275277739,0.06689342403628118,0.023809523809523808,9.874061995454799,8.233577934425881,9.844289813559186,8.19837696017428,2.8487979936684487,0.594666987999517,150000.0,2900.0,H4,1328.0335313283254
4,50,8,known,3,100.0,300.0,150.0,945.7108149973103,100.28842004295362,940.3782103006029,434.3240930084023,76.4081833780553,427.55023948120623,1.0,1.0,36.0,733.7094720261475,344.41536755844294,68.02991813894762,882.0,882.0,2464.4073581964954,136.56568262596215,2460.6205399171026,2408.672239158058,55.73511903843746,15.582838829275104,54.98858402743281,0.05668934240362812,0.012471655328798186,9.767223701489382,7.888632279858108,9.73923376926475,7.854702035481443,3.1239982683548564,0.5541246440006944,150000.0,2900.0,H4,1667.3261006481498
4,51,8,known,3,100.0,300.0,150.0,2878.0162231962395,96.6183098781788,2876.393972177148,1689.213194241794,44.443554091306694,1688.6284334039558,1.0,1.0,73.0,936.6494588409612,270.39417160091386,75.69237213685463,882.0,882.0,3841.0487722322946,163.7282480694564,3837.557651873301,2420.490799268561,1420.5579729637334,52.215925228261355,1419.636910575456,0.027210884353741496,0.006802721088435374,8.341988174986977,6.643970727072272,8.307000325736592,6.599983926829941,5.781254809840032,0.4638811490003718,150000.0,2900.0,H4,1818.254055620573
4,52,8,known,3,100.0,300.0,150.0,985.2068197740759,95.09971900539354,980.6062008647731,802.6003042874527,64.0473212148741,800.0407421422425,1.0,1.0,56.0,755.2615051112718,334.1830739978487,85.18435400324539,882.0,882.0,3506.445600287409,132.75249882001702,3503.9317233405063,3525.6850779413585,-19.239477653949507,-6.626350477666534,-18.997286047394482,0.01927437641723356,0.0045351473922902496,8.062510148628741,7.36496490708001,8.025222859158841,7.329117464381636,4.760980730426332,0.5046493699992425,150000.0,2900.0,H4,1022.5447046526416
4,53,8,known,3,100.0,300.0,150.0,2884.4157656447996,49.64743067242461,2883.9884607480494,1149.0184384770587,51.674835848140106,1147.8558634690708,1.0,1.0,37.0,1866.7343554736499,135.24214241183844,76.04286550179734,882.0,882.0,2596.515096368134,133.16784184780514,2593.09794870252,19106.292970245122,-16509.77787387699,-323.8310700430087,-16507.72881506267,0.046485260770975055,0.009070294784580499,8.630832590806897,11.173444913473146,8.59778734019931,11.149007640223214,2.323826820175404,0.4175665580005443,150000.0,2900.0,H4,718.2272878652593
4,54,8,known,3,100.0,300.0,150.0,3351.833806521774,71.2445841561652,3351.0765547463493,1248.6729677532564,54.049680146982126,1247.5026302472208,1.0,1.0,25.0,2189.908127155579,115.1513635453877,76.28270700595331,882.0,882.0,2114.734952798355,148.62045604826017,2109.5060750400953,5635.535672195106,-3520.8007193967505,-8.806181218523903,-3523.83034012831,0.04195011337868481,0.011337868480725623,8.047081143224986,9.777475164660252,8.013693543032154,9.748245536381706,2.1628640494448526,0.4959647440009576,150000.0,2900.0,H4,743.8756444315228
4,55,8,known,3,100.0,300.0,150.0,2369.8731771166454,58.600544591716655,2369.148549962728,1129.1648101896171,53.82260183175602,1127.881330682716,1.0,1.0,74.0,706.3867718314555,356.3129128043469,101.22767763672788,882.0,882.0,4059.277103451337,174.17574998117698,4055.538609201344,3407.5115749854904,651.7655284658467,37.52387874445478,650.7682205043916,0.01927437641723356,0.0022675736961451248,9.920457261038983,6.672950874526077,9.892418247625228,6.6269223439901825,6.08318145866709,0.6336567380021734,150000.0,2900.0,H4,1882.6977096614291
4,56,8,known,3,100.0,300.0,150.0,3554.9721471413677,142.78652470849337,3552.1034578560034,985.9271499763032,33.23117897478982,985.3669538828373,1.0,1.0,47.0,1568.1166604342336,161.0557992900586,92.1803607863031,882.0,882.0,4018.9536224178014,206.64941832558233,4013.6372826964403,1764.6077315748996,2254.345890842902,96.3781826332182,2252.4783742180507,0.030612244897959183,0.003401360544217687,7.741022174292487,4.326248538075017,7.7071456965111995,4.25611280920843,9.28969657440451,0.6877166520025639,150000.0,2900.0,H4,1900.8635354475807
4,57,8,known,3,100.0,300.0,150.0,1342.429073950786,86.3379024608703,1339.6497994576873,780.8665818020385,54.68519611742445,778.9493872523416,1.0,1.0,30.0,1632.6502839319726,154.4371334142629,59.32551669475321,882.0,882.0,2620.573552976769,143.7392618010666,2616.628512261183,3646.759568424714,-1026.186015447945,35.74670707446721,-1028.5316979382028,0.04081632653061224,0.01020408163265306,10.25762055382505,11.098393289580171,10.228500102506224,11.073982039971241,2.3612188580820237,0.6036314330012829,150000.0,2900.0,H4,1122.3619136204218
4,58,8,known,3,100.0,300.0,150.0,3873.921618701394,125.07721887408083,3871.9019095479107,1182.946520386713,47.61284444530275,1181.9879386604837,1.0,1.0,55.0,2667.8793802815444,94.43602066854056,85.63195339565885,882.0,882.0,3078.1607524556534,162.16746587364085,3073.886030901353,4097.721912729811,-1019.5611602741578,53.98819992237236,-1022.4076744479494,0.04308390022675737,0.009070294784580499,9.046955275184114,8.822507448571528,9.015654359999218,8.779775318097913,3.4889862892142363,0.5965636320033809,150000.0,2900.0,H4,953.003488586905
4,59,8,known,3,100.0,300.0,150.0,3006.428122464899,74.72729757036502,3005.4992740883586,1545.2503226207257,74.24132248895978,1543.4658355773693,1.0,1.0,39.0,2149.4000203369596,117.83857490123498,82.68034855209817,882.0,882.0,2681.5839404512744,133.1653357233997,2678.2754569027916,3495.065187421237,-813.4812469699627,-5.5083588509186825,-814.0375689809075,0.04081632653061224,0.009070294784580499,10.086829739619343,10.319510483962084,10.058663584965732,10.285786711922139,2.598557310076693,0.6496149499980675,150000.0,2900.0,H4,1553.8261979042434
4,60,8,known,3,100.0,300.0,150.0,1126.3026479694086,82.05859991957911,1123.309414632558,960.8449984065068,66.00278046943151,958.5753720668521,1.0,1.0,28.0,1009.0936546775702,251.0033848024067,79.96619999114766,882.0,882.0,2266.1979083750207,112.38552805515097,2263.409475328555,3976.3698125953038,-1710.171904220283,-9.16917860270199,-1711.1019839338956,0.061224489795918366,0.015873015873015872,7.7833982154839205,7.5430114592543,7.745716399564905,7.507647519610618,3.004367579999748,0.5946038790025341,150000.0,2900.0,H4,720.4675674569746
4,61,8,known,3,100.0,300.0,150.0,2507.7238001525484,90.94976440643731,2506.0739809921715,1099.3079463792187,46.53590720785081,1098.3225256329933,1.0,1.0,36.0,1099.8295860009575,229.4299306178176,71.76945843007815,882.0,882.0,3606.132310125314,174.08833211041352,3601.9277464647657,2333.2525030598,1272.879807065514,59.78332354320868,1271.476801250241,0.021541950113378686,0.003401360544217687,8.09087801992526,5.686921906065123,8.057927749321413,5.63190902227141,6.3410969408237525,0.5507070800013025,150000.0,2900.0,H4,1480.689989533453
4,62,8,known,3,100.0,300.0,150.0,3601.4107956861335,189.0146644580345,3596.447299197424,1243.6713344404743,67.9161980195642,1241.8155169571355,1.0,1.0,21.0,3017.6527105101645,83.3864970634325,61.16798041068887,882.0,882.0,2584.797473419572,157.51886626412437,2579.993369248663,2151.053481732971,433.743991686601,48.850050960073915,431.6865546023123,0.03741496598639456,0.006802721088435374,8.521700300704389,8.133146852223135,8.491603403892803,8.091141845159704,3.17810254798613,0.3827783660017303,150000.0,2900.0,H4,1704.4252743342636
4,63,8,known,3,100.0,300.0,150.0,3139.4179012678296,132.56419137979847,3136.6178431496437,975.9556233822154,54.395304482387886,974.438571517793,1.0,1.0,35.0,2758.4250032497766,91.87722935435946,86.50868155630711,882.0,882.0,2666.0889112329232,166.6278707405673,2660.8767794265896,2875.80869249734,-209.71978126441672,55.73493679162827,-212.7930681800308,0.04195011337868481,0.009070294784580499,9.764159597807172,9.374488594923546,9.737871684086505,9.330053521879137,2.8439833109153905,0.35352592700292007,150000.0,2900.0,H4,1172.4508497542301
4,64,8,known,3,100.0,300.0,150.0,3058.248260715543,182.9743016078762,3052.769698015354,766.0440663667466,68.80714347486868,762.947631638325,1.0,1.0,58.0,1232.0552461992008,205.2003796106227,71.7843505744901,882.0,882.0,5790.537656631446,275.37051479162136,5783.986292553795,4286.2984482785205,1504.2392083529257,135.94174734551225,1499.9561798534514,0.01473922902494331,0.0,11.22600939473788,5.64213987809672,11.201488045048901,5.588150469815045,10.263016837123837,0.4417342060005467,150000.0,2900.0,H4,1600.5387052936278
4,65,8,known,3,100.0,300.0,150.0,2686.7744501058914,111.63986346607462,2684.4540388367786,1232.661396474767,66.65214506845497,1230.8580787064348,1.0,1.0,39.0,2157.3891930508316,117.18862206769099,69.94811230531575,882.0,882.0,2401.3653239542055,147.5240505654722,2396.8295879337024,3567.1031832793233,-1165.7378593251178,30.863932549125778,-1168.3654329628953,0.060090702947845805,0.012471655328798186,9.190526397889233,9.223577627298196,9.16219921899497,9.185054673295028,2.6035074685630657,0.5058404209994478,150000.0,2900.0,H4,1337.6045807867727
4,66,8,known,3,100.0,300.0,150.0,1751.3932464135403,77.20860911192055,1749.6905824350665,617.585158830458,27.991242057656944,616.9504994533287,1.0,1.0,89.0,677.0657588509877,371.54389455573244,65.54246049109938,882.0,882.0,4031.1657005632806,152.74958058354315,4028.270655135948,2528.087543008572,1503.0781575547085,45.68856584038706,1502.4510724584197,0.026077097505668934,0.005668934240362812,8.09014738863316,6.1702030482072345,8.058341314204675,6.126284393243006,6.533278838748336,0.5692021079994447,150000.0,2900.0,H4,1468.051031721824
4,67,8,known,3,100.0,300.0,150.0,1356.6204871723492,86.82327729704423,1353.8393053590748,899.018017669356,67.73276136931287,896.4628654503354,1.0,1.0,30.0,1011.5506781820517,249.6093597666519,73.71979264601245,882.0,882.0,2711.875340337093,120.57359075831799,2709.19358310551,15938.110699512363,-13226.235359175269,-271.290788370869,-13224.099076551505,0.05442176870748299,0.018140589569160998,8.792625677709726,9.558872026871871,8.760966540008232,9.532515823101585,2.837024423711791,0.38053214499814203,150000.0,2900.0,H4,684.168629495204
4,68,8,known,3,100.0,300.0,150.0,1216.248215008189,100.01258430580735,1212.12920247434,787.8671998405232,76.7664223983516,784.1183845419674,1.0,1.0,44.0,565.5879046889863,448.4946925684542,57.48085411947068,882.0,882.0,3922.858830436486,131.12322086615322,3920.666793350744,6209.171675588782,-2286.3128451522957,-26.121999718334934,-2286.5134712732292,0.034013605442176874,0.011337868480725623,9.741611126095181,8.180082220046888,9.714664521869853,8.146121139886088,4.795622739368994,0.4654966840025736,150000.0,2900.0,H4,990.1563586101036
4,69,8,known,3,100.0,300.0,150.0,1112.2248724379122,64.04232377754586,1110.3795511601886,722.5537297798753,49.917566240657806,720.827391959697,1.0,1.0,21.0,1342.0908165703613,186.99360464833822,79.46616655135142,882.0,882.0,2113.532742391679,116.07756238134107,2110.342780847059,3182.701917385116,-1069.1691749934366,4.133878906044146,-1070.3898559297068,0.0782312925170068,0.02040816326530612,7.854792204233906,7.841209914065875,7.821281956732552,7.808226710558827,2.695416607327831,0.528902668000228,150000.0,2900.0,H4,1127.5160428135966
4,70,8,known,3,100.0,300.0,150.0,2398.0095094014387,103.17883174804335,2395.7887502571753,1306.675052870826,44.39944312815712,1305.9205118401678,1.0,1.0,35.0,1257.2079781134528,200.3236680753699,81.67631489775155,882.0,882.0,3588.817931611412,158.90716017279948,3585.298127171774,2692.4947603573682,896.3231712540437,39.749647429690455,895.4413425624602,0.02834467120181406,0.007936507936507936,7.768441171800518,4.6591118402921365,7.732968264400178,4.599109711689712,7.7027941260718595,0.46555016999991494,150000.0,2900.0,H4,1785.453292285478
4,71,8,known,3,100.0,300.0,150.0,1781.7325134837956,141.06117636283568,1776.1397732522114,1075.8408943167283,81.76146945697604,1072.7295521222736,1.0,1.0,61.0,1229.2326984973315,205.7672094939603,93.28086926685728,882.0,882.0,3329.041835218881,154.559533660631,3325.4519829930036,4637.129939897448,-1308.088104678567,23.06106450004137,-1309.8130830093419,0.048752834467120185,0.011337868480725623,8.468825833773744,6.2971770329161405,8.43717236662811,6.252214240689129,5.286562244983043,0.4798617529995681,150000.0,2900.0,H4,883.047827139889
4,72,8,known,3,100.0,300.0,150.0,1552.0506167638666,71.41115462716678,1550.4069027168039,628.8278931171815,35.457083314055396,627.8274559184662,1.0,1.0,30.0,746.6933850568633,337.1061729650723,69.02533688893935,882.0,882.0,3392.5975135064054,135.1971232271254,3389.902598382578,2580.981333416789,811.6161800896166,18.35915873963684,811.5671792603248,0.027210884353741496,0.0045351473922902496,8.127892994598774,6.0462815907844405,8.092726909897,6.002867359921101,5.611047819336268,0.419249263999518,150000.0,2900.0,H4,1318.8423393734336
4,73,8,known,3,100.0,300.0,150.0,3230.1886073817454,184.09146283329932,3224.9385688057246,1571.2353441085022,82.91595281413473,1569.0460322580366,1.0,1.0,27.0,2369.1563591236586,106.44458217375858,86.42856006439503,882.0,882.0,2401.824201709217,132.09988168057546,2398.188715922101,2684.3511677770484,-282.5269660678314,21.258633939187803,-283.87306743508634,0.05895691609977324,0.018140589569160998,7.737036395830952,8.214776371505327,7.700917461635264,8.177876270235858,2.923785253656384,0.5198382989983656,150000.0,2900.0,H4,1228.6793857481516
4,74,8,known,3,100.0,300.0,150.0,2221.9265401307975,117.92188464319337,2218.795163790433,979.2290900733142,72.1800262619452,976.5652331793488,1.0,1.0,135.0,1468.558052122264,171.93415204972965,75.53534220646438,882.0,882.0,4519.0831868587575,136.51381873446715,4517.0207910794525,3462.0514958675503,1057.0316909912071,13.430085502949694,1057.1579390790248,0.02947845804988662,0.009070294784580499,7.908946272694196,13.786481337983785,7.874009433486214,13.767682371294619,3.277909044426019,0.7806783890009683,150000.0,2900.0,H4,790.383868953473
4,75,8,known,3,100.0,300.0,150.0,3347.620417810937,120.82885187156901,3345.4391117310847,1400.4688153603822,64.5891385878479,1398.9786081185773,1.0,1.0,40.0,2393.881263114291,105.16333488027958,104.60574440189734,882.0,882.0,2939.769006456349,147.7745098153729,2936.052537944472,3424.4729533833492,-484.7039469270003,35.46894922313014,-486.57839008649853,0.05102040816326531,0.015873015873015872,9.127010188134214,9.018440678613256,9.09889465537481,8.985366121336861,3.25973093489194,0.5124945659990772,150000.0,2900.0,H4,1177.7492685919322
4,76,8,known,3,100.0,300.0,150.0,2375.009479488551,95.71925268414554,2373.0798242634114,1139.945039916372,60.97803145574956,1138.3129506905034,1.0,1.0,41.0,2068.495809787505,121.97497790810453,65.7382499575053,882.0,882.0,2454.095577726214,132.6166149324264,2450.5097302518966,3960.9364113613474,-1506.8408336351335,2.206740556362263,-1508.279291597251,0.05895691609977324,0.006802721088435374,10.513114258433745,8.913377021758874,10.487562947987895,8.87888302580545,2.7532724933943697,0.4224427150002157,150000.0,2900.0,H4,1162.6063802292704
4,77,8,known,3,100.0,300.0,150.0,3328.409028193823,103.70002428095518,3326.7931952446756,1736.928233874227,56.07080662298262,1736.0229705490908,1.0,1.0,29.0,2218.650720673994,114.01983524531991,59.33487621797532,882.0,882.0,2451.403060797442,137.53619386820316,2447.5417793907654,5103.052649829135,-2651.649589031693,23.098896773840806,-2654.2275658425024,0.049886621315192746,0.009070294784580499,8.950212356458781,8.363647325922557,8.919246294553417,8.318858847602295,2.931021557065761,0.5151110990009329,150000.0,2900.0,H4,616.3336641429087
4,78,8,known,3,100.0,300.0,150.0,2878.936163068098,112.02179879871464,2876.755906853267,953.3711537900627,82.27055219276059,949.8147783230653,1.0,1.0,27.0,2036.8430545037547,123.89997153895293,82.36123547929957,882.0,882.0,3002.187508856792,147.43796299098807,2998.564971016106,2720.623026645224,281.56448221156825,34.08798213006436,280.304233899255,0.032879818594104306,0.005668934240362812,7.939255342528803,11.118226322819655,7.906072177869891,11.088749884901778,2.700239608088332,0.40326517799985595,150000.0,2900.0,H4,1443.0003021261496
4,79,8,known,3,100.0,300.0,150.0,1912.9536375698538,113.14843118833095,1909.604422913645,1538.5116008645268,71.8730330212511,1536.831875358868,1.0,1.0,32.0,1009.6499448964961,250.15464518160388,71.7395216799373,882.0,882.0,2746.961432038864,133.14246615681793,2743.73289385368,4011.941574511524,-1264.9801424726597,25.37517772876312,-1266.7610169806044,0.04421768707482993,0.01020408163265306,9.919021244502876,8.282605060053235,9.893646510446823,8.250759487421988,3.316542817292327,0.49958845199944335,150000.0,2900.0,H4,962.7443389135235
4,80,8,known,3,100.0,300.0,150.0,1508.1931626104367,94.02084807718899,1505.259677222411,930.119193908182,54.98406309028078,928.4925781515382,1.0,1.0,30.0,1482.7582413975824,170.91099060338163,64.59538384340472,882.0,882.0,2509.2980472269915,135.8599211283336,2505.6174431960267,2435.148091068645,74.14995615834641,16.938960482008127,73.37485032947188,0.05895691609977324,0.013605442176870748,8.307353113612738,9.912804358890142,8.274646510672177,9.88022875019406,2.5313704945428155,0.5791764830028114,150000.0,2900.0,H4,1442.9459467801612
4,81,8,known,3,100.0,300.0,150.0,1536.2972629016535,64.41539226859604,1534.9462326863425,995.955138447387,33.1589781248782,995.4029937515095,1.0,1.0,174.0,597.4585920144498,422.982899292796,73.22080937829492,882.0,882.0,4651.033244734305,203.7689836715313,4646.567383016973,4024.6612677962853,626.37197693802,85.53598387495528,623.643163216318,0.02947845804988662,0.005668934240362812,8.223681568958469,7.707299786974568,8.190749931779527,7.671609972885932,6.034581984983391,0.659024151002086,150000.0,2900.0,H4,701.2308071790491
4,82,8,known,3,100.0,300.0,150.0,592.4897640309786,50.5048653449738,590.3332779523536,574.3116574980772,46.08576454327534,572.459590053875,1.0,1.0,165.0,1074.9445089878352,234.8023869867805,87.05955661963552,882.0,882.0,3210.606892268226,111.20732327381238,3208.680343681887,3774.8073433791474,-564.2004511109212,5.739653914886347,-564.6533349568222,0.04308390022675737,0.011337868480725623,9.108319419074551,8.517237402302364,9.076864885713938,8.487172967055972,3.769540216643886,0.8027629489988612,150000.0,2900.0,H4,882.5220618340816
4,83,8,known,3,100.0,300.0,150.0,2933.8808980386248,106.17935785023178,2931.958913054963,1449.287786718418,57.59844673668794,1448.1427787565324,1.0,1.0,43.0,2225.90781890033,112.9825465028385,95.21207873839101,882.0,882.0,2394.0720329011488,134.50206807304681,2390.2907966194225,10510.298134312294,-8116.226101411145,-64.25679626252992,-8118.127818280561,0.06689342403628118,0.01927437641723356,10.318214056346797,10.979923657481613,10.29105013393757,10.949057109867807,2.180408632686486,0.6011909670014575,150000.0,2900.0,H4,485.4002350611278
4,84,8,known,3,100.0,300.0,150.0,975.9278060536759,116.00893054408927,969.0082614006745,372.9156717846773,59.92276234711876,368.0697771011739,1.0,1.0,269.0,1159.5540220432888,218.42274237276368,68.21174977941696,882.0,882.0,4756.023119580195,132.2902034488904,4754.18291781593,6768.115087387668,-2012.0919678074724,-8.865166967923983,-2012.4600458350315,0.01927437641723356,0.005668934240362812,9.45335793827888,12.137349504352114,9.425203996776919,12.114088590776428,3.918502237967868,0.9193935119983507,150000.0,2900.0,H4,403.0470134998596
4,85,8,known,3,100.0,300.0,150.0,1439.2201534714034,50.09750786304751,1438.3479724545664,1138.2017199253921,38.36183442669213,1137.5550645575536,1.0,1.0,33.0,1557.2287697537652,161.30730805294226,61.83174108727496,882.0,882.0,2079.7900474226553,119.32292309614654,2076.3642939961483,3157.6503850640097,-1077.8603376413544,7.445795158333823,-1079.3035374682586,0.06802721088435375,0.01927437641723356,10.286604161455877,8.537490929180398,10.259903046710901,8.502566499574819,2.436067065458441,0.5137588479992701,150000.0,2900.0,H4,981.3751094173455
4,86,8,known,3,100.0,300.0,150.0,3676.6128875233353,239.04316851383226,3668.833695916121,1346.4862420365312,49.280386262181544,1345.5841272560815,1.0,1.0,29.0,2126.5177178431118,118.71275224684442,75.02122959921026,882.0,882.0,4324.789217004181,204.42848629963504,4319.954949476311,2733.407009299191,1591.3822077049904,84.33759295808119,1589.1872816176242,0.022675736961451247,0.003401360544217687,8.402673798044708,4.65997489676042,8.369640215632991,4.589823198511481,9.280713550647542,0.5287003499979619,150000.0,2900.0,H4,1591.2336408574783
4,87,8,known,3,100.0,300.0,150.0,2451.078601952125,141.0274973825385,2447.0180951373454,1603.1222790191748,82.62050087049602,1600.9918470509276,1.0,1.0,39.0,1195.4688715783193,210.9631189127364,62.49224572244854,882.0,882.0,3034.862761867661,150.1435267126966,3031.1464670578493,4521.973886876698,-1487.111125009037,28.66149125362537,-1489.195328498707,0.03741496598639456,0.005668934240362812,8.755560014936304,6.453671646653447,8.724936288347514,6.408273511194459,4.702536676840988,0.6056835829986085,150000.0,2900.0,H4,648.0530580685839
4,88,8,known,3,100.0,300.0,150.0,1364.1888104355535,51.74412916453895,1363.2071213189042,1068.0924191333652,41.929005743004296,1067.2691198978669,1.0,1.0,32.0,829.8332672733019,303.5424417608473,62.80324965959756,882.0,882.0,3267.730947347806,129.41453540892905,3265.167288559574,4724.972492502629,-1457.2415451548236,-13.943384067145388,-1457.6299293855286,0.04308390022675737,0.01473922902494331,8.05475301898787,7.291914226061431,8.020978679835837,7.254863000752442,4.48130744005309,0.770506592001766,150000.0,2900.0,H4,553.7461258902265
4,89,8,known,3,100.0,300.0,150.0,1706.6548374720269,59.39233236493376,1705.6210848611495,1180.3665969358783,63.06758689819858,1178.680526115887,1.0,1.0,35.0,1426.35419762082,177.44712566542333,69.7912019716781,882.0,882.0,3265.0714594423252,119.14570792852578,3262.8968625359653,4161.199438382682,-896.127978940357,-24.55977063725672,-895.8204278585777,0.03741496598639456,0.012471655328798186,10.371451744821698,12.38923959490641,10.341175121229757,12.36686763307306,2.6354090857881984,0.5712955730014073,150000.0,2900.0,H4,1467.311022595195
4,90,8,known,3,100.0,300.0,150.0,919.9805712587702,79.69197594409385,916.52247133594,824.1742628082125,52.60704541365581,822.4935952627874,1.0,1.0,32.0,1029.7698356706683,246.52041059211246,73.39147026367488,882.0,882.0,2857.0217331615086,131.41506440383495,2853.997768850727,4182.522697294661,-1325.5009641331526,18.350458101824756,-1326.9964320764611,0.034013605442176874,0.0045351473922902496,10.00119659412372,10.74032889466574,9.97263066567448,10.711446187949914,2.6600877507396152,0.526349437997851,150000.0,2900.0,H4,725.7175615799523
4,91,8,known,3,100.0,300.0,150.0,3464.0735786423897,173.10500629012452,3459.7457153735427,1067.4970160537828,68.65179798950344,1065.2871959788772,1.0,1.0,19.0,2931.242281061658,85.73470410724583,68.10251266644528,882.0,882.0,2506.3729102134535,157.59134120608385,2501.4136271773855,3612.566442001874,-1106.1935317884204,28.933655811166176,-1108.8610850663936,0.05668934240362812,0.01473922902494331,11.162642037006798,8.58181094673631,11.135881437352307,8.550150577876714,2.9205641160932765,0.5272289720014669,150000.0,2900.0,H4,1421.4705462528239
4,92,8,known,3,100.0,300.0,150.0,2110.2308574324416,73.41294819904775,2108.9534870870866,1093.736403620076,66.63984280245383,1091.7043793788878,1.0,1.0,49.0,1417.7224646469926,178.0385440236946,85.00863739187481,882.0,882.0,2463.5320213770024,131.57960690693176,2460.0156152748455,4756.805741041603,-2293.273719664601,-37.034999007879264,-2293.8007434708884,0.049886621315192746,0.012471655328798186,9.033503742322917,10.17486874680154,9.00232906121409,10.149205199333977,2.421192924136158,0.9542638649982109,150000.0,2900.0,H4,1361.523525766237
4,93,8,known,3,100.0,300.0,150.0,2116.163263679196,115.2728343110276,2113.021327913017,1108.8376582629762,45.340279217996105,1107.910290349609,1.0,1.0,34.0,942.1932327048869,267.0962348802337,75.41155599431261,882.0,882.0,4507.576143017845,219.07445929694578,4502.249334098166,3514.2610809955368,993.3150620223087,94.13347446685994,990.2099414219388,0.02040816326530612,0.003401360544217687,7.557514041430821,6.288351175797263,7.520134748413808,6.237397822952284,7.1681367929429545,0.7308526020024146,150000.0,2900.0,H4,823.2079931294777
4,94,8,known,3,100.0,300.0,150.0,1822.6923935080904,52.78421820848793,1821.9279315220924,1301.5334110877727,56.07425458980255,1300.3249202218542,1.0,1.0,34.0,1570.0591418225765,160.9960561428726,69.16034675268317,882.0,882.0,2046.6043347955615,118.77937042188323,2043.1546109793462,4532.1537303214245,-2485.549395525863,-1.78369753406308,-2487.3952432780216,0.06689342403628118,0.015873015873015872,9.425057397114106,9.961136234572564,9.395713870712765,9.932212332405754,2.0545892422315437,0.5906392010001582,150000.0,2900.0,H4,880.7731845647722
4,95,8,known,3,100.0,300.0,150.0,1091.8119441680985,72.31534082722054,1089.4144357906985,561.494396756099,43.54550436665201,559.8033106707653,1.0,1.0,61.0,1521.872282272984,166.21624485518683,53.35125052391408,882.0,882.0,3589.783470718687,134.83568446008888,3587.2502986049467,3244.7328954211025,345.0505752975846,20.183402405161047,344.54364877560874,0.03741496598639456,0.012471655328798186,10.501244934204674,13.491199342036403,10.475578792207632,13.466138695108778,2.660833466105197,0.6021252869977616,150000.0,2900.0,H4,910.5928638112096
4,96,8,known,3,100.0,300.0,150.0,791.316303496159,69.56863303692496,788.2523057220948,636.3698204376045,59.897004355816726,633.544708156408,1.0,1.0,394.0,178.7332454493679,1410.7510849269645,71.88050961680818,882.0,882.0,22314.720138576467,543.03352852516,22308.111741021195,3401.5810219684995,18913.139116607967,415.26131863679245,18908.931294002163,0.009070294784580499,0.0022675736961451248,8.974244314380499,8.424125067745148,8.944552947778114,8.392037508623055,26.489065581441277,1.2640965309983585,150000.0,2900.0,H4,1094.7779138692654
4,97,8,known,3,100.0,300.0,150.0,1757.2778591170606,129.16007626252863,1752.5247926471393,1026.3561236020018,74.06760248851018,1023.6800685355419,1.0,1.0,38.0,823.7963452968196,305.975749964248,79.90472113991169,882.0,882.0,2868.3663004172054,170.18448887668526,2863.3131985716946,9035.149747564112,-6166.783447146907,-24.482456840676065,-6169.739205856881,0.045351473922902494,0.007936507936507936,10.32343556292729,7.142516333686983,10.294435840432259,7.1048122179699345,4.015904432572083,0.5278330950022792,150000.0,2900.0,H4,988.1542973609052
4,98,8,known,3,100.0,300.0,150.0,1090.799234505203,51.0180793010648,1089.6054908000267,402.8042941485873,40.43839484735605,400.76930472119614,1.0,1.0,39.0,1366.5780812951064,184.13474035454684,82.62859633817088,882.0,882.0,2996.5684880725075,121.14476301269505,2994.1186766899787,3153.5845187140953,-157.0160306415878,8.83275353518765,-157.46526304577583,0.04081632653061224,0.011337868480725623,8.55111815448986,10.608332040869897,8.519686774617952,10.582712960036847,2.824731047753654,0.44122241899822257,150000.0,2900.0,H4,1072.0132480309485
4,99,8,known,3,100.0,300.0,150.0,1344.1565459844514,66.41430191192768,1342.5147897190564,1002.0556962325079,33.90386227650904,1001.4819751122591,1.0,1.0,32.0,1494.4832982183777,169.20826676760944,67.33777384716014,882.0,882.0,2402.287142796754,116.34584896934453,2399.4680993658144,3490.5325085165946,-1088.2453657198407,11.26718338039251,-1089.4824114682378,0.05442176870748299,0.017006802721088437,9.369934309376436,7.895684586482791,9.342858780554163,7.857637244750244,3.04253179883782,0.4502728859988565,150000.0,2900.0,H4,866.8950482275341
