condition_id,trial_id,n_anchors,gauge,dof,sigma_r_mm,sigma_deploy_mm,sigma_v_mm,rmse_anchor_abs_mm,rmse_anchor_abs_h_mm,rmse_anchor_abs_v_mm,rmse_anchor_shape_mm,rmse_anchor_shape_h_mm,rmse_anchor_shape_v_mm,converged,rigidity_ok,iterations,rigidity_min_singular,rigidity_cond,rms_residual_mm,compute_time_s,r_max_mm,known_z_max_mm,height_pattern,unknown_z_std_mm
0,0,8,known,3,100.0,300.0,150.0,2187.160572021531,105.99036866397694,2184.5909021041048,1798.9489367173285,69.30642964046824,1797.6133888372376,1.0,1.0,34.0,1261.1015995638102,200.29398275254619,65.92293515114596,0.022864400001708418,150000.0,1500.0,,0.0
0,1,8,known,3,100.0,300.0,150.0,1810.1808219258744,80.7818989328429,1808.3774199190384,1638.0537384541328,66.13417811286646,1636.718155501703,1.0,1.0,41.0,1057.3064288845644,238.81279319408176,99.75987233388518,0.021815799991600215,150000.0,1500.0,,0.0
0,2,8,known,3,100.0,300.0,150.0,106.67985270965772,50.38771436958043,94.0301505622736,74.45800858223164,43.707895425255664,60.279473450973306,1.0,1.0,213.0,0.20307727938006243,1236995.4661921016,81.6570858968265,0.17882749997079372,150000.0,1500.0,,0.0
0,3,8,known,3,100.0,300.0,150.0,1391.9813532422029,70.5084360435261,1390.194464174236,1173.9776060714157,42.8605680932431,1173.1949502362754,1.0,1.0,76.0,788.183324850394,320.4340371811121,73.60869923340576,0.04600989999016747,150000.0,1500.0,,0.0
0,4,8,known,3,100.0,300.0,150.0,2063.424375578248,66.88365270730199,2062.340110343348,1347.6006772999076,52.316075109743714,1346.584796343803,1.0,1.0,43.0,1247.5709098093548,202.72742324345612,78.90572842361507,0.025189699954353273,150000.0,1500.0,,0.0
0,5,8,known,3,100.0,300.0,150.0,2251.5883060260558,97.66024174865615,2249.469354540061,1427.5270099603952,53.530471186531244,1426.5229941438079,1.0,1.0,33.0,1346.8408416356663,187.60002473295376,87.29271019623214,0.017347600020002574,150000.0,1500.0,,0.0
0,6,8,known,3,100.0,300.0,150.0,2988.976906408141,89.24570521669098,2987.6442477546675,1319.4285372330366,58.24023087450022,1318.1425341641152,1.0,1.0,40.0,1732.8990564981493,145.14279893059862,61.64065041938601,0.018379799963440746,150000.0,1500.0,,0.0
0,7,8,known,3,100.0,300.0,150.0,3115.873868323776,100.23603148674127,3114.261180648592,1379.149413969472,31.029214468262857,1378.8003096539474,1.0,1.0,74.0,1814.4385971280124,139.3222351341867,67.2379534546977,0.053769799997098744,150000.0,1500.0,,0.0
0,8,8,known,3,100.0,300.0,150.0,1349.8512453324852,76.35099210081285,1347.6902131168288,1187.1700003908707,47.38642016856128,1186.2238983478912,1.0,1.0,47.0,826.3308427195151,305.87461986436,95.89088856412916,0.024215999990701675,150000.0,1500.0,,0.0
0,9,8,known,3,100.0,300.0,150.0,3799.0400968247322,173.66616748679422,3795.068605381531,1514.528507605982,71.61994253965261,1512.834156205438,1.0,1.0,68.0,2250.4310764536135,112.23720197003922,69.44399011211533,0.039029099978506565,150000.0,1500.0,,0.0
0,10,8,known,3,100.0,300.0,150.0,2708.367630749184,102.97137378137388,2706.4094515559773,1084.760456036848,43.785210611152706,1083.8764239123423,1.0,1.0,52.0,1634.9789311002355,154.50978822520136,66.59400431319702,0.02943680004682392,150000.0,1500.0,,0.0
0,11,8,known,3,100.0,300.0,150.0,2384.321148831248,101.84408882296339,2382.1450674414823,1031.73819449709,40.752243029218526,1030.933051498594,1.0,1.0,58.0,1425.5729192495378,177.3768743680262,73.74087224592793,0.03716589999385178,150000.0,1500.0,,0.0
0,12,8,known,3,100.0,300.0,150.0,1007.4326756719935,41.01493358926711,1006.5974226245067,326.25781911529873,37.2450359865935,324.1249324384478,1.0,1.0,436.0,587.2972781453785,430.05269925651874,63.04308924006575,0.523040400003083,150000.0,1500.0,,0.0
0,13,8,known,3,100.0,300.0,150.0,1299.2893359546822,42.13645654792885,1298.6059054059253,1021.3149929243898,26.913427179351004,1020.9603235236949,1.0,1.0,128.0,794.1938034299086,319.19687243119336,94.86039727797481,0.16386179998517036,150000.0,1500.0,,0.0
0,14,8,known,3,100.0,300.0,150.0,1505.364008640411,108.33152091847184,1501.460981872462,1095.2291029934129,80.62496123270202,1092.2574804825008,1.0,1.0,45.0,879.5442195191881,287.7928344387573,92.77400810935244,0.04446900001494214,150000.0,1500.0,,0.0
0,15,8,known,3,100.0,300.0,150.0,2011.323196057072,67.68264233345299,2010.1840858299513,1079.9470162032565,32.3119032534989,1079.463523568283,1.0,1.0,107.0,1194.2025416256029,210.94479809730592,84.57194299785236,0.10884669999359176,150000.0,1500.0,,0.0
0,16,8,known,3,100.0,300.0,150.0,2726.4774005800086,132.21853385022413,2723.2695928203693,1477.7710301057791,65.37610373685062,1476.3242131998254,1.0,1.0,60.0,1590.5446329272631,157.73760200488462,64.32136086272529,0.04913580004358664,150000.0,1500.0,,0.0
0,17,8,known,3,100.0,300.0,150.0,2797.9276206359878,77.62209111242225,2796.8506898454725,1586.0601977521485,53.377123497431555,1585.1617688995416,1.0,1.0,34.0,1661.953095262051,152.49617367045886,108.05384518590823,0.0390864999499172,150000.0,1500.0,,0.0
0,18,8,known,3,100.0,300.0,150.0,4226.859158825021,165.8937729337899,4223.6024439623525,1069.8790352123426,32.46617824460617,1069.386318061477,1.0,1.0,107.0,2486.3032374526956,101.52596968387621,91.7517148574644,0.15767899999627843,150000.0,1500.0,,0.0
0,19,8,known,3,100.0,300.0,150.0,3696.4989329086156,175.22711028541113,3692.3434050499095,1222.4313379317323,87.88984654264749,1219.267710895468,1.0,1.0,66.0,2174.518066714302,115.9233619189374,65.73558850080651,0.10942250001244247,150000.0,1500.0,,0.0
0,20,8,known,3,100.0,300.0,150.0,1797.9593216219384,71.66473256542636,1796.5305141615454,953.9357811674256,35.32040750242039,953.2816705493551,1.0,1.0,40.0,1045.8095063419112,242.0486611144845,71.14141939123189,0.04894629999762401,150000.0,1500.0,,0.0
0,21,8,known,3,100.0,300.0,150.0,4371.95527570114,148.39359212584762,4369.436150643126,1392.1868513297122,47.66327081864766,1391.3707060414226,1.0,1.0,37.0,2492.576524905701,101.21719840431818,76.6364280239175,0.03381639998406172,150000.0,1500.0,,0.0
0,22,8,known,3,100.0,300.0,150.0,1534.7801437259066,91.68513342752036,1532.0391398014908,581.6094610410775,57.36997890979502,578.7730562944187,1.0,1.0,298.0,851.248045973338,296.44458900426207,85.54804966822779,0.6740408999612555,150000.0,1500.0,,0.0
0,23,8,known,3,100.0,300.0,150.0,658.9747309821012,52.02940376631012,656.9175269519416,315.68242336743236,36.507584287584535,313.5643294646566,1.0,1.0,847.0,407.4469199737297,619.3461210903985,93.48369281165691,0.9316535999532789,150000.0,1500.0,,0.0
0,24,8,known,3,100.0,300.0,150.0,2232.1005140328225,96.69680470370496,2230.005029748965,1667.8291719592494,52.88976597997406,1666.9903477503578,1.0,1.0,40.0,1330.4607539532296,190.65936210021383,93.70680449803302,0.023068300040904433,150000.0,1500.0,,0.0
0,25,8,known,3,100.0,300.0,150.0,2701.2047490290065,61.63856264904278,2700.501394884183,1063.1897924055336,56.8533383301166,1061.6686077096012,1.0,1.0,83.0,1561.2997258710332,161.8696563395028,76.16236169285902,0.04890930000692606,150000.0,1500.0,,0.0
0,26,8,known,3,100.0,300.0,150.0,1354.6105262116625,78.65245856937462,1352.3252081080313,1154.8651607177908,66.91895310216837,1152.92471270046,1.0,1.0,37.0,826.0862371714647,304.05403584210535,82.4905915082614,0.019814700004644692,150000.0,1500.0,,0.0
0,27,8,known,3,100.0,300.0,150.0,1015.4386785166581,80.41517058024357,1012.2495295964366,1009.1006841637283,53.277013208858385,1007.6932820274469,1.0,1.0,40.0,608.4083598406194,414.3826788450123,81.97507485919097,0.030507100047543645,150000.0,1500.0,,0.0
0,28,8,known,3,100.0,300.0,150.0,2477.099341733673,88.21342270061417,2475.5281337267893,591.76388665915,35.88597340761146,590.6747789321392,1.0,1.0,262.0,1426.1907330583906,176.50445207623957,83.74581137144779,0.25375149998581037,150000.0,1500.0,,0.0
0,29,8,known,3,100.0,300.0,150.0,3243.660010251483,102.60062027911364,3242.0369175601613,1562.9115958421146,42.464967985319724,1562.3345937768104,1.0,1.0,43.0,1842.2003272869956,137.358418175677,69.40685207115331,0.04115270002512261,150000.0,1500.0,,0.0
0,30,8,known,3,100.0,300.0,150.0,1623.534834255901,84.48609122339005,1621.335085178918,1188.4930505828893,38.98730909802989,1187.8534088906413,1.0,1.0,41.0,948.906071296354,266.2309803239486,81.62574371931005,0.027710800000932068,150000.0,1500.0,,0.0
0,31,8,known,3,100.0,300.0,150.0,2556.3172762745903,119.9744519760806,2553.500371617944,1161.0668075687156,67.30976917569461,1159.1141128514155,1.0,1.0,40.0,1507.2397571756146,166.56289786231395,84.63824717868305,0.036040599981788546,150000.0,1500.0,,0.0
0,32,8,known,3,100.0,300.0,150.0,5084.865161447425,238.72100748774102,5079.258409520605,1600.5429356260709,67.57971779861596,1599.1155901074758,1.0,1.0,128.0,2989.069237719159,84.49866499024611,87.06022262102678,0.12680369999725372,150000.0,1500.0,,0.0
0,33,8,known,3,100.0,300.0,150.0,3422.600954669017,134.99421811319274,3419.937697674809,1213.2096614863285,55.44078414921191,1211.942243746249,1.0,1.0,28.0,1996.5535534996047,126.46950266261835,60.595855016541066,0.02937290002591908,150000.0,1500.0,,0.0
0,34,8,known,3,100.0,300.0,150.0,1722.7696322684803,99.99001099924746,1719.8654608913005,1327.0995861256429,64.14653010667686,1325.5483899768149,1.0,1.0,37.0,1038.3011338903038,242.70567605707623,74.60019880404617,0.030755900021176785,150000.0,1500.0,,0.0
0,35,8,known,3,100.0,300.0,150.0,4102.528800476268,204.8453407515344,4097.411493261279,1344.4678344375054,59.04254426007828,1343.170776857646,1.0,1.0,37.0,2444.8198936428644,103.0074023726293,62.12009522667542,0.03848119999747723,150000.0,1500.0,,0.0
0,36,8,known,3,100.0,300.0,150.0,3541.4312987379,158.0757740754753,3537.9015946364098,1377.1819065780182,52.25257126050556,1376.1902748539285,1.0,1.0,45.0,2120.1415205483686,118.94938936729413,67.53183064142034,0.038504900003317744,150000.0,1500.0,,0.0
0,37,8,known,3,100.0,300.0,150.0,4221.44914010711,197.22017653035664,4216.839698693845,901.4499544925995,49.19774882855898,900.1064392419999,1.0,1.0,77.0,2450.034692576118,103.05169135551444,94.97549840060734,0.07267369999317452,150000.0,1500.0,,0.0
0,38,8,known,3,100.0,300.0,150.0,1588.3902636093724,90.48661259292679,1585.810771331343,1334.3273010483726,76.3081844531621,1332.1435385529958,1.0,1.0,38.0,923.4525613619611,273.64931626516807,70.56785219636797,0.023969999980181456,150000.0,1500.0,,0.0
0,39,8,known,3,100.0,300.0,150.0,1005.2493597230592,60.82622909467154,1003.4074172925688,837.5810354281325,44.464808661236596,836.3999472140001,1.0,1.0,38.0,562.2659870528553,450.51592285160837,78.65431305108191,0.02022860001306981,150000.0,1500.0,,0.0
0,40,8,known,3,100.0,300.0,150.0,1145.4114102491549,78.73540946195575,1142.702075794831,788.8047451308136,63.63827521886035,786.2334868651019,1.0,1.0,68.0,655.411808882394,384.1601088510325,74.53822672050467,0.05333819997031242,150000.0,1500.0,,0.0
0,41,8,known,3,100.0,300.0,150.0,2280.4898882357975,121.43366668902716,2277.254486204864,1668.4950615422752,75.01912138944411,1666.8076979114644,1.0,1.0,35.0,1323.7849014108347,190.16222373988418,73.92220815354439,0.024713999999221414,150000.0,1500.0,,0.0
0,42,8,known,3,100.0,300.0,150.0,1209.991784671262,52.59246052140991,1208.8482750404407,989.0413894245894,48.15392233258913,987.8684475976087,1.0,1.0,45.0,740.4232436391694,339.7034459535053,60.92185340517178,0.029748199973255396,150000.0,1500.0,,0.0
0,43,8,known,3,100.0,300.0,150.0,2311.3971651343672,121.11962393296491,2308.2215863494407,1383.540436946988,52.65287459748968,1382.5381786641856,1.0,1.0,74.0,1345.3135220455522,186.84511440925075,62.2083156411268,0.05317910003941506,150000.0,1500.0,,0.0
0,44,8,known,3,100.0,300.0,150.0,991.031105629104,39.97086516691605,990.22471301329,587.2916158723623,28.07059138810836,586.6203917126408,1.0,1.0,80.0,616.1343872769356,410.7576256727349,93.25060134041327,0.05945130001055077,150000.0,1500.0,,0.0
0,45,8,known,3,100.0,300.0,150.0,1719.335826607757,60.066210456966715,1718.2862785398477,953.8371319041449,39.9998928946062,952.9980497186473,1.0,1.0,36.0,1006.7710104084878,250.62562729695185,67.6398391965522,0.024952799954917282,150000.0,1500.0,,0.0
0,46,8,known,3,100.0,300.0,150.0,4573.555702787497,190.7352849332059,4569.5767656952075,1062.6491211926182,59.21322838476733,1060.9980906465842,1.0,1.0,35.0,2658.877143224977,95.49528635985004,81.00880389313525,0.025348099996335804,150000.0,1500.0,,0.0
0,47,8,known,3,100.0,300.0,150.0,1474.2413423705984,71.22376137325394,1472.5198509257896,1155.1790178146,60.94701067812981,1153.5701214440776,1.0,1.0,38.0,837.8990167711669,300.8992245962299,80.44475830139086,0.021500299975741655,150000.0,1500.0,,0.0
0,48,8,known,3,100.0,300.0,150.0,3131.837248727298,107.6664554337114,3129.9860202387663,901.9424916113137,53.97576006886515,900.325982907865,1.0,1.0,45.0,1785.2117686926613,141.19117441136166,79.78226403850678,0.021936199977062643,150000.0,1500.0,,0.0
0,49,8,known,3,100.0,300.0,150.0,3125.2386387854967,112.59166034452525,3123.209834029518,1119.6986334838448,55.59759584174195,1118.317458131727,1.0,1.0,41.0,1801.998069508466,140.25687868327347,61.56171525203905,0.024214599980041385,150000.0,1500.0,,0.0
0,50,8,known,3,100.0,300.0,150.0,1409.9442832740365,86.31587555157186,1407.2997021121346,1177.1529876597415,51.54174176790183,1176.0240665954868,1.0,1.0,40.0,816.8306860420662,308.53976410577314,67.62353723924157,0.03908899996895343,150000.0,1500.0,,0.0
0,51,8,known,3,100.0,300.0,150.0,2742.9792753074157,105.72979692469266,2740.9408083372136,1188.3129134651824,45.93920368803892,1187.424595447062,1.0,1.0,42.0,1542.1005446587903,163.55199162124057,49.720708812546874,0.02822760003618896,150000.0,1500.0,,0.0
0,52,8,known,3,100.0,300.0,150.0,1615.7179615676844,162.45012404701973,1607.5305560173783,1423.6677863721047,104.54618552686372,1419.8239542441281,1.0,1.0,39.0,958.7038395402186,263.35364538263036,86.09098041267524,0.03817489999346435,150000.0,1500.0,,0.0
0,53,8,known,3,100.0,300.0,150.0,3167.3154623021032,168.10579847019457,3162.851194453935,1295.03279562897,89.94990413166748,1291.905165444155,1.0,1.0,38.0,1817.8347933795499,139.6680732366713,63.9005068559027,0.03644009999698028,150000.0,1500.0,,0.0
0,54,8,known,3,100.0,300.0,150.0,3204.8213779726448,63.94230301289013,3204.1834289871567,714.557063124212,30.756415429829687,713.8948377531574,1.0,1.0,161.0,1824.1816405862423,138.34454279234998,79.02863295452154,0.21604639996076003,150000.0,1500.0,,0.0
0,55,8,known,3,100.0,300.0,150.0,1518.3178105651514,65.71514880290407,1516.8950171640645,1133.839453109476,59.33327464829468,1132.285947959748,1.0,1.0,33.0,825.0329352861579,305.4006634788171,75.77515319219454,0.04998890002025291,150000.0,1500.0,,0.0
0,56,8,known,3,100.0,300.0,150.0,3205.9511615908646,149.34525728061544,3202.4707406366106,1384.5194770123028,55.13563201974187,1383.4212100109658,1.0,1.0,36.0,1862.4385093316812,135.89261228461012,51.66406043123874,0.04157040000427514,150000.0,1500.0,,0.0
0,57,8,known,3,100.0,300.0,150.0,3248.130236445706,132.15198176852908,3245.440784643511,1133.047625895861,71.4842996158799,1130.7903950143343,1.0,1.0,91.0,1864.6006921358573,135.44281480158557,76.1911489944044,0.07106649997876957,150000.0,1500.0,,0.0
0,58,8,known,3,100.0,300.0,150.0,2426.260765026933,173.57941789723967,2420.0436949756786,1371.2702793505753,89.5682687172132,1368.3419544358076,1.0,1.0,30.0,1362.6599489384203,185.05435140423336,69.16723048254664,0.021268599957693368,150000.0,1500.0,,0.0
0,59,8,known,3,100.0,300.0,150.0,900.3839523540599,51.60473137901926,898.9038955060865,812.9057869424112,43.13114228605292,811.760754785276,1.0,1.0,58.0,542.6400207655498,465.1200877601261,74.17106234341587,0.038789100013673306,150000.0,1500.0,,0.0
0,60,8,known,3,100.0,300.0,150.0,4197.407102938078,194.21495276953962,4192.911511100104,1400.7939841496216,60.19415861749924,1399.5000712033213,1.0,1.0,40.0,2462.688820524358,102.47696786672928,55.98204174026593,0.03953260002890602,150000.0,1500.0,,0.0
0,61,8,known,3,100.0,300.0,150.0,1918.6439411525614,98.49697672284391,1916.1140150048204,1307.7918582225304,77.96075561119095,1305.4660719519566,1.0,1.0,36.0,1125.302518235272,223.89670172398215,57.575217627378976,0.023212899977806956,150000.0,1500.0,,0.0
0,62,8,known,3,100.0,300.0,150.0,2428.689798000966,83.45829087747525,2427.2554147839046,709.4889746222643,52.26406234339249,707.5613562779682,1.0,1.0,58.0,1400.1750573212269,180.35229548021826,69.8772853649226,0.04896230000304058,150000.0,1500.0,,0.0
0,63,8,known,3,100.0,300.0,150.0,1501.8939257837885,93.625045045565,1498.9728867616172,1083.2766430783092,60.60478413509039,1081.5800227347718,1.0,1.0,50.0,853.7049309091259,295.0717986860583,78.91863482889816,0.08035709999967366,150000.0,1500.0,,0.0
0,64,8,known,3,100.0,300.0,150.0,2095.6740627523045,82.47133354008352,2094.050681439413,1141.6161851181291,44.73042379158462,1140.739542275578,1.0,1.0,42.0,1217.9831455836484,207.30191921772064,56.32040389075599,0.03251370001817122,150000.0,1500.0,,0.0
0,65,8,known,3,100.0,300.0,150.0,1636.3696786611597,118.19546914800824,1632.0954495109986,1177.8757399202075,64.39077284963413,1176.1144022009096,1.0,1.0,48.0,976.3784850915426,258.47713459287405,71.57322718670372,0.03613640001276508,150000.0,1500.0,,0.0
0,66,8,known,3,100.0,300.0,150.0,1285.842459016278,73.07763843422778,1283.7641871348123,1129.077513355612,58.399913582640224,1127.566175999809,1.0,1.0,39.0,777.7144981296126,324.68340056084463,76.463326762933,0.024605899991001934,150000.0,1500.0,,0.0
0,67,8,known,3,100.0,300.0,150.0,2590.0988921083685,55.843192981626075,2589.4968253887887,810.1358056425157,36.675806776591,809.3052012568152,1.0,1.0,63.0,1471.5307548940891,171.75207753761214,74.95346598427481,0.040324100002180785,150000.0,1500.0,,0.0
0,68,8,known,3,100.0,300.0,150.0,4213.083850294167,175.51330809291937,4209.4263989636165,978.5846990926586,51.5085487199667,977.2281630750477,1.0,1.0,104.0,2480.220393848782,101.55027824620423,99.34120968356618,0.092893399996683,150000.0,1500.0,,0.0
0,69,8,known,3,100.0,300.0,150.0,2209.377476182707,86.54535531231186,2207.6817555384505,1342.8715477923522,42.52254194924558,1342.1981326527027,1.0,1.0,36.0,1322.1572560235086,190.78327277565856,77.00362047208036,0.030241500004194677,150000.0,1500.0,,0.0
0,70,8,known,3,100.0,300.0,150.0,1611.1877021284718,61.27292914042417,1610.0221860721604,549.0306887927314,47.572123808647206,546.9658035677878,1.0,1.0,92.0,1014.3828042164625,249.57910604215095,102.49318476960428,0.13050220004515722,150000.0,1500.0,,0.0
0,71,8,known,3,100.0,300.0,150.0,2435.848814612494,121.66215658019358,2432.8086170731453,1705.4923925358646,58.73110246917193,1704.4808472377927,1.0,1.0,42.0,1410.8652532748972,178.96489312311917,61.25639623251275,0.10564740002155304,150000.0,1500.0,,0.0
0,72,8,known,3,100.0,300.0,150.0,90.68531415070147,63.30620853246776,64.93188865153334,54.88825817915561,40.848229993931916,36.662555725214844,1.0,1.0,90.0,0.05089842843774725,4957398.985686643,85.01324450849214,0.2786532000172883,150000.0,1500.0,,0.0
0,73,8,known,3,100.0,300.0,150.0,2991.3599713628782,132.8410125766763,2988.40889833532,1280.9380911835362,76.40887086526784,1278.6571385238562,1.0,1.0,39.0,1760.626287362589,143.60775208220707,64.74797923780731,0.026939600007608533,150000.0,1500.0,,0.0
0,74,8,known,3,100.0,300.0,150.0,2851.6856677406527,76.37514092291022,2850.662727410322,1037.7541759475546,30.79177933943731,1037.2972553813586,1.0,1.0,58.0,1663.0365082590818,151.6576323420083,70.05599141957723,0.05768890003673732,150000.0,1500.0,,0.0
0,75,8,known,3,100.0,300.0,150.0,645.2925646151856,80.66083339704856,640.2314611945721,545.5766528486698,56.43079999805587,542.650392928207,1.0,1.0,69.0,371.99334474750555,681.9061986128172,82.68251152406086,0.059273699996992946,150000.0,1500.0,,0.0
0,76,8,known,3,100.0,300.0,150.0,4120.032079889109,194.15313374506238,4115.454883724562,1397.3689368342123,56.59462215128833,1396.2224014721758,1.0,1.0,28.0,2392.1998954302576,105.45876006085655,81.551368552079,0.023308200004976243,150000.0,1500.0,,0.0
0,77,8,known,3,100.0,300.0,150.0,3242.9746597786752,127.64153602593643,3240.4617390500935,1878.4594883379384,54.07314824446202,1877.6810549094225,1.0,1.0,34.0,1874.8749818037313,134.6885376857152,68.07861795533312,0.027156000025570393,150000.0,1500.0,,0.0
0,78,8,known,3,100.0,300.0,150.0,3424.1360036800284,172.62664995837423,3419.7817783335217,1255.7336423868958,68.31161251166029,1253.8741979235067,1.0,1.0,69.0,2009.397903609121,125.76018118830515,79.9701019564313,0.06985009997151792,150000.0,1500.0,,0.0
0,79,8,known,3,100.0,300.0,150.0,1381.9918629043732,97.93541907959938,1378.5173784989447,1261.348201900699,64.48992054704586,1259.6985101943887,1.0,1.0,41.0,789.6338990739922,319.92683247688257,69.65555456851305,0.03171619999920949,150000.0,1500.0,,0.0
0,80,8,known,3,100.0,300.0,150.0,2658.8486659295627,111.3130124532258,2656.5175778778507,1070.0606348293807,38.63680749267076,1069.3628754161198,1.0,1.0,38.0,1564.16980915698,162.06149520481503,66.50355349789146,0.028876900032628328,150000.0,1500.0,,0.0
0,81,8,known,3,100.0,300.0,150.0,1062.5270663253878,82.01199720032028,1059.3572574864675,625.3968202191865,71.1361017806714,621.3379416740293,1.0,1.0,322.0,570.716955818642,441.48637430767536,78.30805112544344,0.6368495000060648,150000.0,1500.0,,0.0
0,82,8,known,3,100.0,300.0,150.0,2833.047295952575,171.55973221547686,2827.8479873193946,1334.3671367360291,65.42151574113785,1332.7624247701617,1.0,1.0,51.0,1668.6421974431505,151.88082630895912,74.16948745764614,0.050978299987036735,150000.0,1500.0,,0.0
0,83,8,known,3,100.0,300.0,150.0,5382.996922899948,333.36362589611474,5372.664568431544,1757.5402841547314,93.78041031604967,1755.0364910928909,1.0,1.0,41.0,3108.810160949524,81.14589094002957,102.45075823160478,0.04290319996653125,150000.0,1500.0,,0.0
0,84,8,known,3,100.0,300.0,150.0,1288.182443491019,97.012281964222,1284.5242795940399,951.064273275337,68.60591912104995,948.5865694612701,1.0,1.0,59.0,771.8166212875715,327.1586923469535,53.34772716815801,0.09577079996233806,150000.0,1500.0,,0.0
0,85,8,known,3,100.0,300.0,150.0,1855.2687246584333,85.420145798934,1853.3012273743893,1327.5377698940042,53.51153648927926,1326.4588368877878,1.0,1.0,35.0,1069.9361114187293,236.33613182335532,59.92466873815283,0.054649600002449006,150000.0,1500.0,,0.0
0,86,8,known,3,100.0,300.0,150.0,151.80132581681727,55.18065576424225,141.41689343629253,137.9869311846222,38.4445208362553,132.523250772913,1.0,1.0,228.0,0.3967524485843837,636304.1755945206,70.55781169251553,0.2731556000071578,150000.0,1500.0,,0.0
0,87,8,known,3,100.0,300.0,150.0,4227.4742861218465,172.40325857652107,4223.957380970316,1595.506537926986,49.30850969715244,1594.7444257432608,1.0,1.0,28.0,2406.8760230758435,104.89136373210755,71.14324989154264,0.03616000001784414,150000.0,1500.0,,0.0
0,88,8,known,3,100.0,300.0,150.0,3451.1752833856,145.3607114103978,3448.1126867070247,1194.2552780169533,68.65337195622259,1192.2803292809922,1.0,1.0,112.0,2088.454425175505,120.74445471134693,85.85079492182042,0.21971810003742576,150000.0,1500.0,,0.0
0,89,8,known,3,100.0,300.0,150.0,1073.7210080408918,100.73488739144263,1068.9851662069882,771.5877718746292,54.60360555347267,769.6532569716155,1.0,1.0,38.0,654.9563796947026,384.97051085500686,51.283165016405654,0.05740319995675236,150000.0,1500.0,,0.0
0,90,8,known,3,100.0,300.0,150.0,4292.814611901869,181.07598340702546,4288.993912375182,968.3420424525638,57.03363697456297,966.6609930242643,1.0,1.0,55.0,2490.1443246198555,101.49794221942125,69.91407291656859,0.11730709997937083,150000.0,1500.0,,0.0
0,91,8,known,3,100.0,300.0,150.0,848.8664777114452,69.46137890197865,846.0197478920165,755.736791393998,53.385437205816736,753.848852861659,1.0,1.0,61.0,519.7704827004394,486.12014761701386,82.67606397027659,0.11496119998628274,150000.0,1500.0,,0.0
0,92,8,known,3,100.0,300.0,150.0,2193.6330004826946,122.9966147979443,2190.182086849163,936.8363853833399,71.29987162696379,934.1192329055752,1.0,1.0,130.0,1275.590838722559,198.0106828461669,74.7183445174016,0.2534532999852672,150000.0,1500.0,,0.0
0,93,8,known,3,100.0,300.0,150.0,944.1388424909059,69.01170396542493,941.6132638274888,751.5893236521018,60.2177451825594,749.173100553505,1.0,1.0,80.0,545.3367579580702,461.130853976155,94.69757848179766,0.1057950000395067,150000.0,1500.0,,0.0
0,94,8,known,3,100.0,300.0,150.0,3568.59015417264,126.77339113823773,3566.3376446653524,908.9316016471918,39.15089151175947,908.0880266619332,1.0,1.0,43.0,2011.557893958304,125.31683598810748,74.68251236360939,0.1552003999822773,150000.0,1500.0,,0.0
0,95,8,known,3,100.0,300.0,150.0,1925.8750548953929,99.84508000295182,1923.2851289051075,1344.5576819043456,53.05138409472716,1343.5106663564754,1.0,1.0,44.0,1117.1213923666808,226.6735691770776,68.31224129464496,0.0902448000269942,150000.0,1500.0,,0.0
0,96,8,known,3,100.0,300.0,150.0,1746.8283209732433,82.63786829842145,1744.8725356533334,1449.9675616637967,69.51233361602763,1448.3003712464172,1.0,1.0,61.0,1034.432457298397,244.22817226736728,92.67740803593703,0.15163949999259785,150000.0,1500.0,,0.0
0,97,8,known,3,100.0,300.0,150.0,2709.8507230049668,103.83012590953834,2707.860824696157,797.5928769124082,55.79965387048895,795.6386088729893,1.0,1.0,65.0,1645.3424404805037,153.70089363510462,69.45829105129215,0.15885189996333793,150000.0,1500.0,,0.0
0,98,8,known,3,100.0,300.0,150.0,2890.949663491623,146.9095874618297,2887.214493236366,1342.2771032790208,75.56844117366258,1340.1482129547096,1.0,1.0,56.0,1753.9085338593386,144.17202125025693,80.7929749543867,0.1342904000193812,150000.0,1500.0,,0.0
0,99,8,known,3,100.0,300.0,150.0,3538.4197501975755,191.3276282456963,3533.2432788102988,1278.756499993813,74.49965509977969,1276.5845007935982,1.0,1.0,46.0,2094.82012679428,120.42364877881107,77.77681107481497,0.09457929997006431,150000.0,1500.0,,0.0
1,0,8,known,3,100.0,300.0,150.0,2813.447253135033,86.43884280468963,2812.119089339505,869.3821815432832,35.235633650421256,868.6678465939738,1.0,1.0,39.0,2070.092640028351,122.06563783913997,71.65811575142175,0.0767846999806352,150000.0,2000.0,,0.0
1,1,8,known,3,100.0,300.0,150.0,3760.316892061469,177.06205145223998,3756.1459181797436,995.5998065367475,46.978100167281994,994.4908410240296,1.0,1.0,44.0,2586.55195577208,97.49146606204705,83.16647127301721,0.17982219997793436,150000.0,2000.0,,0.0
1,2,8,known,3,100.0,300.0,150.0,1807.785246938302,80.13777988418661,1806.008149284773,1483.6861660910217,47.27747623025204,1482.9327293209133,1.0,1.0,48.0,1248.959500692176,201.56521287979163,73.04754874629698,0.16828579996945336,150000.0,2000.0,,0.0
1,3,8,known,3,100.0,300.0,150.0,919.5629662056297,65.88230043355075,917.1998535251079,758.0908162780071,33.50915295109614,757.3498678903662,1.0,1.0,41.0,814.1395300988955,309.64322055719657,104.97153913724597,0.0633380000363104,150000.0,2000.0,,0.0
1,4,8,known,3,100.0,300.0,150.0,2817.398202729414,118.10741851031023,2814.921538948424,814.8848019167337,59.87329737266013,812.6822433501297,1.0,1.0,55.0,2019.6717883511446,124.50853945319342,61.68768591475946,0.07126749999588355,150000.0,2000.0,,0.0
1,5,8,known,3,100.0,300.0,150.0,1690.0699306259269,73.0850730934931,1688.488952435533,1088.3214449408395,51.70535280457468,1087.0925094073048,1.0,1.0,52.0,1298.3137689905918,193.78412615169262,84.48601962476764,0.08744179998757318,150000.0,2000.0,,0.0
1,6,8,known,3,100.0,300.0,150.0,1268.7506390148287,42.28908522187552,1268.0456684487483,1023.4961934302872,42.58085141677582,1022.6100571864677,1.0,1.0,55.0,987.2529506450501,255.90668178421043,84.79116948223111,0.05153420002898201,150000.0,2000.0,,0.0
1,7,8,known,3,100.0,300.0,150.0,487.9012576971805,76.74868571417433,481.82701927521396,420.04482489185875,52.391066700563854,416.7647190542997,1.0,1.0,145.0,492.7881028231525,511.7809396677417,105.26826472332898,0.12920490000396967,150000.0,2000.0,,0.0
1,8,8,known,3,100.0,300.0,150.0,1385.6590955080305,72.1072424634866,1383.7816571079577,1232.0461932535277,63.62055307971743,1230.4024738012922,1.0,1.0,82.0,893.8549693907597,281.7584479037096,82.3713270862032,0.0640092000248842,150000.0,2000.0,,0.0
1,9,8,known,3,100.0,300.0,150.0,3257.051460479901,111.2960726454055,3255.1493668383273,1154.6440564603338,57.84624510011624,1153.194133286756,1.0,1.0,41.0,2322.5885063856704,108.58709177711184,101.90379171594239,0.024749399977736175,150000.0,2000.0,,0.0
1,10,8,known,3,100.0,300.0,150.0,1980.3935358148956,93.94572219617463,1978.1639866245828,1251.1155926620822,47.71528730277373,1250.2053741525058,1.0,1.0,33.0,1454.6212531489161,174.33368802578548,51.217380433136306,0.02487180003663525,150000.0,2000.0,,0.0
1,11,8,known,3,100.0,300.0,150.0,1829.1974327458213,95.13838613628312,1826.7216360045904,1181.3495401027976,62.95977535714432,1179.6706330955556,1.0,1.0,41.0,1018.7053200655446,246.63328376704092,61.539566653737474,0.026689999969676137,150000.0,2000.0,,0.0
1,12,8,known,3,100.0,300.0,150.0,1893.4811407201078,62.944949846520835,1892.43461275457,895.7116570850649,35.11236428177218,895.0231809917647,1.0,1.0,37.0,1439.4881392934155,175.79577658178897,87.25541860896907,0.05457460001343861,150000.0,2000.0,,0.0
1,13,8,known,3,100.0,300.0,150.0,3251.5789892289927,136.78292497196998,3248.700717922713,836.2152715909324,52.2401482905396,834.5818997249337,1.0,1.0,59.0,2233.6282054032804,113.09778646716637,69.32455866791683,0.11103269999148324,150000.0,2000.0,,0.0
1,14,8,known,3,100.0,300.0,150.0,1952.141580537525,80.36294513659753,1950.48674630527,622.7000129331998,53.32868855523999,620.4122476901833,1.0,1.0,149.0,1486.846757986448,169.73239812083833,87.42990525571494,0.15780719998292625,150000.0,2000.0,,0.0
1,15,8,known,3,100.0,300.0,150.0,1956.7313061213895,78.53538338529758,1955.1546225073973,1333.6535626038217,48.95450717383634,1332.7547716190074,1.0,1.0,24.0,1300.7607112172095,195.5001082601716,51.5031678887828,0.020387900003697723,150000.0,2000.0,,0.0
1,16,8,known,3,100.0,300.0,150.0,2419.501710308337,84.37973630449217,2418.0298977237962,796.6569116454292,62.34508410895817,794.2136522119725,1.0,1.0,36.0,1744.9102249687353,144.52072432500609,61.57887236480657,0.02225540002109483,150000.0,2000.0,,0.0
1,17,8,known,3,100.0,300.0,150.0,3197.237198892284,155.56303034181462,3193.450461424359,1647.2786871332867,67.38933871023112,1645.8996780216473,1.0,1.0,35.0,2215.1281816500755,114.07286577535213,48.21040443810347,0.036046499968506396,150000.0,2000.0,,0.0
1,18,8,known,3,100.0,300.0,150.0,1456.401154097862,96.21577309647368,1453.219476426404,716.3031544500355,65.83145609482828,713.2716372207059,1.0,1.0,467.0,655.1740359667381,385.76809272982194,97.39417757141167,1.0057347000110894,150000.0,2000.0,,0.0
1,19,8,known,3,100.0,300.0,150.0,1657.5455693637014,59.20571880654481,1656.4878500543966,659.7892055635265,38.36170963832701,658.6730410543414,1.0,1.0,63.0,1339.0907610623988,188.42714431825394,61.29201946419357,0.05594099999871105,150000.0,2000.0,,0.0
1,20,8,known,3,100.0,300.0,150.0,3481.440798588848,177.69212384753598,3476.9031541303398,1614.7778386896723,85.05374608069975,1612.5363030334943,1.0,1.0,37.0,2383.7735706227795,106.46885159789254,71.19692432936138,0.0318087000050582,150000.0,2000.0,,0.0
1,21,8,known,3,100.0,300.0,150.0,2699.8207835316803,140.93975805930359,2696.1395082205595,708.9685748622098,60.969767041361635,706.342075519415,1.0,1.0,51.0,1970.080195721526,128.06779411764995,83.23522646105022,0.04876540001714602,150000.0,2000.0,,0.0
1,22,8,known,3,100.0,300.0,150.0,2316.2760104815206,174.9356925905999,2309.660594154482,816.6922374737167,74.96963435368073,813.2439761072326,1.0,1.0,29.0,1725.0115197993207,146.94625038500712,67.05099002980724,0.017400499957147986,150000.0,2000.0,,0.0
1,23,8,known,3,100.0,300.0,150.0,3083.613212579866,132.4205374377984,3080.7686128727364,1698.615721312429,57.744530653354424,1697.633923397317,1.0,1.0,29.0,1568.3672048600329,161.5472765665271,53.63549466447328,0.018744300003163517,150000.0,2000.0,,0.0
1,24,8,known,3,100.0,300.0,150.0,1128.279151787211,52.81677052350364,1127.042249921952,749.020709998469,41.32271860907418,747.8799749514396,1.0,1.0,52.0,634.1404894474284,398.40128699364936,96.03765310802194,0.0429706999566406,150000.0,2000.0,,0.0
1,25,8,known,3,100.0,300.0,150.0,4725.4727901913675,221.10200451711444,4720.297341739977,1156.066048560093,67.8018011213712,1154.076091251372,1.0,1.0,55.0,3116.407274086789,81.00237232664864,92.44030937823861,0.317749299982097,150000.0,2000.0,,0.0
1,26,8,known,3,100.0,300.0,150.0,1973.9974339909081,53.16937067517189,1973.2812489416442,1086.3853661492362,28.69347170562677,1086.0063758858364,1.0,1.0,77.0,1454.9970525222545,174.0729432893623,71.277477029464,0.1969260000041686,150000.0,2000.0,,0.0
1,27,8,known,3,100.0,300.0,150.0,3721.5030826194206,150.3612786449369,3718.4642905143123,1438.4892808379207,68.18905071915516,1436.8721809707426,1.0,1.0,42.0,2438.770112092586,103.55485506499447,83.01943542756796,0.07119519996922463,150000.0,2000.0,,0.0
1,28,8,known,3,100.0,300.0,150.0,1699.7543055824885,93.1671969451705,1697.199037461307,880.4295189430812,57.51789663615568,878.5487063293065,1.0,1.0,73.0,1372.321991976937,184.57207685034925,91.93831170461027,0.1556276999763213,150000.0,2000.0,,0.0
1,29,8,known,3,100.0,300.0,150.0,3723.0257706892553,181.0306618638325,3718.6218937506223,1700.7575621659646,59.76909892291824,1699.7070159526484,1.0,1.0,39.0,1924.0083913267308,130.772563916918,69.72911484769708,0.07483950001187623,150000.0,2000.0,,0.0
1,30,8,known,3,100.0,300.0,150.0,1549.2893724924118,84.62176768986369,1546.9766372350211,1061.0578791046894,58.38867563360962,1059.4501334975116,1.0,1.0,40.0,1178.926227362121,213.53990422764235,80.30119639126971,0.06001369998557493,150000.0,2000.0,,0.0
1,31,8,known,3,100.0,300.0,150.0,786.7643642879646,65.70304046757448,784.0161193411532,710.2041736040712,41.651740786395365,708.9817350920295,1.0,1.0,35.0,573.1073293865961,440.1236730996745,83.8159327963415,0.05275289999553934,150000.0,2000.0,,0.0
1,32,8,known,3,100.0,300.0,150.0,2461.88238005846,135.96858099667543,2458.1247727127397,1290.5722712916513,80.23615601654711,1288.0756758415166,1.0,1.0,19.0,1844.8316214460092,136.45506729338052,51.21346993736541,0.04723029996966943,150000.0,2000.0,,0.0
1,33,8,known,3,100.0,300.0,150.0,2860.6571388667844,86.94189477145744,2859.33565239953,809.5125729078675,47.71999971198725,808.1048244648731,1.0,1.0,87.0,2027.4919843110786,124.62878383189606,44.762103371404095,0.16036229999735951,150000.0,2000.0,,0.0
1,34,8,known,3,100.0,300.0,150.0,2021.2717976786337,79.0360245539546,2019.72596827236,1090.0316262992226,46.558341178870776,1089.03685300324,1.0,1.0,73.0,1464.6875372683558,172.7138392886412,75.66160402982693,0.10888430004706606,150000.0,2000.0,,0.0
1,35,8,known,3,100.0,300.0,150.0,3988.8461906756497,180.48284928882916,3984.7609556885877,1092.7614881506993,57.047722405358805,1091.2713811667986,1.0,1.0,33.0,2763.781333735927,91.4069875392027,55.413331130211546,0.042303499998524785,150000.0,2000.0,,0.0
1,36,8,known,3,100.0,300.0,150.0,2860.0413780289296,103.21765007744096,2858.178231102831,1234.9610967576693,65.69693300933764,1233.2123999936396,1.0,1.0,61.0,1446.0986659209982,174.9758112984189,61.94802566569546,0.12292059999890625,150000.0,2000.0,,0.0
1,37,8,known,3,100.0,300.0,150.0,2242.196093926508,97.71617023096343,2240.0658190541376,1364.9812901264836,60.221931442915185,1363.6521702284072,1.0,1.0,43.0,1061.796474142649,237.88937365721762,97.27339221854622,0.027841900009661913,150000.0,2000.0,,0.0
1,38,8,known,3,100.0,300.0,150.0,1650.2061704226517,86.45325576476789,1647.9399987465154,728.935739524282,44.8040920966531,727.5574930458805,1.0,1.0,78.0,1294.9677713194915,194.08400786711877,78.45223551016491,0.08671579998917878,150000.0,2000.0,,0.0
1,39,8,known,3,100.0,300.0,150.0,2267.8835848690915,102.07810602687681,2265.585137395778,1421.9132514681573,54.636128321986554,1420.8631841886577,1.0,1.0,37.0,1669.633007729534,151.03201566161678,78.43140870363597,0.023611899989191443,150000.0,2000.0,,0.0
1,40,8,known,3,100.0,300.0,150.0,1277.160216321991,85.3214467202595,1274.307054396701,982.3491144798315,63.28658892757466,980.3084159493997,1.0,1.0,45.0,680.7418171225654,371.71173962781245,74.01807986273312,0.04367020004428923,150000.0,2000.0,,0.0
1,41,8,known,3,100.0,300.0,150.0,2052.15725715686,91.36872145076075,2050.1222316832773,1327.9808148986065,43.24829168535901,1327.2763954825177,1.0,1.0,38.0,961.7624376871394,262.5466523063092,86.70370033794543,0.027321800007484853,150000.0,2000.0,,0.0
1,42,8,known,3,100.0,300.0,150.0,1458.254718501234,88.46521730421057,1455.5688679545303,1146.8768022605093,51.717522755844406,1145.7101280006607,1.0,1.0,49.0,1051.4253045410999,239.61962337434622,52.38861262506813,0.042377600038889796,150000.0,2000.0,,0.0
1,43,8,known,3,100.0,300.0,150.0,1888.173037573419,70.71559139803814,1886.8483576992767,1078.8750394546064,44.90986395279681,1077.9399124616918,1.0,1.0,25.0,1436.7839698749428,176.2259429161036,69.62046017925908,0.024967400007881224,150000.0,2000.0,,0.0
1,44,8,known,3,100.0,300.0,150.0,338.04006384198647,61.91296336953732,332.3219368761211,268.2318193215906,54.94250444195532,262.54452975108074,1.0,1.0,316.0,307.97259512198406,818.5003263462562,105.91336486299899,0.353199900011532,150000.0,2000.0,,0.0
1,45,8,known,3,100.0,300.0,150.0,1419.0912474506292,69.09458643658776,1417.4081651790143,1084.2545358984257,38.4115775625497,1083.5739242550399,1.0,1.0,30.0,1131.8794591313697,222.27249720530702,57.57334705573187,0.028982099960558116,150000.0,2000.0,,0.0
1,46,8,known,3,100.0,300.0,150.0,3774.6659947155845,165.5232782404546,3771.03505897555,1364.323713913615,92.96776645231625,1361.1525229554209,1.0,1.0,33.0,2514.5251866012595,100.41104216145432,36.18770050108934,0.05240010004490614,150000.0,2000.0,,0.0
1,47,8,known,3,100.0,300.0,150.0,1099.1319793565744,55.953481341298634,1097.7068442758705,868.0980842812646,52.859940151742144,866.4872247528845,1.0,1.0,43.0,566.0966874664275,446.61678258443806,89.019824026595,0.04392480000387877,150000.0,2000.0,,0.0
1,48,8,known,3,100.0,300.0,150.0,3366.0086880285858,151.41709749075477,3362.601277355285,1239.833117929885,49.98011621713804,1238.8253098393902,1.0,1.0,46.0,2281.5491876906685,111.01387227934242,63.66160805503705,0.04584969999268651,150000.0,2000.0,,0.0
1,49,8,known,3,100.0,300.0,150.0,1862.550911608944,99.34655417288124,1859.8995027982785,950.3013489601825,92.24130878066863,945.8140381649936,1.0,1.0,45.0,1475.792202263697,171.09977973087737,85.87422143484127,0.035273200017400086,150000.0,2000.0,,0.0
1,50,8,known,3,100.0,300.0,150.0,2325.120427145926,114.6472116337894,2322.2921904006507,1462.3241618322677,64.13798758552772,1460.9169287905875,1.0,1.0,34.0,1639.7729593519523,153.64716862219694,62.02498290021608,0.025134499999694526,150000.0,2000.0,,0.0
1,51,8,known,3,100.0,300.0,150.0,2008.1207979450332,41.59794530726882,2007.6899038660354,903.0669856648256,37.714592691434184,902.2791087550867,1.0,1.0,57.0,1500.3374791323554,168.17119066329488,71.56125132297677,0.060703600000124425,150000.0,2000.0,,0.0
1,52,8,known,3,100.0,300.0,150.0,2025.540249375693,101.39008923577686,2023.0010755423998,1620.4305566385758,66.90121580307296,1619.0489233534838,1.0,1.0,34.0,1280.5629439759953,197.6480000811774,86.36303211081113,0.020857200026512146,150000.0,2000.0,,0.0
1,53,8,known,3,100.0,300.0,150.0,2201.538294947594,135.89066885137936,2197.3403446530274,849.9618232803659,67.63727799054692,847.2663687767345,1.0,1.0,35.0,1682.9905620170623,150.22942168809342,48.9441316342318,0.02490839996607974,150000.0,2000.0,,0.0
1,54,8,known,3,100.0,300.0,150.0,2491.5256081997595,115.0440508757758,2488.8681609666014,1288.3252679266343,54.38335868438832,1287.1769288937862,1.0,1.0,140.0,1831.0645180350268,137.53758903441397,94.5307121663905,0.1529875000123866,150000.0,2000.0,,0.0
1,55,8,known,3,100.0,300.0,150.0,2014.8945712791235,75.53351648674418,2013.4782892440705,1429.1451989000516,40.1229599346697,1428.5818659163879,1.0,1.0,28.0,1441.506748153336,175.7833041459218,62.98780929217205,0.047071300039533526,150000.0,2000.0,,0.0
1,56,8,known,3,100.0,300.0,150.0,1398.4454224461617,56.15140505036253,1397.3176515279172,1286.8733589218036,52.28281087514441,1285.810852959983,1.0,1.0,40.0,813.7325236345222,310.1582307008006,80.5317323720833,0.04134570003952831,150000.0,2000.0,,0.0
1,57,8,known,3,100.0,300.0,150.0,3817.0739656374517,202.8471847483258,3811.6802959832426,1620.852632767219,77.27243002796077,1619.0096444141398,1.0,1.0,39.0,2544.5982524113633,99.03141724014547,81.9856886832174,0.046126100001856685,150000.0,2000.0,,0.0
1,58,8,known,3,100.0,300.0,150.0,1611.719468707172,51.62637858028922,1610.8924119395479,1186.7880011470172,25.50435099670696,1186.5139222726252,1.0,1.0,37.0,1053.1249291947765,240.78083594131564,74.09407545731298,0.03629659995203838,150000.0,2000.0,,0.0
1,59,8,known,3,100.0,300.0,150.0,1218.8369031729353,101.09552587731243,1214.637020341378,1173.0115131578711,58.496997338440785,1171.5520096450284,1.0,1.0,35.0,744.0537972242842,340.5730715366928,76.26927209146432,0.046333499951288104,150000.0,2000.0,,0.0
1,60,8,known,3,100.0,300.0,150.0,1852.3537868156118,56.086468606669975,1851.5044854305295,1102.645848908051,38.23446966296993,1101.9827555110596,1.0,1.0,29.0,847.1037204320313,298.1407770453269,54.447805286667304,0.03328999999212101,150000.0,2000.0,,0.0
1,61,8,known,3,100.0,300.0,150.0,1421.6135012739783,67.59091400096023,1420.005780040692,1269.5497926071687,68.71921842133284,1267.6885835758192,1.0,1.0,36.0,867.7228872752753,290.95287233538807,89.24539997380185,0.027734600007534027,150000.0,2000.0,,0.0
1,62,8,known,3,100.0,300.0,150.0,2188.9273304484045,107.81549985248472,2186.27049469537,1280.5155419642688,45.60664648746681,1279.7031245598378,1.0,1.0,33.0,1199.6238201946792,210.89239981858358,50.99154033265419,0.026522699976339936,150000.0,2000.0,,0.0
1,63,8,known,3,100.0,300.0,150.0,696.672067549238,65.95284146992209,693.5432159608897,181.1620003114072,53.69557503640938,173.02154657249955,1.0,1.0,140.0,0.09981406359016787,2519126.8658583327,89.04018367200351,0.20496989996172488,150000.0,2000.0,,0.0
1,64,8,known,3,100.0,300.0,150.0,1998.7879709580322,96.67173668756662,1996.44882933982,1033.085475256243,65.29887090033058,1031.0197169038813,1.0,1.0,34.0,1520.5351857605222,165.48496462291095,69.25065073822083,0.031730900052934885,150000.0,2000.0,,0.0
1,65,8,known,3,100.0,300.0,150.0,1560.6419721137443,72.59327004464689,1558.9527197023333,1197.3182724480946,53.90412853743232,1196.1042556837215,1.0,1.0,31.0,1181.6063317484702,213.86458027435265,59.55601593443759,0.046961399959400296,150000.0,2000.0,,0.0
1,66,8,known,3,100.0,300.0,150.0,2843.2273468594494,139.66767182731934,2839.7948319158127,1643.6430702851853,81.87057970184276,1641.602799301888,1.0,1.0,98.0,1567.5493900915396,160.80620956570743,99.90304945356195,0.1126014000037685,150000.0,2000.0,,0.0
1,67,8,known,3,100.0,300.0,150.0,942.1229764075381,91.85896174247543,937.6340617866829,607.3166790907427,61.75618930327025,604.1686203242823,1.0,1.0,315.0,522.3468103035773,483.0296463514201,75.55789408054834,0.35368890000972897,150000.0,2000.0,,0.0
1,68,8,known,3,100.0,300.0,150.0,878.9298425386106,59.75336918669995,876.8963467684108,732.0514483705431,55.1033520615846,729.9746184991551,1.0,1.0,40.0,619.4508488080111,406.3898254094503,81.12232868427894,0.044754199974704534,150000.0,2000.0,,0.0
1,69,8,known,3,100.0,300.0,150.0,853.7558991173238,72.67035978971052,850.6574834124862,360.7864205301217,45.48532952694701,357.90770603154505,1.0,1.0,215.0,780.5617059975372,323.5656615700972,62.33811388322588,0.2831459000008181,150000.0,2000.0,,0.0
1,70,8,known,3,100.0,300.0,150.0,1838.6616754822076,69.29657558963135,1837.3553661441188,478.5332120071632,43.13701701375553,476.58496908426264,1.0,1.0,159.0,1407.5966588620895,179.5973405209349,92.54020242214101,0.19831989996600896,150000.0,2000.0,,0.0
1,71,8,known,3,100.0,300.0,150.0,3046.325241404,137.05959270033534,3043.240402016238,1531.0977724999252,48.58956785536639,1530.3265804559044,1.0,1.0,50.0,2116.046649535077,119.22696884699447,101.98495803311279,0.0525214999797754,150000.0,2000.0,,0.0
1,72,8,known,3,100.0,300.0,150.0,3565.267783950738,167.9522180246088,3561.3096500778497,1245.5818757742043,66.80299218658715,1243.7891981731084,1.0,1.0,83.0,1753.8093343614955,143.8317516932662,75.15653046522704,0.11152239999501035,150000.0,2000.0,,0.0
1,73,8,known,3,100.0,300.0,150.0,4274.4011154499685,202.44631532491232,4269.604242218627,1108.465237102354,69.65303533374325,1106.274665954696,1.0,1.0,39.0,2938.18767578086,85.61706317535577,44.14469556737427,0.03808730002492666,150000.0,2000.0,,0.0
1,74,8,known,3,100.0,300.0,150.0,1845.7915626115428,109.30263687430981,1842.5524215555668,988.7561008071837,82.2406574812358,985.3299453180541,1.0,1.0,39.0,1466.2971943918728,172.28503825817128,57.74882382347325,0.35521790001075715,150000.0,2000.0,,0.0
1,75,8,known,3,100.0,300.0,150.0,2024.9140244738492,122.51043111796994,2021.2045915191688,1294.51003952399,56.977389593376515,1293.2555120715806,1.0,1.0,38.0,1322.770593902694,191.33225041817397,60.54044644994796,0.023350899980869144,150000.0,2000.0,,0.0
1,76,8,known,3,100.0,300.0,150.0,3516.839076525489,120.52087129713306,3514.773365347819,973.1638635972269,48.24377930234223,971.9673056076058,1.0,1.0,35.0,2480.1584757492737,101.52942068224813,49.22487904987809,0.03013269999064505,150000.0,2000.0,,0.0
1,77,8,known,3,100.0,300.0,150.0,3150.7528238646178,136.32103594317203,3147.8023972686474,1450.8778943838481,44.59145083458771,1450.1924930588266,1.0,1.0,35.0,2147.081508547342,117.18600579123786,73.8502558574624,0.03562949999468401,150000.0,2000.0,,0.0
1,78,8,known,3,100.0,300.0,150.0,1005.9607515624712,53.856357697951594,1004.5180567912366,868.9873603921118,49.853880378968995,867.5561210275732,1.0,1.0,138.0,551.7002687835262,456.80886783130467,77.32753661648684,0.25647449999814853,150000.0,2000.0,,0.0
1,79,8,known,3,100.0,300.0,150.0,916.1843248442933,36.00276515361611,915.4766616313531,674.683059085247,30.608098286135483,673.988408309767,1.0,1.0,57.0,774.9901536069204,326.5184974091117,58.770921220865525,0.06758979998994619,150000.0,2000.0,,0.0
1,80,8,known,3,100.0,300.0,150.0,4327.504160434025,189.4851973114505,4323.353746638555,1725.732569761067,58.044674683485994,1724.7561329286598,1.0,1.0,38.0,2779.474479228614,90.7859999417984,60.467680502487234,0.03770580003038049,150000.0,2000.0,,0.0
1,81,8,known,3,100.0,300.0,150.0,2446.763450022175,132.2418433220763,2443.1871551805434,1465.296640989473,68.37112417269273,1463.7006645740087,1.0,1.0,24.0,1762.8152558870522,143.40192514719135,80.7504049415339,0.018798100005369633,150000.0,2000.0,,0.0
1,82,8,known,3,100.0,300.0,150.0,1083.1856940512494,58.53590274368913,1081.602882710317,734.2110254040865,40.994770392547125,733.0656577861103,1.0,1.0,120.0,576.4644030830598,436.7921484366243,57.769676915251964,0.13935070001753047,150000.0,2000.0,,0.0
1,83,8,known,3,100.0,300.0,150.0,1503.1437731343967,51.587875862991325,1502.2582646724413,890.3667742432407,32.73442356475405,889.764828586856,1.0,1.0,92.0,677.8768671898183,370.7469168951747,78.48355583254197,0.06696159997954965,150000.0,2000.0,,0.0
1,84,8,known,3,100.0,300.0,150.0,1510.0139324078893,73.32086933393254,1508.2327824928268,1190.5540081688018,42.37989838997952,1189.79947494494,1.0,1.0,38.0,813.0950156732647,309.61876743715345,61.268400286067816,0.022876399976667017,150000.0,2000.0,,0.0
1,85,8,known,3,100.0,300.0,150.0,1350.20488087486,76.20300398173394,1348.052789219493,1129.4884788525012,53.94916072194921,1128.1993227785304,1.0,1.0,38.0,1033.4279203945634,244.11231665263088,61.27064271834526,0.025843200040981174,150000.0,2000.0,,0.0
1,86,8,known,3,100.0,300.0,150.0,1403.1002644688924,99.36518362772874,1399.5774049459726,1101.8736069485792,64.45373810990876,1099.9868914371348,1.0,1.0,39.0,952.4507708928977,265.72946328555093,84.54490895585323,0.025053100020159036,150000.0,2000.0,,0.0
1,87,8,known,3,100.0,300.0,150.0,1614.5355440294268,56.91605861641376,1613.532021747932,1081.0621533052108,33.32582517752256,1080.5483648061002,1.0,1.0,35.0,774.1237058066014,324.5395776165046,77.13804932802711,0.024155599996447563,150000.0,2000.0,,0.0
1,88,8,known,3,100.0,300.0,150.0,2450.050156896319,81.6422664732633,2448.689509029837,875.2038046858748,32.02457529740696,874.6177029500672,1.0,1.0,37.0,1795.5225549767276,140.02325279695998,61.02676071681728,0.02260749996639788,150000.0,2000.0,,0.0
1,89,8,known,3,100.0,300.0,150.0,3644.4105479864993,145.70079289453972,3641.4968792002496,1510.7208689660663,67.47058359033451,1509.2134588187205,1.0,1.0,52.0,1849.5447312901993,136.14579244438596,80.14316478319813,0.03612900001462549,150000.0,2000.0,,0.0
1,90,8,known,3,100.0,300.0,150.0,3683.907913402159,152.60451136651105,3680.7457637736456,1424.5802991558733,72.27372924054217,1422.745773778542,1.0,1.0,32.0,1821.176949015424,138.5647375524597,80.65021884516916,0.020978900021873415,150000.0,2000.0,,0.0
1,91,8,known,3,100.0,300.0,150.0,3319.2978213102506,123.06375309643305,3317.015727913993,1205.6400420067473,60.197968541307816,1204.136252869056,1.0,1.0,41.0,2328.891277341247,108.20497651078182,74.4098730368313,0.026537800033111125,150000.0,2000.0,,0.0
1,92,8,known,3,100.0,300.0,150.0,3679.7464465103817,114.81481605706044,3677.9547942599247,848.4331822823872,51.05865832068752,846.8954352269882,1.0,1.0,76.0,2570.9910584806444,98.38121061396514,101.92602828173314,0.06929569999920204,150000.0,2000.0,,0.0
1,93,8,known,3,100.0,300.0,150.0,3578.686294994339,201.43907665431226,3573.012439997511,1923.6494967765404,68.78509671717633,1922.4193082983345,1.0,1.0,33.0,2443.342636280324,103.44814632153096,69.26998440099149,0.022927500016521662,150000.0,2000.0,,0.0
1,94,8,known,3,100.0,300.0,150.0,2368.8334065937083,96.49565734971624,2366.867190255296,1491.9355812951765,39.914935962675656,1491.4015477468406,1.0,1.0,43.0,1544.941935030515,163.55294408218833,95.66327606981038,0.02808240003651008,150000.0,2000.0,,0.0
1,95,8,known,3,100.0,300.0,150.0,1271.7377380597313,102.2704682815144,1267.6188803117288,924.75639775232,89.45606826983666,920.419473410656,1.0,1.0,42.0,915.3074365934277,275.2250272725453,76.8589287606655,0.030758599983528256,150000.0,2000.0,,0.0
1,96,8,known,3,100.0,300.0,150.0,1198.1398637653847,56.66604691577842,1196.7991027196979,837.9236368291989,45.78671353615944,836.6717385095716,1.0,1.0,64.0,541.6936765896687,464.91323244811315,78.48209181426665,0.05512810003710911,150000.0,2000.0,,0.0
1,97,8,known,3,100.0,300.0,150.0,2205.3488716318216,101.88195834574944,2202.994260585212,1185.9651990081525,54.4032139569398,1184.7167355826464,1.0,1.0,37.0,1660.8346960027918,152.36660944656776,63.38835251901621,0.029892400023527443,150000.0,2000.0,,0.0
1,98,8,known,3,100.0,300.0,150.0,1656.5342985827228,49.687754541602374,1655.7889386723077,1243.3299225896405,35.686236281468446,1242.817681297955,1.0,1.0,38.0,915.6824387020525,276.2195822879577,70.978110967699,0.018665999989025295,150000.0,2000.0,,0.0
1,99,8,known,3,100.0,300.0,150.0,2287.9723552784803,100.14381779179699,2285.779673169888,1211.170371196148,50.89956115496699,1210.1003688693127,1.0,1.0,27.0,1632.059665030013,154.4682866036111,48.94910539047398,0.012009099998977035,150000.0,2000.0,,0.0
2,0,8,known,3,100.0,300.0,150.0,1074.486135998794,58.58740238412491,1072.8876794592709,710.6979579332154,43.28395447007675,709.3786624193561,1.0,1.0,73.0,851.189301505219,297.3231369010338,71.1673525189201,0.06124189996626228,150000.0,2500.0,,0.0
2,1,8,known,3,100.0,300.0,150.0,3816.5361288056533,179.46623489444485,3812.314243738527,1798.8935259855587,66.30458157511372,1797.671165785029,1.0,1.0,41.0,1679.757561263968,150.39830736104258,70.64778116419066,0.023094900010619313,150000.0,2500.0,,0.0
2,2,8,known,3,100.0,300.0,150.0,1197.3801784109912,67.56424450313133,1195.47244406396,866.2225005516985,41.510542123400946,865.2273084887339,1.0,1.0,28.0,1322.96484516221,190.65081753993232,89.66457062581377,0.010927300027105957,150000.0,2500.0,,0.0
2,3,8,known,3,100.0,300.0,150.0,1539.3943957824354,63.421300478842404,1538.0873981708392,1428.7290030964048,55.697825211434875,1427.642923337472,1.0,1.0,29.0,1404.0206567813823,179.40258413480427,79.68447446759095,0.016750200011301786,150000.0,2500.0,,0.0
2,4,8,known,3,100.0,300.0,150.0,2257.4523803456423,117.68422575868358,2254.382769747805,1280.7186984790735,67.72213728732588,1278.9269317498824,1.0,1.0,37.0,1108.644010357322,227.50264347725022,67.8876134166462,0.015836499980650842,150000.0,2500.0,,0.0
2,5,8,known,3,100.0,300.0,150.0,3022.8316976867127,184.1873844583012,3017.215020502507,1031.719238198456,81.0220365224424,1028.5329435980932,1.0,1.0,29.0,2492.1240231772927,101.57740474629038,66.07671312160197,0.01631829998223111,150000.0,2500.0,,0.0
2,6,8,known,3,100.0,300.0,150.0,365.0122245350172,45.782443742910175,362.1296617303381,288.0638294143247,38.243132087085435,285.5139798066198,1.0,1.0,190.0,754.0849309969723,334.52393338441533,95.21585908798014,0.2034771000035107,150000.0,2500.0,,0.0
2,7,8,known,3,100.0,300.0,150.0,1607.0188244075814,83.46346128656904,1604.8499470761715,710.3417931511472,43.75410981801833,708.992976672703,1.0,1.0,103.0,591.6827980038654,426.5008248464399,77.2010193942074,0.07843589998083189,150000.0,2500.0,,0.0
2,8,8,known,3,100.0,300.0,150.0,1267.0998068345784,127.85736398736032,1260.6325455716385,1129.8706457599155,69.0909166178284,1127.7562331420904,1.0,1.0,34.0,1265.739879526408,199.22435684888836,64.93450638403516,0.02163760003168136,150000.0,2500.0,,0.0
2,9,8,known,3,100.0,300.0,150.0,1335.6063982005653,73.56047852633381,1333.5791341023837,1119.752219779389,57.59386837834582,1118.2700836676652,1.0,1.0,34.0,1351.524229982989,186.63438801965043,78.78427814936853,0.016859699971973896,150000.0,2500.0,,0.0
2,10,8,known,3,100.0,300.0,150.0,1811.5672521072415,39.424028545274346,1811.1382208105056,1280.3818960964018,42.621810730935195,1279.6722944181581,1.0,1.0,35.0,1183.6040882426635,213.14863608967227,80.63759162098722,0.016340999980457127,150000.0,2500.0,,0.0
2,11,8,known,3,100.0,300.0,150.0,1027.6678116441124,88.23960288866101,1023.8725035723198,331.47378043764417,49.13678831957138,327.81159703595165,1.0,1.0,233.0,210.79745411755013,1204.5958100237597,43.65727054673837,0.16212340001948178,150000.0,2500.0,,0.0
2,12,8,known,3,100.0,300.0,150.0,1796.6487027744822,65.92173200878118,1795.4389119182508,1316.2063069417688,35.5955006075253,1315.724896309935,1.0,1.0,46.0,1623.8222556901417,155.474335811652,90.31752352610832,0.03349429997615516,150000.0,2500.0,,0.0
2,13,8,known,3,100.0,300.0,150.0,1323.7535220007205,56.371173304643754,1322.5527126846664,1113.0522276674992,34.237329846380284,1112.5255353296718,1.0,1.0,31.0,1382.8731863375453,183.0322869063674,72.10302792390206,0.014684399997349828,150000.0,2500.0,,0.0
2,14,8,known,3,100.0,300.0,150.0,1033.8688795166674,39.69992992245618,1033.1063718694224,899.3816684514185,29.474054646787664,898.898584740868,1.0,1.0,36.0,808.0915720950118,312.22158420069815,54.242392993352624,0.05320299998857081,150000.0,2500.0,,0.0
2,15,8,known,3,100.0,300.0,150.0,1175.6992178738685,85.14571732223129,1172.6119808917647,683.2677223371915,61.65260653012928,680.4805188217326,1.0,1.0,94.0,492.9479708131116,510.47732979628444,64.6807357720439,0.11378670000704005,150000.0,2500.0,,0.0
2,16,8,known,3,100.0,300.0,150.0,3422.0153028258023,124.38688888839185,3419.7538850985516,1637.4132404604136,62.39237418933689,1636.2241019121095,1.0,1.0,92.0,2658.689535722273,94.75949987518638,94.49219427300486,0.17603109998162836,150000.0,2500.0,,0.0
2,17,8,known,3,100.0,300.0,150.0,879.3792614298255,77.84088426844104,875.9273269907571,584.2729214982387,51.0884313602419,582.0350667934338,1.0,1.0,29.0,1190.5932754799173,212.53412046565992,69.42606446485874,0.024070899991784245,150000.0,2500.0,,0.0
2,18,8,known,3,100.0,300.0,150.0,1826.9701788907273,98.56743252993022,1824.3093202087398,1136.8869024558767,80.62063349799485,1134.0247538877184,1.0,1.0,38.0,1779.6643059384844,141.82612916659886,63.33625331125548,0.0676757000037469,150000.0,2500.0,,0.0
2,19,8,known,3,100.0,300.0,150.0,3203.8935671301497,125.77685897303391,3201.4237725182265,1203.4451257209496,47.36708104823041,1202.5125904764916,1.0,1.0,38.0,2632.842405472546,96.07744725026646,79.15721322136984,0.041950999991968274,150000.0,2500.0,,0.0
2,20,8,known,3,100.0,300.0,150.0,977.6903794850967,83.95775878026991,974.0788329895618,873.369058187336,67.80986461335738,870.7326421239486,1.0,1.0,42.0,1137.2330863363024,222.3682331709605,83.93679023677548,0.03583890001755208,150000.0,2500.0,,0.0
2,21,8,known,3,100.0,300.0,150.0,1409.7511446872056,62.12227192418147,1408.3817356377012,1044.0991162608286,47.95472372276182,1042.9972718321544,1.0,1.0,39.0,1376.5944768196634,183.21195198096405,68.72136008530072,0.04795350000495091,150000.0,2500.0,,0.0
2,22,8,known,3,100.0,300.0,150.0,2117.4704062967553,92.63676843866301,2115.4430624991514,1245.7775914968233,62.539678262002454,1244.2068140460055,1.0,1.0,62.0,1024.5270966371604,246.0805237533995,87.40418331140577,0.08583899994846433,150000.0,2500.0,,0.0
2,23,8,known,3,100.0,300.0,150.0,2200.910492566693,73.83339440988613,2199.6717087238444,1420.5430338779104,42.338158883546534,1419.9119660744498,1.0,1.0,27.0,1916.946944740679,131.7235058012659,70.07171771621508,0.01802250003674999,150000.0,2500.0,,0.0
2,24,8,known,3,100.0,300.0,150.0,2875.406577855947,141.58489361897023,2871.918645413925,1412.7356452300764,69.49484377279981,1411.0253257800282,1.0,1.0,49.0,1219.0285666279015,206.51521207000718,66.26674779699638,0.030843600048683584,150000.0,2500.0,,0.0
2,25,8,known,3,100.0,300.0,150.0,2742.083237213347,117.80113384858687,2739.5516736631225,1109.2240809287462,54.82779989215526,1107.8682115085746,1.0,1.0,41.0,2167.742238074679,116.58613239053199,89.53430149967701,0.024797199992462993,150000.0,2500.0,,0.0
2,26,8,known,3,100.0,300.0,150.0,1100.7818150502928,64.78645534073023,1098.87365950313,453.414022454994,50.58182350409919,450.58379341673833,1.0,1.0,59.0,1346.8241976613704,187.3728270309178,86.55116117933984,0.04035189998103306,150000.0,2500.0,,0.0
2,27,8,known,3,100.0,300.0,150.0,1299.8835827464993,66.96323872764422,1298.1576380983088,915.5874280061553,58.369721289173384,913.7249662560123,1.0,1.0,50.0,984.5228880647982,256.4586742533747,55.94651797699362,0.037183300009928644,150000.0,2500.0,,0.0
2,28,8,known,3,100.0,300.0,150.0,2021.9979770635696,112.31677657061081,2018.876113323934,1182.5589956741364,64.58195467438127,1180.7942028060006,1.0,1.0,38.0,1780.8524580678577,141.3815915906067,72.04587656737334,0.02620800002478063,150000.0,2500.0,,0.0
2,29,8,known,3,100.0,300.0,150.0,1927.0057279199116,51.91701943786108,1926.3062317629658,693.3646931609751,48.02002523968807,691.6998445121936,1.0,1.0,149.0,692.4816961389758,364.1389731568832,86.80219937921072,0.12505750003037974,150000.0,2500.0,,0.0
2,30,8,known,3,100.0,300.0,150.0,1545.591734673019,59.191197846938124,1544.4579024327584,1090.9709777394698,43.47836691552805,1090.1042637657067,1.0,1.0,52.0,1373.854263148101,184.132540724763,87.32916758024362,0.037543000013101846,150000.0,2500.0,,0.0
2,31,8,known,3,100.0,300.0,150.0,3089.725734638662,172.58296188474085,3084.9019816771342,957.9642942984785,75.62414152659214,954.9746480243065,1.0,1.0,40.0,2538.286758947534,99.13017279661642,82.73716560730843,0.028372999979183078,150000.0,2500.0,,0.0
2,32,8,known,3,100.0,300.0,150.0,1198.4405181045292,48.855319757367745,1197.444292301758,309.4182684291864,34.88352067660464,307.44561278854013,1.0,1.0,126.0,0.037684170716940156,6676487.506665803,75.61833559791002,0.1205632999772206,150000.0,2500.0,,0.0
2,33,8,known,3,100.0,300.0,150.0,1845.4400902099137,103.01831182699618,1842.5624423563752,1392.195872809404,80.86353144990825,1389.8454725432564,1.0,1.0,139.0,833.8719982998541,302.3150088698935,64.28947787244876,0.1281885999487713,150000.0,2500.0,,0.0
2,34,8,known,3,100.0,300.0,150.0,1486.1118348349275,68.17723473624778,1484.5471532760935,1287.846052003048,51.56382719880586,1286.8133607421278,1.0,1.0,49.0,913.0932993772932,277.7312351082297,77.1637900714306,0.051932199974544346,150000.0,2500.0,,0.0
2,35,8,known,3,100.0,300.0,150.0,1437.7232752852938,86.40843783191409,1435.12431453464,931.6133761035583,63.683837292807205,929.4341565720151,1.0,1.0,40.0,544.3721020495784,465.1099367300941,80.20421616046268,0.02916400000685826,150000.0,2500.0,,0.0
2,36,8,known,3,100.0,300.0,150.0,1692.2055163198895,91.53921973098691,1689.7278126119918,608.7639649333189,59.16230947042157,605.8823203720845,1.0,1.0,40.0,1700.7186802441674,147.7343236375071,84.8110491330544,0.03485569998156279,150000.0,2500.0,,0.0
2,37,8,known,3,100.0,300.0,150.0,2708.3793591327376,105.33925129157697,2706.3300602686268,1461.158764682271,49.329677233967445,1460.3258261606595,1.0,1.0,38.0,1094.745908109934,230.3461213015605,68.56445543433419,0.028724299976602197,150000.0,2500.0,,0.0
2,38,8,known,3,100.0,300.0,150.0,2833.4628192705636,111.70638766618535,2831.260007689732,1716.8852704148921,57.81610979430973,1715.9115155554698,1.0,1.0,37.0,1414.7089414697668,177.53985681543563,71.0305352879044,0.024465199967380613,150000.0,2500.0,,0.0
2,39,8,known,3,100.0,300.0,150.0,3330.1020345336105,90.51266449104922,3328.8717334814246,1155.9203172970608,42.0250144558204,1155.1561271534363,1.0,1.0,76.0,1351.2435950514662,187.04594518551897,86.4332614058406,0.05854870000621304,150000.0,2500.0,,0.0
2,40,8,known,3,100.0,300.0,150.0,2797.147457785703,107.79579785707094,2795.069581702999,1126.3925146529848,61.42594002282635,1124.7163868987534,1.0,1.0,26.0,2355.5098685088624,106.58442406908955,65.21176355796449,0.016760300030000508,150000.0,2500.0,,0.0
2,41,8,known,3,100.0,300.0,150.0,2025.4877076498688,83.55670008546929,2023.7635068632767,1046.3471403413057,48.94088673589129,1045.2019554640783,1.0,1.0,45.0,1834.845834771589,137.2528175880248,65.38216323739317,0.03245280002010986,150000.0,2500.0,,0.0
2,42,8,known,3,100.0,300.0,150.0,1108.15461259982,47.70576095004011,1107.1272762417311,412.85014751510215,46.14059519750201,410.26368323075087,1.0,1.0,54.0,1413.9483865255086,178.7495266545096,75.11218103204584,0.04634310002438724,150000.0,2500.0,,0.0
2,43,8,known,3,100.0,300.0,150.0,1259.3782537848203,58.4366387183448,1258.0217586995088,790.8171203990255,48.66383627066837,789.318407840352,1.0,1.0,56.0,1295.6753196580444,195.17867827318017,72.62382947823838,0.036595000012312084,150000.0,2500.0,,0.0
2,44,8,known,3,100.0,300.0,150.0,1919.9789382799718,105.14554891091773,1917.097685821698,1098.8917471861891,70.8893765838731,1096.6028307101278,1.0,1.0,70.0,970.4181337977011,260.56062934067256,88.70930668472305,0.049504299997352064,150000.0,2500.0,,0.0
2,45,8,known,3,100.0,300.0,150.0,3545.0266402943835,134.1997953815983,3542.485609754318,1455.5336097452555,51.91710954007628,1454.607405053012,1.0,1.0,38.0,2693.9702466701824,93.70393552320446,89.9132004316297,0.01469310000538826,150000.0,2500.0,,0.0
2,46,8,known,3,100.0,300.0,150.0,1013.8190223572594,67.5572697182998,1011.5656307929992,804.0561646880052,51.25647655904739,802.4207684148862,1.0,1.0,64.0,874.379613385569,288.29085002582553,75.66079445387373,0.03126669995253906,150000.0,2500.0,,0.0
2,47,8,known,3,100.0,300.0,150.0,4117.395448301122,210.62411598200083,4112.004712966364,1450.89513126789,75.86825871402974,1448.910172942605,1.0,1.0,78.0,3163.8632700774233,79.62400407435608,77.3202235703805,0.04051950003486127,150000.0,2500.0,,0.0
2,48,8,known,3,100.0,300.0,150.0,3658.5613595385776,176.07966581342941,3654.3217117265135,1357.7288932505144,74.44541846273994,1355.6864044598126,1.0,1.0,38.0,2815.935714519278,89.74226522063563,74.37064485842748,0.021621799969580024,150000.0,2500.0,,0.0
2,49,8,known,3,100.0,300.0,150.0,1732.768204938175,57.53338525952169,1731.8127963568243,927.0347510738528,51.89020176706337,925.5813506435475,1.0,1.0,55.0,1673.1758475933102,150.6494060095829,85.71729104190408,0.027837200032081455,150000.0,2500.0,,0.0
2,50,8,known,3,100.0,300.0,150.0,3985.5615347188955,146.2961894873984,3982.8756159303175,1361.808355249686,66.25589662241275,1360.1956302644905,1.0,1.0,38.0,3047.5917145744666,82.57316423356158,60.063076170054146,0.014655399951152503,150000.0,2500.0,,0.0
2,51,8,known,3,100.0,300.0,150.0,2371.5990856756716,132.06130268871686,2367.9193473405808,1273.1552622382055,61.43456765264566,1271.672173031307,1.0,1.0,125.0,2002.142583468773,126.13635672862239,80.04577491997154,0.16355200001271442,150000.0,2500.0,,0.0
2,52,8,known,3,100.0,300.0,150.0,2265.3965879307398,86.36410832475738,2263.74975238022,1255.421204045587,54.50158716821212,1254.2376076977669,1.0,1.0,52.0,1945.4119553593357,130.0161948977431,63.399142690569995,0.09918319998541847,150000.0,2500.0,,0.0
2,53,8,known,3,100.0,300.0,150.0,2508.5067753922867,99.1432603570132,2506.546799107248,1057.3682535293196,43.76647184785958,1056.4620767039553,1.0,1.0,31.0,2175.893046755251,116.4627268364959,95.2323148847007,0.03433739999309182,150000.0,2500.0,,0.0
2,54,8,known,3,100.0,300.0,150.0,1425.7925149135262,63.13754434555369,1424.3938872648432,1304.9099040193762,44.57862640828081,1304.148229180797,1.0,1.0,32.0,1031.8769121520136,244.6340454218847,102.03858692755736,0.027887400006875396,150000.0,2500.0,,0.0
2,55,8,known,3,100.0,300.0,150.0,963.8163337436021,104.00416068028053,958.1884260165893,553.2039222279057,79.6444680450512,547.44071667913,1.0,1.0,127.0,508.4169758450043,495.6823242340072,96.54140192336715,0.08640989998821169,150000.0,2500.0,,0.0
2,56,8,known,3,100.0,300.0,150.0,2339.2695474134525,69.28478593727374,2338.2432794501015,1076.1229580104216,36.17304662908324,1075.5148215876293,1.0,1.0,54.0,2102.8543409429108,119.5798959298845,81.59051849422504,0.038617299986071885,150000.0,2500.0,,0.0
2,57,8,known,3,100.0,300.0,150.0,1535.7012437825172,46.53029550702434,1534.9961699480552,866.5717778392549,38.66872048869682,865.7085977413267,1.0,1.0,32.0,608.1768421335989,413.1170425787167,73.7922884701471,0.01899720000801608,150000.0,2500.0,,0.0
2,58,8,known,3,100.0,300.0,150.0,1839.445261992455,83.62550354408006,1837.5433728278335,1261.114647477541,49.54032934457001,1260.1412261531777,1.0,1.0,63.0,1527.3450718181023,165.2057862179076,79.94663713002495,0.0625374999945052,150000.0,2500.0,,0.0
2,59,8,known,3,100.0,300.0,150.0,2949.8256861382715,129.6986451016246,2946.972996153838,1208.5167018431555,47.300342201600905,1207.5906989793646,1.0,1.0,40.0,2476.2937301601764,101.92140270163851,72.64977994026643,0.03859289997490123,150000.0,2500.0,,0.0
2,60,8,known,3,100.0,300.0,150.0,1823.2312193817845,90.86167974731572,1820.9657422592782,1138.2314075795327,48.42490440374902,1137.200846743429,1.0,1.0,35.0,1603.326801262534,157.53414788914606,71.53838887842223,0.026943699980620295,150000.0,2500.0,,0.0
2,61,8,known,3,100.0,300.0,150.0,1446.6450689920616,83.42396131140016,1444.2376529914184,1050.4914264993442,73.12266511279994,1047.9433729908446,1.0,1.0,71.0,687.8326425536104,366.9701319676863,90.58691293053612,0.05777089996263385,150000.0,2500.0,,0.0
2,62,8,known,3,100.0,300.0,150.0,1889.3249616690266,97.15216854775879,1886.8254468636298,1306.6588614215252,72.09947899943246,1304.6681743874215,1.0,1.0,30.0,1204.1273683042334,207.6016954758657,79.80585167068074,0.02436199999647215,150000.0,2500.0,,0.0
2,63,8,known,3,100.0,300.0,150.0,2592.144921360062,127.4640196514719,2589.0091187608923,1475.3161482713956,66.10070102139187,1473.8346022111257,1.0,1.0,50.0,2046.1786185576461,123.52039890873527,78.07740187561271,0.05650339997373521,150000.0,2500.0,,0.0
2,64,8,known,3,100.0,300.0,150.0,2181.917047562427,64.46252940212267,2180.9645996087647,1304.6269812829582,37.831498961121305,1304.078348097935,1.0,1.0,100.0,1591.8948873865515,158.43068330568403,80.04676310104138,0.10877890000119805,150000.0,2500.0,,0.0
2,65,8,known,3,100.0,300.0,150.0,2018.1011181380857,84.0052008587287,2016.3519656198112,1233.525838478498,60.99300893554273,1232.0169832656813,1.0,1.0,53.0,876.4353481435204,287.17412026548504,85.75967015490875,0.052756199962459505,150000.0,2500.0,,0.0
2,66,8,known,3,100.0,300.0,150.0,742.532549272883,130.98948797110367,730.8873653106574,730.1970682981935,65.0425622346163,727.2944545706594,1.0,1.0,69.0,824.5893802686868,305.63601186970544,80.33942367089723,0.07856279995758086,150000.0,2500.0,,0.0
2,67,8,known,3,100.0,300.0,150.0,1385.3891171704015,49.908577568041814,1384.4898482326691,1052.211842586604,43.675577016461,1051.3050012492927,1.0,1.0,41.0,876.4225471413287,288.18584701696744,72.48275536251518,0.04487739998148754,150000.0,2500.0,,0.0
2,68,8,known,3,100.0,300.0,150.0,1351.5567891286444,60.89030852389639,1350.1844779761007,1079.035783345688,67.47080786197195,1076.9242832376356,1.0,1.0,73.0,929.8461882231338,272.5745377060797,100.67827572764317,0.11004679999314249,150000.0,2500.0,,0.0
2,69,8,known,3,100.0,300.0,150.0,1225.8556488302918,67.0538910466709,1224.0203623570308,903.508530041503,61.06623252863195,901.4424990549961,1.0,1.0,59.0,1295.523952188586,194.24146337656322,71.60066859661953,0.05811620003078133,150000.0,2500.0,,0.0
2,70,8,known,3,100.0,300.0,150.0,2600.232961854819,115.88718002120284,2597.6492483441675,1332.2509552240526,56.49918513112644,1331.052384309092,1.0,1.0,42.0,1196.3672312389106,211.0837271860311,62.66330904501901,0.03003069997066632,150000.0,2500.0,,0.0
2,71,8,known,3,100.0,300.0,150.0,1137.1645755416444,65.4843725416599,1135.2775294260136,828.9474466253985,59.384993443461425,826.8175686452773,1.0,1.0,183.0,939.4551041377837,268.77320327449945,85.06495029617612,0.14999730000272393,150000.0,2500.0,,0.0
2,72,8,known,3,100.0,300.0,150.0,1467.156314107145,58.27278664647628,1465.9986126735992,824.289505903815,50.61211646286236,822.7342239206445,1.0,1.0,103.0,614.6233236031348,410.3304889460979,70.12777063437915,0.09475500002736226,150000.0,2500.0,,0.0
2,73,8,known,3,100.0,300.0,150.0,3276.443652245346,146.47153842899925,3273.1680517151985,1673.8805080318632,57.67489823968171,1672.8865954636767,1.0,1.0,36.0,2546.1865450790137,99.20253806701554,71.31069853457043,0.025248899997677654,150000.0,2500.0,,0.0
2,74,8,known,3,100.0,300.0,150.0,909.3082568229788,73.9461706315954,906.2965683347628,887.6852924695891,48.54550084494869,886.3568766668046,1.0,1.0,65.0,976.8350153431068,258.63639511010416,74.15430073792774,0.06710859999293461,150000.0,2500.0,,0.0
2,75,8,known,3,100.0,300.0,150.0,1873.011816722715,93.11735692001058,1870.6957057263899,958.3076336005278,57.8933870339552,956.5573042713019,1.0,1.0,97.0,715.5457893816279,355.2200596233252,81.16412399470043,0.09841880004387349,150000.0,2500.0,,0.0
2,76,8,known,3,100.0,300.0,150.0,3189.218037946404,101.45914264059788,3187.6037608111433,1140.2377221554357,53.22800329890074,1138.9946631530056,1.0,1.0,99.0,1354.4201372822613,186.32481191915326,74.24491608101775,0.10424159996910021,150000.0,2500.0,,0.0
2,77,8,known,3,100.0,300.0,150.0,3861.031207412997,239.04136245754702,3853.6244253496607,1462.5521067591887,82.70023485519884,1460.2120860137532,1.0,1.0,30.0,3005.802344246106,83.71642445186197,42.550966573525194,0.04201199999079108,150000.0,2500.0,,0.0
2,78,8,known,3,100.0,300.0,150.0,1318.6301480155253,41.71026047897684,1317.9703036966432,1046.0062989467453,43.24927661029327,1045.1118014399008,1.0,1.0,38.0,678.1866548096588,374.34534657927594,50.14603000696517,0.03185169998323545,150000.0,2500.0,,0.0
2,79,8,known,3,100.0,300.0,150.0,1546.441821211697,80.41281585090121,1544.3497289925876,1220.8625129112104,65.53955810189147,1219.1020637156203,1.0,1.0,31.0,747.2286077500557,337.68279340180464,56.58265273390782,0.022758000006433576,150000.0,2500.0,,0.0
2,80,8,known,3,100.0,300.0,150.0,2233.8919554038002,97.4462207270133,2231.7655572402396,749.789148538716,57.07148031496584,747.6139467673614,1.0,1.0,117.0,719.0446951380824,350.0591923517322,67.55157614478647,0.10072270000819117,150000.0,2500.0,,0.0
2,81,8,known,3,100.0,300.0,150.0,1056.1218208272164,83.90641881081804,1052.7834598386025,918.5776116789935,60.052820890448395,916.6125066684305,1.0,1.0,61.0,795.6678483029515,317.20325563604473,80.43353461075458,0.05575860000681132,150000.0,2500.0,,0.0
2,82,8,known,3,100.0,300.0,150.0,2300.9072051042235,104.5139202007794,2298.532315845221,1221.499649050117,63.03564226430952,1219.872083635774,1.0,1.0,41.0,2005.2739954239978,125.629606179903,79.92298414829655,0.018528299988247454,150000.0,2500.0,,0.0
2,83,8,known,3,100.0,300.0,150.0,3830.1593881487206,179.25790789845175,3825.962302621349,1515.7567662393399,83.90102551821478,1513.4329163584798,1.0,1.0,41.0,2932.5127677074447,85.76337130860342,69.83328831750386,0.03237719996832311,150000.0,2500.0,,0.0
2,84,8,known,3,100.0,300.0,150.0,1044.9074330190335,65.07407978298475,1042.8791433904619,882.0196289135935,63.98366027453651,879.6958093606821,1.0,1.0,50.0,1111.283390632443,226.96435739929962,64.76603957280815,0.04234679997898638,150000.0,2500.0,,0.0
2,85,8,known,3,100.0,300.0,150.0,515.569763044393,59.714823044178644,512.0999125897739,487.79508688512095,45.06820759077917,485.7086610858583,1.0,1.0,99.0,720.4607349523272,349.1368838172894,97.14996920022426,0.09324880002532154,150000.0,2500.0,,0.0
2,86,8,known,3,100.0,300.0,150.0,1518.6215825872082,53.86570319603337,1517.665970205194,1090.174510970501,36.445430108591594,1089.565140316985,1.0,1.0,39.0,674.4922130751723,374.7038119308016,81.84687561181588,0.028767700016032904,150000.0,2500.0,,0.0
2,87,8,known,3,100.0,300.0,150.0,1131.1979010438313,135.55656950452808,1123.0463515768768,764.1195339389606,72.04636710140745,760.7154416301693,1.0,1.0,60.0,784.7858840164997,321.01492285124147,85.30000873706055,0.03756620001513511,150000.0,2500.0,,0.0
2,88,8,known,3,100.0,300.0,150.0,1268.8170567797413,55.31459839159738,1267.6107520765124,1016.1499980312027,45.244574913781456,1015.1422299065705,1.0,1.0,38.0,964.6289749885315,262.8315218374864,84.27364026688679,0.021791699982713908,150000.0,2500.0,,0.0
2,89,8,known,3,100.0,300.0,150.0,3206.0249808547487,187.66365910118068,3200.5278516078324,1766.468340101489,81.4144816774457,1764.5911930966058,1.0,1.0,54.0,2354.8552094718684,107.35309717726885,64.04439209547189,0.039340299961622804,150000.0,2500.0,,0.0
2,90,8,known,3,100.0,300.0,150.0,1112.6186144855246,76.97713093024286,1109.9525677313586,581.6524763386055,75.30462759039307,576.7571553906413,1.0,1.0,87.0,1369.5951975710645,184.45633828292193,95.61511963526908,0.11226449999958277,150000.0,2500.0,,0.0
2,91,8,known,3,100.0,300.0,150.0,2340.339917701415,128.40146705854661,2336.8149249874023,1513.5494462710863,63.53753955484203,1512.2152318287328,1.0,1.0,38.0,1882.1634289823223,134.04827827144743,80.04202037662932,0.023353500000666827,150000.0,2500.0,,0.0
2,92,8,known,3,100.0,300.0,150.0,3875.1568241433874,180.62651488230358,3870.944907102985,1389.5619448861385,61.73998914362077,1388.189674510041,1.0,1.0,38.0,3008.58114979217,83.80849867525113,109.16271966922923,0.022388499986846,150000.0,2500.0,,0.0
2,93,8,known,3,100.0,300.0,150.0,1305.7493640246544,69.05179859375797,1303.9222564101574,1179.1622403968688,47.609760988477575,1178.2007043947915,1.0,1.0,38.0,1024.9621000056814,246.83087335905395,66.05528684002665,0.0270555000170134,150000.0,2500.0,,0.0
2,94,8,known,3,100.0,300.0,150.0,1342.3025852076767,93.70576067105472,1339.027804293948,1133.4035929129295,60.27760338036775,1131.7995913405591,1.0,1.0,54.0,984.9823803387653,256.3254263366314,124.0136444569398,0.0328824000316672,150000.0,2500.0,,0.0
2,95,8,known,3,100.0,300.0,150.0,1727.8681864941407,94.72405009705037,1725.2697830286606,1442.0827262940722,69.32423709305989,1440.4154746555623,1.0,1.0,98.0,1410.9022142538163,178.55387950368055,81.81383885368749,0.09339910000562668,150000.0,2500.0,,0.0
2,96,8,known,3,100.0,300.0,150.0,4193.739457652605,207.97194264779623,4188.579509779379,1366.5204846372208,80.6134909012579,1364.1406452480835,1.0,1.0,38.0,3198.166415993785,78.76491167723903,78.81694701687863,0.028214799996931106,150000.0,2500.0,,0.0
2,97,8,known,3,100.0,300.0,150.0,3861.665716502784,173.3549824006152,3857.772693678289,1739.7505747246068,49.61143318253532,1739.0430609827276,1.0,1.0,32.0,1699.7481775875492,148.6309383773809,90.34653953388973,0.023807300021871924,150000.0,2500.0,,0.0
2,98,8,known,3,100.0,300.0,150.0,876.7468296816319,63.28669290211008,874.4597176876168,750.2694718744286,52.75880162658537,748.4121787341924,1.0,1.0,46.0,931.3727423255095,272.3227381502482,58.89959884463274,0.03546240000287071,150000.0,2500.0,,0.0
2,99,8,known,3,100.0,300.0,150.0,3479.725468363808,156.56048504933702,3476.2016842670164,1456.0469277256038,60.96951137860295,1454.769869918065,1.0,1.0,31.0,2756.466608456704,91.6965302665046,95.85458777320913,0.024416300002485514,150000.0,2500.0,,0.0
3,0,8,known,3,100.0,300.0,150.0,1923.2363713758018,48.465269242178266,1922.625615625685,1479.004541361762,36.95529353854616,1478.5427757248676,1.0,1.0,39.0,2035.13250819446,124.40473660327879,70.91573397189468,0.032533599995076656,150000.0,3000.0,,0.0
3,1,8,known,3,100.0,300.0,150.0,1135.9112349116729,85.60321352786467,1132.6810775466608,840.5910171533028,51.22055301559159,839.0290299313851,1.0,1.0,47.0,896.2971682592969,282.19886428816636,85.67788930085804,0.040701999969314784,150000.0,3000.0,,0.0
3,2,8,known,3,100.0,300.0,150.0,1012.0366097508733,61.76355272703875,1010.150168554446,757.0301896438408,38.51584801043424,756.0497586033783,1.0,1.0,37.0,1514.6807710043827,166.2118584904098,85.92494654096413,0.030228800023905933,150000.0,3000.0,,0.0
3,3,8,known,3,100.0,300.0,150.0,3566.4565555621994,182.623887753763,3561.777769363817,1832.5769973647468,53.99865131625082,1831.7812633953915,1.0,1.0,32.0,1585.9671702906726,159.22900711852532,72.35959766269703,0.025108999980147928,150000.0,3000.0,,0.0
3,4,8,known,3,100.0,300.0,150.0,2116.6873609016397,93.18875784552029,2114.6350132379716,1178.4654720872913,57.266517562302255,1177.0732410806938,1.0,1.0,22.0,1034.2510004837532,244.79180631201416,93.05530489916289,0.018183999985922128,150000.0,3000.0,,0.0
3,5,8,known,3,100.0,300.0,150.0,1919.984499845644,63.5098556859017,1918.9338127924796,1340.7133677246325,44.178768652342356,1339.9852875296385,1.0,1.0,37.0,1769.3804734860564,143.5736695062134,67.1575635414004,0.028303899976890534,150000.0,3000.0,,0.0
3,6,8,known,3,100.0,300.0,150.0,1460.8579260211734,80.22875620570284,1458.653223592424,1054.536001268795,46.173475351917126,1053.5246499944392,1.0,1.0,39.0,1360.0146856402196,185.66945226793655,87.95368397307502,0.02501979999942705,150000.0,3000.0,,0.0
3,7,8,known,3,100.0,300.0,150.0,1619.0728377530054,85.22520788657795,1616.8282277008461,796.9899204880819,64.4518313977382,794.3795659438105,1.0,1.0,56.0,537.7643422624291,469.53698420035187,65.43332402739439,0.04079709999496117,150000.0,3000.0,,0.0
3,8,8,known,3,100.0,300.0,150.0,2169.347939670582,93.22818026363696,2167.3437636327403,1076.9497266267224,53.18982595486789,1075.635419692129,1.0,1.0,76.0,2108.357062049493,120.16117618867467,60.32927651660718,0.09516259998781607,150000.0,3000.0,,0.0
3,9,8,known,3,100.0,300.0,150.0,835.8829382964302,55.819987154490946,834.0170355389309,190.5247848225416,47.86451068067695,184.41443069612296,1.0,1.0,291.0,616.6979355340411,407.63883660100436,87.03290381694461,0.18529839999973774,150000.0,3000.0,,0.0
3,10,8,known,3,100.0,300.0,150.0,1369.774103050311,38.41728547066753,1369.2352630444298,896.88930632078,40.68206565722367,895.9661809055247,1.0,1.0,43.0,658.3181786790783,384.9992142036962,56.259659878423996,0.017784700030460954,150000.0,3000.0,,0.0
3,11,8,known,3,100.0,300.0,150.0,4950.116211969642,264.22665355201406,4943.059253899085,2228.2988910884983,73.50157764551447,2227.086317615429,1.0,1.0,32.0,2083.9650977047518,120.79654480868736,76.80881784709392,0.013677400012966245,150000.0,3000.0,,0.0
3,12,8,known,3,100.0,300.0,150.0,1293.6098123838503,64.56332579775172,1291.9976484722074,1077.2895475325347,67.16353054978995,1075.193856654204,1.0,1.0,33.0,1722.2825507737623,146.5812542869727,95.7724778089625,0.01419080002233386,150000.0,3000.0,,0.0
3,13,8,known,3,100.0,300.0,150.0,1567.9388478486944,69.88745556315206,1566.380532995734,942.5835338790549,43.27664614381295,941.5895338407657,1.0,1.0,64.0,930.0992177272592,271.0723576106986,62.43166666478783,0.04166160000022501,150000.0,3000.0,,0.0
3,14,8,known,3,100.0,300.0,150.0,979.3980933885139,38.725673681681585,978.6321819411806,912.4558420180929,29.335485205345176,911.9841516938295,1.0,1.0,28.0,1083.180605964945,232.36326672831024,65.19050693652473,0.014533700013998896,150000.0,3000.0,,0.0
3,15,8,known,3,100.0,300.0,150.0,1076.1522964915796,129.9270346499252,1068.2802679592926,405.65560111997377,70.90036572557942,399.41157326745844,1.0,1.0,102.0,581.3880922873421,431.8887322271055,72.23698250640689,0.09154489997308701,150000.0,3000.0,,0.0
3,16,8,known,3,100.0,300.0,150.0,1898.1593360888326,116.11008113710979,1894.6047910420607,1011.9870915703709,60.82915159148388,1010.1572589561088,1.0,1.0,35.0,2167.8974408606564,116.97247035499335,51.32092232811241,0.018680499983020127,150000.0,3000.0,,0.0
3,17,8,known,3,100.0,300.0,150.0,1252.1200911018434,64.04637179980813,1250.4810213674455,917.9051653558475,53.98111727511569,916.3165018511214,1.0,1.0,32.0,1691.0467222384054,149.07760039986363,79.1338830684434,0.01324689999455586,150000.0,3000.0,,0.0
3,18,8,known,3,100.0,300.0,150.0,1769.196694306525,48.69084563095073,1768.5265462234029,812.5170221549602,48.57110582867154,811.0639672492817,1.0,1.0,58.0,2084.6236163024037,120.42068365701051,83.82499143453646,0.03064980002818629,150000.0,3000.0,,0.0
3,19,8,known,3,100.0,300.0,150.0,1102.5978764537035,54.207540260120865,1101.264554836468,1076.2217609801821,42.55973710340533,1075.3799084904708,1.0,1.0,27.0,1345.940691971658,187.68792893423827,64.5080033134114,0.016067099990323186,150000.0,3000.0,,0.0
3,20,8,known,3,100.0,300.0,150.0,2142.913994179225,97.41377590060965,2140.698704328553,1381.547822710238,61.52482256719108,1380.1771924805435,1.0,1.0,29.0,2136.9458244186226,117.9901824457289,62.72221920248766,0.01469009998254478,150000.0,3000.0,,0.0
3,21,8,known,3,100.0,300.0,150.0,2680.536134854072,92.30974612587468,2678.946225856089,1050.8734269995298,72.48124493419127,1048.37084502886,1.0,1.0,173.0,684.5205414468974,367.973772549722,82.29328129798178,0.11502190004102886,150000.0,3000.0,,0.0
3,22,8,known,3,100.0,300.0,150.0,1359.0205856381106,64.45560382144086,1357.491225505405,1134.9258878600676,67.04988812814867,1132.9435482127806,1.0,1.0,49.0,898.9205186400752,281.7613947157842,75.8770874983192,0.028220599982887506,150000.0,3000.0,,0.0
3,23,8,known,3,100.0,300.0,150.0,1464.4806731823674,79.40641441541332,1462.3263190801044,1372.5840359484862,54.32318682197746,1371.5086318044594,1.0,1.0,59.0,1195.4926186871278,210.95972687530644,93.30008145030365,0.03407369996421039,150000.0,3000.0,,0.0
3,24,8,known,3,100.0,300.0,150.0,905.544116766159,65.5339914870149,903.1696647748877,594.1277153747732,38.7424044475039,592.8631952432817,1.0,1.0,132.0,728.7992026399928,346.8693661787258,65.1647177947334,0.08007130003534257,150000.0,3000.0,,0.0
3,25,8,known,3,100.0,300.0,150.0,1267.6587424059685,89.48352994410423,1264.4964946835655,1001.0865439556079,65.095745113875,998.9678735860592,1.0,1.0,38.0,1424.4771175077212,177.2771055927355,58.80286333360139,0.019223200040869415,150000.0,3000.0,,0.0
3,26,8,known,3,100.0,300.0,150.0,868.4323577685495,69.92540080292385,865.6126144771646,493.1627871061164,61.46112324014865,489.31795891458137,1.0,1.0,48.0,1602.7007860366411,157.84976959323885,64.04836040564469,0.025101799983531237,150000.0,3000.0,,0.0
3,27,8,known,3,100.0,300.0,150.0,2840.3145249916756,81.10052073414695,2839.1564427511453,787.882777679623,52.2172670709626,786.1505125507443,1.0,1.0,50.0,2724.280280076307,92.79675414787651,69.35151475015809,0.024346599995624274,150000.0,3000.0,,0.0
3,28,8,known,3,100.0,300.0,150.0,793.2484921564123,89.52117385144548,788.1808991219472,438.4626664006862,78.90301023673823,431.30479339184325,1.0,1.0,87.0,1508.219276400678,167.05812869315133,79.74250705604108,0.04749969998374581,150000.0,3000.0,,0.0
3,29,8,known,3,100.0,300.0,150.0,2261.3757462241033,120.79343065882641,2258.14729650665,1532.7076845876395,69.63141412719628,1531.1251786058021,1.0,1.0,47.0,1671.5824523042936,150.5851224771104,72.54080142482063,0.030448800011072308,150000.0,3000.0,,0.0
3,30,8,known,3,100.0,300.0,150.0,5155.271870143102,295.5712258333435,5146.791787662304,1527.8037315007625,84.68154392395142,1525.455105241157,1.0,1.0,117.0,2069.116736875707,122.04493468840278,88.07478179353332,0.0664595999987796,150000.0,3000.0,,0.0
3,31,8,known,3,100.0,300.0,150.0,3940.709120106892,177.6459411368539,3936.7029718904673,1413.3668109070088,64.29015405405585,1411.9038629684226,1.0,1.0,57.0,1476.3053728289647,171.12359467875788,61.6962417342865,0.03235870000207797,150000.0,3000.0,,0.0
3,32,8,known,3,100.0,300.0,150.0,1357.0536336310197,51.639293400827825,1356.070775412632,818.8475953393356,45.20329776757814,817.5989519709209,1.0,1.0,80.0,689.4828664654777,365.759935803045,82.70825983582526,0.05100140004651621,150000.0,3000.0,,0.0
3,33,8,known,3,100.0,300.0,150.0,1851.0614558544307,62.56275428377195,1850.003895975993,974.213811650333,44.29749261752611,973.2061872789706,1.0,1.0,28.0,2033.0633468202223,124.34003345352691,66.02240063686888,0.011885800049640238,150000.0,3000.0,,0.0
3,34,8,known,3,100.0,300.0,150.0,1250.6699585301187,76.37614855225199,1248.3357036879356,556.7551973426771,74.24384969684465,551.7827476011511,1.0,1.0,139.0,767.3015891616697,329.0586547059821,88.03138944839434,0.07690900005400181,150000.0,3000.0,,0.0
3,35,8,known,3,100.0,300.0,150.0,1987.2850370874328,74.0128144128816,1985.9063225475372,1086.546292167261,37.389325095805084,1085.9027964745756,1.0,1.0,39.0,703.4897834429154,359.30665037078603,81.33440365716966,0.01440859999274835,150000.0,3000.0,,0.0
3,36,8,known,3,100.0,300.0,150.0,865.3842501963567,31.58254307378876,864.8077494223226,642.3096491997202,25.118774165921874,641.818301888836,1.0,1.0,107.0,1124.290152084712,225.36812405731888,81.35684109324731,0.0820215999847278,150000.0,3000.0,,0.0
3,37,8,known,3,100.0,300.0,150.0,2639.7245229982677,121.12207379838043,2636.944254351466,802.889783615784,74.19724274254523,799.454047337309,1.0,1.0,69.0,2601.3783606269376,96.76304847845195,90.66024170221864,0.04577700002118945,150000.0,3000.0,,0.0
3,38,8,known,3,100.0,300.0,150.0,916.8366797281768,91.61540297738995,912.2478365182775,452.9182504088839,78.41949498455273,446.077711121966,1.0,1.0,47.0,712.6590871906772,356.53494922312274,75.50066499390937,0.03652759996475652,150000.0,3000.0,,0.0
3,39,8,known,3,100.0,300.0,150.0,2060.5177963166034,72.83690730518485,2059.2300439415817,1455.7414587939968,53.87381889801545,1454.7442409196944,1.0,1.0,33.0,944.1701314539204,266.05210262166435,67.88524865171624,0.038889800023753196,150000.0,3000.0,,0.0
3,40,8,known,3,100.0,300.0,150.0,1212.1102959044392,97.29826789839711,1208.198831526301,905.1068691505385,76.64746221836508,901.8556487149007,1.0,1.0,34.0,1397.2350665243564,180.73729700893207,55.399178902135496,0.018126900016795844,150000.0,3000.0,,0.0
3,41,8,known,3,100.0,300.0,150.0,1505.1898315757558,88.69046276768476,1502.5746007746523,1206.0318603226854,62.513678905030844,1204.4105977876297,1.0,1.0,62.0,1474.1946047789515,170.9175639839276,55.19571687162671,0.031361899978946894,150000.0,3000.0,,0.0
3,42,8,known,3,100.0,300.0,150.0,3344.8696226058914,171.0964221830083,3340.4908032425196,994.9464898211544,79.4191776123484,991.7717034856433,1.0,1.0,36.0,3049.5508731681143,82.62291910230874,77.688978103887,0.015886700013652444,150000.0,3000.0,,0.0
3,43,8,known,3,100.0,300.0,150.0,3029.0134440535267,177.15986845216003,3023.8281738992746,1784.7357003652953,69.11617852146898,1783.3968918961896,1.0,1.0,34.0,1595.8203567902685,157.9562049015439,73.22850575700427,0.01498360000550747,150000.0,3000.0,,0.0
3,44,8,known,3,100.0,300.0,150.0,2622.608050338897,103.6592600115503,2620.558670115258,1608.7520597542284,55.58550551699339,1607.7914794337892,1.0,1.0,31.0,2345.1378327067373,108.02699097953727,96.67233182767997,0.014526399958413094,150000.0,3000.0,,0.0
3,45,8,known,3,100.0,300.0,150.0,869.0376414013601,72.30404832859085,866.0245647599933,699.1468804849608,60.715797033703986,696.5055293983057,1.0,1.0,49.0,1324.0761753273575,190.6096453540965,90.34727560175018,0.027092000003904104,150000.0,3000.0,,0.0
3,46,8,known,3,100.0,300.0,150.0,1515.3667985823433,53.24550659586667,1514.431064879828,569.435624477472,42.37749450394918,567.8565649735998,1.0,1.0,66.0,1984.915222283053,127.01321559360808,70.35533247315804,0.04215799999656156,150000.0,3000.0,,0.0
3,47,8,known,3,100.0,300.0,150.0,363.04074493474366,52.59825920198445,359.210252653922,347.33648733303124,47.98283965766677,344.00622455303863,1.0,1.0,45.0,1166.4637999857878,216.75698973202861,71.89350458832595,0.01929620001465082,150000.0,3000.0,,0.0
3,48,8,known,3,100.0,300.0,150.0,993.5688452577141,62.10865413042656,991.6257183780856,747.58247070295,44.461135530008455,746.2591761108933,1.0,1.0,37.0,1037.2045958851074,243.37765211704158,84.72814163403267,0.014152899966575205,150000.0,3000.0,,0.0
3,49,8,known,3,100.0,300.0,150.0,888.2403947306265,48.42204761070866,886.9195589998033,657.1490636044391,36.035538259055876,656.1602942715837,1.0,1.0,80.0,1271.3013358773692,198.1790338587901,79.94295244434913,0.04424690001178533,150000.0,3000.0,,0.0
3,50,8,known,3,100.0,300.0,150.0,1937.604782885566,85.24022835351366,1935.7289061568674,1162.1624986370823,61.84843039761492,1160.515594421608,1.0,1.0,38.0,2202.1115711664297,115.29567901888443,86.62096561122554,0.022899000032339245,150000.0,3000.0,,0.0
3,51,8,known,3,100.0,300.0,150.0,4123.763164053904,203.2413128275241,4118.751704335672,1695.6189201339125,46.70337541871564,1694.9756095710034,1.0,1.0,37.0,1654.6225085193687,153.0176636808313,75.19051938933642,0.03264540003146976,150000.0,3000.0,,0.0
3,52,8,known,3,100.0,300.0,150.0,1443.2366983056831,81.60444936708616,1440.9277848593883,851.456731202417,52.07241928434345,849.8629467506985,1.0,1.0,77.0,1804.7118434499662,140.21325378249182,90.71818216958185,0.04751100001158193,150000.0,3000.0,,0.0
3,53,8,known,3,100.0,300.0,150.0,3968.59631987441,205.2756873784077,3963.283820557396,1209.7197402844347,72.85200525463661,1207.5240930781542,1.0,1.0,43.0,3360.6597782548606,75.1379408980594,74.48940567867798,0.03382410004269332,150000.0,3000.0,,0.0
3,54,8,known,3,100.0,300.0,150.0,1718.4070634901486,70.64745938661197,1716.9542138144081,1242.6171514204693,42.058254593021374,1241.9051848772153,1.0,1.0,31.0,841.0196304183036,300.85719226189127,73.81986490446693,0.01897029997780919,150000.0,3000.0,,0.0
3,55,8,known,3,100.0,300.0,150.0,1691.825774952671,66.4878187896149,1690.518802837403,1164.2941997090206,32.61190418042326,1163.8373800414709,1.0,1.0,31.0,839.7858738321509,299.8165932534264,59.285996695226444,0.015216999978292733,150000.0,3000.0,,0.0
3,56,8,known,3,100.0,300.0,150.0,5014.457759574712,260.5849925595896,5007.682306637648,1630.165906575463,72.94753669208922,1628.5329409783387,1.0,1.0,40.0,2044.9099771968401,123.05811633618686,82.25174948454739,0.02155860001221299,150000.0,3000.0,,0.0
3,57,8,known,3,100.0,300.0,150.0,1660.846657185774,84.36501860477836,1658.7025539019874,1148.7266614239948,64.94783350797101,1146.8891496517601,1.0,1.0,25.0,2004.3158456941535,126.48941012515914,82.09912962273066,0.014508899999782443,150000.0,3000.0,,0.0
3,58,8,known,3,100.0,300.0,150.0,1797.386325329455,121.03998851180327,1793.306143318085,1125.6618058804595,70.53504461418693,1123.449735724448,1.0,1.0,36.0,1789.7810659508152,141.07735256168203,67.78236924346993,0.027936499973293394,150000.0,3000.0,,0.0
3,59,8,known,3,100.0,300.0,150.0,2461.5246338527677,133.11699408049222,2457.922575865842,1149.2839074842104,64.4236804933169,1147.4768361034003,1.0,1.0,36.0,2571.8738311504026,97.64929426093498,48.22933314738203,0.02060610003536567,150000.0,3000.0,,0.0
3,60,8,known,3,100.0,300.0,150.0,948.1437059942759,74.17518259860041,945.2378163737549,920.4773395215822,50.29778080004601,919.1020976035908,1.0,1.0,39.0,1198.7928148065691,210.4136296420521,91.96494395482205,0.018467899993993342,150000.0,3000.0,,0.0
3,61,8,known,3,100.0,300.0,150.0,2263.581342058536,100.82477684442556,2261.334751090558,1346.293743408477,49.23606728969629,1345.3931221834957,1.0,1.0,79.0,2121.939731342335,118.39669176103256,107.31861844700823,0.037713299971073866,150000.0,3000.0,,0.0
3,62,8,known,3,100.0,300.0,150.0,2299.343468120547,132.36914305470665,2295.530177182515,833.7659409384485,69.5136805535252,830.8631009287143,1.0,1.0,81.0,2371.3820287001267,106.51174971485254,103.08985415096869,0.04677140002604574,150000.0,3000.0,,0.0
3,63,8,known,3,100.0,300.0,150.0,1966.2379090933252,69.13160124902448,1965.0222229950573,903.0629427341248,46.396674505183036,901.8702939638699,1.0,1.0,33.0,2193.762767097304,115.13902116007858,62.99566816419703,0.012461999955121428,150000.0,3000.0,,0.0
3,64,8,known,3,100.0,300.0,150.0,2940.8903179165527,131.86076300659036,2937.93270875877,1935.6087905806614,69.60189338385108,1934.3569904778471,1.0,1.0,29.0,2448.869004632153,102.91951476217638,67.9545299676717,0.014268100028857589,150000.0,3000.0,,0.0
3,65,8,known,3,100.0,300.0,150.0,1801.6954895628382,59.56120302987575,1800.7107208557152,401.86662414338605,58.3883282295017,397.60229718522186,1.0,1.0,164.0,211.67233406418444,1191.1989043381266,77.56456369915557,0.10050220001721755,150000.0,3000.0,,0.0
3,66,8,known,3,100.0,300.0,150.0,3480.175140451805,144.85358593834675,3477.1592495684667,1196.6447570745343,55.37251231332393,1195.362940497187,1.0,1.0,42.0,1284.9644949759236,197.2058740626533,91.83044160214516,0.022553700022399426,150000.0,3000.0,,0.0
3,67,8,known,3,100.0,300.0,150.0,2483.100365152379,64.57696791181208,2482.2605098247027,905.7185921332742,32.24556081189768,905.1444039178537,1.0,1.0,59.0,2493.4827742175644,100.88503692729151,68.25110186609426,0.03375269996467978,150000.0,3000.0,,0.0
3,68,8,known,3,100.0,300.0,150.0,2538.5013867649945,112.87664264289747,2535.9905666530917,1112.929657529995,65.95972976489671,1110.9733285093632,1.0,1.0,25.0,2587.5485954040773,97.70949217841464,70.64557954419215,0.011639100033789873,150000.0,3000.0,,0.0
3,69,8,known,3,100.0,300.0,150.0,1907.804207128013,75.14367883199627,1906.323771101578,492.16291850482673,48.52659536907334,489.76474749932237,1.0,1.0,355.0,0.1706620271167132,1474812.0103422492,104.48134673057434,0.22889259998919442,150000.0,3000.0,,0.0
3,70,8,known,3,100.0,300.0,150.0,3699.2719106927693,152.25767935440405,3696.1372090762734,1507.4836481587656,59.15138886874503,1506.3226953946355,1.0,1.0,38.0,3068.6010728002493,82.60773960368952,59.40671310058771,0.0184239000082016,150000.0,3000.0,,0.0
3,71,8,known,3,100.0,300.0,150.0,2009.6133498639267,84.20719557776938,2007.8483419233237,1413.7674517933206,67.61295651464562,1412.149742719067,1.0,1.0,43.0,1591.8944709635425,157.88586911580776,69.55191382800447,0.03459509997628629,150000.0,3000.0,,0.0
3,72,8,known,3,100.0,300.0,150.0,1373.6083412488913,64.95624216418081,1372.0716314217852,1071.6318540131517,51.976565521340525,1070.3706214074969,1.0,1.0,38.0,1677.2288803888728,151.340742163427,82.96936033792285,0.029121800034772605,150000.0,3000.0,,0.0
3,73,8,known,3,100.0,300.0,150.0,1247.4728704312968,69.04435100000548,1245.560693044336,952.1226983012144,44.38849799549011,951.0874270360689,1.0,1.0,94.0,1718.0561574296928,147.07590531358116,79.02040103079325,0.08253469999181107,150000.0,3000.0,,0.0
3,74,8,known,3,100.0,300.0,150.0,1091.5377070891739,82.73029343739934,1088.3980267095546,767.5203133621021,61.342098529818784,765.0650811345512,1.0,1.0,23.0,839.8531139327387,299.4578431900601,53.55698893056586,0.012795599992386997,150000.0,3000.0,,0.0
3,75,8,known,3,100.0,300.0,150.0,4898.85489403843,198.73320115963386,4894.822201837481,1440.0463111432339,55.61595349899932,1438.9719399465832,1.0,1.0,47.0,1859.2961743108747,136.16041538549206,65.13744523293286,0.024693499959539622,150000.0,3000.0,,0.0
3,76,8,known,3,100.0,300.0,150.0,2192.4012747194097,118.69058229708061,2189.186126181434,1272.2696268150385,48.51081770565451,1271.3444473790753,1.0,1.0,26.0,2183.8853640055245,115.73376168641622,82.00663749366798,0.0134723000228405,150000.0,3000.0,,0.0
3,77,8,known,3,100.0,300.0,150.0,2971.9502153427293,130.64053127499596,2969.07748872674,1200.2084930460105,53.11596279799355,1199.03257723709,1.0,1.0,34.0,2805.811976727591,89.85018557203416,78.71789689373706,0.018621499999426305,150000.0,3000.0,,0.0
3,78,8,known,3,100.0,300.0,150.0,2630.410386927869,118.93780891733208,2627.7200386015184,1801.3309308892178,47.60473269342035,1800.7017831954863,1.0,1.0,33.0,2268.9052799490682,111.31463600508538,103.6608475369265,0.016450800001621246,150000.0,3000.0,,0.0
3,79,8,known,3,100.0,300.0,150.0,1903.923658746014,49.04845328004384,1903.2917662732752,464.87093842512104,36.061586254742124,463.47011919760746,1.0,1.0,497.0,1.4024311203108764,179740.0874401805,67.39939747955192,0.3033924999763258,150000.0,3000.0,,0.0
3,80,8,known,3,100.0,300.0,150.0,1696.4229034535142,82.89333126060033,1694.3964598033638,936.0608882911396,68.89999301446936,933.5217070593503,1.0,1.0,66.0,2037.3451343226295,123.35380828634597,86.95222613286982,0.03520479996223003,150000.0,3000.0,,0.0
3,81,8,known,3,100.0,300.0,150.0,1200.3761936878818,47.04610158920259,1199.453905199306,894.9265419268753,32.07586973596387,894.3515270998741,1.0,1.0,27.0,1642.8135761693684,152.88262507218718,75.35632256305377,0.015416599984746426,150000.0,3000.0,,0.0
3,82,8,known,3,100.0,300.0,150.0,1546.9386053916023,92.24270442107789,1544.1859772488551,1313.6151807970316,63.96405583339036,1312.0569510435746,1.0,1.0,37.0,1560.1364635347813,161.8016891082047,57.47422442438578,0.01734489999944344,150000.0,3000.0,,0.0
3,83,8,known,3,100.0,300.0,150.0,3345.8273664407407,172.592927701813,3341.3728387193037,1493.755114708229,68.62070665193173,1492.1781198421268,1.0,1.0,37.0,1316.4974282559235,191.46186058238095,68.53964248008464,0.022094800020568073,150000.0,3000.0,,0.0
3,84,8,known,3,100.0,300.0,150.0,1825.720241732595,53.397633341715334,1824.939202775158,1167.0845413268703,22.460343603131253,1166.8683985648854,1.0,1.0,43.0,974.8690988556699,259.4632004568403,79.12615525879177,0.026271200040355325,150000.0,3000.0,,0.0
3,85,8,known,3,100.0,300.0,150.0,1558.2573553061375,71.47313084191829,1556.617350839098,1130.1263998608945,50.182050354474164,1129.0117100742434,1.0,1.0,38.0,1397.6492321419064,180.32660102559166,70.01010676574762,0.01724849996389821,150000.0,3000.0,,0.0
3,86,8,known,3,100.0,300.0,150.0,2417.0955496053866,65.91055879138985,2416.1967416090047,903.8508799960842,29.973739656366977,903.3537447759367,1.0,1.0,50.0,2408.1782281608353,104.82343281742725,58.8694789459686,0.024832199967931956,150000.0,3000.0,,0.0
3,87,8,known,3,100.0,300.0,150.0,1642.7098593248338,85.36672846295346,1640.4902327031843,758.0924882971591,66.33946683730507,755.184279465827,1.0,1.0,107.0,463.7696758564114,544.109088580836,77.56182793755072,0.05814219999592751,150000.0,3000.0,,0.0
3,88,8,known,3,100.0,300.0,150.0,1701.1171426734777,74.08860277198204,1699.5029897110721,909.5909004637817,46.51179390644801,908.4009352891031,1.0,1.0,35.0,2021.1309285059288,125.2534640638393,72.89398419480575,0.01569630001904443,150000.0,3000.0,,0.0
3,89,8,known,3,100.0,300.0,150.0,2745.091862266565,103.41707121400526,2743.1431318222594,1115.104033233076,63.97024786835602,1113.2676283447454,1.0,1.0,40.0,897.7248207448304,280.4369741857041,61.24141079898623,0.015601999999489635,150000.0,3000.0,,0.0
3,90,8,known,3,100.0,300.0,150.0,1471.2205841713583,86.474749034249,1468.6769982092649,1078.8136287153218,74.01771542238333,1076.2714449921875,1.0,1.0,38.0,1698.3117469576393,148.36547391946254,68.03684677818285,0.02343009994365275,150000.0,3000.0,,0.0
3,91,8,known,3,100.0,300.0,150.0,1751.309419738597,90.22418273416608,1748.9837850921012,975.904316823885,60.28798230249186,974.0403455634618,1.0,1.0,69.0,1064.6552812757122,236.77343717868865,97.0106017927069,0.036353499977849424,150000.0,3000.0,,0.0
3,92,8,known,3,100.0,300.0,150.0,4819.945889670775,210.6901415019619,4815.3388295765935,1501.523600475086,53.201779121907975,1500.5807853900865,1.0,1.0,123.0,1864.8609207792906,134.7909216602488,94.89979381027283,0.06878270005108789,150000.0,3000.0,,0.0
3,93,8,known,3,100.0,300.0,150.0,1360.6815247897891,56.98098227484682,1359.4879107823135,936.7387064518417,49.878883145476124,935.4098038727354,1.0,1.0,93.0,1098.912095444228,229.2563727947522,65.9165356928586,0.05181199999060482,150000.0,3000.0,,0.0
3,94,8,known,3,100.0,300.0,150.0,2298.9938633303855,64.31819275722685,2298.0939827846933,1155.9670306258759,35.85657350530853,1155.4107849723678,1.0,1.0,52.0,2431.233246682482,103.8743646796841,94.58226437990956,0.025261000031605363,150000.0,3000.0,,0.0
3,95,8,known,3,100.0,300.0,150.0,1543.178192711377,75.67327348050058,1541.3216699121235,981.4373835171493,81.34074074652003,978.0608476264631,1.0,1.0,101.0,1091.327314595575,231.4839346224254,73.89743089720007,0.07318389997817576,150000.0,3000.0,,0.0
3,96,8,known,3,100.0,300.0,150.0,2147.992234870558,90.44915208964231,2146.087042025668,1588.88393355332,49.6406785947956,1588.108295215575,1.0,1.0,32.0,2026.033863214556,124.36465139688175,60.72589753643984,0.017548599978908896,150000.0,3000.0,,0.0
3,97,8,known,3,100.0,300.0,150.0,1413.380164814007,80.3813349485998,1411.0926019512506,369.58282953866853,45.4940346438533,366.77208277298365,1.0,1.0,78.0,1967.9656938868752,127.91863253282035,74.10899019487664,0.056612599990330637,150000.0,3000.0,,0.0
3,98,8,known,3,100.0,300.0,150.0,570.4770888553475,47.51203674160225,568.4951321458582,461.376105257892,36.72385888369961,459.9122402063589,1.0,1.0,58.0,1357.257119028079,186.09184341743472,87.23885983134572,0.038263100024778396,150000.0,3000.0,,0.0
3,99,8,known,3,100.0,300.0,150.0,2994.7463796769002,126.05278272013058,2992.092340579818,1448.7131838055352,37.25027754646863,1448.2342026601505,1.0,1.0,35.0,1246.3514812256967,202.27733981314043,69.3258299155456,0.01587549998657778,150000.0,3000.0,,0.0
4,0,8,known,3,100.0,300.0,150.0,1460.4743640520073,71.06743753672086,1458.744250160075,932.4113883769883,54.36706834735729,930.8250206426644,1.0,1.0,38.0,2131.441899584446,118.2221379338068,48.79792126216477,0.022150599979795516,150000.0,3500.0,,0.0
4,1,8,known,3,100.0,300.0,150.0,1372.9200027738232,93.97168919166131,1369.7002064856895,641.0136767398842,67.12698665252003,637.489216717065,1.0,1.0,45.0,2186.422114782333,115.926383932703,79.51102874999235,0.021732900000642985,150000.0,3500.0,,0.0
4,2,8,known,3,100.0,300.0,150.0,2044.1077039548989,106.45701791228102,2041.3336838216806,1842.59396269607,70.92202548985159,1841.2285511756609,1.0,1.0,44.0,2045.9265124730653,123.26342797785021,67.60024940462455,0.019443399971351027,150000.0,3500.0,,0.0
4,3,8,known,3,100.0,300.0,150.0,1828.3461958813043,108.15757352191753,1825.1443097145739,1000.6070550318669,50.46076589050174,999.3338729800414,1.0,1.0,39.0,1042.3251921486074,241.49997756516657,71.52135972176931,0.0218044999637641,150000.0,3500.0,,0.0
4,4,8,known,3,100.0,300.0,150.0,2683.352274364243,108.58445671933417,2681.1543864713803,1087.346210045525,62.95424761699033,1085.5222444553337,1.0,1.0,47.0,665.9434185974644,380.0862365395314,58.258681014029484,0.02514129999326542,150000.0,3500.0,,0.0
4,5,8,known,3,100.0,300.0,150.0,1145.8885991550974,131.43434550709594,1138.3258296703773,375.32267916698993,82.45341359389703,366.1537219308319,1.0,1.0,51.0,2124.636090177946,118.6825836456396,72.0811127516843,0.03688750002766028,150000.0,3500.0,,0.0
4,6,8,known,3,100.0,300.0,150.0,1888.9895526888488,70.96962936208638,1887.6559119383558,1483.5534153108408,64.76616639432362,1482.1390217422395,1.0,1.0,34.0,1335.9214925442543,188.62909015794952,83.59802571129481,0.023182999982964247,150000.0,3500.0,,0.0
4,7,8,known,3,100.0,300.0,150.0,2214.1297067062364,85.40513243334318,2212.4819369823313,894.8413782009845,38.905947597948774,893.9952009838437,1.0,1.0,57.0,2622.299304754039,96.36131702708352,95.08287136087962,0.042514000029768795,150000.0,3500.0,,0.0
4,8,8,known,3,100.0,300.0,150.0,1760.0818879317078,66.03669031172161,1758.8426330282987,1011.354961948621,51.367113573997685,1010.0496417014228,1.0,1.0,48.0,2452.547015574853,102.630568920177,84.83366998351406,0.02775479998672381,150000.0,3500.0,,0.0
4,9,8,known,3,100.0,300.0,150.0,3760.1137293453717,172.7465975170348,3756.1434837686706,1216.0183804801936,52.690030758492064,1214.876315648775,1.0,1.0,41.0,1102.844178193034,228.6984851194561,66.00643785408089,0.019787899975199252,150000.0,3500.0,,0.0
4,10,8,known,3,100.0,300.0,150.0,1930.6440745785462,49.53553733898078,1930.008490459508,1145.3080439385137,30.06286034755468,1144.9134202803232,1.0,1.0,34.0,2488.8270196636763,101.7146831083858,60.36489074666543,0.015513600024860352,150000.0,3500.0,,0.0
4,11,8,known,3,100.0,300.0,150.0,1070.1319363899577,59.98116156345502,1068.4496345355822,928.3427759853479,30.351916828765464,927.8464694490148,1.0,1.0,42.0,1345.1017342140708,188.13894464033768,86.67808934527476,0.019152300024870783,150000.0,3500.0,,0.0
4,12,8,known,3,100.0,300.0,150.0,3878.8764357898694,199.52400434181777,3873.741418295409,960.3858282314128,77.74825128299442,957.2335913924944,1.0,1.0,40.0,3743.923769248493,67.18137980578092,81.37493709146582,0.04600389994448051,150000.0,3500.0,,0.0
4,13,8,known,3,100.0,300.0,150.0,3943.4599690136733,209.10854044069094,3937.9119016971526,1379.4567462558625,86.15434463641779,1376.7637210832804,1.0,1.0,36.0,1056.3144054306158,237.9057440291329,82.29927519907686,0.021872000012081116,150000.0,3500.0,,0.0
4,14,8,known,3,100.0,300.0,150.0,2507.6532328742906,103.79807343785845,2505.50408027915,612.9917099587535,66.97608203416016,609.3217876569901,1.0,1.0,118.0,0.052259174270070666,4848448.409386725,72.97100012602678,0.16996049997396767,150000.0,3500.0,,0.0
4,15,8,known,3,100.0,300.0,150.0,3261.7448812383327,129.50053543628428,3259.1730978280643,1381.5327620279668,47.77849200948794,1380.7063367196956,1.0,1.0,36.0,1062.1477660486212,237.5087308153246,94.45784669815816,0.039455999969504774,150000.0,3500.0,,0.0
4,16,8,known,3,100.0,300.0,150.0,2651.1658109008495,120.95327451820187,2648.405267755085,1659.673231882827,65.84922045449319,1658.3664000437068,1.0,1.0,24.0,1433.2288634412357,176.0822048456242,79.16958884313881,0.03200569999171421,150000.0,3500.0,,0.0
4,17,8,known,3,100.0,300.0,150.0,1291.3107206705497,106.13822035882494,1286.9413566661676,925.2297957140371,91.74501581728083,920.6698794626257,1.0,1.0,47.0,1849.4194828733434,136.33132073407265,79.64596419045174,0.05760510003892705,150000.0,3500.0,,0.0
4,18,8,known,3,100.0,300.0,150.0,1883.647047426004,101.25501908192167,1880.9236083337946,1624.2771610533705,68.80159498389854,1622.8193480628913,1.0,1.0,44.0,2192.147110528474,114.7855296528746,83.64826379366393,0.039776000019628555,150000.0,3500.0,,0.0
4,19,8,known,3,100.0,300.0,150.0,5116.556220191312,246.0340851766079,5110.637414580467,1792.005088783499,63.25927387047969,1790.8881881612085,1.0,1.0,46.0,1847.3865525648935,136.42023345919705,72.83767456715356,0.04389799997443333,150000.0,3500.0,,0.0
4,20,8,known,3,100.0,300.0,150.0,2374.2783319806426,55.30396836298027,2373.6341480514825,1189.3732820861565,49.320555373721966,1188.3502374965146,1.0,1.0,57.0,736.6781315993975,340.9631585689166,80.5187411466632,0.03570680000120774,150000.0,3500.0,,0.0
4,21,8,known,3,100.0,300.0,150.0,2404.100724492939,52.34812845556645,2403.5307293551864,1477.4936961373007,62.81188404927431,1476.1579486449418,1.0,1.0,25.0,1003.0457555381676,251.27404213521726,85.57069726668773,0.013596100034192204,150000.0,3500.0,,0.0
4,22,8,known,3,100.0,300.0,150.0,2540.7254980931,109.97666728069696,2538.344182595076,608.213368924374,55.22309006120842,605.7011742290322,1.0,1.0,445.0,0.12192278975268882,2065412.029356919,70.41431025090186,0.36677209998015314,150000.0,3500.0,,0.0
4,23,8,known,3,100.0,300.0,150.0,2143.3973811105566,65.68780058569014,2142.3905914202032,854.8160746697206,48.819784302425354,853.4208517340163,1.0,1.0,45.0,2724.326341883801,92.96284442801465,89.8396893561967,0.029228200030047446,150000.0,3500.0,,0.0
4,24,8,known,3,100.0,300.0,150.0,1414.015276638522,65.44222281177639,1412.5000948816144,1195.6489691196691,42.56931768363763,1194.8909199374132,1.0,1.0,24.0,1915.1453760429608,131.78971068909908,71.07811739820741,0.020405699964612722,150000.0,3500.0,,0.0
4,25,8,known,3,100.0,300.0,150.0,1548.3534836497902,78.6720328960141,1546.3535241239144,729.4406143822627,55.66328186033256,727.3136936445718,1.0,1.0,30.0,2323.611706988056,108.93373320794149,78.68423109430547,0.015883099986240268,150000.0,3500.0,,0.0
4,26,8,known,3,100.0,300.0,150.0,1167.7414369903436,42.26210252548592,1166.9764257920542,1158.30220037947,40.649595550429694,1157.5886997485368,1.0,1.0,32.0,1641.7450332705073,153.8991379467087,55.94683856379219,0.018593800021335483,150000.0,3500.0,,0.0
4,27,8,known,3,100.0,300.0,150.0,1139.3619011335131,112.62827556799974,1133.7814662875523,699.1506882340109,89.56585187553031,693.3899646201274,1.0,1.0,57.0,2102.494779583924,120.3370974919979,62.97805946495182,0.03802530001848936,150000.0,3500.0,,0.0
4,28,8,known,3,100.0,300.0,150.0,2473.957424561111,70.25849070661768,2472.9595797393604,590.0707796957463,38.64974988246937,588.803636100159,1.0,1.0,121.0,0.024864129227153735,10192492.689080339,99.77216990690981,0.08423399995081127,150000.0,3500.0,,0.0
4,29,8,known,3,100.0,300.0,150.0,1652.562076361153,80.40293841487231,1650.6049750686382,1270.672753182203,53.32544672872959,1269.5533239729716,1.0,1.0,37.0,1151.592022377137,219.4727005086167,66.25689428139006,0.02564960002200678,150000.0,3500.0,,0.0
4,30,8,known,3,100.0,300.0,150.0,1337.565219043869,79.68976736800256,1335.1892211116399,1064.4430728724349,62.67962837618036,1062.5960284006035,1.0,1.0,39.0,1977.8587611372038,127.76193865082878,66.58022989901752,0.020778899954166263,150000.0,3500.0,,0.0
4,31,8,known,3,100.0,300.0,150.0,2291.7393566800692,103.07189759564378,2289.420333377515,1524.2370100963624,57.36591432561107,1523.1571208582143,1.0,1.0,36.0,1005.9566025390203,250.33103722747413,75.28699635724507,0.019610699964687228,150000.0,3500.0,,0.0
4,32,8,known,3,100.0,300.0,150.0,1918.7947153725918,56.69209760299304,1917.9570291878695,1455.1108241835507,51.09419018717002,1454.2134968378093,1.0,1.0,62.0,1255.4596727939108,200.64489321544167,89.27679106222683,0.05949560005683452,150000.0,3500.0,,0.0
4,33,8,known,3,100.0,300.0,150.0,2213.2842785723883,124.14894449785463,2209.7996147514746,480.488259837654,70.84911978601795,475.2361203311081,1.0,1.0,335.0,250.83602381752246,1006.4159509960405,64.03108258836002,0.2733563000219874,150000.0,3500.0,,0.0
4,34,8,known,3,100.0,300.0,150.0,2201.796158652749,103.31370608224542,2199.3709560675643,930.3829639393784,51.58606505643777,928.9517412011324,1.0,1.0,39.0,2601.6231685191665,97.26854764421581,43.32975869582856,0.019050800008699298,150000.0,3500.0,,0.0
4,35,8,known,3,100.0,300.0,150.0,1455.988397433869,81.22954246534674,1453.720734836274,985.7027553734858,42.5215666855706,984.7851736889049,1.0,1.0,34.0,1335.632365219784,188.71618625027384,51.280214365029494,0.016511299996636808,150000.0,3500.0,,0.0
4,36,8,known,3,100.0,300.0,150.0,1516.8073235849974,87.34956545384398,1514.2901011021988,631.4198225641624,57.803425515768964,628.7684441235908,1.0,1.0,79.0,2352.702961958253,107.33290971235864,74.37805511793584,0.042189300002064556,150000.0,3500.0,,0.0
4,37,8,known,3,100.0,300.0,150.0,3005.2930800555882,124.00656167248434,3002.733566217984,1059.279412947914,73.43035174342887,1056.7312137616232,1.0,1.0,44.0,780.255548749357,322.34215568592595,111.05960654190429,0.021094499970786273,150000.0,3500.0,,0.0
4,38,8,known,3,100.0,300.0,150.0,938.9619541354081,39.09006244538826,938.1479192173268,762.2211857754936,27.86978974346056,761.7115010715376,1.0,1.0,58.0,1440.0079197176003,175.2816648890095,92.59821600971239,0.03011639998294413,150000.0,3500.0,,0.0
4,39,8,known,3,100.0,300.0,150.0,1157.6809614556287,82.70818672222363,1154.7227218540177,542.9918764253814,68.03607960268549,538.7126040257957,1.0,1.0,58.0,2123.3274018278917,119.12859154551921,68.97645482653702,0.040802399977110326,150000.0,3500.0,,0.0
4,40,8,known,3,100.0,300.0,150.0,1684.218207233522,47.65723427671022,1683.5438092303964,719.4054637943646,47.23734711190097,717.8529475979146,1.0,1.0,30.0,2427.121320027913,104.24669100083679,64.15704403219367,0.012722100014798343,150000.0,3500.0,,0.0
4,41,8,known,3,100.0,300.0,150.0,1753.8456287470478,88.17092646359102,1751.62792202045,887.619398908498,74.46171580234576,884.4906162297337,1.0,1.0,52.0,1001.4367562212442,252.08511553300536,62.73345305766546,0.03726870001992211,150000.0,3500.0,,0.0
4,42,8,known,3,100.0,300.0,150.0,1187.1675588367355,43.209410946830374,1186.3809504370852,1092.3044112113841,37.43484751466645,1091.6627496362612,1.0,1.0,42.0,1823.645074466812,138.3713127556925,87.12703317937329,0.030003000050783157,150000.0,3500.0,,0.0
4,43,8,known,3,100.0,300.0,150.0,3933.132821223942,208.128140814333,3927.6222407953355,1765.0726454644764,66.59179253869668,1763.8160269522014,1.0,1.0,47.0,1368.6787439780542,183.18779442341804,78.242286278452,0.037141499982681125,150000.0,3500.0,,0.0
4,44,8,known,3,100.0,300.0,150.0,2844.8992426658433,152.3174659837015,2840.818735941629,1400.3260912838286,78.93192950377582,1398.0997505310759,1.0,1.0,53.0,1304.7592263421934,194.55710541128033,75.39984173047372,0.04070820001652464,150000.0,3500.0,,0.0
4,45,8,known,3,100.0,300.0,150.0,1397.915925762343,96.45657611363761,1394.5841905114307,1257.982900812102,53.241975470045595,1256.8557080204862,1.0,1.0,42.0,1964.9229820700166,128.8787712898244,68.04747557590392,0.03496549994451925,150000.0,3500.0,,0.0
4,46,8,known,3,100.0,300.0,150.0,1918.49553338037,118.61146630528138,1914.8254311193334,996.6698709443239,73.81175580552612,993.932923467716,1.0,1.0,50.0,2449.859373691509,103.14883480581858,88.73397192452789,0.0703804999939166,150000.0,3500.0,,0.0
4,47,8,known,3,100.0,300.0,150.0,1454.2491959961503,53.20228117375104,1453.2756935053167,1035.0770242418262,45.84724307225946,1034.0611569999073,1.0,1.0,33.0,2186.956078452703,115.47243793244036,68.1915501289872,0.02701270004035905,150000.0,3500.0,,0.0
4,48,8,known,3,100.0,300.0,150.0,1118.3429102866467,89.71003961501518,1114.7389711410824,976.4115728571289,64.96161144038595,974.24819663595,1.0,1.0,47.0,1679.6636492790997,149.82011905265546,84.62154026720557,0.057753600005526096,150000.0,3500.0,,0.0
4,49,8,known,3,100.0,300.0,150.0,1449.1192888121889,69.85739787450024,1447.4345087670624,999.3662732065551,56.1013684029312,997.7903509686178,1.0,1.0,41.0,1803.157173651599,140.33974496761334,81.54252950634152,0.03248739999253303,150000.0,3500.0,,0.0
4,50,8,known,3,100.0,300.0,150.0,3072.8944736826606,130.2516097094059,3070.132727514813,1066.2795547113296,63.57686273614894,1064.3824835650107,1.0,1.0,26.0,3238.2787601639156,77.77517671925676,59.27078495824281,0.023231200000736862,150000.0,3500.0,,0.0
4,51,8,known,3,100.0,300.0,150.0,1662.1009852159366,58.25797409684083,1661.0796770504173,1055.1408015792347,38.644243606396714,1054.4328966763883,1.0,1.0,96.0,2362.893167833263,106.9635885719567,70.71708268495637,0.10199380002450198,150000.0,3500.0,,0.0
4,52,8,known,3,100.0,300.0,150.0,4627.773760618028,314.8971268659134,4617.047734099824,1451.141751303627,80.13173138904891,1448.9276338041009,1.0,1.0,142.0,1534.8371022847048,164.8339952168937,81.90661191742079,0.12795509997522458,150000.0,3500.0,,0.0
4,53,8,known,3,100.0,300.0,150.0,1616.1206653722572,99.37773666193598,1613.0623269109035,1240.9641469924418,62.505545720205696,1239.3889909446902,1.0,1.0,34.0,1225.3101154530864,205.38591890137744,74.91398817553107,0.03700640000170097,150000.0,3500.0,,0.0
4,54,8,known,3,100.0,300.0,150.0,2322.521401497542,105.7084456311877,2320.1145197891296,1607.8487809814546,55.57261977912996,1606.8881063827791,1.0,1.0,32.0,2021.892258269364,124.32509293653699,66.18612197611344,0.033572700049262494,150000.0,3500.0,,0.0
4,55,8,known,3,100.0,300.0,150.0,2432.5736684344533,104.86942667366242,2430.31213133412,1778.384686984072,72.91108743645245,1776.8894361294035,1.0,1.0,40.0,2537.741134455529,99.63887456146462,97.37797859269924,0.024559299985412508,150000.0,3500.0,,0.0
4,56,8,known,3,100.0,300.0,150.0,2498.0416926016683,110.46402360417127,2495.598124190949,1737.8028542307513,67.47260198736167,1736.4925016116829,1.0,1.0,35.0,2258.6548510796074,111.94668179844389,68.83131031292865,0.03079530003014952,150000.0,3500.0,,0.0
4,57,8,known,3,100.0,300.0,150.0,952.4008873050168,106.66243995473909,946.4093057669525,782.8413526662865,59.99563367411174,780.5389851791024,1.0,1.0,44.0,1691.7018036410504,148.66357310669767,66.11041948160837,0.0316529999836348,150000.0,3500.0,,0.0
4,58,8,known,3,100.0,300.0,150.0,1028.483725514447,146.67552939592196,1017.97105200713,298.55438824313626,69.46505347950026,290.36068791130026,1.0,1.0,150.0,2075.297288471068,121.8774705965523,90.01756975328156,0.16768980002962053,150000.0,3500.0,,0.0
4,59,8,known,3,100.0,300.0,150.0,661.1284559399456,53.477561884392784,658.962051736242,309.813576949951,50.900557972171946,305.6036414387839,1.0,1.0,204.0,1216.3499924440887,207.49053074102764,78.26318557299663,0.14317639998625964,150000.0,3500.0,,0.0
4,60,8,known,3,100.0,300.0,150.0,2357.5437802262877,61.87082994444965,2356.7317785623463,632.5322289621777,57.4038367291044,629.922074708165,1.0,1.0,58.0,2860.292525709849,88.24913951766385,91.75197536196987,0.034387399966362864,150000.0,3500.0,,0.0
4,61,8,known,3,100.0,300.0,150.0,2159.6139198373157,77.57482747386915,2158.2201993535077,899.0677430382914,58.69092154004736,897.1500333281759,1.0,1.0,25.0,2666.375115976511,94.132275112008,54.06335376889123,0.016487699991557747,150000.0,3500.0,,0.0
4,62,8,known,3,100.0,300.0,150.0,2565.8607025709057,60.94187799825185,2565.1368837751543,838.0645728192649,22.76381262864955,837.7553563238761,1.0,1.0,59.0,396.2491349117381,636.953561734869,89.42651496542302,0.05317769997054711,150000.0,3500.0,,0.0
4,63,8,known,3,100.0,300.0,150.0,1490.2410103239577,95.02898622557218,1487.2080421475368,1159.5297072348123,48.554717633193114,1158.5126591261792,1.0,1.0,42.0,2093.164220571333,120.60876886798991,77.53400232273654,0.057466099970042706,150000.0,3500.0,,0.0
4,64,8,known,3,100.0,300.0,150.0,5195.4044109874885,266.27297927700306,5188.576461247844,1752.8156009000743,68.8490099289177,1751.4629155624439,1.0,1.0,55.0,1751.5443253497406,143.9232266846401,83.50619844716678,0.05855630000587553,150000.0,3500.0,,0.0
4,65,8,known,3,100.0,300.0,150.0,860.6936306631343,85.30846877849794,856.455481048931,269.18882433809773,55.48560914362841,263.40837178511947,1.0,1.0,81.0,1968.9266658823242,128.38609291930356,81.40203466183995,0.10066150000784546,150000.0,3500.0,,0.0
4,66,8,known,3,100.0,300.0,150.0,2986.05887313714,106.47213265713755,2984.1600625315805,964.8043143023441,53.13999238988739,963.3397666997969,1.0,1.0,30.0,3255.0679473916575,77.71501606767967,45.21221441429629,0.038774399959947914,150000.0,3500.0,,0.0
4,67,8,known,3,100.0,300.0,150.0,2391.7176724437577,64.066306448382,2390.8594548943793,1333.4144610365172,40.87616410170202,1332.787779096746,1.0,1.0,41.0,931.4020115069093,270.9500011983476,74.2311451526573,0.037463299988303334,150000.0,3500.0,,0.0
4,68,8,known,3,100.0,300.0,150.0,828.7455377929134,77.50718439013566,825.1132060387706,668.477830781003,63.5178050611942,665.4533031594956,1.0,1.0,66.0,1388.2062687716789,181.7546624378764,62.77502544491532,0.07314110000152141,150000.0,3500.0,,0.0
4,69,8,known,3,100.0,300.0,150.0,2776.311730222564,98.56468486461016,2774.561555682077,1550.5890012525615,37.752158951467,1550.1293576021067,1.0,1.0,41.0,2815.069856312008,89.60544659645738,70.48610180206164,0.05557530000805855,150000.0,3500.0,,0.0
4,70,8,known,3,100.0,300.0,150.0,1374.1946580439746,61.97782548861621,1372.7963094881554,1031.8600252138015,53.131749779670535,1030.4912075314267,1.0,1.0,28.0,1152.1912876125818,219.21839647440694,81.33509115018425,0.026424000039696693,150000.0,3500.0,,0.0
4,71,8,known,3,100.0,300.0,150.0,1672.7441358092376,122.59259648337446,1668.245785000417,870.8589243378281,77.08627896063044,867.4404715568918,1.0,1.0,46.0,2396.3841556364873,105.37760301468771,90.83787586124846,0.05125560000305995,150000.0,3500.0,,0.0
4,72,8,known,3,100.0,300.0,150.0,1555.4317787803889,57.116083821390944,1554.3827621949597,792.1555614454346,45.83571444908896,790.828376330714,1.0,1.0,31.0,2330.345555563628,108.43985306176866,48.94844381758196,0.026993899955414236,150000.0,3500.0,,0.0
4,73,8,known,3,100.0,300.0,150.0,2906.7343647885796,112.98596946889677,2904.5376289774663,1599.2823039829252,97.8047916707775,1596.2888556145374,1.0,1.0,32.0,890.9061738691021,283.25371706729067,86.1270733799899,0.022885099984705448,150000.0,3500.0,,0.0
4,74,8,known,3,100.0,300.0,150.0,1478.8479400358458,75.45023545188795,1476.9219653449939,1264.4381918903603,57.2270684797645,1263.1425112568163,1.0,1.0,73.0,1615.1997081421305,156.15301458624745,84.55767976866917,0.05981489998521283,150000.0,3500.0,,0.0
4,75,8,known,3,100.0,300.0,150.0,6391.693303451107,353.01595253708393,6381.937246842534,1711.0565217710325,76.42381472187097,1709.3489465988332,1.0,1.0,84.0,2414.670508687165,104.16809932823634,90.07099868718265,0.06804630003171042,150000.0,3500.0,,0.0
4,76,8,known,3,100.0,300.0,150.0,4128.153082929963,157.75566231284984,4125.137697957777,1190.0811910739947,41.38894383602136,1189.361255748747,1.0,1.0,39.0,1276.1084856338764,198.1783546344642,68.00101916875147,0.031234800000675023,150000.0,3500.0,,0.0
4,77,8,known,3,100.0,300.0,150.0,1760.4121065784989,65.4412164490005,1759.1953365609584,1170.1147591539236,53.120203301174186,1168.9083769017514,1.0,1.0,41.0,1457.3052977005127,173.1321716515712,71.3078679410706,0.06488489999901503,150000.0,3500.0,,0.0
4,78,8,known,3,100.0,300.0,150.0,2263.1559585300533,115.40533070401675,2260.211605641202,1566.3293656442256,64.63935742328674,1564.9950271970026,1.0,1.0,40.0,1943.8258124062393,129.82735901280984,79.68940209250154,0.04476820002309978,150000.0,3500.0,,0.0
4,79,8,known,3,100.0,300.0,150.0,3953.8678437699577,179.0835882956979,3949.8101213097866,1391.3317394626763,66.72635233452118,1389.730766422175,1.0,1.0,110.0,1136.3793933063819,222.56806137245405,87.23033234795597,0.14694199996301904,150000.0,3500.0,,0.0
4,80,8,known,3,100.0,300.0,150.0,2586.766893579967,124.75063025568706,2583.757001339747,1750.8079842422603,61.37817525153386,1749.7317843856065,1.0,1.0,37.0,2523.5939200770117,99.73279002988696,74.18241755549371,0.06095900002401322,150000.0,3500.0,,0.0
4,81,8,known,3,100.0,300.0,150.0,1543.584878783245,35.6939757713967,1543.1721284749526,486.59298006268284,34.91258766696824,485.33889136218903,1.0,1.0,118.0,712.340024969588,355.4192588953175,65.0882250339615,0.1810577000142075,150000.0,3500.0,,0.0
4,82,8,known,3,100.0,300.0,150.0,2528.71057710018,51.5136490943065,2528.1858172799157,934.5232836280092,40.3654999723582,933.6511093844733,1.0,1.0,178.0,827.4333174457156,306.2215902113876,71.12064168784171,0.17656029999488965,150000.0,3500.0,,0.0
4,83,8,known,3,100.0,300.0,150.0,1335.414780967468,82.26656830378519,1332.8784074197877,881.5156831028116,52.82934474452179,879.9312245227356,1.0,1.0,56.0,2069.7365278721873,122.25861402272662,90.91870026692861,0.04530729999532923,150000.0,3500.0,,0.0
4,84,8,known,3,100.0,300.0,150.0,2551.7112257793083,79.3881102732659,2550.4759766983457,712.4896100693563,29.15893209178552,711.8926893402192,1.0,1.0,118.0,523.1358991850542,482.01847586074325,80.15400884164207,0.0901997999753803,150000.0,3500.0,,0.0
4,85,8,known,3,100.0,300.0,150.0,528.593935261418,57.20712020074143,525.4891947447541,406.3720451528478,50.93813577796171,403.1668952247619,1.0,1.0,91.0,1746.4932696015678,144.90938119581668,57.161172364023145,0.058101599977817386,150000.0,3500.0,,0.0
4,86,8,known,3,100.0,300.0,150.0,1979.8561344764216,53.6717340138266,1979.1285097718815,1046.2932897076166,58.67118406806014,1044.6469931260217,1.0,1.0,35.0,765.0940803655095,329.8325294530328,67.32084318688634,0.02180009998846799,150000.0,3500.0,,0.0
4,87,8,known,3,100.0,300.0,150.0,1091.9345639277512,91.60456986519459,1088.0853342821513,942.8518303925031,72.95672033473856,940.0249417076614,1.0,1.0,29.0,1405.2475663859627,179.56034387628625,70.48122792913296,0.01947589998599142,150000.0,3500.0,,0.0
4,88,8,known,3,100.0,300.0,150.0,2813.0677103237504,103.05127365114991,2811.179534975485,1304.494541356113,54.07760263009418,1303.3731704012005,1.0,1.0,27.0,748.0899078700801,337.11815143704956,59.43444969294623,0.015332299983128905,150000.0,3500.0,,0.0
4,89,8,known,3,100.0,300.0,150.0,1649.9467120304416,78.36136709636537,1648.0848426846396,1278.5594731736019,58.416239514869794,1277.2242831245026,1.0,1.0,58.0,2234.329944595633,112.60049475942341,69.05107030187813,0.03536189999431372,150000.0,3500.0,,0.0
4,90,8,known,3,100.0,300.0,150.0,2262.2920038209095,130.2969964187184,2258.536650859641,1169.2292488409958,68.06532505868361,1167.2463955266405,1.0,1.0,40.0,2728.7723596696906,92.83235539098729,73.4563391467289,0.021948000008706003,150000.0,3500.0,,0.0
4,91,8,known,3,100.0,300.0,150.0,2272.469584065819,73.63691006098402,2271.276208650315,1115.4646412193545,58.652776767260924,1113.921549117402,1.0,1.0,109.0,700.1896175351544,361.0383028663447,61.03369323340164,0.0883884999784641,150000.0,3500.0,,0.0
4,92,8,known,3,100.0,300.0,150.0,514.3808957292295,61.23822043830655,510.7226118439968,385.20146654440987,47.63095986806739,382.2452896897627,1.0,1.0,182.0,1435.1609918355932,176.10386113001084,96.67453227223929,0.1312749999924563,150000.0,3500.0,,0.0
4,93,8,known,3,100.0,300.0,150.0,704.6815872704898,62.580525103065426,701.8972982679742,572.2481679933953,49.40140603930374,570.111802064417,1.0,1.0,61.0,1727.4090502464037,145.80726173879285,74.62196807090092,0.037963699956890196,150000.0,3500.0,,0.0
4,94,8,known,3,100.0,300.0,150.0,1883.0761979538452,64.35276008272382,1881.9762723185552,1346.3307794766079,49.014381212118415,1345.4382773655889,1.0,1.0,36.0,2267.7172609139807,111.33431601915304,65.66093229640184,0.026550799957476556,150000.0,3500.0,,0.0
4,95,8,known,3,100.0,300.0,150.0,4611.518663152648,224.91013983118583,4606.030808581972,1259.670386116654,42.00492801440596,1258.969843833356,1.0,1.0,192.0,1450.4243821805553,173.86507916685062,45.137770977786204,0.1492761999834329,150000.0,3500.0,,0.0
4,96,8,known,3,100.0,300.0,150.0,1554.6712720987643,55.9415177309857,1553.664478220167,1103.6287500733988,44.69425938588383,1102.7233747257378,1.0,1.0,35.0,1733.0680875954974,145.6728645221245,71.96949719878658,0.022017900017090142,150000.0,3500.0,,0.0
4,97,8,known,3,100.0,300.0,150.0,2588.9216661433425,127.5904914797315,2585.775717248188,553.8146637967039,64.65215783267678,550.0279814007964,1.0,1.0,34.0,3006.5930562132053,83.88728590070373,97.01804124474965,0.02601850003702566,150000.0,3500.0,,0.0
4,98,8,known,3,100.0,300.0,150.0,2576.356325516258,136.39809168485473,2572.7431812391155,1622.6975147251956,63.985573045356546,1621.4354969400983,1.0,1.0,35.0,2442.658380510539,102.9646443454525,69.4266980512264,0.01942090003285557,150000.0,3500.0,,0.0
4,99,8,known,3,100.0,300.0,150.0,2436.9062856227824,104.3128036795141,2434.6726851666003,984.248754044775,61.23216613998419,982.3422171873189,1.0,1.0,39.0,2874.390562465646,87.89273212616393,56.35510070838503,0.02268649998586625,150000.0,3500.0,,0.0
5,0,8,known,3,100.0,300.0,150.0,3309.965858052481,109.80668102209603,3308.1439621449376,915.057894334902,48.23254387292371,913.785845642277,1.0,1.0,96.0,342.7606322763571,738.4377234618217,70.01438155946595,0.059430599969346076,150000.0,4000.0,,0.0
5,1,8,known,3,100.0,300.0,150.0,1134.0990413735212,56.88845651826383,1132.6713288325566,1055.8053265051346,54.73920679266463,1054.3853691683719,1.0,1.0,18.0,2211.7818834105465,113.9790127271492,72.78478482358796,0.011904000013601035,150000.0,4000.0,,0.0
5,2,8,known,3,100.0,300.0,150.0,3451.647749285406,165.11773534328637,3447.6960884947666,1704.9529436676646,80.97962322550507,1703.028725753999,1.0,1.0,39.0,1346.0602613954486,188.12423658708377,78.65218501947678,0.027631299977656454,150000.0,4000.0,,0.0
5,3,8,known,3,100.0,300.0,150.0,3138.0414172107876,107.42758992838696,3136.202042128738,1191.046686837394,39.76955702810279,1190.3825404298072,1.0,1.0,41.0,688.0531604723636,367.693153698461,70.12429218574485,0.028832299984060228,150000.0,4000.0,,0.0
5,4,8,known,3,100.0,300.0,150.0,4274.512556026357,214.5007612954262,4269.127195930177,1088.559903460167,64.54299167027159,1086.64477436164,1.0,1.0,78.0,982.1002914678035,257.362448586114,52.26115648515668,0.05355419998522848,150000.0,4000.0,,0.0
5,5,8,known,3,100.0,300.0,150.0,2929.031120959881,207.3297312836616,2921.684050351328,1266.139616340658,85.267118116092,1263.2652321010994,1.0,1.0,31.0,3492.947057436158,72.08979139672022,89.79496092258306,0.029988299997057766,150000.0,4000.0,,0.0
5,6,8,known,3,100.0,300.0,150.0,1113.3124310106814,91.23011148873596,1109.568220435619,692.5950914818693,47.345750559436986,690.9749204195059,1.0,1.0,27.0,2429.8778286657857,104.09134280425319,75.58851200083623,0.016854399989824742,150000.0,4000.0,,0.0
5,7,8,known,3,100.0,300.0,150.0,2014.0719623039106,107.65330039173809,2011.192839151306,1358.9208560971763,73.9401606285588,1356.907788238429,1.0,1.0,25.0,1898.2126647119048,133.22873721149284,77.8038812249067,0.02006399998208508,150000.0,4000.0,,0.0
5,8,8,known,3,100.0,300.0,150.0,2074.530983899602,96.58713610455074,2072.2812859982523,1049.575847924934,63.06637159620522,1047.679384793379,1.0,1.0,36.0,2844.5686066693643,88.56448158128666,90.29678426983753,0.036350500013213605,150000.0,4000.0,,0.0
5,9,8,known,3,100.0,300.0,150.0,3266.9616765657943,122.56556884075918,3264.661740132403,1219.19604477893,49.327887864227456,1218.1977487597985,1.0,1.0,48.0,627.0321741039938,401.91620201156655,87.54968990019881,0.044793899985961616,150000.0,4000.0,,0.0
5,10,8,known,3,100.0,300.0,150.0,828.2847392256324,109.80747216969762,820.9737683323232,702.426250436773,62.400217370122334,699.649090741084,1.0,1.0,66.0,1742.4130350270923,144.40845160958744,62.73623884139694,0.04312380001647398,150000.0,4000.0,,0.0
5,11,8,known,3,100.0,300.0,150.0,575.3699763409381,36.460155866429496,574.2136072131758,566.0991853657395,30.54903240019851,565.2743088900868,1.0,1.0,46.0,1913.5512230216643,132.29197169349703,66.90510727514726,0.030160700029227883,150000.0,4000.0,,0.0
5,12,8,known,3,100.0,300.0,150.0,1580.0131293559539,89.63197048282149,1577.4687314823582,1193.1115683696216,58.23040995833879,1191.6897389562023,1.0,1.0,58.0,1457.4615877328463,173.35394276710616,82.69037325524268,0.040503199968952686,150000.0,4000.0,,0.0
5,13,8,known,3,100.0,300.0,150.0,2922.8068334887084,108.1576247874883,2920.804977072009,1478.7552172597527,77.34947898182094,1476.7308660260946,1.0,1.0,42.0,1566.9718445292692,161.36985157220417,80.61737227655189,0.020473300013691187,150000.0,4000.0,,0.0
5,14,8,known,3,100.0,300.0,150.0,1084.674536041707,95.9603679190116,1080.421425614163,997.7578605531438,84.63121938860104,994.1621120322304,1.0,1.0,41.0,1983.301889981426,127.22029019824947,68.43920261781078,0.01727979996940121,150000.0,4000.0,,0.0
5,15,8,known,3,100.0,300.0,150.0,669.0012220483732,76.14582758928559,664.6536301284748,595.5833394618492,60.70240308847145,592.4818414971154,1.0,1.0,65.0,1917.2214766336954,130.6546571016674,90.03970255304922,0.07479079999029636,150000.0,4000.0,,0.0
5,16,8,known,3,100.0,300.0,150.0,442.75291974343156,52.58285921905279,439.61937043047,347.7393642818117,32.583307299604094,346.20946485695345,1.0,1.0,47.0,2006.4679909461681,125.50831996017904,62.22154465288214,0.1291131000034511,150000.0,4000.0,,0.0
5,17,8,known,3,100.0,300.0,150.0,6964.557386498821,455.0240989731322,6949.67716222768,1782.9442362724367,58.662805078475174,1781.9789069900426,1.0,1.0,52.0,2381.9872793468703,105.98111744608117,59.88402555495956,0.057620499981567264,150000.0,4000.0,,0.0
5,18,8,known,3,100.0,300.0,150.0,2000.7824655111017,109.06228986272427,1997.8077713400212,1472.6310682737064,86.8874947322547,1470.0655857832026,1.0,1.0,24.0,1623.3231144175134,155.05336877172186,53.960716421467694,0.020301899989135563,150000.0,4000.0,,0.0
5,19,8,known,3,100.0,300.0,150.0,1229.9307740225743,77.80635225102758,1227.4672624706361,1174.7660959435252,51.42401750953204,1173.6400430291953,1.0,1.0,28.0,1936.2399269883572,130.43159669247848,57.90241809623162,0.019605299981776625,150000.0,4000.0,,0.0
5,20,8,known,3,100.0,300.0,150.0,2745.8963469192813,107.01049810001449,2743.8103982092207,1002.9154776223038,51.13539001883337,1001.611015884907,1.0,1.0,47.0,953.9330142752593,264.2297545730067,66.80314380377446,0.045899199962150306,150000.0,4000.0,,0.0
5,21,8,known,3,100.0,300.0,150.0,967.7800481894112,81.34904973130135,964.3549936518777,845.7961254225164,54.59949104204999,844.0319788714703,1.0,1.0,59.0,1738.7431277274586,145.141391046427,59.23710868406394,0.04336070001590997,150000.0,4000.0,,0.0
5,22,8,known,3,100.0,300.0,150.0,1356.142763453089,99.20211371313901,1352.5095694674496,922.9215904792643,58.87913620741747,921.0415351612777,1.0,1.0,64.0,2519.715703328956,99.9075224056916,94.22677719565252,0.04656559997238219,150000.0,4000.0,,0.0
5,23,8,known,3,100.0,300.0,150.0,1453.484117029074,55.428590857849514,1452.4268483373958,789.8767216620429,26.475903771231586,789.4328736143897,1.0,1.0,96.0,1270.731719331984,199.15926406742233,75.42129820494705,0.08806390000972897,150000.0,4000.0,,0.0
5,24,8,known,3,100.0,300.0,150.0,1679.6917376259703,78.79700660658193,1677.8424732968208,1223.4104035260634,52.63874966111782,1222.2774551998903,1.0,1.0,31.0,1843.4436351938448,137.07875046068293,60.51729540194006,0.025713499984703958,150000.0,4000.0,,0.0
5,25,8,known,3,100.0,300.0,150.0,852.8122996038954,71.45278149313383,849.813696272647,746.1252773818179,57.71319662262551,743.8898550751265,1.0,1.0,82.0,2130.3576411852964,118.58230941088716,96.53824635953399,0.07341309997718781,150000.0,4000.0,,0.0
5,26,8,known,3,100.0,300.0,150.0,749.0265777739851,78.61113257276529,744.8899945947958,375.9206821239568,47.88903961077699,372.857880610962,1.0,1.0,42.0,2230.6668283783883,113.23412672957804,68.34135654087306,0.023567600001115352,150000.0,4000.0,,0.0
5,27,8,known,3,100.0,300.0,150.0,514.4519127719751,51.20149102230492,511.8976244053461,310.6394698886702,44.62228567967965,307.4178457302619,1.0,1.0,97.0,1743.2526170096125,144.87453623267618,76.89489123450458,0.06449740001698956,150000.0,4000.0,,0.0
5,28,8,known,3,100.0,300.0,150.0,1881.3698363405133,71.22544889861452,1880.0211159774565,1157.7129037902391,60.294525219210826,1156.1417464268893,1.0,1.0,32.0,1753.0471116546937,144.0164507722437,65.29426870863766,0.02113969996571541,150000.0,4000.0,,0.0
5,29,8,known,3,100.0,300.0,150.0,3443.3458631377134,160.17239314545444,3439.6185162982338,1091.4148961666108,76.09586858550702,1088.758877970045,1.0,1.0,68.0,689.1245917875835,366.97759824712165,88.42088757725223,0.05277459998615086,150000.0,4000.0,,0.0
5,30,8,known,3,100.0,300.0,150.0,1917.1610560244103,57.784079641672655,1916.2900393407563,775.9935094386655,53.118219513190915,774.173353614476,1.0,1.0,96.0,997.175536367704,252.26116562545914,64.23273251285008,0.1080225000041537,150000.0,4000.0,,0.0
5,31,8,known,3,100.0,300.0,150.0,4305.996542235205,198.46840952143094,4301.420290109254,1214.1485011575116,65.67787607863636,1212.3708176365972,1.0,1.0,95.0,1064.0235519415153,236.6908770030129,67.19648077068827,0.08091980003518984,150000.0,4000.0,,0.0
5,32,8,known,3,100.0,300.0,150.0,2715.464652682755,118.59630657176871,2712.873604876757,1873.267334195054,45.356533600312424,1872.7181555754746,1.0,1.0,49.0,2657.6183409405276,95.12414897042932,72.28071037812852,0.03641010000137612,150000.0,4000.0,,0.0
5,33,8,known,3,100.0,300.0,150.0,1213.9680383898358,87.6604575448404,1210.798927326538,911.809320249684,73.71793006990586,908.8244623030342,1.0,1.0,25.0,1725.4169453830602,146.61144299603524,63.895799149341684,0.023595699982251972,150000.0,4000.0,,0.0
5,34,8,known,3,100.0,300.0,150.0,1580.9948331344835,96.06535050452985,1578.0735441766888,1177.00120810298,55.32262476124701,1175.700323664751,1.0,1.0,38.0,2459.509403479457,102.54801082125257,84.65184274207466,0.026126099983230233,150000.0,4000.0,,0.0
5,35,8,known,3,100.0,300.0,150.0,2816.3169754518835,157.7857752188958,2811.893482221014,1837.7949700502934,80.79697112417954,1836.0180286150016,1.0,1.0,47.0,3003.0932432626514,84.10898241742832,62.47166323266536,0.028639200027100742,150000.0,4000.0,,0.0
5,36,8,known,3,100.0,300.0,150.0,2239.55919164054,92.28079481936878,2237.657173869388,1019.237349610433,62.73834484770462,1017.3046126537864,1.0,1.0,34.0,816.4759340806767,309.6199135630344,76.39307991014,0.01923130004433915,150000.0,4000.0,,0.0
5,37,8,known,3,100.0,300.0,150.0,2170.680915774526,87.93921742494577,2168.89887550029,1432.7527709032663,54.42700635481938,1431.7186188320106,1.0,1.0,22.0,3010.6116011566533,84.07398554640527,80.8428203590323,0.010047000017948449,150000.0,4000.0,,0.0
5,38,8,known,3,100.0,300.0,150.0,5125.835250309573,262.58727186854566,5119.104896167771,1531.9720181173209,64.29775369571023,1530.6221163841003,1.0,1.0,45.0,1625.2486105168434,155.71733870756316,62.725042437014295,0.03900330001488328,150000.0,4000.0,,0.0
5,39,8,known,3,100.0,300.0,150.0,2843.2477164601164,157.1144033029644,2838.9034223499784,1886.000967607781,81.25213829263056,1884.2499143798207,1.0,1.0,39.0,2931.249749012195,86.28424851051105,72.19257034338723,0.08165310003096238,150000.0,4000.0,,0.0
5,40,8,known,3,100.0,300.0,150.0,1337.232704842373,95.54830877572863,1333.8147650967683,1199.9549978667708,64.86315341850832,1198.2006377205985,1.0,1.0,29.0,2384.741219149356,105.88068980174901,72.97623254673809,0.0204712999984622,150000.0,4000.0,,0.0
5,41,8,known,3,100.0,300.0,150.0,656.6432066406891,66.05816002955763,653.3120390141881,504.1283815567897,49.5119639755781,501.6911305916711,1.0,1.0,58.0,2083.0912766245415,120.91800125011937,59.330389898282334,0.03236000001197681,150000.0,4000.0,,0.0
5,42,8,known,3,100.0,300.0,150.0,1568.2572380747783,42.89854098423418,1567.6703990173942,831.7833327698633,41.19946467154864,830.7623708284572,1.0,1.0,42.0,1415.4201918047465,178.73239965772018,63.04360234788057,0.023317999963182956,150000.0,4000.0,,0.0
5,43,8,known,3,100.0,300.0,150.0,2128.789154480246,73.55608585889043,2127.5179826421772,1124.5282503329531,56.15121487240014,1123.1254724496484,1.0,1.0,31.0,2893.600414539643,87.39550070087198,83.21025051657749,0.017538699961733073,150000.0,4000.0,,0.0
5,44,8,known,3,100.0,300.0,150.0,1263.9642383223054,87.99585466713906,1260.8974285480504,818.8953471483965,62.35869864873284,816.5175945955662,1.0,1.0,37.0,2351.3728451151846,107.21609679869027,77.24137643557894,0.019581299973651767,150000.0,4000.0,,0.0
5,45,8,known,3,100.0,300.0,150.0,3142.310491480449,60.948474063842504,3141.719355444943,741.3523566280126,60.403430945529,738.8875030800809,1.0,1.0,114.0,0.058339346723846365,4340054.237352269,66.21959654683192,0.07530640001641586,150000.0,4000.0,,0.0
5,46,8,known,3,100.0,300.0,150.0,5533.714745805048,277.433295338265,5526.7557983484285,1463.2159181246873,53.78135203504911,1462.2272016436962,1.0,1.0,31.0,1626.3703971341852,154.5544914222777,54.96185767899104,0.01586200000019744,150000.0,4000.0,,0.0
5,47,8,known,3,100.0,300.0,150.0,1663.374307010814,99.3385938245787,1660.405350810657,1245.5911080603091,68.9921446601726,1243.6789346346984,1.0,1.0,75.0,2107.869935144638,119.59277104641211,84.6633490586447,0.048058100044727325,150000.0,4000.0,,0.0
5,48,8,known,3,100.0,300.0,150.0,1156.68383282664,54.53014670682077,1155.3977463292279,928.959885241163,42.09348666359895,928.005714835731,1.0,1.0,30.0,1705.953553807068,148.05360652926785,79.09336734708995,0.020877899951301515,150000.0,4000.0,,0.0
5,49,8,known,3,100.0,300.0,150.0,6087.156230961475,377.04491005843016,6075.467728161522,1756.7172460278612,62.901357394914314,1755.5907557655885,1.0,1.0,41.0,1884.6099412097717,133.42844660905257,72.7339411702715,0.03527680004481226,150000.0,4000.0,,0.0
5,50,8,known,3,100.0,300.0,150.0,796.5064437127347,45.13410069792249,795.2266518610261,691.2823336500837,30.34227367101318,690.6161098940416,1.0,1.0,34.0,1820.2609200529946,138.57266742320965,62.08109377957186,0.021642700012307614,150000.0,4000.0,,0.0
5,51,8,known,3,100.0,300.0,150.0,2759.1279401791953,108.66470522174355,2756.987299955617,1087.6607879159717,70.8721639945288,1085.3493105635278,1.0,1.0,81.0,992.4847817913189,253.70751129473524,83.28160079378328,0.08492749999277294,150000.0,4000.0,,0.0
5,52,8,known,3,100.0,300.0,150.0,1751.6792307324547,62.296527413656776,1750.5711268188004,1467.9528527665636,39.89131251359247,1467.410733615996,1.0,1.0,36.0,2180.722273751863,115.47308607581978,89.10185996857071,0.03271659999154508,150000.0,4000.0,,0.0
5,53,8,known,3,100.0,300.0,150.0,506.3114652964982,109.28299823563934,494.3769070125711,284.475081858072,70.94530473188932,275.4865440174096,1.0,1.0,98.0,2138.9800653134785,118.17956327297732,75.19968723643146,0.06504130002576858,150000.0,4000.0,,0.0
5,54,8,known,3,100.0,300.0,150.0,1979.5039748431773,112.38520309873184,1976.3110971060187,833.1570334417905,59.095045000649236,831.0586128727,1.0,1.0,38.0,2977.3076223245316,84.61704190951585,96.32525904524043,0.021476700028870255,150000.0,4000.0,,0.0
5,55,8,known,3,100.0,300.0,150.0,1546.0107515071425,56.937018915328885,1544.9619476390722,508.25418623269945,61.904075875265676,504.4702203431763,1.0,1.0,34.0,2750.36406640883,91.71983725655802,54.59060379277694,0.015609199996106327,150000.0,4000.0,,0.0
5,56,8,known,3,100.0,300.0,150.0,2604.793310105979,143.35553382741594,2600.8455123851395,1407.9303373422706,72.06257640466606,1406.0849262724644,1.0,1.0,38.0,3260.015620849928,77.21587553252968,78.6021151331091,0.13664340000832453,150000.0,4000.0,,0.0
5,57,8,known,3,100.0,300.0,150.0,1917.1185852941576,70.03517560866311,1915.838913963733,1437.0682134918554,51.08070146733266,1436.160092805213,1.0,1.0,37.0,2421.5760806113376,104.62030287025893,65.52181928333789,0.07759449997683987,150000.0,4000.0,,0.0
5,58,8,known,3,100.0,300.0,150.0,3589.146532900621,140.81595272334783,3586.383094719688,1104.6420189575697,52.08439640145542,1103.413433712927,1.0,1.0,83.0,820.2734519793328,307.67599657001875,71.15794738452938,0.15386510000098497,150000.0,4000.0,,0.0
5,59,8,known,3,100.0,300.0,150.0,698.9480465508008,73.7903689864384,695.041979467446,566.7125516158935,43.90727674532825,565.00908595155,1.0,1.0,33.0,1962.550386560095,128.82821022900183,79.07913315572026,0.059075500001199543,150000.0,4000.0,,0.0
5,60,8,known,3,100.0,300.0,150.0,1369.5789078479258,70.39074882293484,1367.7688135434526,1280.2808598114586,60.05093861869426,1278.8717546222458,1.0,1.0,40.0,1969.7529006795908,128.01919027457768,82.1881542026803,0.0566984000033699,150000.0,4000.0,,0.0
5,61,8,known,3,100.0,300.0,150.0,1296.4150931885192,42.22304830485057,1295.7273278120067,1159.169275536185,39.99151742558511,1158.4792134005181,1.0,1.0,21.0,2255.7611673804213,111.98471932151453,79.30422370393687,0.02400960004888475,150000.0,4000.0,,0.0
5,62,8,known,3,100.0,300.0,150.0,2811.6097696963484,129.93851750801716,2808.6056111030916,1175.5885208766956,66.85064471962741,1173.6862279662425,1.0,1.0,35.0,3414.721252377817,73.70168476603074,74.40272659063494,0.04322340001817793,150000.0,4000.0,,0.0
5,63,8,known,3,100.0,300.0,150.0,768.8094316560755,38.174209434659026,767.8611019822379,652.7904512347707,36.84665837657634,651.7497195931697,1.0,1.0,76.0,1766.5979107690605,142.87223864728136,91.07740162549118,0.11552389996359125,150000.0,4000.0,,0.0
5,64,8,known,3,100.0,300.0,150.0,1606.0217793600073,66.43111402749189,1604.6472705450724,1062.7511893800447,52.597495964968275,1061.4488183360115,1.0,1.0,31.0,2363.5234044160447,106.28860660338253,78.34847684528742,0.02664990001358092,150000.0,4000.0,,0.0
5,65,8,known,3,100.0,300.0,150.0,1432.880034421927,52.15117112790348,1431.9306716440467,870.7987553245624,37.386407516410706,869.9958211438857,1.0,1.0,27.0,2575.748471874394,97.97494468775675,63.39622137349461,0.0397258999873884,150000.0,4000.0,,0.0
5,66,8,known,3,100.0,300.0,150.0,559.8853629866746,71.14260005448028,555.3470537818749,392.6114984924601,63.0961052457774,387.5082841066869,1.0,1.0,65.0,1648.4381315978073,153.47350869938103,77.86207714072879,0.1012269000057131,150000.0,4000.0,,0.0
5,67,8,known,3,100.0,300.0,150.0,1475.8299949562481,78.09918721493192,1473.7620876413284,650.2158775662209,43.03804519477401,648.7899614706005,1.0,1.0,183.0,1108.6604217821457,227.91396223004426,82.90203290421701,0.25300299999071285,150000.0,4000.0,,0.0
5,68,8,known,3,100.0,300.0,150.0,722.8454346469283,106.19374465144398,715.0023853014832,522.5471776308971,48.549498072731545,520.2869391853905,1.0,1.0,90.0,1904.1122976870295,132.32302542823825,72.31175045797663,0.09413099999073893,150000.0,4000.0,,0.0
5,69,8,known,3,100.0,300.0,150.0,1381.4914752798245,48.11102641750925,1380.6534776720332,930.4058800216409,36.923765230564925,929.6729194399728,1.0,1.0,32.0,2432.2021466472293,103.8450387055392,85.93704094398805,0.02979649999178946,150000.0,4000.0,,0.0
5,70,8,known,3,100.0,300.0,150.0,781.33257286082,64.37494088658566,778.67609209424,764.9824431267432,45.13805210649691,763.6495888456905,1.0,1.0,48.0,1858.653601324558,135.57928219740285,63.39664362920255,0.04436559998430312,150000.0,4000.0,,0.0
5,71,8,known,3,100.0,300.0,150.0,2115.3696004232165,121.7071091250315,2111.865508497903,1505.3291449656806,79.21788829285627,1503.2432806626903,1.0,1.0,36.0,2423.1674804151635,104.30111038412664,78.81068533014603,0.039110599958803505,150000.0,4000.0,,0.0
5,72,8,known,3,100.0,300.0,150.0,1965.362348178266,68.04440044632655,1964.1840848567858,1455.9316175675747,68.18083937320577,1454.3342972560674,1.0,1.0,34.0,1399.919041426011,180.47790702966796,69.53937863638193,0.03661330003524199,150000.0,4000.0,,0.0
5,73,8,known,3,100.0,300.0,150.0,2403.6184476270573,162.98539650453336,2398.086195760979,1019.0086372894068,61.07237764975871,1017.1768614939189,1.0,1.0,25.0,3154.5359183507926,79.80251546830262,74.05954375059316,0.023699199955444783,150000.0,4000.0,,0.0
5,74,8,known,3,100.0,300.0,150.0,367.08569741429665,62.6603266914646,361.6982066655287,311.1593924050527,51.130915702032446,306.92962864694766,1.0,1.0,111.0,1890.8169613797452,133.35825483466516,78.51084382225905,0.13619590003509074,150000.0,4000.0,,0.0
5,75,8,known,3,100.0,300.0,150.0,3758.239081660063,220.09060427145582,3751.7890560142773,1483.4435045135256,84.3374475113454,1481.0441674813894,1.0,1.0,32.0,1285.715288494464,196.21379986039824,66.74386137509252,0.027751100016757846,150000.0,4000.0,,0.0
5,76,8,known,3,100.0,300.0,150.0,856.4708107843531,40.16764241945685,855.5283807262444,528.5827001838092,33.60918488322853,527.5131217563139,1.0,1.0,32.0,2300.7796270172507,109.43613252741733,67.87748236619936,0.029836000001523644,150000.0,4000.0,,0.0
5,77,8,known,3,100.0,300.0,150.0,1637.4169613784936,60.79703518054546,1636.2878799047662,962.7513142149435,49.18667427670389,961.4940270725544,1.0,1.0,39.0,1483.2694981934942,170.7363563796226,83.98175908457326,0.027256299974396825,150000.0,4000.0,,0.0
5,78,8,known,3,100.0,300.0,150.0,971.6219182437644,89.9722272574654,967.4472338758449,643.1357016633511,78.24486040032221,638.3582634970312,1.0,1.0,40.0,2226.3862782119304,113.10430949559726,103.62313234755393,0.047065199993085116,150000.0,4000.0,,0.0
5,79,8,known,3,100.0,300.0,150.0,1333.8364652184875,85.03491880969942,1331.123126735306,894.9095674942124,59.734043770652285,892.9137573178521,1.0,1.0,77.0,1494.5018075955516,169.99119719660695,85.81254008327475,0.07744890003232285,150000.0,4000.0,,0.0
5,80,8,known,3,100.0,300.0,150.0,1124.3961914113077,61.57173684395584,1122.7090969980925,962.7803646315041,55.61105964549698,961.1729503919037,1.0,1.0,28.0,2265.40152247286,111.28081146242535,77.24961410517204,0.021115000010468066,150000.0,4000.0,,0.0
5,81,8,known,3,100.0,300.0,150.0,605.9902742430137,101.25652142200973,597.4707769812989,511.1034325738223,55.941073370755916,508.0327893934322,1.0,1.0,51.0,1954.2833647682023,128.97562938430386,78.56640368297556,0.040051199961453676,150000.0,4000.0,,0.0
5,82,8,known,3,100.0,300.0,150.0,3342.5657590291585,180.2283606564394,3337.7033408392167,1441.6581428352922,55.03388696603669,1440.6073275145845,1.0,1.0,33.0,885.3068717647818,284.5647938880889,83.51057564681838,0.02265400002943352,150000.0,4000.0,,0.0
5,83,8,known,3,100.0,300.0,150.0,1859.0210521693928,140.5603492220274,1853.6995605101647,1428.5316073899216,62.86370613018046,1427.1477526043377,1.0,1.0,36.0,1673.902306497383,151.30840869997547,49.84680040992239,0.02574289997573942,150000.0,4000.0,,0.0
5,84,8,known,3,100.0,300.0,150.0,1809.8123248925456,151.70769936271867,1803.4426592733778,974.3913413854896,73.01789521826802,971.6516212845568,1.0,1.0,41.0,1351.234359034142,187.33912666961163,76.06601424698457,0.032865600020159036,150000.0,4000.0,,0.0
5,85,8,known,3,100.0,300.0,150.0,1558.9673937905097,76.31252935675609,1557.098498093537,1155.6353491224513,67.42861598401998,1153.6665210917101,1.0,1.0,61.0,1401.2126295008604,179.59890653401547,67.77631843634077,0.04949740000301972,150000.0,4000.0,,0.0
5,86,8,known,3,100.0,300.0,150.0,913.0708403384659,97.60936413097399,907.8385162077775,701.9048827604385,60.486067673699424,699.2938581600138,1.0,1.0,35.0,1933.2660088635191,130.9680360535,72.54250577762477,0.03341639996506274,150000.0,4000.0,,0.0
5,87,8,known,3,100.0,300.0,150.0,1635.4036473375804,79.14537940324684,1633.4874038829248,1258.7451147672866,50.86503269776104,1257.7169842214764,1.0,1.0,54.0,2566.0975058007402,98.24501105226602,94.34877061303598,0.036855700018350035,150000.0,4000.0,,0.0
5,88,8,known,3,100.0,300.0,150.0,788.5484724926076,53.89366883471551,786.7046243222159,686.5042387294927,44.81529869072993,685.0398957701814,1.0,1.0,62.0,2123.4403172408092,118.4462919516073,94.84920228716814,0.05811699997866526,150000.0,4000.0,,0.0
5,89,8,known,3,100.0,300.0,150.0,1889.0093056395476,64.12845741089633,1887.920469125462,458.6121053636224,44.5746279998406,456.4407581764912,1.0,1.0,102.0,883.4503085808757,285.95175249351564,86.37584565596524,0.14511370001127943,150000.0,4000.0,,0.0
5,90,8,known,3,100.0,300.0,150.0,1898.3158989021815,113.16483173360746,1894.939833578761,1407.8235858016546,70.30721103959095,1406.0669062371335,1.0,1.0,34.0,2607.9903609199214,96.73234216752795,100.8352740723934,0.02877860004082322,150000.0,4000.0,,0.0
5,91,8,known,3,100.0,300.0,150.0,953.2756508486937,24.720957111282928,952.955057062243,835.2677917687508,22.067001877998255,834.9762460060535,1.0,1.0,32.0,2066.593207558814,122.61600201387373,57.52342946290099,0.030171999998856336,150000.0,4000.0,,0.0
5,92,8,known,3,100.0,300.0,150.0,1473.461539384907,46.38362077878659,1472.731295168942,1411.3988298053873,40.5398810031425,1410.8164922569724,1.0,1.0,24.0,2217.1768204857985,113.78433175261877,72.83274991379893,0.026115599961485714,150000.0,4000.0,,0.0
5,93,8,known,3,100.0,300.0,150.0,589.9216937350876,65.74226889702341,586.2470117787774,409.1817132812973,58.57138105911742,404.96798367851926,1.0,1.0,41.0,2099.60707770509,120.41998577677789,75.17849680472476,0.052384199982043356,150000.0,4000.0,,0.0
5,94,8,known,3,100.0,300.0,150.0,919.179922142459,76.04096364570188,916.0292032013226,726.9397610834749,66.20209406002873,723.9189864799558,1.0,1.0,29.0,2053.615093172988,122.95995908081956,90.15083786385205,0.061214499990455806,150000.0,4000.0,,0.0
5,95,8,known,3,100.0,300.0,150.0,1442.3985398378868,86.54580438620721,1439.7997678391298,1084.049850588918,65.28010448486955,1082.0825229714692,1.0,1.0,39.0,2397.6348571669923,105.60581240106511,79.38958360177793,0.04366709996247664,150000.0,4000.0,,0.0
5,96,8,known,3,100.0,300.0,150.0,1898.0564034745066,109.86689651758023,1894.8739735982904,1608.1712857189887,76.76838865959554,1606.3379154815698,1.0,1.0,24.0,2151.787653941887,117.33894020748608,68.67037012237776,0.021257599990349263,150000.0,4000.0,,0.0
5,97,8,known,3,100.0,300.0,150.0,1133.3473402464822,80.180430838095,1130.507537416002,873.8597349372305,47.457130948872695,872.5701444965147,1.0,1.0,27.0,2371.459452453906,106.52606153699823,76.05621582297225,0.018086500000208616,150000.0,4000.0,,0.0
5,98,8,known,3,100.0,300.0,150.0,1342.1109617619204,56.76875552887699,1340.9098187712736,1023.2089052861394,47.564762399127034,1022.1027625609738,1.0,1.0,39.0,2473.662266937586,101.98245586384468,57.079478379851096,0.03811379999388009,150000.0,4000.0,,0.0
5,99,8,known,3,100.0,300.0,150.0,1125.026799429972,107.43838298312262,1119.8849464554912,857.4713568296257,72.21370504274749,854.4251334009543,1.0,1.0,25.0,2308.9267252068466,109.1525981755208,56.7112139575971,0.029208899999503046,150000.0,4000.0,,0.0
6,0,8,known,3,100.0,300.0,150.0,2424.133128103597,79.13379751019839,2422.8411555157604,881.4564975775597,45.000782579821184,880.3070411446805,1.0,1.0,95.0,1062.4728033892522,237.60410106984546,65.00153733351253,0.18327700003283098,150000.0,4500.0,,0.0
6,1,8,known,3,100.0,300.0,150.0,1525.8752031348067,108.43962331993647,1522.0170773141535,1346.547968022117,70.4887430081246,1344.701739157657,1.0,1.0,25.0,2524.719186939588,99.802392114369,62.60651020360359,0.03458989999489859,150000.0,4500.0,,0.0
6,2,8,known,3,100.0,300.0,150.0,1386.59519367822,58.65342377810311,1385.3541088871996,696.387130172327,49.69644597169401,694.6116168964007,1.0,1.0,96.0,1613.4461705464769,156.0357162465381,86.4673309231866,0.11108539998531342,150000.0,4500.0,,0.0
6,3,8,known,3,100.0,300.0,150.0,1323.1657412351954,51.51637879644688,1322.1624867973621,1065.7133021847726,44.765696140387355,1064.772686963109,1.0,1.0,27.0,2057.0846240057263,122.5214531495817,81.86866091917088,0.02637420000974089,150000.0,4500.0,,0.0
6,4,8,known,3,100.0,300.0,150.0,3149.9654621277577,167.21969317643752,3145.52380166034,713.2172130795228,84.76400554613075,708.1623093590176,1.0,1.0,443.0,460.3604524065276,548.5721980761623,74.7802370448932,0.588935500010848,150000.0,4500.0,,0.0
6,5,8,known,3,100.0,300.0,150.0,909.9958596101466,37.74469864264415,909.2127376098432,833.312436532095,32.391548956548924,832.6826552986753,1.0,1.0,31.0,2150.8961646513126,117.49403302309436,88.64325209544836,0.036676300049293786,150000.0,4500.0,,0.0
6,6,8,known,3,100.0,300.0,150.0,1779.4747145031067,57.454893468690436,1778.5469335309695,733.294557366601,43.84600495467131,731.9825378470406,1.0,1.0,29.0,3179.8831745639777,79.2597545287411,91.49574854357205,0.04162580001866445,150000.0,4500.0,,0.0
6,7,8,known,3,100.0,300.0,150.0,2463.298629114908,84.15853690607436,2461.860572182189,919.033710014956,55.56420029501591,917.3524839392051,1.0,1.0,23.0,3584.0724704931404,70.49967750719438,73.37744699556121,0.037353500025346875,150000.0,4500.0,,0.0
6,8,8,known,3,100.0,300.0,150.0,3855.3300767486653,132.29651613607476,3853.059515826498,1266.4351902148521,53.16902179857184,1265.3185947165684,1.0,1.0,51.0,757.128012987279,334.1926007729796,63.95528099599325,0.0538001999957487,150000.0,4500.0,,0.0
6,9,8,known,3,100.0,300.0,150.0,2310.8235023516236,77.68472304559653,2309.517339797637,1259.5226552264944,78.68624451578783,1257.0623667713548,1.0,1.0,38.0,1859.9881997537639,135.81774922810965,86.7712497211451,0.02805399999488145,150000.0,4500.0,,0.0
6,10,8,known,3,100.0,300.0,150.0,2811.875108138345,113.74540334980779,2809.573563191542,1506.228846655142,52.015130802881174,1505.3304503210045,1.0,1.0,29.0,3677.637385172966,68.83806609321026,87.41328044626707,0.03646939998725429,150000.0,4500.0,,0.0
6,11,8,known,3,100.0,300.0,150.0,2107.948178032617,88.13777862145653,2106.1047583752106,1139.9207160643957,73.6620398921954,1137.5381939924853,1.0,1.0,28.0,1516.1183330086853,167.55245453044833,49.96457765721323,0.03671259997645393,150000.0,4500.0,,0.0
6,12,8,known,3,100.0,300.0,150.0,1587.194456073642,53.62796577736129,1586.2882092096274,1320.3458927395204,41.10619361480857,1319.7058601524143,1.0,1.0,40.0,1849.0084977089898,136.72547349251442,60.27277208190039,0.03830590000143275,150000.0,4500.0,,0.0
6,13,8,known,3,100.0,300.0,150.0,2276.320347702034,111.34154932856384,2273.5956950951995,1691.2042744324026,75.20905472194302,1689.5311467819295,1.0,1.0,37.0,2077.090721756994,121.90343223720275,55.2007589309299,0.029725899978075176,150000.0,4500.0,,0.0
6,14,8,known,3,100.0,300.0,150.0,5226.876389377704,275.65545360486146,5219.602557736748,1520.5439445604093,71.51100439835145,1518.8614365995563,1.0,1.0,37.0,1105.0119107994867,229.45527571435926,61.391568419372675,0.0312561999890022,150000.0,4500.0,,0.0
6,15,8,known,3,100.0,300.0,150.0,3351.302227544723,166.63811942001215,3347.15675723477,1510.1312096852544,53.893487527192015,1509.169229234285,1.0,1.0,31.0,1449.773660862435,173.9297011377273,54.71558376892023,0.0257397000095807,150000.0,4500.0,,0.0
6,16,8,known,3,100.0,300.0,150.0,1651.058162265775,100.68068319469917,1647.9855749416881,1403.8325119011013,78.22091636869125,1401.6516006886297,1.0,1.0,41.0,2694.4431989623604,93.68030038943333,78.05610135848988,0.05899150000186637,150000.0,4500.0,,0.0
6,17,8,known,3,100.0,300.0,150.0,1317.453263228862,56.33142359170383,1316.2484079794774,1270.0474141860032,47.43539014045231,1269.1612655776948,1.0,1.0,32.0,2214.7240166123634,113.65723018222825,68.69147992303795,0.03223810001509264,150000.0,4500.0,,0.0
6,18,8,known,3,100.0,300.0,150.0,2591.8353707306437,167.0315852320984,2586.4475711881937,1458.897468529312,75.3644823703814,1456.949559345923,1.0,1.0,34.0,3585.9865863750647,70.56172568365956,64.00668597544878,0.042451699962839484,150000.0,4500.0,,0.0
6,19,8,known,3,100.0,300.0,150.0,2118.6356737419046,81.63515382075633,2117.062308887595,1299.385700360866,58.539333135772665,1298.0663868917943,1.0,1.0,38.0,1887.334865916508,133.62385666718555,64.24535912605567,0.04196480003884062,150000.0,4500.0,,0.0
6,20,8,known,3,100.0,300.0,150.0,983.1924128190823,81.7319512560202,979.7893695937369,884.2129118584149,61.92593611397905,882.0417518085777,1.0,1.0,38.0,2095.7377573707695,120.58781832650982,89.39201737498406,0.04417439998360351,150000.0,4500.0,,0.0
6,21,8,known,3,100.0,300.0,150.0,2170.521973996916,125.125015745635,2166.912404791233,1484.7927727304816,80.152518931463,1482.6277859468348,1.0,1.0,32.0,2862.81832741403,88.22360945118459,84.38223892674324,0.03804770001443103,150000.0,4500.0,,0.0
6,22,8,known,3,100.0,300.0,150.0,1444.5313060071394,95.3219558519064,1441.382814788375,846.8024217783974,75.28785449036339,843.4489199092004,1.0,1.0,80.0,1630.5667290728143,155.62588657540852,84.1599815351217,0.09292760002426803,150000.0,4500.0,,0.0
6,23,8,known,3,100.0,300.0,150.0,834.3777139711102,95.16017491975704,828.933477838178,512.2293831589512,51.96059573816135,509.58712450564826,1.0,1.0,30.0,2621.1875731310624,96.28245110882057,74.43806516622682,0.04033519997028634,150000.0,4500.0,,0.0
6,24,8,known,3,100.0,300.0,150.0,1161.9125752655234,81.90181102363245,1159.0224009531523,1036.171903607163,55.12677547442013,1034.7044275785643,1.0,1.0,31.0,2486.06353370746,101.63627593764237,79.8996947762615,0.02414290001615882,150000.0,4500.0,,0.0
6,25,8,known,3,100.0,300.0,150.0,1033.2487996179239,92.75091012955443,1029.0774269130675,627.4405913922711,70.16178680791177,623.5054285237652,1.0,1.0,32.0,2587.616151575323,97.48870863240067,61.18444647262559,0.02390109997941181,150000.0,4500.0,,0.0
6,26,8,known,3,100.0,300.0,150.0,1102.107794840153,58.301804855359755,1100.5646237264,835.606933942712,52.02699049313699,833.985695508842,1.0,1.0,28.0,2460.3394966504775,102.80198815476237,58.82086241527824,0.01961640000808984,150000.0,4500.0,,0.0
6,27,8,known,3,100.0,300.0,150.0,2167.5789638591245,130.66853434992328,2163.636822272961,1096.7542302186873,53.63649939320604,1095.4419050937515,1.0,1.0,70.0,3260.0865427866806,77.39425189259522,65.3865216854635,0.061520200048107654,150000.0,4500.0,,0.0
6,28,8,known,3,100.0,300.0,150.0,1370.3267156403467,75.44065623467434,1368.248520914436,1064.6611500316121,55.084373033263326,1063.2351932823549,1.0,1.0,24.0,2747.2398599504313,91.92799321571019,50.444141166768055,0.21780490002129227,150000.0,4500.0,,0.0
6,29,8,known,3,100.0,300.0,150.0,1896.6763357038985,88.35689251452513,1894.6171597355344,1312.4195122294059,46.193760954050845,1311.606310037197,1.0,1.0,37.0,2055.1574169717055,123.096369318574,80.43875591753715,0.08182700001634657,150000.0,4500.0,,0.0
6,30,8,known,3,100.0,300.0,150.0,1812.9519485870833,72.86815762284157,1811.4869581342161,1497.708074160257,50.92472611488071,1496.8420583598493,1.0,1.0,29.0,2792.0434969804114,90.21671175298557,87.81334592477384,0.02067279996117577,150000.0,4500.0,,0.0
6,31,8,known,3,100.0,300.0,150.0,1415.398403846394,65.75464944167913,1413.8702089257424,1346.454964351643,56.00654127013362,1345.2896485003298,1.0,1.0,31.0,2292.900812050507,109.66202312434062,77.11364303696071,0.024750499986112118,150000.0,4500.0,,0.0
6,32,8,known,3,100.0,300.0,150.0,3896.0070512975462,178.04740820575287,3891.936544214386,1042.9277383609985,62.55651580359225,1041.049926647758,1.0,1.0,97.0,722.1247062652235,348.9061136101255,84.0055701594723,0.06206480000400916,150000.0,4500.0,,0.0
6,33,8,known,3,100.0,300.0,150.0,1973.853476621999,127.60407531755853,1969.724535851423,520.5767112878707,63.564558971094065,516.6813903926727,1.0,1.0,41.0,3337.627520055472,75.64992318299974,60.82059544229196,0.024932999978773296,150000.0,4500.0,,0.0
6,34,8,known,3,100.0,300.0,150.0,1172.9990441582872,85.32205507427632,1169.8918345360642,1087.1790950173427,57.57683180589202,1085.653394542625,1.0,1.0,52.0,2432.1053222714577,103.63531282342564,84.70584243831182,0.03529020003043115,150000.0,4500.0,,0.0
6,35,8,known,3,100.0,300.0,150.0,2048.1350947643896,111.79694415024207,2045.0816144311216,1070.1110985686046,68.36244879889959,1067.9252496658758,1.0,1.0,38.0,3144.1494496211044,79.96094151897645,56.634900014747,0.025864699971862137,150000.0,4500.0,,0.0
6,36,8,known,3,100.0,300.0,150.0,2776.977941695955,102.96442839750836,2775.0684343184544,1482.1374951692953,57.40795539268247,1481.025280420407,1.0,1.0,26.0,1436.7809001581302,175.6002149277339,81.97112047745354,0.01728129998082295,150000.0,4500.0,,0.0
6,37,8,known,3,100.0,300.0,150.0,1554.2410120316972,70.31444485969125,1552.649671473056,1414.0552072487296,52.60480447148558,1413.076382823577,1.0,1.0,37.0,2234.469008086408,112.64164475610511,54.9633491102948,0.0191303999745287,150000.0,4500.0,,0.0
6,38,8,known,3,100.0,300.0,150.0,1240.4382839720033,77.48648146113624,1238.0157436536022,735.058983324307,60.52482898651898,732.5629352089255,1.0,1.0,37.0,2846.209822760749,88.5831467177196,88.32757847867524,0.027408700028900057,150000.0,4500.0,,0.0
6,39,8,known,3,100.0,300.0,150.0,3392.840602161029,171.49599991085026,3388.503574394897,1356.531785004051,60.18995719876156,1355.1957986869234,1.0,1.0,36.0,1311.5368509384607,192.50443556814076,95.11104740201434,0.027797299961093813,150000.0,4500.0,,0.0
6,40,8,known,3,100.0,300.0,150.0,1915.7356377729784,102.36620156756621,1912.998744016856,1072.106803301631,67.11872351236579,1070.0037731894747,1.0,1.0,26.0,3203.8278240144464,78.47817217294195,71.5486759442171,0.03448459994979203,150000.0,4500.0,,0.0
6,41,8,known,3,100.0,300.0,150.0,2447.372878367782,144.60521280556893,2443.097079159905,820.0178114949946,72.62249777088007,816.7956806855426,1.0,1.0,72.0,956.9402850328639,262.9379914500734,86.18673261472614,0.05805980000877753,150000.0,4500.0,,0.0
6,42,8,known,3,100.0,300.0,150.0,1170.7489215069115,53.71356278132774,1169.5160924001573,719.2169531958734,49.89470880092789,717.4841766882569,1.0,1.0,33.0,1759.2875618012456,143.10095804232665,81.0144366393166,0.026033699978142977,150000.0,4500.0,,0.0
6,43,8,known,3,100.0,300.0,150.0,1813.5467521831629,85.10471114252067,1811.5487877767596,1274.0365578732233,54.03020861229683,1272.8903673744894,1.0,1.0,36.0,2883.3973264695564,87.07879777614771,77.03486434598818,0.021705899969674647,150000.0,4500.0,,0.0
6,44,8,known,3,100.0,300.0,150.0,1200.60041628651,66.53797353944053,1198.75521173616,1086.6465116894285,58.160293886085825,1085.0889463919016,1.0,1.0,43.0,2130.681941858063,118.40181116855207,83.98945663513672,0.03147490002447739,150000.0,4500.0,,0.0
6,45,8,known,3,100.0,300.0,150.0,1735.6896686874106,83.24717400779014,1733.6921681797867,1044.3490301318336,75.81533739522934,1041.5934578101715,1.0,1.0,37.0,1591.8139732927737,158.60067753735424,77.45097525725411,0.038331600022502244,150000.0,4500.0,,0.0
6,46,8,known,3,100.0,300.0,150.0,1686.7235273716544,131.44123793326307,1681.5943205064793,1243.5320098509726,95.4895345029453,1239.8603180699067,1.0,1.0,44.0,2710.3162290834125,92.84128625725454,79.92882484459048,0.02594419999513775,150000.0,4500.0,,0.0
6,47,8,known,3,100.0,300.0,150.0,2678.9868640964955,86.90001971616826,2677.5770772425776,849.8635105794101,77.0486433465869,846.3636884772463,1.0,1.0,83.0,951.077267476343,265.9490392263698,73.51402630955182,0.06831260002218187,150000.0,4500.0,,0.0
6,48,8,known,3,100.0,300.0,150.0,870.4411957735022,59.08019274885157,868.4338812623348,604.9735758889358,41.2978124914456,603.5623565194132,1.0,1.0,56.0,2622.583968715186,96.1333871358612,70.31195077932009,0.0321317000198178,150000.0,4500.0,,0.0
6,49,8,known,3,100.0,300.0,150.0,1609.2987948229902,47.36824459676948,1608.6015231941533,1199.800241258224,47.625299458475574,1198.8546408029554,1.0,1.0,24.0,1768.7846766162202,143.8291381226335,69.89778207383735,0.012697600002866238,150000.0,4500.0,,0.0
6,50,8,known,3,100.0,300.0,150.0,2346.497324056656,117.16558545440166,2343.570335490312,1167.5671814055522,67.61032598636731,1165.6079816624983,1.0,1.0,34.0,3504.4246056770967,71.81849156361308,68.55820678987261,0.023774500004947186,150000.0,4500.0,,0.0
6,51,8,known,3,100.0,300.0,150.0,2603.4537593461423,68.74238771113932,2602.546053614678,892.7097527595013,48.22039915227159,891.4064705719414,1.0,1.0,134.0,844.8647860203665,298.29995387526316,70.80096866213245,0.09884579997742549,150000.0,4500.0,,0.0
6,52,8,known,3,100.0,300.0,150.0,3520.441709927738,91.05089232901744,3519.264066250929,843.036281113862,46.3609425869276,841.7605563797475,1.0,1.0,210.0,273.5423447992318,921.395782110941,70.00151685617598,0.21966529998462647,150000.0,4500.0,,0.0
6,53,8,known,3,100.0,300.0,150.0,1662.9856904134306,65.30325839928966,1661.70300925354,1148.3748509985644,46.086810401650595,1147.4496957657784,1.0,1.0,33.0,3013.394942388228,83.97926648803477,79.9600238074949,0.03410680004162714,150000.0,4500.0,,0.0
6,54,8,known,3,100.0,300.0,150.0,1856.2084922501776,77.38636404375217,1854.5946504187284,1153.9001481314413,64.90408883171507,1152.0733531814226,1.0,1.0,39.0,1524.9914070237044,165.4478172393314,52.55340766050824,0.027410299982875586,150000.0,4500.0,,0.0
6,55,8,known,3,100.0,300.0,150.0,1066.9924843657484,77.90537538117022,1064.1445927033183,976.188791571407,53.05669054681306,974.7458870792242,1.0,1.0,29.0,2201.424004367905,114.36862830812566,97.01396202786425,0.017824199981987476,150000.0,4500.0,,0.0
6,56,8,known,3,100.0,300.0,150.0,986.3023762993968,81.67700489408149,982.9146678961349,875.4514843076731,68.82490994578316,872.741905231703,1.0,1.0,30.0,2484.251645109315,101.35294971924695,55.70464146481015,0.037230399961117655,150000.0,4500.0,,0.0
6,57,8,known,3,100.0,300.0,150.0,2094.645436424918,93.66416218776489,2092.5502452886044,686.9310568710084,54.685914053634924,684.7508508195073,1.0,1.0,82.0,1191.1857134812135,210.9538977147338,79.84806690435929,0.07587480003712699,150000.0,4500.0,,0.0
6,58,8,known,3,100.0,300.0,150.0,6805.687919108507,410.4904869901068,6793.29710909144,1846.3494740974845,42.01508748095645,1845.8713695499005,1.0,1.0,48.0,2010.058562431941,125.70557802142876,39.99322420968183,0.033237399999052286,150000.0,4500.0,,0.0
6,59,8,known,3,100.0,300.0,150.0,2546.347896774678,83.49852369136332,2544.978508347406,1191.3516523742999,57.238787629809835,1189.9758320258627,1.0,1.0,36.0,1521.5180317213808,165.86627655605312,74.33611987170978,0.021765900019090623,150000.0,4500.0,,0.0
6,60,8,known,3,100.0,300.0,150.0,943.3128340686295,93.91276080972459,938.6263880137215,522.9263374724326,59.10071280727238,519.5758464055125,1.0,1.0,41.0,1846.7110263284346,136.4920895280005,54.959062344723364,0.04248449997976422,150000.0,4500.0,,0.0
6,61,8,known,3,100.0,300.0,150.0,4388.270121103626,231.68471452590566,4382.149797625119,1686.7472230164358,64.62784322847513,1685.5086580119644,1.0,1.0,30.0,1358.15995143907,185.93956310813658,44.038257861301176,0.023591900011524558,150000.0,4500.0,,0.0
6,62,8,known,3,100.0,300.0,150.0,1858.3539610919802,89.91291715557456,1856.1775540165409,1638.1732013217184,64.77337432840388,1636.8921306875293,1.0,1.0,30.0,2904.2841932792985,87.02342619439494,61.08034764443983,0.024641599971801043,150000.0,4500.0,,0.0
6,63,8,known,3,100.0,300.0,150.0,1477.7795693476348,72.46601439631814,1476.0017385961287,1471.8010699491804,43.980631239642896,1471.1438045205896,1.0,1.0,37.0,2331.7072043071203,107.89936097841014,83.08528499609848,0.028077400056645274,150000.0,4500.0,,0.0
6,64,8,known,3,100.0,300.0,150.0,1781.3493865323328,80.28634241021643,1779.5391931962354,1047.3846542114416,60.408653385055416,1045.6411470833698,1.0,1.0,35.0,3136.465260758406,80.06129431265053,88.21403530107256,0.02229950000764802,150000.0,4500.0,,0.0
6,65,8,known,3,100.0,300.0,150.0,543.2325906637654,57.23573992337644,540.208957381021,358.2838875115667,51.14991006015494,354.6139178758204,1.0,1.0,37.0,2439.6059778897043,103.3226643635999,58.9343298749573,0.02412950003053993,150000.0,4500.0,,0.0
6,66,8,known,3,100.0,300.0,150.0,3694.416667961641,213.82701303294704,3688.2234917382925,1327.1737186668508,95.13550343887856,1323.7595384001688,1.0,1.0,25.0,4378.371877039086,57.68701384348931,102.41077291383343,0.020200899976771325,150000.0,4500.0,,0.0
6,67,8,known,3,100.0,300.0,150.0,2084.861593252759,100.85428751536071,2082.4207729731766,973.2304279480065,46.85725784184025,972.1017761898202,1.0,1.0,21.0,3312.808552229289,75.92530332858281,73.08421649816387,0.01786209997953847,150000.0,4500.0,,0.0
6,68,8,known,3,100.0,300.0,150.0,2162.6244288156636,90.59295534765647,2160.726113266476,1119.1390327598367,57.603555002271655,1117.6555842913876,1.0,1.0,127.0,1426.6996568459667,176.7069182891744,79.25861839426204,0.08447080000769347,150000.0,4500.0,,0.0
6,69,8,known,3,100.0,300.0,150.0,1371.6307135763282,86.1299842693646,1368.9238255782045,883.85276669831,70.08396478483459,881.0697765105188,1.0,1.0,60.0,1763.1247415857022,142.37467454358125,79.0892604489248,0.093631399970036,150000.0,4500.0,,0.0
6,70,8,known,3,100.0,300.0,150.0,1534.5396528927506,51.90889547338042,1533.6614401069544,1362.632616409376,44.80689960216265,1361.8957335459654,1.0,1.0,37.0,2282.7570396890255,110.83030190339423,86.78734443952793,0.03382950002560392,150000.0,4500.0,,0.0
6,71,8,known,3,100.0,300.0,150.0,1944.5494135120307,64.70844027471625,1943.4724694080944,1616.538968074725,53.68196311475074,1615.6473879347075,1.0,1.0,38.0,2318.8689900540667,108.84612037654045,86.82780543308562,0.027628400013782084,150000.0,4500.0,,0.0
6,72,8,known,3,100.0,300.0,150.0,6772.030065439949,440.35502390211514,6757.697733706855,2029.150945190609,71.526297736659,2027.889924798688,1.0,1.0,50.0,2075.6675785962657,121.33367039459694,63.98688724539661,0.04604710004059598,150000.0,4500.0,,0.0
6,73,8,known,3,100.0,300.0,150.0,935.683617169138,55.06221938530822,934.0620875697109,653.4642384027271,58.20983759666115,650.8664422738557,1.0,1.0,38.0,2023.6775815768283,124.61611231814673,64.87945534990241,0.02866770001128316,150000.0,4500.0,,0.0
6,74,8,known,3,100.0,300.0,150.0,1762.8841190069363,102.49885162711968,1759.9018161425893,1409.1818192569212,72.88281501666218,1407.2958093448203,1.0,1.0,41.0,2042.9462364555536,123.67958670020646,60.15155191808906,0.027179400029126555,150000.0,4500.0,,0.0
6,75,8,known,3,100.0,300.0,150.0,1853.0137602582136,98.30594933885638,1850.4042628655152,1477.4827870355095,53.734233805511174,1476.5053396799997,1.0,1.0,26.0,2369.8818480405716,106.28443742315962,50.51670897039733,0.015199700021184981,150000.0,4500.0,,0.0
6,76,8,known,3,100.0,300.0,150.0,1352.7825966156886,63.55254112474298,1351.2889506774163,885.7570601378585,54.94119138141394,884.0514889267779,1.0,1.0,40.0,1814.3779671167806,139.35205212531056,86.71729633823544,0.03151629999047145,150000.0,4500.0,,0.0
6,77,8,known,3,100.0,300.0,150.0,983.9946209611511,72.9334152648128,981.287995961578,962.8886932407462,62.337686580766956,960.8686946730182,1.0,1.0,39.0,2355.0778464766718,106.9820481981283,96.54493766655368,0.04463530000066385,150000.0,4500.0,,0.0
6,78,8,known,3,100.0,300.0,150.0,1133.7402775073042,56.41797225109433,1132.335652202744,686.14866792693,45.870306987078244,684.613693578219,1.0,1.0,39.0,2768.0712834129927,90.72357623027057,97.66064710252923,0.03762410004856065,150000.0,4500.0,,0.0
6,79,8,known,3,100.0,300.0,150.0,1370.3696291987112,59.03754210161697,1369.0973264354923,983.1367200577743,41.39703739306896,982.26477877456,1.0,1.0,26.0,2237.515910010535,113.0068380061633,58.317108207998494,0.023196500027552247,150000.0,4500.0,,0.0
6,80,8,known,3,100.0,300.0,150.0,1134.5023926564375,66.24722307777762,1132.5665474388975,1039.4413378913632,51.08278618912503,1038.1853610374899,1.0,1.0,28.0,2398.154591915107,105.59490502918337,60.583628836068165,0.025090099952649325,150000.0,4500.0,,0.0
6,81,8,known,3,100.0,300.0,150.0,1799.5735746492096,84.44180177796613,1797.5913419596304,753.0871311208978,53.654589562669685,751.1733568749398,1.0,1.0,34.0,1416.3293617545262,177.5643290832307,93.17751150087642,0.029104099958203733,150000.0,4500.0,,0.0
6,82,8,known,3,100.0,300.0,150.0,4240.507080360991,252.23802048309767,4232.9984974736835,1668.286764267146,65.57881987622305,1666.9973443927815,1.0,1.0,58.0,1483.154909975624,169.70678371806295,67.05104372773178,0.08455130003858358,150000.0,4500.0,,0.0
6,83,8,known,3,100.0,300.0,150.0,2517.7417742688945,124.56342639059659,2514.6585443563736,1612.3458253705253,48.63804893063252,1611.61205033531,1.0,1.0,43.0,2990.793076202697,84.75866490071904,72.92792219777247,0.05042450001928955,150000.0,4500.0,,0.0
6,84,8,known,3,100.0,300.0,150.0,2611.699461542858,51.31572947594654,2611.1952767519338,1217.189734952495,54.55283351736105,1215.9666275144857,1.0,1.0,34.0,1093.3349494852143,231.2565542424839,84.14641862474066,0.04161109996493906,150000.0,4500.0,,0.0
6,85,8,known,3,100.0,300.0,150.0,842.9746938940515,48.444279987852795,841.581538700932,769.698534916487,38.98891948508939,768.7104128408643,1.0,1.0,41.0,2407.8689593498325,104.82415622305277,76.75244152904042,0.08961279998766258,150000.0,4500.0,,0.0
6,86,8,known,3,100.0,300.0,150.0,2714.9978688068977,115.08704314260856,2712.5575385835946,1393.4510386599466,67.67110467269906,1391.806889886259,1.0,1.0,54.0,1150.0084435597325,219.9400727199259,80.15648767765697,0.04241280001588166,150000.0,4500.0,,0.0
6,87,8,known,3,100.0,300.0,150.0,2169.3590125291503,94.57994196331789,2167.296278735251,1395.6295612265867,62.55543657045307,1394.2269146466062,1.0,1.0,20.0,3277.0861363561,76.8764993130583,75.92436913523767,0.014817400020547211,150000.0,4500.0,,0.0
6,88,8,known,3,100.0,300.0,150.0,1955.1079370293296,104.14729827963474,1952.3320377682005,1759.7332448189163,64.30043253611757,1758.5580875525777,1.0,1.0,35.0,2336.6154839712012,107.71054154205595,77.10079677080458,0.02819039998576045,150000.0,4500.0,,0.0
6,89,8,known,3,100.0,300.0,150.0,1576.7815103652338,91.50313709887445,1574.1242350369719,1375.558367008429,67.8402051206954,1373.8844666186737,1.0,1.0,30.0,2802.0523187763342,90.65649872793564,77.05502096241374,0.022829500027000904,150000.0,4500.0,,0.0
6,90,8,known,3,100.0,300.0,150.0,2463.1315226994952,110.57214799760355,2460.6484304351834,1312.6923811147267,40.746597027085386,1312.059831816889,1.0,1.0,31.0,1422.2973185103951,177.58453519711625,76.69858197842724,0.023008500051219016,150000.0,4500.0,,0.0
6,91,8,known,3,100.0,300.0,150.0,853.5196331234321,58.278835591296904,851.5276516057952,796.5560557181425,44.89832836854075,795.2896893654256,1.0,1.0,32.0,2506.9502997806717,100.43529360147785,81.4862061999828,0.018116199993528426,150000.0,4500.0,,0.0
6,92,8,known,3,100.0,300.0,150.0,843.1936404454792,99.99236821167685,837.2437169588796,589.8904919605205,45.05638723753165,588.1672504267187,1.0,1.0,37.0,2558.407552483768,98.63364879049884,82.02975660307301,0.027318999986164272,150000.0,4500.0,,0.0
6,93,8,known,3,100.0,300.0,150.0,3989.7271953914474,175.9724184593647,3985.84455311389,1603.8343828637924,77.81142043859253,1601.9457264543673,1.0,1.0,30.0,1459.0570503942506,172.66961640281107,92.49505092484449,0.02463030000217259,150000.0,4500.0,,0.0
6,94,8,known,3,100.0,300.0,150.0,2131.6051273625453,86.19837304518427,2129.861558759784,1528.9053736343355,45.56105306550508,1528.2263680396009,1.0,1.0,36.0,2847.3888252894853,88.36386581336659,58.96875168193513,0.01872880000155419,150000.0,4500.0,,0.0
6,95,8,known,3,100.0,300.0,150.0,5471.710820699126,334.0113771021087,5461.506724826241,1771.688816399982,66.15212961441372,1770.4533763712184,1.0,1.0,36.0,1431.1501916991863,176.47911401553336,84.04884698094713,0.027538200025446713,150000.0,4500.0,,0.0
6,96,8,known,3,100.0,300.0,150.0,6986.318401695943,383.65940739562575,6975.775961783191,1228.8672643870862,51.06660243039979,1227.8057483162459,1.0,1.0,1928.0,1940.7933202776796,130.2319895123336,78.18971093780699,1.5846708999597467,150000.0,4500.0,,0.0
6,97,8,known,3,100.0,300.0,150.0,1249.5422396568986,65.48177140800463,1247.8252867689644,1161.0464987778894,57.962192769973555,1159.5987911918899,1.0,1.0,41.0,2430.094051998624,104.15345751218882,70.80213077862996,0.03953359997831285,150000.0,4500.0,,0.0
6,98,8,known,3,100.0,300.0,150.0,373.07498347816096,52.64242817767678,369.3422776406571,287.4454845880974,40.023837743587066,284.64539171109226,1.0,1.0,54.0,2351.478583421644,107.9103835532981,86.76536870895072,0.05025890003889799,150000.0,4500.0,,0.0
6,99,8,known,3,100.0,300.0,150.0,576.5296909186237,42.10298857045065,574.9902806692999,174.45925024271995,40.69404087527695,169.64676546428248,1.0,1.0,38.0,2520.239584637595,99.78314765627673,87.54186542516442,0.02604209998389706,150000.0,4500.0,,0.0
7,0,8,known,3,100.0,300.0,150.0,763.5397227737308,40.30227034377484,762.4753341968008,662.487698694028,30.32020450514383,661.7934996051831,1.0,1.0,30.0,2409.6246551539243,104.55462528453224,44.92999690618285,0.018031799991149455,150000.0,5000.0,,0.0
7,1,8,known,3,100.0,300.0,150.0,1677.7026307454657,111.09168354030778,1674.0205360324696,1162.3604614176757,77.55667396415599,1159.7701516208845,1.0,1.0,32.0,3307.0719093117755,76.3046042608421,54.193946886419475,0.03450779995182529,150000.0,5000.0,,0.0
7,2,8,known,3,100.0,300.0,150.0,2670.8694437838676,134.62082225312946,2667.474614678505,1379.375319364964,54.275462975732786,1378.3070941528113,1.0,1.0,28.0,1623.69140168697,155.64269019260027,87.50618161418528,0.01936889998614788,150000.0,5000.0,,0.0
7,3,8,known,3,100.0,300.0,150.0,619.958419749861,61.20343224661231,616.9299653120922,541.0530644654516,45.31369373574339,539.152193473679,1.0,1.0,38.0,2828.195842484432,89.21955117673208,74.5312327034406,0.025188300001900643,150000.0,5000.0,,0.0
7,4,8,known,3,100.0,300.0,150.0,1796.6609561233754,87.1736185491341,1794.5448870081827,1266.7408441462871,51.262656653437396,1265.703166726417,1.0,1.0,35.0,3141.462955249592,80.57085047727644,72.77639556840234,0.02796989999478683,150000.0,5000.0,,0.0
7,5,8,known,3,100.0,300.0,150.0,2655.809695264902,91.08369969496195,2654.2473315636826,1602.098780556264,69.33989122032665,1600.5975390913925,1.0,1.0,34.0,1826.2448985760914,138.1663070774,56.06789844772026,0.03143350000027567,150000.0,5000.0,,0.0
7,6,8,known,3,100.0,300.0,150.0,1812.6333849837188,94.1842624058372,1810.1848284284683,1334.1838992649425,78.12253207770308,1331.8947207041458,1.0,1.0,25.0,2050.726531482055,122.30849395891443,86.43948203419374,0.019278899999335408,150000.0,5000.0,,0.0
7,7,8,known,3,100.0,300.0,150.0,1125.2065365704918,51.16219333210358,1124.0427838451747,1114.1764003489166,48.85659180733668,1113.1047051070445,1.0,1.0,30.0,2828.523440515427,89.4548526896604,62.78980989124644,0.022735800012014806,150000.0,5000.0,,0.0
7,8,8,known,3,100.0,300.0,150.0,1851.3671960978975,68.61821672621714,1850.0951421807215,1206.0765904179916,36.08698294181642,1205.5365907414196,1.0,1.0,40.0,3198.9093253757737,78.71653462805872,96.02511674758877,0.029496900038793683,150000.0,5000.0,,0.0
7,9,8,known,3,100.0,300.0,150.0,1351.5216244677597,116.27762895144906,1346.5103840703944,710.3202427129849,68.35290837755734,707.0238518778295,1.0,1.0,58.0,3270.789221082833,76.68793754319121,78.1862191211682,0.03663379995850846,150000.0,5000.0,,0.0
7,10,8,known,3,100.0,300.0,150.0,1501.4334812643265,93.23063510279017,1498.5361348128529,1062.785249171167,51.05299735986954,1061.558324971545,1.0,1.0,32.0,2169.0014070470174,116.51742558539163,59.91381014232014,0.022896100010257214,150000.0,5000.0,,0.0
7,11,8,known,3,100.0,300.0,150.0,1651.9251950124233,73.76792244991888,1650.2772929220882,1295.5621888351784,51.54010220431378,1294.5365977847698,1.0,1.0,32.0,3177.7826109070866,79.45646427727324,91.8676756153914,0.018189400027040392,150000.0,5000.0,,0.0
7,12,8,known,3,100.0,300.0,150.0,1323.7385263137282,128.22547553918292,1317.5135344541975,791.4251553190574,69.94106750454729,788.3286266197101,1.0,1.0,37.0,3034.408128278961,83.03960865164571,61.568042131936444,0.021287999988999218,150000.0,5000.0,,0.0
7,13,8,known,3,100.0,300.0,150.0,2359.6328498015823,157.48662798251152,2354.3714974212194,932.8805691884272,66.66431654281503,930.4955804673139,1.0,1.0,28.0,1646.789620207419,152.3139057011071,89.48007215842745,0.015802000008989125,150000.0,5000.0,,0.0
7,14,8,known,3,100.0,300.0,150.0,1838.2627151663196,101.57908118170671,1835.4540310879293,1430.517450830597,76.25074046713728,1428.483812197073,1.0,1.0,32.0,2985.00528132016,84.4823503118473,61.428150075975886,0.019716600014362484,150000.0,5000.0,,0.0
7,15,8,known,3,100.0,300.0,150.0,1152.109838576397,126.93842580688889,1145.0955052737743,974.5712750011058,53.248216376119274,973.115510877328,1.0,1.0,62.0,2482.1740049814334,101.63601556116981,73.86513497745008,0.03796210000291467,150000.0,5000.0,,0.0
7,16,8,known,3,100.0,300.0,150.0,1147.4794945607339,47.89791828810424,1146.4793848390923,301.99990878100687,49.061747156506414,297.9880700123539,1.0,1.0,29.0,3223.8529654649674,78.12712773861065,55.68154007512395,0.014630699995905161,150000.0,5000.0,,0.0
7,17,8,known,3,100.0,300.0,150.0,1467.764852885568,55.54188239254815,1466.7135925825753,1212.4532227639954,44.889901985820934,1211.621935296032,1.0,1.0,21.0,3163.0615554257147,79.66985340170571,47.241294274653875,0.014439099992159754,150000.0,5000.0,,0.0
7,18,8,known,3,100.0,300.0,150.0,1095.4085514259048,73.30105172949926,1092.9532699765111,680.4908662799764,58.819412544927445,677.9440211391664,1.0,1.0,34.0,3174.302060438974,79.54861128451901,109.75708074555793,0.02229380002245307,150000.0,5000.0,,0.0
7,19,8,known,3,100.0,300.0,150.0,2685.694993185059,112.02941329313255,2683.3574132002036,1032.5528087223222,34.516120199066265,1031.9757459585762,1.0,1.0,29.0,1327.9030116524366,190.05114192058596,69.43625886873178,0.016866400022991,150000.0,5000.0,,0.0
7,20,8,known,3,100.0,300.0,150.0,1873.1428016653638,104.80703181859411,1870.2083952095138,1216.5051345501645,63.990741646287674,1214.8209445718624,1.0,1.0,32.0,3333.5833057279006,75.88238453520519,72.08395583733787,0.015457400004379451,150000.0,5000.0,,0.0
7,21,8,known,3,100.0,300.0,150.0,1660.9023414364706,78.46809050115546,1659.0477228103634,1188.004320358066,65.64757323576825,1186.1891338727078,1.0,1.0,16.0,2976.7869809514723,84.68870485552839,43.92958528685165,0.009749699966050684,150000.0,5000.0,,0.0
7,22,8,known,3,100.0,300.0,150.0,5006.887859961466,245.15195452206527,5000.882578247916,1576.3950141572411,66.14782247113463,1575.0065733964846,1.0,1.0,38.0,1330.0697275877715,189.8332648834821,70.90171051905392,0.029054699989501387,150000.0,5000.0,,0.0
7,23,8,known,3,100.0,300.0,150.0,1278.6552394560572,90.90733744492036,1275.419569156402,1183.96673301105,68.41082997527575,1181.9886561295557,1.0,1.0,25.0,2960.1931089766813,85.29504852906642,59.1628525766666,0.011726099997758865,150000.0,5000.0,,0.0
7,24,8,known,3,100.0,300.0,150.0,1874.2961386092838,115.61496793575859,1870.7269160395604,1667.1020382239965,98.37651745899706,1664.1968833834667,1.0,1.0,28.0,2606.3846787563657,96.59071768445246,66.45288098143517,0.01456569996662438,150000.0,5000.0,,0.0
7,25,8,known,3,100.0,300.0,150.0,1990.7726962808479,106.15675218476498,1987.9403090190863,1599.4921457543371,83.0231141788109,1597.335996852843,1.0,1.0,32.0,3425.528286391524,73.6364513943044,60.63724748865309,0.018415700003970414,150000.0,5000.0,,0.0
7,26,8,known,3,100.0,300.0,150.0,990.3154556167033,55.94545561658488,988.7339417806852,394.43204771149925,55.90472847736869,390.45012689940074,1.0,1.0,41.0,2077.3728335744618,121.53586602114103,73.29486588651135,0.02106839994667098,150000.0,5000.0,,0.0
7,27,8,known,3,100.0,300.0,150.0,2066.4476970668966,86.35115508668719,2064.6427203582402,651.1031596926967,70.42689258601746,647.2830735949233,1.0,1.0,47.0,1503.7728203484696,167.63963902908785,84.57398076564127,0.026789900031872094,150000.0,5000.0,,0.0
7,28,8,known,3,100.0,300.0,150.0,1400.598979700695,128.0268760932879,1394.7353228969366,848.6248047847605,59.938258377716295,846.5054426751307,1.0,1.0,70.0,2067.727239062947,122.02967567094608,69.7936710727869,0.04090399999404326,150000.0,5000.0,,0.0
7,29,8,known,3,100.0,300.0,150.0,1820.0709778730038,121.42053384956493,1816.0163596331613,1040.5520339466464,64.75016587832553,1038.5354839239878,1.0,1.0,41.0,3373.5410312470995,74.58628412210456,62.20273223527396,0.01699380000354722,150000.0,5000.0,,0.0
7,30,8,known,3,100.0,300.0,150.0,688.7700769338593,137.29736999830223,674.9471468722745,610.164984141052,68.15738179231295,606.3463359987153,1.0,1.0,24.0,2584.1176887474985,98.12451714264321,82.06480494561445,0.011859899968840182,150000.0,5000.0,,0.0
7,31,8,known,3,100.0,300.0,150.0,1254.6027222448943,84.40467805259067,1251.760296936733,1016.9157333426557,58.105834491042906,1015.25431332151,1.0,1.0,38.0,2332.2236251947897,107.7171822511687,77.27086148987195,0.01890690001891926,150000.0,5000.0,,0.0
7,32,8,known,3,100.0,300.0,150.0,1377.130726808763,43.10551991999088,1376.4559393141717,1251.6355325502846,48.49194654397844,1250.6958213182015,1.0,1.0,23.0,2625.4613688301993,96.34829658558944,82.50391320832648,0.009174300008453429,150000.0,5000.0,,0.0
7,33,8,known,3,100.0,300.0,150.0,1539.412420465794,74.56169066142243,1537.6056563924524,906.3249771571027,46.342929222427976,905.1393799464853,1.0,1.0,60.0,3440.0360748271983,73.11050555257295,66.69978634386256,0.06454490002943203,150000.0,5000.0,,0.0
7,34,8,known,3,100.0,300.0,150.0,2074.984722008687,133.59753052122264,2070.679428691969,986.3128533829661,50.12851519083939,985.0381600289453,1.0,1.0,66.0,3550.6212320962672,70.81966796396158,85.10677441609985,0.051821400003973395,150000.0,5000.0,,0.0
7,35,8,known,3,100.0,300.0,150.0,1212.741449237851,70.43203249607507,1210.694491396568,690.0283595458844,42.316558864671414,688.7295883170964,1.0,1.0,33.0,2168.6832251193964,116.24006659269689,60.961782468139326,0.02662330004386604,150000.0,5000.0,,0.0
7,36,8,known,3,100.0,300.0,150.0,2517.7886766282018,118.3752407892518,2515.004398112512,1629.8043810608406,65.418882639991,1628.4909242360684,1.0,1.0,49.0,3606.666272904639,69.72869310901645,72.89821286601358,0.026288499997463077,150000.0,5000.0,,0.0
7,37,8,known,3,100.0,300.0,150.0,1406.3290635307446,55.108352985508866,1405.2489118880278,1065.9659648331985,50.77770152698967,1064.755870239938,1.0,1.0,29.0,2535.2020261284997,99.35077092444621,62.679580914354226,0.012142200022935867,150000.0,5000.0,,0.0
7,38,8,known,3,100.0,300.0,150.0,1312.2868031527305,58.696498850093015,1310.9734454791808,609.8409856532056,31.588572243926773,609.0223229784468,1.0,1.0,39.0,2058.3288431143187,122.59129619941012,78.10198756929496,0.024929699953645468,150000.0,5000.0,,0.0
7,39,8,known,3,100.0,300.0,150.0,2743.981942422965,120.01421147385868,2741.3561405602914,1574.2892907889873,62.40272757473602,1573.0520241505449,1.0,1.0,27.0,3730.660321346192,67.79996325703449,61.18510051328894,0.012917399988509715,150000.0,5000.0,,0.0
7,40,8,known,3,100.0,300.0,150.0,961.3691022144485,44.61833641563602,960.3331477920127,861.4487640582014,35.06087923994375,860.7349811901017,1.0,1.0,35.0,2898.3359365090714,86.66030441543798,83.05634109183133,0.021227199991699308,150000.0,5000.0,,0.0
7,41,8,known,3,100.0,300.0,150.0,941.1442261558526,49.54524137459458,939.8392008655692,664.8324912523351,36.30830529019314,663.8403033800678,1.0,1.0,22.0,3041.8344102580704,82.82038370002428,80.94978307485368,0.01682339998660609,150000.0,5000.0,,0.0
7,42,8,known,3,100.0,300.0,150.0,1360.5984717567972,56.0760806763465,1359.4424130954983,1019.5974720197784,42.936077022345785,1018.6930343528682,1.0,1.0,27.0,2229.7383925508016,112.9966460590017,64.72539097530063,0.012237099988851696,150000.0,5000.0,,0.0
7,43,8,known,3,100.0,300.0,150.0,3160.7139953753162,157.24276865169657,3156.800226854424,2104.356684035791,89.85100884159209,2102.4375971372515,1.0,1.0,33.0,2605.814333563505,97.58279826966196,71.36516330355285,0.0165804999996908,150000.0,5000.0,,0.0
7,44,8,known,3,100.0,300.0,150.0,4875.604858363361,261.03014056941316,4868.612328026409,1982.6791508645338,91.2133539874643,1980.5798997584686,1.0,1.0,28.0,1834.7257026235009,137.96008885712422,71.57553988693341,0.01517909998074174,150000.0,5000.0,,0.0
7,45,8,known,3,100.0,300.0,150.0,1121.9800016716285,91.18041217040731,1118.2688659653825,718.9230875453371,65.30243638382537,715.9511139791996,1.0,1.0,47.0,3057.1764032442306,82.40472941045472,85.51372061945851,0.02501819998724386,150000.0,5000.0,,0.0
7,46,8,known,3,100.0,300.0,150.0,1437.6328966305207,96.88553928902705,1434.3645065850365,786.4609979774742,72.90250761513065,783.0747893548549,1.0,1.0,52.0,3152.0294393521217,80.21211597747993,64.53967408720534,0.0243116999627091,150000.0,5000.0,,0.0
7,47,8,known,3,100.0,300.0,150.0,392.57694577972615,49.39351693893325,389.4572362174586,244.09479091573468,36.34186725280788,241.37426465299797,1.0,1.0,94.0,2778.6810334398037,90.60879671239857,84.41193888818026,0.07120980002218857,150000.0,5000.0,,0.0
7,48,8,known,3,100.0,300.0,150.0,2611.2711551609436,154.1711325635348,2606.7160005761357,2028.1785448350658,82.81499480295464,2026.4870802364057,1.0,1.0,42.0,2986.3732369758613,84.05446054315121,68.71522377837094,0.01951150002423674,150000.0,5000.0,,0.0
7,49,8,known,3,100.0,300.0,150.0,1548.3730543569402,62.96730441062247,1547.0921866630638,796.0763727150986,40.47845254936046,795.0465936499809,1.0,1.0,77.0,3313.17238605265,76.24806104657867,84.21540853763828,0.044715699972584844,150000.0,5000.0,,0.0
7,50,8,known,3,100.0,300.0,150.0,1176.8769972643436,65.09246683724281,1175.0755028724666,1128.831604479862,58.5682477222273,1127.311204429073,1.0,1.0,31.0,2870.6252086706545,87.66106079854674,73.40580424483984,0.01684900000691414,150000.0,5000.0,,0.0
7,51,8,known,3,100.0,300.0,150.0,1577.1314369313325,77.55152586393173,1575.223581017395,1122.116711161568,66.35134102403178,1120.153298889204,1.0,1.0,65.0,2810.3395261964884,90.07004824514286,64.92986613382656,0.040573200036305934,150000.0,5000.0,,0.0
7,52,8,known,3,100.0,300.0,150.0,1299.3338832780917,109.9242495171703,1294.6757121389944,891.8151846250795,59.5951781902331,889.8217452188608,1.0,1.0,35.0,3087.1619449503883,81.6465342691414,67.54447408426483,0.01976609998382628,150000.0,5000.0,,0.0
7,53,8,known,3,100.0,300.0,150.0,1794.2979756745517,71.85662452102811,1792.8585697210578,1142.3373497283687,46.82441566902097,1141.377279729051,1.0,1.0,46.0,3411.962835805402,74.08298333849865,90.43064788409671,0.029437699995469302,150000.0,5000.0,,0.0
7,54,8,known,3,100.0,300.0,150.0,736.977501812355,65.9896348396499,734.0171702837129,576.048899837154,38.65227308103228,574.7506735874824,1.0,1.0,49.0,2554.497002735879,98.50962834436581,83.16416901014034,0.028653300018049777,150000.0,5000.0,,0.0
7,55,8,known,3,100.0,300.0,150.0,1186.9342271956366,52.142078695660345,1185.7883720621476,1020.9494435844439,40.962214582480534,1020.1273760329561,1.0,1.0,25.0,2362.9069252845884,107.0500273031747,62.20602465747614,0.010762300051283091,150000.0,5000.0,,0.0
7,56,8,known,3,100.0,300.0,150.0,1316.652336359841,68.95257080498034,1314.8455870638238,722.4909434468005,54.30266821982441,720.4473496285871,1.0,1.0,32.0,3142.9224334386035,80.29864828981445,74.59193819267715,0.017258399981074035,150000.0,5000.0,,0.0
7,57,8,known,3,100.0,300.0,150.0,1945.6817068780467,139.47803902561182,1940.6759598421988,1533.3388576165473,89.6729901130679,1530.7144760277797,1.0,1.0,39.0,3053.078553883303,82.77067611002188,74.79219127479124,0.01651570003014058,150000.0,5000.0,,0.0
7,58,8,known,3,100.0,300.0,150.0,2539.6913390900436,75.10638034029239,2538.5805343697803,1271.7760970052,51.98701496660421,1270.7131034142371,1.0,1.0,38.0,1482.5604978837544,170.7451128029767,95.52213413553457,0.016403999994508922,150000.0,5000.0,,0.0
7,59,8,known,3,100.0,300.0,150.0,3395.647562278632,126.52656300035778,3393.289465410243,1671.4404304843865,92.72596526582932,1668.8663841132852,1.0,1.0,30.0,1693.3934110261907,149.37074828901126,79.0302113601905,0.01274470001226291,150000.0,5000.0,,0.0
7,60,8,known,3,100.0,300.0,150.0,2696.1764205730274,120.79264265887888,2693.4692180037005,1912.550627315056,73.93673181921153,1911.120943773865,1.0,1.0,41.0,2103.6226409690844,120.18801534083323,65.51457493686007,0.02284470002632588,150000.0,5000.0,,0.0
7,61,8,known,3,100.0,300.0,150.0,1552.3088966064302,70.45343272309495,1550.7092649175104,1043.6316449242308,67.91033548808825,1041.419798458408,1.0,1.0,33.0,2198.119507977751,114.8308528653233,102.88931644279752,0.014091699966229498,150000.0,5000.0,,0.0
7,62,8,known,3,100.0,300.0,150.0,3299.000250103674,130.2669500471885,3296.4273345410647,994.5401659717655,58.203476372467506,992.8355841071101,1.0,1.0,117.0,794.0866121331082,317.6740366452591,59.156089006417176,0.06486439995933324,150000.0,5000.0,,0.0
7,63,8,known,3,100.0,300.0,150.0,427.27868200841925,69.4602750523694,421.5949979405603,357.7322804988649,62.99914917015456,352.1412951000708,1.0,1.0,52.0,2686.369860639867,94.09738136294521,57.0130836455379,0.02571750001516193,150000.0,5000.0,,0.0
7,64,8,known,3,100.0,300.0,150.0,2453.97556386626,195.64015354040373,2446.164548507605,1121.0788862415855,79.3232050523153,1118.2690634712658,1.0,1.0,26.0,3974.551872672101,63.35486235888531,58.9708060489348,0.014057099993806332,150000.0,5000.0,,0.0
7,65,8,known,3,100.0,300.0,150.0,756.4380572607529,94.25852648132673,750.5423803210523,528.3993371445483,74.48247065560591,523.1235237110207,1.0,1.0,36.0,2498.283856594504,100.90094026905336,82.49297302603217,0.016349899990018457,150000.0,5000.0,,0.0
7,66,8,known,3,100.0,300.0,150.0,1245.3356562736024,62.51980424056272,1243.7653198510263,1154.7285259527378,52.040720140925885,1153.5552574957978,1.0,1.0,33.0,2770.6171704393582,91.11129651638231,67.68501690984999,0.01991389994509518,150000.0,5000.0,,0.0
7,67,8,known,3,100.0,300.0,150.0,1035.6739891422963,83.73364707230083,1032.2835308837823,728.7755116305516,54.58071348954023,726.7287610018919,1.0,1.0,30.0,3075.0536718387457,81.8829229625202,69.11465903363774,0.014870000013615936,150000.0,5000.0,,0.0
7,68,8,known,3,100.0,300.0,150.0,2009.478947208238,142.39046193059096,2004.4277476687257,1407.4340170796784,89.38397879035712,1404.592829530553,1.0,1.0,47.0,3398.4596989489933,74.5746926081316,99.18660624073202,0.021965100022498518,150000.0,5000.0,,0.0
7,69,8,known,3,100.0,300.0,150.0,1999.847306753177,157.95585721771246,1993.5995579600617,1152.3703085776554,70.63212037885705,1150.203647908555,1.0,1.0,33.0,2128.5750066479322,118.2714261616221,98.21895724363051,0.015195100044365972,150000.0,5000.0,,0.0
7,70,8,known,3,100.0,300.0,150.0,961.3293355965219,58.34759040925307,959.5570072548501,929.2890087447474,43.3987387028567,928.27507305367,1.0,1.0,34.0,2748.451391359486,92.0140517664775,84.82628883739211,0.018126500013750046,150000.0,5000.0,,0.0
7,71,8,known,3,100.0,300.0,150.0,1288.1726150458205,46.77886270211384,1287.3229680846546,1025.6404571555468,48.05071153953495,1024.514263675613,1.0,1.0,18.0,3091.392023420954,81.72124108059167,65.62888686272471,0.0073148999945260584,150000.0,5000.0,,0.0
7,72,8,known,3,100.0,300.0,150.0,1843.7991318528984,35.71508580967226,1843.4531920466843,1755.708576637499,24.523228346292758,1755.5373016116598,1.0,1.0,23.0,2546.1982850582585,98.8719739483559,66.73123693188408,0.012059699976816773,150000.0,5000.0,,0.0
7,73,8,known,3,100.0,300.0,150.0,1859.7441058875095,100.76902084348228,1857.0120473011418,1279.252284715976,75.30674629195894,1277.033790435462,1.0,1.0,53.0,2149.9010219035617,117.41933561437806,86.48303330886145,0.03341739997267723,150000.0,5000.0,,0.0
7,74,8,known,3,100.0,300.0,150.0,776.8118341704279,100.49587975264035,770.2838462930189,573.0228376411212,68.74216972960022,568.8845986306445,1.0,1.0,39.0,2948.4936927450267,85.5363976555163,87.37450069169833,0.01574369997251779,150000.0,5000.0,,0.0
7,75,8,known,3,100.0,300.0,150.0,1439.219463306797,34.86294137178949,1438.797150011082,1385.1121463700076,33.34822365301521,1384.7106390870686,1.0,1.0,23.0,2906.462265352213,86.4120542763627,82.41168149654025,0.011261299951002002,150000.0,5000.0,,0.0
7,76,8,known,3,100.0,300.0,150.0,991.0548877296361,54.38456840981348,989.561574239663,724.8896978242872,45.86639312693423,723.437176258804,1.0,1.0,59.0,2404.237136249012,104.65950224389596,99.71830661529145,0.03219060000265017,150000.0,5000.0,,0.0
7,77,8,known,3,100.0,300.0,150.0,1585.4768520259727,80.96500790214724,1583.4081962038704,1361.1992229265297,58.38081177274553,1359.9466920848567,1.0,1.0,34.0,2552.5940640503245,98.74843125193695,59.87250477590149,0.015695000009145588,150000.0,5000.0,,0.0
7,78,8,known,3,100.0,300.0,150.0,1269.2474012340979,54.028902993823536,1268.0969376119458,1241.908279155387,57.25930693455635,1240.5875807874543,1.0,1.0,32.0,2601.083190788519,96.73645148793868,61.89401709764051,0.017514799954369664,150000.0,5000.0,,0.0
7,79,8,known,3,100.0,300.0,150.0,2475.4372403083817,100.88646506273334,2473.3805715806698,1111.7626447778575,73.98499746051081,1109.2981558058343,1.0,1.0,43.0,1759.3368383411728,143.19076420183694,65.27204156635993,0.026952099986374378,150000.0,5000.0,,0.0
7,80,8,known,3,100.0,300.0,150.0,1904.6481186141355,96.7459224899791,1902.189444356668,1598.6078197842548,78.1059838618849,1596.6985992228886,1.0,1.0,29.0,2358.9135104601146,106.92829325054863,56.69496258130318,0.012690900010056794,150000.0,5000.0,,0.0
7,81,8,known,3,100.0,300.0,150.0,2512.0876762233797,145.91051114670105,2507.846609298561,1583.3434615580247,57.60004888127821,1582.2954059300755,1.0,1.0,25.0,2004.9375124701853,125.93073143923763,60.5141758605125,0.014106999966315925,150000.0,5000.0,,0.0
7,82,8,known,3,100.0,300.0,150.0,1046.9427225657844,68.89197977580213,1044.6736138411975,853.4301233936235,61.53576855210903,851.2087433199666,1.0,1.0,50.0,2955.5135829371384,85.86642022337881,85.38980056802602,0.03501200000755489,150000.0,5000.0,,0.0
7,83,8,known,3,100.0,300.0,150.0,1457.6712157977943,110.10206774040793,1453.5071062931568,962.1330725314979,90.69665532962132,957.8487176850635,1.0,1.0,32.0,3393.9608277327634,74.17753550935824,69.30969142538054,0.01680889999261126,150000.0,5000.0,,0.0
7,84,8,known,3,100.0,300.0,150.0,1479.5908839261367,94.8276318781366,1476.5489846360372,1140.1722979292435,80.77017041681974,1137.307807295848,1.0,1.0,20.0,3080.392435069407,81.63329960393058,83.30118966668435,0.008274100022390485,150000.0,5000.0,,0.0
7,85,8,known,3,100.0,300.0,150.0,818.0672714189169,94.99249258631592,812.5333758800499,373.47568031961345,54.05292553068107,369.54345486258137,1.0,1.0,39.0,2235.3941322788028,113.42291773070166,69.193185400686,0.01801480003632605,150000.0,5000.0,,0.0
7,86,8,known,3,100.0,300.0,150.0,633.8309479706184,56.304244820405515,631.3251956167571,602.0155722279577,53.50042975592441,599.6335991427488,1.0,1.0,51.0,2717.242183503051,93.11396088887146,97.31822814523338,0.027807299979031086,150000.0,5000.0,,0.0
7,87,8,known,3,100.0,300.0,150.0,2279.4338942770073,48.42708571798007,2278.919414053008,879.8888399695796,37.17018138211694,879.1033774926774,1.0,1.0,44.0,1500.0173052785358,168.4480161301404,87.15782377379004,0.023557099979370832,150000.0,5000.0,,0.0
7,88,8,known,3,100.0,300.0,150.0,2688.015890723063,64.27887254436236,2687.2472263124823,999.8389092228172,47.18018606953507,998.7251245654716,1.0,1.0,82.0,1288.658861405659,195.33662241795147,104.98991742227457,0.04508130002068356,150000.0,5000.0,,0.0
7,89,8,known,3,100.0,300.0,150.0,1284.2371968687203,81.76079587669429,1281.6319089656115,1062.351631812927,74.41439576515073,1059.7421796448873,1.0,1.0,31.0,2834.311923010429,88.81922384949698,48.396937864683224,0.018012500018812716,150000.0,5000.0,,0.0
7,90,8,known,3,100.0,300.0,150.0,1449.4774056161639,82.8636803337164,1447.1068930363494,1318.6107983269603,47.590557330453926,1317.7517126975931,1.0,1.0,37.0,2583.0186221174195,97.87366953042414,74.77040507549606,0.014535000023897737,150000.0,5000.0,,0.0
7,91,8,known,3,100.0,300.0,150.0,5901.573863395235,284.3494003350419,5894.719627229005,1392.6186771633047,59.474051434698886,1391.3481294018459,1.0,1.0,63.0,1197.514745719073,210.4233386376669,53.44813954584884,0.06623930000932887,150000.0,5000.0,,0.0
7,92,8,known,3,100.0,300.0,150.0,1547.539486186222,73.11507938493425,1545.8113230507952,1073.5976521661883,52.65224623083709,1072.3057678216599,1.0,1.0,29.0,2163.500267999094,116.47221155227363,70.6519779173292,0.048334999999497086,150000.0,5000.0,,0.0
7,93,8,known,3,100.0,300.0,150.0,1543.512672984405,86.65548679833242,1541.0782583214932,1126.4989490929083,73.57797113724448,1124.093485645546,1.0,1.0,39.0,2893.296054228868,87.23055256767988,78.20413597990606,0.021919600025285035,150000.0,5000.0,,0.0
7,94,8,known,3,100.0,300.0,150.0,896.926327529083,70.44743923242403,894.1554648495986,686.321866059931,43.110725875618606,684.9665460053236,1.0,1.0,26.0,2350.507634965834,107.39298340515,80.89957834638692,0.013270399998873472,150000.0,5000.0,,0.0
7,95,8,known,3,100.0,300.0,150.0,2294.5718234851724,62.80739942318979,2293.712075154544,1260.2578706573897,39.53352769098099,1259.637646604056,1.0,1.0,18.0,1647.6584900101525,152.75131254890044,65.94942864728137,0.012654900026973337,150000.0,5000.0,,0.0
7,96,8,known,3,100.0,300.0,150.0,856.0972895610545,61.93195053360103,853.8542045905072,680.1199934076592,50.018214869722684,678.2782494036504,1.0,1.0,63.0,2697.073917562646,93.49476859888816,73.03079503131302,0.03860959998564795,150000.0,5000.0,,0.0
7,97,8,known,3,100.0,300.0,150.0,1978.4226489037862,116.44710625176037,1974.992721288123,1007.660524157469,54.47215446931855,1006.1871179521112,1.0,1.0,37.0,3617.2251250636837,69.98144571855616,62.6548256050936,0.018797500000800937,150000.0,5000.0,,0.0
7,98,8,known,3,100.0,300.0,150.0,1485.2932227283673,39.74606542586004,1484.7613302366083,997.3153521067896,31.758021279536703,996.8095804276253,1.0,1.0,27.0,3225.322888921652,78.12814769240121,63.26397819701807,0.014590399980079383,150000.0,5000.0,,0.0
7,99,8,known,3,100.0,300.0,150.0,2109.1527844865864,161.20776557447707,2102.9830062618207,1251.4929112915888,69.16632448334161,1249.5801401152955,1.0,1.0,24.0,3696.3166805228425,68.44032635183757,70.69898861964244,0.03622810001252219,150000.0,5000.0,,0.0
8,0,8,known,3,100.0,300.0,150.0,1210.3230506348905,83.64327500391789,1207.429372445762,1070.9209744869981,77.82410784478533,1068.0894821288828,1.0,1.0,61.0,6107.105572534245,41.16516566847713,91.15943438969397,0.031224000034853816,150000.0,10000.0,,0.0
8,1,8,known,3,100.0,300.0,150.0,479.2564701789086,33.30782610228602,478.09763953473663,446.1848983267528,28.84425179495726,445.25158352693575,1.0,1.0,22.0,6383.41691355341,39.445143954236556,68.64891035908155,0.009735200030263513,150000.0,10000.0,,0.0
8,2,8,known,3,100.0,300.0,150.0,861.6118056221547,82.70711304504663,857.633043346176,770.9808744908926,58.20324917134885,768.7807818986107,1.0,1.0,20.0,6077.984132935332,41.52540232653098,84.36019919921381,0.010825900011695921,150000.0,10000.0,,0.0
8,3,8,known,3,100.0,300.0,150.0,668.0195763116144,43.909560867381394,666.5749056182528,543.7725989311864,41.3955779012802,542.194656446,1.0,1.0,24.0,6456.571663853779,38.98915571233603,76.93421405055392,0.010246400022879243,150000.0,10000.0,,0.0
8,4,8,known,3,100.0,300.0,150.0,1035.2145128190498,72.37501750078886,1032.6814341281358,804.3921882334563,65.85760892629321,801.6916912613724,1.0,1.0,37.0,5958.730739491021,42.3853361690893,85.18182713925395,0.018635999993421137,150000.0,10000.0,,0.0
8,5,8,known,3,100.0,300.0,150.0,1342.1526820532265,105.18944068088233,1338.0242910769268,683.8526621308365,71.81687249173565,680.0711729877527,1.0,1.0,32.0,6865.864973553282,36.819947568686466,90.89744219900784,0.019593900011386722,150000.0,10000.0,,0.0
8,6,8,known,3,100.0,300.0,150.0,999.6551145108783,113.69659717930959,993.1683803653854,787.0307405960842,63.12849998655069,784.4948560269014,1.0,1.0,34.0,5974.279466643568,42.315091741377984,64.39811577361905,0.015726300014648587,150000.0,10000.0,,0.0
8,7,8,known,3,100.0,300.0,150.0,526.230636595439,58.64420509922566,522.9527130629699,500.4754075283942,51.3264767367798,497.83654579239266,1.0,1.0,20.0,6312.34061916518,40.21505560739943,84.19099244049312,0.009911600034683943,150000.0,10000.0,,0.0
8,8,8,known,3,100.0,300.0,150.0,506.84308590940503,43.138171773069594,505.0039721331365,458.2851701249776,41.361514892101354,456.4148576046907,1.0,1.0,22.0,6225.448370949553,40.61107240349793,44.63513373325157,0.013154999993275851,150000.0,10000.0,,0.0
8,9,8,known,3,100.0,300.0,150.0,990.736117842977,113.67381444627404,984.1932326061825,776.7337085478941,54.41120274839537,774.8255771527151,1.0,1.0,20.0,6677.444143799059,37.882577085675564,90.83571986627162,0.010834400018211454,150000.0,10000.0,,0.0
8,10,8,known,3,100.0,300.0,150.0,710.7220907630754,68.69414664301988,707.3945182962789,495.78076261460177,53.366586069416044,492.90016440452905,1.0,1.0,31.0,6398.273174559456,39.5255711641249,56.25745189226967,0.014818099967669696,150000.0,10000.0,,0.0
8,11,8,known,3,100.0,300.0,150.0,613.933842980408,92.70723069572495,606.8938399204773,464.65204319147176,49.10218841423092,462.05031796866314,1.0,1.0,31.0,6374.410441177466,39.61664892101978,65.63869815411593,0.01449750002939254,150000.0,10000.0,,0.0
8,12,8,known,3,100.0,300.0,150.0,1133.6833920645272,55.44886542839979,1132.326568073732,1051.0313155494243,52.78818631718419,1049.7048316793137,1.0,1.0,19.0,6415.528630939559,39.29670945324575,65.11151157850028,0.010090700001455843,150000.0,10000.0,,0.0
8,13,8,known,3,100.0,300.0,150.0,517.4171108336325,40.140074635950874,515.8577720570311,380.53171773577475,37.164105803668804,378.71257893388366,1.0,1.0,30.0,6091.338821655052,41.5698203788021,62.704868070254044,0.0346700000227429,150000.0,10000.0,,0.0
8,14,8,known,3,100.0,300.0,150.0,844.7508434519646,103.80809703259324,838.3482966543663,692.3164074700693,76.01620878316663,688.1304702267565,1.0,1.0,18.0,6020.278962358307,41.91075557742613,63.89443567733191,0.008928700000979006,150000.0,10000.0,,0.0
8,15,8,known,3,100.0,300.0,150.0,635.4670330804714,49.47821319438313,633.5378888047566,480.31808269842173,54.243619260823856,477.24531463030075,1.0,1.0,32.0,6538.977471413436,38.50575577711563,75.97249692126749,0.014418800012208521,150000.0,10000.0,,0.0
8,16,8,known,3,100.0,300.0,150.0,676.4530710854704,65.54623341064328,673.2699671503563,453.85729091359093,59.66630396258638,449.91818443675754,1.0,1.0,25.0,5950.961765815035,42.536463916604916,87.39846890950753,0.013170499994885176,150000.0,10000.0,,0.0
8,17,8,known,3,100.0,300.0,150.0,1361.4312990184867,133.84847400078093,1354.8356977710716,1061.9927447731657,81.68448605160728,1058.8466530566768,1.0,1.0,19.0,6711.126477543625,37.69930915505561,62.47443445594484,0.008754500013310462,150000.0,10000.0,,0.0
8,18,8,known,3,100.0,300.0,150.0,551.518867289888,67.35314759730485,547.3907329188693,433.8976563394957,41.81048278135572,431.87852424784575,1.0,1.0,22.0,6093.809397440393,41.36285409534594,86.00445579698352,0.011595300049521029,150000.0,10000.0,,0.0
8,19,8,known,3,100.0,300.0,150.0,1035.8232646159954,43.56807760754378,1034.90659391721,832.3163486498138,53.87795731239844,830.5706893128372,1.0,1.0,32.0,6309.704284063741,40.137064623613014,74.44530351390951,0.02779770002234727,150000.0,10000.0,,0.0
8,20,8,known,3,100.0,300.0,150.0,723.6161414154591,45.147526098759485,722.2063562474091,564.3423690851979,43.12508972916871,562.6922215390443,1.0,1.0,25.0,6492.795999070427,38.84441168671741,46.741086414961096,0.013351700035855174,150000.0,10000.0,,0.0
8,21,8,known,3,100.0,300.0,150.0,1087.371933016918,51.28710010579668,1086.161753182134,857.507512916986,48.85730162262741,856.1145360214546,1.0,1.0,12.0,6655.222367963923,37.981453619396746,71.95420100074243,0.010713900031987578,150000.0,10000.0,,0.0
8,22,8,known,3,100.0,300.0,150.0,1091.3216212678917,91.10978956401937,1087.5117871969849,935.6984657438047,34.15888440779231,935.0747507078379,1.0,1.0,17.0,6086.175424160215,41.51462514170474,75.65525606696721,0.009040899982210249,150000.0,10000.0,,0.0
8,23,8,known,3,100.0,300.0,150.0,434.51866097124,122.10945173687426,417.0080916825948,341.19136010503746,61.0519684708379,335.68467548602985,1.0,1.0,40.0,6139.9462218723465,41.0120092513925,101.43905068708325,0.018846500024665147,150000.0,10000.0,,0.0
8,24,8,known,3,100.0,300.0,150.0,1436.5193123322556,117.63835807359678,1431.6944336740592,1034.5445014755983,81.36149150977384,1031.3402121670129,1.0,1.0,35.0,6862.7466385469115,36.88242762538217,55.849256716416264,0.019693100010044873,150000.0,10000.0,,0.0
8,25,8,known,3,100.0,300.0,150.0,1407.4632597833734,108.69310437641428,1403.2600032428265,792.8698696153348,53.49489585871176,791.0631619920773,1.0,1.0,14.0,5722.773771508448,43.91075216265437,62.48802368021703,0.008476100047118962,150000.0,10000.0,,0.0
8,26,8,known,3,100.0,300.0,150.0,1000.967990382822,101.29946260266283,995.828969576321,704.9338053599654,63.56290013169598,702.0622676558894,1.0,1.0,39.0,6522.532299900343,38.56655858427742,72.58846852533867,0.019180399947799742,150000.0,10000.0,,0.0
8,27,8,known,3,100.0,300.0,150.0,1330.419119932811,102.41918919049256,1326.4710115069827,1010.3228349248661,50.037043848631264,1009.0830119536788,1.0,1.0,13.0,5976.373319476882,42.267053458252235,75.44386633149001,0.007757000043056905,150000.0,10000.0,,0.0
8,28,8,known,3,100.0,300.0,150.0,175.24000840531463,46.010832522835635,169.0918798655048,129.09621324605894,36.6008545587361,123.79906994821155,1.0,1.0,26.0,6328.724257175974,40.003884547671056,67.91854235345517,0.01341289997799322,150000.0,10000.0,,0.0
8,29,8,known,3,100.0,300.0,150.0,575.8785283481609,44.33513461904121,574.1693785380364,517.7453483659665,40.31857176070056,516.1730896954754,1.0,1.0,28.0,6255.27542168785,40.304702089203516,48.79983748729944,0.01477160002104938,150000.0,10000.0,,0.0
8,30,8,known,3,100.0,300.0,150.0,484.45930777908035,48.606737370557255,482.01473626433386,382.5677570190014,46.05130230436386,379.785947958349,1.0,1.0,29.0,6156.689645722553,40.86609776937728,76.55825386773878,0.015809300006367266,150000.0,10000.0,,0.0
8,31,8,known,3,100.0,300.0,150.0,759.1098288780328,76.70983311839035,755.2240288829433,690.3009421168492,70.72489769710802,686.6683184282957,1.0,1.0,28.0,6329.969494451049,39.78608310660574,63.67484329621295,0.01117119996342808,150000.0,10000.0,,0.0
8,32,8,known,3,100.0,300.0,150.0,1233.6573283115413,84.21447094436498,1230.7795605145263,1111.101535137362,77.65694102823333,1108.384419276426,1.0,1.0,14.0,6179.335102744931,40.8176378808246,76.31190886625924,0.009544199972879142,150000.0,10000.0,,0.0
8,33,8,known,3,100.0,300.0,150.0,1690.5597006975845,126.46599271279769,1685.8227825930794,1280.1217046222082,98.05363935320695,1276.360866861116,1.0,1.0,27.0,6947.509635692822,36.16966181476551,89.3868463509928,0.01613190001808107,150000.0,10000.0,,0.0
8,34,8,known,3,100.0,300.0,150.0,1079.0010057152385,67.68228778558603,1076.8761666294808,1048.2813888483863,63.87464927544153,1046.3335507312383,1.0,1.0,16.0,6375.369629153835,39.50495875230495,73.23601634477818,0.017186199955176562,150000.0,10000.0,,0.0
8,35,8,known,3,100.0,300.0,150.0,727.1249723198031,75.78275619158184,723.16505670219,481.8848229745925,48.17213778356982,479.4709873961251,1.0,1.0,22.0,6066.364193663523,41.553846716686145,96.59811565726027,0.01965939998626709,150000.0,10000.0,,0.0
8,36,8,known,3,100.0,300.0,150.0,847.2578926346988,60.721062233622014,845.0792206846713,770.7952790228094,53.79468302736611,768.9157913853999,1.0,1.0,18.0,6305.134134978795,39.93118321330855,76.3704550539816,0.013539700012188405,150000.0,10000.0,,0.0
8,37,8,known,3,100.0,300.0,150.0,1266.5606643696508,103.20225756278042,1262.3490842720314,1112.3318664665048,88.07106091872335,1108.839785264539,1.0,1.0,20.0,6733.6844091417415,37.581133666710585,73.04625453448222,0.01796169998124242,150000.0,10000.0,,0.0
8,38,8,known,3,100.0,300.0,150.0,372.5531813537469,43.3486863854596,370.0226538003489,309.2825920696018,44.0343299840355,306.1318335948563,1.0,1.0,24.0,6145.758333883403,41.15599427821748,62.02665707534225,0.01658039999892935,150000.0,10000.0,,0.0
8,39,8,known,3,100.0,300.0,150.0,414.4140940830787,85.81529443951739,405.4315930153418,258.3936886266371,43.46611407162461,254.7115922952703,1.0,1.0,28.0,6466.126210530529,39.24707036633673,85.50734109887199,0.027078800019808114,150000.0,10000.0,,0.0
8,40,8,known,3,100.0,300.0,150.0,1021.6483441696272,83.97192179398287,1018.1915612961867,479.95174900444187,73.70573450409763,474.2585224048527,1.0,1.0,19.0,5776.502399872916,43.37801385122792,99.93678494942823,0.018242300022393465,150000.0,10000.0,,0.0
8,41,8,known,3,100.0,300.0,150.0,587.6923316377322,88.05220375902046,581.0585909174514,489.5806859372112,66.4012124875724,485.05682865302543,1.0,1.0,26.0,6436.016671456752,39.21095448414232,62.71765953667168,0.03767859999788925,150000.0,10000.0,,0.0
8,42,8,known,3,100.0,300.0,150.0,420.90626357387225,109.02581285495239,406.54084031870025,200.37395591496852,56.723530974583234,192.17742646520492,1.0,1.0,19.0,6079.642694182851,41.451117141542845,82.4445643403588,0.018475199991371483,150000.0,10000.0,,0.0
8,43,8,known,3,100.0,300.0,150.0,711.881506141736,57.677258413576695,709.5411282290266,508.6523456566577,44.85293476748722,506.67092178727165,1.0,1.0,28.0,6487.6220305184415,38.82838532355737,67.48200916342779,0.02297659998293966,150000.0,10000.0,,0.0
8,44,8,known,3,100.0,300.0,150.0,577.0657598251046,95.68279382637816,569.077933264069,301.33223038523545,51.958994188205985,296.8187595013,1.0,1.0,43.0,5924.382022665364,42.480381768149336,84.44361026560583,0.03253019996918738,150000.0,10000.0,,0.0
8,45,8,known,3,100.0,300.0,150.0,1545.0220720334105,86.00540835385584,1542.6264203637575,876.4717010541925,70.99161429559769,873.5919147110595,1.0,1.0,36.0,7009.47172101562,36.137923230498885,75.36559239842164,0.03092700004344806,150000.0,10000.0,,0.0
8,46,8,known,3,100.0,300.0,150.0,1118.715408521221,49.33313773089849,1117.6271322692673,980.8069459981004,48.57139520472183,979.6035345413916,1.0,1.0,22.0,6294.645663926694,40.2013902618635,80.21515349879216,0.02429659996414557,150000.0,10000.0,,0.0
8,47,8,known,3,100.0,300.0,150.0,1035.3919859153207,59.48565291947939,1033.6817796567834,866.7467662938494,60.88620806198626,864.6055901673765,1.0,1.0,14.0,6618.110296142025,38.15694340770554,82.27995498618493,0.011429800011683255,150000.0,10000.0,,0.0
8,48,8,known,3,100.0,300.0,150.0,1036.1201601564235,75.83295792676327,1033.3413515265177,1017.4056442705328,45.92313004210295,1016.3686885774638,1.0,1.0,20.0,6352.850645428682,39.834967083613094,74.59108965232281,0.016771099995821714,150000.0,10000.0,,0.0
8,49,8,known,3,100.0,300.0,150.0,728.3303742397914,52.06531526067244,726.4670240190407,713.0887477706966,50.897391012148624,711.2700034342349,1.0,1.0,20.0,6342.354070172238,39.67632524643622,82.03985986843057,0.012970099982339889,150000.0,10000.0,,0.0
8,50,8,known,3,100.0,300.0,150.0,824.5489053508292,64.97569119588654,821.9848276390917,566.2170609914297,42.24473224211133,564.6389490245643,1.0,1.0,19.0,6158.2405021239565,41.10410471362307,72.75688775826983,0.025868299999274313,150000.0,10000.0,,0.0
8,51,8,known,3,100.0,300.0,150.0,873.4885568207233,76.84886082140075,870.1014374699095,677.2124411760377,74.24370014987393,673.130420848489,1.0,1.0,22.0,6529.3325714974435,38.741167785142856,79.16949676864792,0.010865400021430105,150000.0,10000.0,,0.0
8,52,8,known,3,100.0,300.0,150.0,1487.6824325590123,73.38083749492883,1485.8715532754647,1124.8602358160929,69.13935407158607,1122.7334055058664,1.0,1.0,18.0,6811.899236430592,36.98733239610948,73.68410484315777,0.02001649996964261,150000.0,10000.0,,0.0
8,53,8,known,3,100.0,300.0,150.0,1001.5880861947837,61.17364778042645,999.7181999066365,507.4012612953456,45.831215385924565,505.32716101586755,1.0,1.0,42.0,5927.842963116416,42.60116715997612,64.6808217413031,0.021705900027882308,150000.0,10000.0,,0.0
8,54,8,known,3,100.0,300.0,150.0,1325.493282012109,64.0072884432845,1323.946942926857,558.6214536617621,66.03191311483486,554.705070232439,1.0,1.0,33.0,5704.600305530727,44.23675667147639,102.85047526943737,0.01938810001593083,150000.0,10000.0,,0.0
8,55,8,known,3,100.0,300.0,150.0,1457.4641949152642,157.15760740558687,1448.9663094408202,599.4594103364559,54.70072096033338,596.9584707225044,1.0,1.0,23.0,5613.63426975333,45.096099162399064,34.62978392637491,0.01704409997910261,150000.0,10000.0,,0.0
8,56,8,known,3,100.0,300.0,150.0,1023.6861600473907,52.3276727017103,1022.3478708063095,745.4929007821155,67.31131550740504,742.4478782522013,1.0,1.0,32.0,6169.2926469499325,40.887987892491545,73.88146337052991,0.029548500024247915,150000.0,10000.0,,0.0
8,57,8,known,3,100.0,300.0,150.0,1529.5481088575955,129.43846402703642,1524.061383717916,1181.6462840069926,79.81288344818886,1178.9477698961987,1.0,1.0,14.0,5939.081363218354,42.59512477485421,80.02108088968488,0.013192900049034506,150000.0,10000.0,,0.0
8,58,8,known,3,100.0,300.0,150.0,1123.5493768249403,92.30770985673921,1119.751083439849,966.1102523443565,75.49163553069761,963.1562867207878,1.0,1.0,16.0,6222.457259466696,40.84547145438581,56.31600128370746,0.010678200051188469,150000.0,10000.0,,0.0
8,59,8,known,3,100.0,300.0,150.0,458.78403082567377,82.46933355601497,451.31097478731846,388.3635559459394,70.27067760996495,381.95324773486504,1.0,1.0,19.0,6217.579652701312,40.731578802256024,73.28313140166445,0.013965299993287772,150000.0,10000.0,,0.0
8,60,8,known,3,100.0,300.0,150.0,341.63652873279784,72.71661444092989,333.808046261388,210.69813077249074,51.102902196897766,204.40693652143003,1.0,1.0,24.0,6067.102221345152,41.48767182086633,57.81112270741263,0.012880399997811764,150000.0,10000.0,,0.0
8,61,8,known,3,100.0,300.0,150.0,265.2146524052982,55.529719812768896,259.33619505957614,220.22481762304236,48.31084902065425,214.86049465643006,1.0,1.0,20.0,6417.157325013715,39.20279714932727,64.93114321013944,0.013215499988291413,150000.0,10000.0,,0.0
8,62,8,known,3,100.0,300.0,150.0,934.9536163453388,28.17246689339504,934.5290668707781,917.3734122562711,29.14975933223061,916.9101750147541,1.0,1.0,33.0,6318.627554985474,40.03916208935663,91.98320062722013,0.01882529997965321,150000.0,10000.0,,0.0
8,63,8,known,3,100.0,300.0,150.0,636.7290184148587,70.01961750870319,632.8673605547093,494.83583924469684,63.002901412135714,490.808661511445,1.0,1.0,25.0,6114.949721147445,41.42105078961397,61.565359247549125,0.014125399990007281,150000.0,10000.0,,0.0
8,64,8,known,3,100.0,300.0,150.0,1154.1480366029214,73.6376278544487,1151.796505533138,1134.5876475080622,69.65059333236078,1132.4477580561183,1.0,1.0,20.0,6272.851425653633,40.24142031560109,65.5113027140432,0.012269800005014986,150000.0,10000.0,,0.0
8,65,8,known,3,100.0,300.0,150.0,367.72484982742606,73.46546194182795,360.3115194970553,305.65378972771884,63.713647582812904,298.9394759589467,1.0,1.0,30.0,6329.774663406164,39.91824987700732,64.96610285395852,0.01651980000315234,150000.0,10000.0,,0.0
8,66,8,known,3,100.0,300.0,150.0,1262.0763230095383,48.31178701164528,1261.151305885625,936.2774262745551,58.38709233516199,934.4551173812204,1.0,1.0,23.0,5841.948483477915,43.03499220058798,67.6627875252041,0.01442329998826608,150000.0,10000.0,,0.0
8,67,8,known,3,100.0,300.0,150.0,1788.3017053065362,142.68562566499278,1782.6002921100553,595.6252058475399,83.13591332222325,589.7947149280027,1.0,1.0,22.0,5350.308008536437,47.103598734782395,70.70370074817635,0.019841300032567233,150000.0,10000.0,,0.0
8,68,8,known,3,100.0,300.0,150.0,603.869055564959,61.738944391481766,600.704702007851,379.43595257011805,58.88882567844029,374.8382962198595,1.0,1.0,29.0,6078.916263478225,41.60837785822877,79.29532460345442,0.0173122999840416,150000.0,10000.0,,0.0
8,69,8,known,3,100.0,300.0,150.0,590.6957821749863,57.893077787525996,587.8519359699399,319.75629299703115,39.82593284591943,317.26642114184654,1.0,1.0,24.0,6063.641440238075,41.58424306844709,87.15222831514431,0.01836590003222227,150000.0,10000.0,,0.0
8,70,8,known,3,100.0,300.0,150.0,576.0486658030394,48.1741623427997,574.0307617680706,249.59588759485678,51.98511999499471,244.12221202375335,1.0,1.0,20.0,6063.51921780078,41.67180837200363,52.78956257316131,0.018458899983670563,150000.0,10000.0,,0.0
8,71,8,known,3,100.0,300.0,150.0,268.8516424511138,54.309416043371044,263.3091205744487,118.93816910513985,42.938001613846794,110.91715867029832,1.0,1.0,26.0,6124.513112264376,41.42224029867543,81.48376815194476,0.019906500005163252,150000.0,10000.0,,0.0
8,72,8,known,3,100.0,300.0,150.0,834.4304820590501,66.76859894337105,831.7548819119958,498.00235266770676,60.9689867321281,494.2561339219055,1.0,1.0,28.0,5904.755671127094,42.72486495399956,79.90141071922848,0.02256469998974353,150000.0,10000.0,,0.0
8,73,8,known,3,100.0,300.0,150.0,537.8848117135432,51.461099063082244,535.4174315011918,498.2582158905317,42.9569886249099,496.4030084827196,1.0,1.0,37.0,6454.110576751944,39.159652300776685,71.85290413056651,0.031156199984252453,150000.0,10000.0,,0.0
8,74,8,known,3,100.0,300.0,150.0,807.8289931327733,72.16091598827424,804.5995801326543,417.10843368034097,79.8084602518169,409.4020702433019,1.0,1.0,31.0,6009.814382519785,42.01496088411462,77.77846758380457,0.024244200030807406,150000.0,10000.0,,0.0
8,75,8,known,3,100.0,300.0,150.0,768.3779085152921,86.38392841751397,763.5066648075133,668.6204661454084,71.34983404949257,664.8026240393558,1.0,1.0,22.0,6112.596106310116,41.399159974205396,68.64925735806858,0.012726699991617352,150000.0,10000.0,,0.0
8,76,8,known,3,100.0,300.0,150.0,1011.1907313929966,100.098090355075,1006.2241636744619,795.1938194782177,54.785213656961126,793.304349478129,1.0,1.0,22.0,5964.9519045198695,42.27010520639134,66.68609854551293,0.009659499977715313,150000.0,10000.0,,0.0
8,77,8,known,3,100.0,300.0,150.0,601.8454939809553,37.27192345071538,600.6902715605307,449.40215910306847,40.046764400610854,447.61429520016634,1.0,1.0,28.0,6118.844146593296,41.19554831650385,85.82501905087197,0.015784499992150813,150000.0,10000.0,,0.0
8,78,8,known,3,100.0,300.0,150.0,1238.534476568263,81.78641323160821,1235.8311503837933,1122.1897159849195,78.24469482698441,1119.458586278986,1.0,1.0,15.0,6681.486229288603,37.91206796608521,68.38737013312887,0.01130320003721863,150000.0,10000.0,,0.0
8,79,8,known,3,100.0,300.0,150.0,548.0813469504343,103.14705396458517,538.287885924836,331.42686561906316,41.57603653764621,328.8087596763457,1.0,1.0,23.0,6059.964862699443,41.68666104366052,61.74694561892252,0.015311199997086078,150000.0,10000.0,,0.0
8,80,8,known,3,100.0,300.0,150.0,1239.3797244393784,55.856686961361014,1238.1204028175653,716.0632355113665,59.92270040410429,713.55155891308,1.0,1.0,34.0,5742.711926251107,43.99359258331792,70.07483508632176,0.018477799952961504,150000.0,10000.0,,0.0
8,81,8,known,3,100.0,300.0,150.0,1086.4120158955272,118.43473287727775,1079.9371659177543,890.3800946863164,81.12488681237757,886.6766410328472,1.0,1.0,16.0,6638.392229930919,37.95972544996552,95.48258363656888,0.012740899983327836,150000.0,10000.0,,0.0
8,82,8,known,3,100.0,300.0,150.0,551.9239342114485,55.32992320756346,549.1435411195223,298.07145387437305,40.77309433333753,295.26961644108803,1.0,1.0,24.0,6550.177759616379,38.47552113977821,63.918148231569816,0.019813099992461503,150000.0,10000.0,,0.0
8,83,8,known,3,100.0,300.0,150.0,1707.63206158802,64.35076885817651,1706.4191268005386,506.2515798546787,68.40906892996142,501.6082748455152,1.0,1.0,28.0,5383.245121211949,46.58834267539923,82.1512390841527,0.024647200014442205,150000.0,10000.0,,0.0
8,84,8,known,3,100.0,300.0,150.0,594.8137733797433,75.26762687480856,590.032379913919,378.2158263714967,53.893101823933776,374.3564409672542,1.0,1.0,23.0,6061.78070763776,41.44647808592701,62.14901620469392,0.011247100017499179,150000.0,10000.0,,0.0
8,85,8,known,3,100.0,300.0,150.0,756.7761915701877,64.39702614659831,754.0313170889867,616.2195703879347,62.06190162380622,613.0863554964568,1.0,1.0,15.0,6245.913064569583,40.48571514266705,72.70636587399893,0.010571200051344931,150000.0,10000.0,,0.0
8,86,8,known,3,100.0,300.0,150.0,836.486027925324,44.562843496533965,835.2981670599962,745.5763637466642,49.60457568939633,743.9243914863748,1.0,1.0,16.0,6143.989196889096,41.02488428896656,71.50941316867073,0.01324689999455586,150000.0,10000.0,,0.0
8,87,8,known,3,100.0,300.0,150.0,783.9525249192906,68.48707805005606,780.9552365324766,598.2168242198142,65.85518160131457,594.5809144564749,1.0,1.0,37.0,6185.12863900549,40.778759079780954,97.14642518722543,0.020835400035139173,150000.0,10000.0,,0.0
8,88,8,known,3,100.0,300.0,150.0,837.7898447389404,61.87417764075562,835.5018911342918,673.2161816988119,55.482810210910586,670.9259907562291,1.0,1.0,27.0,6619.1797182515165,38.194995632004186,81.54657994261889,0.01698640000540763,150000.0,10000.0,,0.0
8,89,8,known,3,100.0,300.0,150.0,437.403912743127,53.84775517049836,434.07672380132885,384.8420104011232,53.05642360712587,381.1671403513155,1.0,1.0,23.0,6430.671737969975,39.15484835730548,74.66528932565836,0.01663239998742938,150000.0,10000.0,,0.0
8,90,8,known,3,100.0,300.0,150.0,1074.0074504527145,109.634736019192,1068.397036820087,1040.3425812556836,88.39201787636945,1036.580695146057,1.0,1.0,18.0,6459.532123083384,39.13787533491767,57.90057107908692,0.011546599969733506,150000.0,10000.0,,0.0
8,91,8,known,3,100.0,300.0,150.0,947.9472230585371,87.76812375738932,943.8753594392109,692.5423185021207,72.6095159194195,688.7254323126455,1.0,1.0,20.0,5939.775817835784,42.5543159976324,68.73201243083165,0.012350299977697432,150000.0,10000.0,,0.0
8,92,8,known,3,100.0,300.0,150.0,949.7647346442784,89.61223711640179,945.5277352531286,453.04786198452655,66.10804922844251,448.19871828906474,1.0,1.0,37.0,5776.06914195236,43.76119786737113,81.40145822452281,0.028823599976021796,150000.0,10000.0,,0.0
8,93,8,known,3,100.0,300.0,150.0,406.800263575755,91.48268807299407,396.380337842637,377.6003874238613,78.2655635725904,369.4002627791634,1.0,1.0,25.0,6363.664794641382,39.797797402343754,108.56825747384211,0.025682499981485307,150000.0,10000.0,,0.0
8,94,8,known,3,100.0,300.0,150.0,588.2615735563702,46.52387458159923,586.4189696939658,389.9677351165608,37.20428822427571,388.188968634691,1.0,1.0,38.0,6529.447072572076,38.607056398464465,87.07352307519798,0.01781660004053265,150000.0,10000.0,,0.0
8,95,8,known,3,100.0,300.0,150.0,846.2496300944057,60.2603333438136,844.1013734500206,757.4125840885717,57.74582445528985,755.2080788059054,1.0,1.0,27.0,6200.576603780683,40.69842537361577,72.46702682089851,0.017202100018039346,150000.0,10000.0,,0.0
8,96,8,known,3,100.0,300.0,150.0,582.9569956844872,68.13325940750447,578.9617584780475,309.2998089580614,51.33928939810236,305.0092608193908,1.0,1.0,17.0,6539.76563109121,38.62276766906967,48.705066648175595,0.008713699993677437,150000.0,10000.0,,0.0
8,97,8,known,3,100.0,300.0,150.0,497.4040285538984,74.83932457867627,491.74164265217047,456.3512640942506,52.42439087456601,453.33007784819574,1.0,1.0,28.0,6347.149676939306,39.60718607174462,100.25318278115682,0.016342899994924664,150000.0,10000.0,,0.0
8,98,8,known,3,100.0,300.0,150.0,522.0249069123237,78.3341301747693,516.1141031657462,513.7154630946733,52.28609622126417,511.04768971644455,1.0,1.0,31.0,6286.889154075662,40.06036873122857,72.65693849616818,0.020756600017193705,150000.0,10000.0,,0.0
8,99,8,known,3,100.0,300.0,150.0,566.9250315799549,59.07491341702883,563.8387588989457,440.63711395199044,59.62518077934646,436.5843607013078,1.0,1.0,18.0,6489.884136310037,38.75936935374559,65.59746737833903,0.008385299996007234,150000.0,10000.0,,0.0
9,0,8,known,3,100.0,300.0,150.0,179.47487089075403,65.40023081322947,167.13479317852745,145.7747089413268,64.89300336166774,130.53414833533452,1.0,1.0,10.0,27386.960211599875,9.215414986470925,96.8222749386285,0.007163699949160218,150000.0,40000.0,,0.0
9,1,8,known,3,100.0,300.0,150.0,145.91413903283518,71.82706743461331,127.01105602835158,116.78160297983716,65.5137820647477,96.67412867004829,1.0,1.0,13.0,27460.03548638762,9.182294819101386,68.22729542607024,0.00537519995123148,150000.0,40000.0,,0.0
9,2,8,known,3,100.0,300.0,150.0,275.98131556382856,75.19461349041084,265.53993417632915,237.89060604658005,55.967926952905216,231.21317349537722,1.0,1.0,11.0,27486.933941297382,9.209890315384518,55.33016792504937,0.005208300019148737,150000.0,40000.0,,0.0
9,3,8,known,3,100.0,300.0,150.0,171.8367576084335,41.9199781492157,166.64509202898478,64.5604471997882,45.83447962422925,45.46704103207898,1.0,1.0,10.0,27270.554319541177,9.247366603088595,74.56139909769159,0.009802500018849969,150000.0,40000.0,,0.0
9,4,8,known,3,100.0,300.0,150.0,353.4085721531242,95.13345397883933,340.3634010956027,188.70469024124807,49.91154108318569,181.98433500097434,1.0,1.0,7.0,27542.83271468775,9.134578524001526,51.965431424030236,0.005821699975058436,150000.0,40000.0,,0.0
9,5,8,known,3,100.0,300.0,150.0,150.96359804404224,71.9279783332062,132.72668860218343,145.16920466608883,60.90423053905176,131.77546314026304,1.0,1.0,10.0,27376.742344343496,9.23761477447555,60.85623799324032,0.008136200020089746,150000.0,40000.0,,0.0
9,6,8,known,3,100.0,300.0,150.0,144.2636534092876,65.17533411485229,128.70189399543594,109.13824602955727,63.914849719067426,88.46495764876168,1.0,1.0,6.0,27400.39870819672,9.254192730025018,90.11720101130533,0.007700100017245859,150000.0,40000.0,,0.0
9,7,8,known,3,100.0,300.0,150.0,206.57277072994114,124.47959729223312,164.85490427951575,143.05398902573813,49.94388193848898,134.052424196992,1.0,1.0,14.0,27430.608388672088,9.21264739366595,59.94121058710297,0.008242700016126037,150000.0,40000.0,,0.0
9,8,8,known,3,100.0,300.0,150.0,176.96503978869256,84.70413437489401,155.37642976723797,93.45151382856649,57.606634760012646,73.58438060130192,1.0,1.0,13.0,27474.20420922243,9.239107396386007,62.871901527341905,0.006012900033965707,150000.0,40000.0,,0.0
9,9,8,known,3,100.0,300.0,150.0,356.42301711815304,171.59878006112731,312.3959439767745,160.51163759273024,80.34608940973817,138.95499889986806,1.0,1.0,9.0,27559.409974487626,9.19068162559274,60.05761242840884,0.007348200015258044,150000.0,40000.0,,0.0
9,10,8,known,3,100.0,300.0,150.0,298.89615245335676,168.86314113263703,246.62552487169572,155.65501669054564,70.15784183600321,138.94733336717331,1.0,1.0,10.0,27573.815903238727,9.156359112336988,89.62188194122153,0.010324700037017465,150000.0,40000.0,,0.0
9,11,8,known,3,100.0,300.0,150.0,238.1576184729314,88.04050803314061,221.28696342524304,218.30920620902097,88.07959031390783,199.75208455920304,1.0,1.0,12.0,27399.58933268744,9.180438699060455,75.81807655827635,0.012354800011962652,150000.0,40000.0,,0.0
9,12,8,known,3,100.0,300.0,150.0,307.01513595146236,81.3711058998316,296.0355330495535,144.4270271488687,61.5289199438418,130.6650610591996,1.0,1.0,8.0,27275.682301319557,9.215907278597081,82.25995178217096,0.007455699960701168,150000.0,40000.0,,0.0
9,13,8,known,3,100.0,300.0,150.0,154.87223327665302,41.457644195263946,149.2202143741823,107.6760789309657,40.48238625719563,99.77632172449923,1.0,1.0,7.0,27398.872553495785,9.202056337346212,88.56859767185857,0.005708799988497049,150000.0,40000.0,,0.0
9,14,8,known,3,100.0,300.0,150.0,281.9206441755857,62.67362183960789,274.8659068307364,222.3687178262525,69.885539829416,211.10153478940558,1.0,1.0,6.0,27343.20913020488,9.25636723509193,72.10194791619615,0.004933300020638853,150000.0,40000.0,,0.0
9,15,8,known,3,100.0,300.0,150.0,239.12111127029365,23.168213638025133,237.99609184178422,94.73570738884636,47.48581017625509,81.97531388393574,1.0,1.0,6.0,27260.08606938926,9.284658041620995,94.1074891560762,0.0054570999927818775,150000.0,40000.0,,0.0
9,16,8,known,3,100.0,300.0,150.0,240.38607743136626,87.9872933707261,223.7044980060361,212.548267375134,55.84659808376827,205.08028536805165,1.0,1.0,11.0,27444.539040210148,9.219838831442333,69.25072391281805,0.006542199989780784,150000.0,40000.0,,0.0
9,17,8,known,3,100.0,300.0,150.0,108.26542268127874,61.76390281304859,88.9191883546866,80.86952540218225,51.342939951820895,62.480258129091574,1.0,1.0,13.0,27428.06603123514,9.228189587001486,85.56532934972411,0.007127300021238625,150000.0,40000.0,,0.0
9,18,8,known,3,100.0,300.0,150.0,182.1352480355215,81.25842747089241,163.00403842211597,60.325580228232496,48.691477402241226,35.6134196372652,1.0,1.0,9.0,27307.04747859902,9.223458316358172,83.59327613722758,0.005917700007557869,150000.0,40000.0,,0.0
9,19,8,known,3,100.0,300.0,150.0,337.2896348058566,133.32211110377216,309.82174300442756,181.02934002819796,60.15496335387438,170.7425030123986,1.0,1.0,8.0,27521.393910104624,9.146384153778923,65.81721064918281,0.006457299983594567,150000.0,40000.0,,0.0
9,20,8,known,3,100.0,300.0,150.0,285.18359046888236,69.76985950999696,276.5173538436213,159.92172472887341,74.24833255912132,141.64089505664558,1.0,1.0,15.0,27240.124519560235,9.316243208236244,79.87402544125577,0.00806289998581633,150000.0,40000.0,,0.0
9,21,8,known,3,100.0,300.0,150.0,356.40299006680675,79.970035495321,347.3152526904591,281.94158420723,75.46318502717926,271.65486303550006,1.0,1.0,12.0,27271.3343139118,9.280492684888635,75.68612945711818,0.006298199994489551,150000.0,40000.0,,0.0
9,22,8,known,3,100.0,300.0,150.0,147.5559173363842,44.83677116434046,140.5788486669969,96.98281099301542,47.31662771137703,84.65696882200484,1.0,1.0,10.0,27291.305878337942,9.255740828627964,50.24977408527243,0.005915599991567433,150000.0,40000.0,,0.0
9,23,8,known,3,100.0,300.0,150.0,190.41714112301682,69.0105984556668,177.4717581314098,131.34045860629624,51.443418014801665,120.84655894921706,1.0,1.0,11.0,27380.76275223351,9.218756373168118,70.19034251840574,0.006065000023227185,150000.0,40000.0,,0.0
9,24,8,known,3,100.0,300.0,150.0,156.65523295213492,69.9882425998335,140.1517317376939,153.03763430511918,67.20376225387675,137.49244289280702,1.0,1.0,7.0,27399.856921775932,9.207890344171378,73.78628132804387,0.007131299993488938,150000.0,40000.0,,0.0
9,25,8,known,3,100.0,300.0,150.0,100.14051626346527,78.41968199608743,62.27741543405502,55.81845630721293,45.075965746867624,32.921989255017,1.0,1.0,8.0,27317.591027951432,9.2163467646801,75.15771909189564,0.009819600032642484,150000.0,40000.0,,0.0
9,26,8,known,3,100.0,300.0,150.0,311.4226790264566,49.22527169151189,307.50765460214524,234.15103617034998,56.70377946788793,227.18140138159563,1.0,1.0,8.0,27251.742630509078,9.287016216981606,70.94458789381623,0.008121700026094913,150000.0,40000.0,,0.0
9,27,8,known,3,100.0,300.0,150.0,189.337272066994,88.75415326148374,167.24623425538752,123.38347455256054,49.18989210560282,113.15403796286508,1.0,1.0,12.0,27456.40012538534,9.175180241865688,57.02446684455603,0.006228499987628311,150000.0,40000.0,,0.0
9,28,8,known,3,100.0,300.0,150.0,172.46965124997044,40.16540856715826,167.72751878245762,150.5803862277422,39.95760132185614,145.18210224783084,1.0,1.0,7.0,27384.68670893155,9.213861117669692,64.96748888260322,0.005708499986212701,150000.0,40000.0,,0.0
9,29,8,known,3,100.0,300.0,150.0,280.15573427704857,45.80247100832521,276.38626792560405,209.45921671050786,36.4156611515171,206.26939445268505,1.0,1.0,8.0,27550.331377970477,9.149387797422559,71.22607813794038,0.005683400027919561,150000.0,40000.0,,0.0
9,30,8,known,3,100.0,300.0,150.0,227.97039626640773,70.26307519194808,216.8723169019818,128.87405124991417,73.74128736778512,105.6917386691469,1.0,1.0,10.0,27301.201551463782,9.281961482784418,77.6195565055848,0.007542499981354922,150000.0,40000.0,,0.0
9,31,8,known,3,100.0,300.0,150.0,83.29220595993668,58.62935480483613,59.1624063814273,73.47680513066926,55.03668401513254,48.680635830161435,1.0,1.0,14.0,27406.487103110612,9.209374684186674,69.01509629039113,0.006897200015373528,150000.0,40000.0,,0.0
9,32,8,known,3,100.0,300.0,150.0,181.210898431884,30.163494059102153,178.6828288802175,150.01559563802184,22.593977926975388,148.3043866379745,1.0,1.0,9.0,27473.87298758238,9.182807794355494,56.67855474216443,0.006169600004795939,150000.0,40000.0,,0.0
9,33,8,known,3,100.0,300.0,150.0,330.03077542607394,35.78758513179229,328.084686443562,185.08730871403168,58.41487641690653,175.62748663065472,1.0,1.0,8.0,27537.858860488952,9.175162004455084,94.3651528879197,0.007397400040645152,150000.0,40000.0,,0.0
9,34,8,known,3,100.0,300.0,150.0,157.73363126149033,38.379996663156,152.9930530680133,93.76699239909762,44.81379160625705,82.36487689205511,1.0,1.0,10.0,27496.91821464983,9.155877221536247,78.23860294432185,0.007590599998366088,150000.0,40000.0,,0.0
9,35,8,known,3,100.0,300.0,150.0,117.79938831479868,109.25841880821196,44.037413716862225,82.89662844717549,70.76241447020983,43.1802235549482,1.0,1.0,8.0,27426.485258093955,9.168942495013725,45.04170255997603,0.007813800009898841,150000.0,40000.0,,0.0
9,36,8,known,3,100.0,300.0,150.0,107.5800713166501,49.31552305337781,95.61093520339233,78.35286657030979,48.626887398198775,61.43775322835029,1.0,1.0,7.0,27402.353828045165,9.199867560175795,85.29960003406593,0.005614000023342669,150000.0,40000.0,,0.0
9,37,8,known,3,100.0,300.0,150.0,100.8121845625795,22.71497722881219,98.21978601979409,62.62906841038964,27.838634677202172,56.10178811109805,1.0,1.0,10.0,27491.77253945823,9.189485868764386,93.46383788283772,0.009483099973294884,150000.0,40000.0,,0.0
9,38,8,known,3,100.0,300.0,150.0,243.38279574732144,41.17983698763732,239.8737298902362,221.17393966726362,39.67625418444964,217.58608972503114,1.0,1.0,13.0,27464.446148906824,9.184169293600407,68.2964592564648,0.008503400022163987,150000.0,40000.0,,0.0
9,39,8,known,3,100.0,300.0,150.0,173.3476729946613,44.089368118316045,167.6470797586157,119.08101968557068,34.69138212538787,113.91574630219297,1.0,1.0,12.0,27343.409948868033,9.28325709078045,79.12322697976447,0.005928099970333278,150000.0,40000.0,,0.0
9,40,8,known,3,100.0,300.0,150.0,207.30684677017825,46.32735844229505,202.06411006795165,166.16777697217572,52.873973166029224,157.5311812483889,1.0,1.0,10.0,27439.961171842264,9.213106925002219,65.93431047216427,0.0065404000342823565,150000.0,40000.0,,0.0
9,41,8,known,3,100.0,300.0,150.0,234.81324353472087,64.83350475468565,225.68534733234296,226.2101264663413,63.58729353156571,217.08910018066,1.0,1.0,11.0,27413.69592428696,9.185285508486336,91.57076131524522,0.006752600020263344,150000.0,40000.0,,0.0
9,42,8,known,3,100.0,300.0,150.0,337.85984433912,111.87763065475761,318.7987926199408,208.45734942424335,61.180360528127444,199.27726918700347,1.0,1.0,13.0,27558.236313045985,9.179916405115385,62.44087538670523,0.01479380001546815,150000.0,40000.0,,0.0
9,43,8,known,3,100.0,300.0,150.0,149.83609546678713,57.70172730944655,138.28002809602845,110.10704840860046,61.280467786591146,91.47822897886934,1.0,1.0,8.0,27317.01146884792,9.2698700728506,101.060109315274,0.005994400009512901,150000.0,40000.0,,0.0
9,44,8,known,3,100.0,300.0,150.0,214.76092474927668,91.61655356705957,194.23867254400855,196.09264714226796,63.02220267192374,185.68933257901753,1.0,1.0,9.0,27368.90207099528,9.194383351279615,88.59009374616693,0.008652199991047382,150000.0,40000.0,,0.0
9,45,8,known,3,100.0,300.0,150.0,247.1495194719303,46.03474677051262,242.82439553096972,152.75136358767088,43.0321841246496,146.56469631993608,1.0,1.0,13.0,27483.005409890146,9.210647155586031,72.30781243452947,0.005972799961455166,150000.0,40000.0,,0.0
9,46,8,known,3,100.0,300.0,150.0,159.43779016318226,122.82466788816375,101.6587915051188,110.92854813816241,68.31502380193076,87.39679808197923,1.0,1.0,9.0,27358.19244865218,9.201214181695992,48.410174861195316,0.009810000017751008,150000.0,40000.0,,0.0
9,47,8,known,3,100.0,300.0,150.0,251.98139385558486,88.76980233705805,235.82736279414868,161.99080509087136,58.24001457564415,151.15925918122724,1.0,1.0,6.0,27308.07632396075,9.25958579102311,86.33372509727442,0.006070999952498823,150000.0,40000.0,,0.0
9,48,8,known,3,100.0,300.0,150.0,217.68329302205356,67.2266788172421,207.04248287761766,210.37187657629698,57.06654886246115,202.48391406519448,1.0,1.0,16.0,27400.448778909464,9.219006369408037,67.99589806628575,0.01830970001174137,150000.0,40000.0,,0.0
9,49,8,known,3,100.0,300.0,150.0,322.2877978734951,32.20502884395792,320.67469618806325,216.1828024451453,55.044348626313194,209.05770437212215,1.0,1.0,6.0,27248.432001846282,9.274641085609971,84.1359568970668,0.0051241000182926655,150000.0,40000.0,,0.0
9,50,8,known,3,100.0,300.0,150.0,300.0350919128187,92.75345652882164,285.3381374458899,218.03216795444246,58.582763327576394,210.01449022345903,1.0,1.0,13.0,27314.630630824213,9.252112096095104,87.62531093952867,0.007721100002527237,150000.0,40000.0,,0.0
9,51,8,known,3,100.0,300.0,150.0,168.01454512383364,88.36135305939824,142.90261949551905,86.37277877391065,54.60611555481661,66.9210658697314,1.0,1.0,10.0,27476.38907710008,9.227643849120891,77.27815686610425,0.008963299973402172,150000.0,40000.0,,0.0
9,52,8,known,3,100.0,300.0,150.0,276.86024122998185,158.0985287965232,227.2805499075947,112.08153101156913,84.46680732210045,73.67243755101691,1.0,1.0,7.0,27254.20094600667,9.273045651846676,74.24276945573708,0.007439900015015155,150000.0,40000.0,,0.0
9,53,8,known,3,100.0,300.0,150.0,206.67160360872182,112.70425278873607,173.2365525561315,156.60286487270525,74.4809475437702,137.75719850273137,1.0,1.0,13.0,27391.234878814863,9.23758188280738,66.77467364283376,0.005461999971885234,150000.0,40000.0,,0.0
9,54,8,known,3,100.0,300.0,150.0,329.7343686633178,49.05977822191973,326.0642452625139,215.6665246215742,74.21682544594846,202.49422871547154,1.0,1.0,13.0,27323.225327704542,9.258566046633641,62.16650484073129,0.005554000032134354,150000.0,40000.0,,0.0
9,55,8,known,3,100.0,300.0,150.0,86.00505334179884,49.40595363101661,70.39830215378423,77.51570212871168,37.62354277417102,67.7728050594579,1.0,1.0,14.0,27399.034248263117,9.266046658340906,84.38204908230341,0.008131999988108873,150000.0,40000.0,,0.0
9,56,8,known,3,100.0,300.0,150.0,117.88156407745291,56.81445580508296,103.28688571604293,100.23089927939708,54.35593809952474,84.21202505389165,1.0,1.0,9.0,27328.478163610915,9.214137105737487,58.22145988701232,0.00591750000603497,150000.0,40000.0,,0.0
9,57,8,known,3,100.0,300.0,150.0,170.71287881845728,70.36481757623174,155.53674627543458,123.08865510486199,52.170498760640825,111.48567654452137,1.0,1.0,6.0,27329.259637480747,9.186012836053704,80.09783598118898,0.007814999960828573,150000.0,40000.0,,0.0
9,58,8,known,3,100.0,300.0,150.0,385.3088971904113,101.35362858617589,371.7396780362657,310.9229188910404,85.79465976160934,298.85169875393746,1.0,1.0,15.0,27275.58536611678,9.268554298398504,88.3715283013194,0.010081999993417412,150000.0,40000.0,,0.0
9,59,8,known,3,100.0,300.0,150.0,185.3018078824011,90.32072197951874,161.79903332710234,107.07081875467513,55.15235497632225,91.77351453094859,1.0,1.0,8.0,27465.705689353344,9.257321177932106,88.98389256235174,0.005910700012464076,150000.0,40000.0,,0.0
9,60,8,known,3,100.0,300.0,150.0,209.2362297950511,60.59087799267411,200.27117956142447,104.399330039038,41.77532737000824,95.67675859752265,1.0,1.0,13.0,27488.926928860903,9.186043068952939,82.11241364720169,0.006306099996436387,150000.0,40000.0,,0.0
9,61,8,known,3,100.0,300.0,150.0,209.19621739070936,68.7691568005732,197.56988749179138,125.87125708215662,36.97290073896388,120.31865179758742,1.0,1.0,17.0,27520.53925748701,9.178583496186512,94.00316701878998,0.009604300023056567,150000.0,40000.0,,0.0
9,62,8,known,3,100.0,300.0,150.0,210.87114965859124,41.99096495408166,206.64801141206527,190.49018485021668,47.64913222826284,184.43446186156004,1.0,1.0,11.0,27386.89828772107,9.19993452479428,78.53117000207624,0.00776509998831898,150000.0,40000.0,,0.0
9,63,8,known,3,100.0,300.0,150.0,233.1964271112109,102.84490291533628,209.29285597403785,182.31567933600903,56.36104833712419,173.38523340264828,1.0,1.0,14.0,27508.74155852729,9.160243684575587,71.26691705469874,0.013400900003034621,150000.0,40000.0,,0.0
9,64,8,known,3,100.0,300.0,150.0,202.7284712045749,56.79282517327687,194.610914508364,194.3200853699841,36.247361848254684,190.90946633742288,1.0,1.0,14.0,27394.269309817377,9.271519946122497,81.51103633190931,0.01126030000159517,150000.0,40000.0,,0.0
9,65,8,known,3,100.0,300.0,150.0,371.9351887253021,96.27210080485627,359.25960977925934,232.3920769473718,82.93737697850904,217.08861998694874,1.0,1.0,8.0,27549.55800024867,9.146214775935157,101.35042653311655,0.008372100011911243,150000.0,40000.0,,0.0
9,66,8,known,3,100.0,300.0,150.0,151.234665665172,71.25917801248809,133.394353882917,125.64537993126095,59.991675549089805,110.39819003445506,1.0,1.0,12.0,27381.68760377882,9.220900969186836,57.53150543053155,0.007395800028461963,150000.0,40000.0,,0.0
9,67,8,known,3,100.0,300.0,150.0,340.79675930637467,42.84142892716991,338.09324619282967,196.4905958973541,75.2417089640044,181.5137446814245,1.0,1.0,8.0,27567.43505204561,9.184499541475097,60.943026425617674,0.006022599991410971,150000.0,40000.0,,0.0
9,68,8,known,3,100.0,300.0,150.0,407.6754520210232,145.05358146571353,380.99702450874236,289.67476838194005,82.11102236469428,277.79354103966364,1.0,1.0,6.0,27562.214193377167,9.181380979835566,56.566038264080994,0.00510559999383986,150000.0,40000.0,,0.0
9,69,8,known,3,100.0,300.0,150.0,85.12965292545185,41.495975704289535,74.3312976313269,80.12533912656444,38.58387774580126,70.22360250118204,1.0,1.0,14.0,27406.27398898023,9.229455352566706,75.23101716257042,0.0063572999788448215,150000.0,40000.0,,0.0
9,70,8,known,3,100.0,300.0,150.0,94.7078153036551,56.25614314919909,76.1893472709149,85.00521623538509,54.95707295069294,64.85065088275361,1.0,1.0,12.0,27382.632520038427,9.210418168400809,86.08398936452194,0.007904699945356697,150000.0,40000.0,,0.0
9,71,8,known,3,100.0,300.0,150.0,154.03752738606013,45.750724068515,147.08647487249746,136.72316119823563,46.971259471567,128.40141584769793,1.0,1.0,9.0,27411.487385434997,9.24923376679463,69.49272886549403,0.009048700041603297,150000.0,40000.0,,0.0
9,72,8,known,3,100.0,300.0,150.0,236.6228747875258,61.088331006489895,228.6014013245646,177.96261865286326,52.975259236997665,169.8950133069165,1.0,1.0,10.0,27420.71825163219,9.240751732805778,80.83099206079744,0.008856399974320084,150000.0,40000.0,,0.0
9,73,8,known,3,100.0,300.0,150.0,234.4852183505084,84.29517450322045,218.8096002929424,206.9631303873701,54.07484119500373,199.7739945275027,1.0,1.0,14.0,27376.45599509282,9.263955062900884,81.85011962096569,0.007038599986117333,150000.0,40000.0,,0.0
9,74,8,known,3,100.0,300.0,150.0,318.72799884078194,117.3581531012758,296.33528501632577,172.66041638618918,74.51045783329883,155.7556132539833,1.0,1.0,10.0,27513.406124318913,9.14410283559255,67.87535713797533,0.006408899964299053,150000.0,40000.0,,0.0
9,75,8,known,3,100.0,300.0,150.0,192.82918126342878,68.79212806884571,180.1408789322507,173.45520003462264,60.48844155750185,162.56646289132217,1.0,1.0,13.0,27300.176793855037,9.246198960962008,123.96348915044551,0.006996899959631264,150000.0,40000.0,,0.0
9,76,8,known,3,100.0,300.0,150.0,184.89200226586746,23.790664731733713,183.3550020411327,179.05158634644357,21.137315293413494,177.7995626410953,1.0,1.0,16.0,27400.401590653135,9.247347476894838,72.59774831671751,0.009453000035136938,150000.0,40000.0,,0.0
9,77,8,known,3,100.0,300.0,150.0,151.77826013177958,35.949840900278744,147.45931366948238,139.04978436501275,31.078536356742138,135.53216264001398,1.0,1.0,13.0,27450.35496265581,9.178063700590231,96.32759458909736,0.004801000002771616,150000.0,40000.0,,0.0
9,78,8,known,3,100.0,300.0,150.0,193.01412262249147,81.91085930268095,174.77145836785417,152.691487583841,71.75262332272561,134.78223705990828,1.0,1.0,14.0,27425.811283795316,9.24157191258065,57.72424465217916,0.005486599984578788,150000.0,40000.0,,0.0
9,79,8,known,3,100.0,300.0,150.0,179.20072999986692,50.629374243262504,171.89987811578246,129.63325497127548,46.72009926824813,120.92151636004553,1.0,1.0,11.0,27444.76336088311,9.220720585035094,71.3481229707828,0.006689200003165752,150000.0,40000.0,,0.0
9,80,8,known,3,100.0,300.0,150.0,112.09348263089728,63.47803069672561,92.38770733809143,98.00600374757121,54.40628130699706,81.51768719065113,1.0,1.0,7.0,27443.8753410569,9.18274591685676,57.64395748380931,0.005178400024306029,150000.0,40000.0,,0.0
9,81,8,known,3,100.0,300.0,150.0,140.22714918295895,52.95044209964223,129.84569322635335,113.86881740816054,57.39459520850699,98.34616423015507,1.0,1.0,10.0,27411.36330764115,9.224342626575302,84.71516353146595,0.009248399990610778,150000.0,40000.0,,0.0
9,82,8,known,3,100.0,300.0,150.0,136.78705172273098,45.68306922701768,128.93314044494764,130.98698686944618,33.938958114505404,126.51378522215796,1.0,1.0,13.0,27419.27775627621,9.220626877904321,78.87034550651347,0.008222200034651905,150000.0,40000.0,,0.0
9,83,8,known,3,100.0,300.0,150.0,346.84927375443914,66.13736881872396,340.4853405797641,326.6601733742927,54.502485218736275,322.0812754164768,1.0,1.0,14.0,27397.303213357714,9.237679159697683,79.92575230547416,0.00683319999370724,150000.0,40000.0,,0.0
9,84,8,known,3,100.0,300.0,150.0,138.17777670497622,89.13731955661065,105.58236707610295,100.20765920952283,51.03232693619682,86.23964617117225,1.0,1.0,7.0,27400.798154295015,9.238411241859652,93.76554531975113,0.005107300006784499,150000.0,40000.0,,0.0
9,85,8,known,3,100.0,300.0,150.0,264.5179244199365,111.93982978525995,239.66478015569635,86.52808736680365,52.04383466370135,69.12705097756249,1.0,1.0,7.0,27449.49933815823,9.187153230287489,63.211126982625046,0.005594399990513921,150000.0,40000.0,,0.0
9,86,8,known,3,100.0,300.0,150.0,138.06668517035664,83.31249721860358,110.09739942946224,108.56769294254397,50.93078785297377,95.88012723991291,1.0,1.0,9.0,27468.818656799398,9.212986164415026,60.289881456459554,0.006375900004059076,150000.0,40000.0,,0.0
9,87,8,known,3,100.0,300.0,150.0,324.035256745896,134.44030555771226,294.82986934150296,259.948180805187,73.34198531896025,249.38726890801706,1.0,1.0,11.0,27344.252864734903,9.24948652491008,81.6430692507454,0.007697499997448176,150000.0,40000.0,,0.0
9,88,8,known,3,100.0,300.0,150.0,242.99531783422373,51.53824811128721,237.46691026535635,177.60106906668253,48.52446834381371,170.84354159750595,1.0,1.0,14.0,27335.142898625287,9.261422171603845,63.47985294416208,0.00597390002803877,150000.0,40000.0,,0.0
9,89,8,known,3,100.0,300.0,150.0,250.11386818933084,97.54836440428657,230.30689017630033,140.03813189924776,69.33478557402901,121.6690835637161,1.0,1.0,9.0,27516.388855669273,9.184304973427533,66.08213202627769,0.005713000020477921,150000.0,40000.0,,0.0
9,90,8,known,3,100.0,300.0,150.0,167.2768227920428,86.48144141242783,143.1869258508936,147.6865994303152,68.0849053948423,131.05638980479264,1.0,1.0,11.0,27389.738568270903,9.236197025509675,78.85329746622551,0.007482399989385158,150000.0,40000.0,,0.0
9,91,8,known,3,100.0,300.0,150.0,325.2254371511873,148.06575674308695,289.56539270133425,268.5805630100367,97.49229734458011,250.2614049054793,1.0,1.0,8.0,27400.503755313697,9.245190809578908,88.73721641667515,0.005646799982059747,150000.0,40000.0,,0.0
9,92,8,known,3,100.0,300.0,150.0,142.90119521911578,80.15566554493401,118.30393432215395,117.1480649523312,52.63014708073949,104.66010099524716,1.0,1.0,13.0,27388.038635022887,9.216443765142511,70.4511774396499,0.006146400002762675,150000.0,40000.0,,0.0
9,93,8,known,3,100.0,300.0,150.0,191.00651979440423,83.37769593105489,171.8477536227887,169.8002819705013,55.319937157106345,160.53610282486474,1.0,1.0,7.0,27372.052187992576,9.193216732293312,66.85457936509847,0.006486199970822781,150000.0,40000.0,,0.0
9,94,8,known,3,100.0,300.0,150.0,177.44853156572154,55.946369326834926,168.39829308510303,125.89575138033004,55.454944098308495,113.02428672931917,1.0,1.0,11.0,27338.182520544113,9.236314247894269,84.13881494435684,0.009242100000847131,150000.0,40000.0,,0.0
9,95,8,known,3,100.0,300.0,150.0,161.96492947169793,46.094507141781364,155.26730109758574,148.14118651660098,41.48408573473822,142.21421086972728,1.0,1.0,13.0,27399.27161436923,9.249408765002025,73.28095538521502,0.005446200026199222,150000.0,40000.0,,0.0
9,96,8,known,3,100.0,300.0,150.0,231.12002440282166,97.61891734015236,209.492273502622,144.3680462402945,64.5431618869861,129.1367996694595,1.0,1.0,15.0,27343.022961140385,9.264768330150227,79.7218234896379,0.007684500014875084,150000.0,40000.0,,0.0
9,97,8,known,3,100.0,300.0,150.0,99.49712725944008,33.006551977510505,93.8629099241927,73.2758434277988,27.13505397967149,68.06642399579694,1.0,1.0,7.0,27373.577003633643,9.243288337486224,82.36567855491575,0.005292799964081496,150000.0,40000.0,,0.0
9,98,8,known,3,100.0,300.0,150.0,209.8685300088288,67.43646297537163,198.73883201185924,204.9981205173055,66.93493510419611,193.76259669560784,1.0,1.0,9.0,27335.707147167013,9.241793341772704,84.33063213640374,0.006994199997279793,150000.0,40000.0,,0.0
9,99,8,known,3,100.0,300.0,150.0,223.96208857041958,61.56463074986924,215.33418994079116,173.639495213093,58.286078085421536,163.5646887298047,1.0,1.0,11.0,27378.42275325984,9.196127020065768,62.24482989849305,0.007957099995110184,150000.0,40000.0,,0.0
